종목명,자산 총액,부채 총액,자본 총액,매출액,영업이익,순이익,현금 흐름,상장주식수,ROE,EPS,BPS,부채비율,영업이익률,순이익률
BGF,1938013970903,201490551514,1736523419389,434997439995,61203792653,26176881012,207458308,95716791,1.507430347309131,273.4826433117675,18142.307125496925,11.603100151963107,14.069920193944935,6.017709210495787
