종목명,자산 총액,부채 총액,자본 총액,매출액,영업이익,순이익,현금 흐름,상장주식수,ROE,EPS,BPS,부채비율,영업이익률,순이익률
BGF,1674337781398,121646081659,1552691699739,52122870171,5344504816,4368306885,4821930649,95716791,0.2813376851138118,45.637832603477065,16221.727489161227,7.834529010456366,10.253665614472556,8.380787302519707
