종목명,자산 총액,부채 총액,자본 총액,매출액,영업이익,순이익,현금 흐름,상장주식수,ROE,EPS,BPS,부채비율,영업이익률,순이익률
BGF,1708655681998,148849419709,1559806262289,57977763514,7976988137,7828269622,1202178052,95716791,0.5018744834702801,81.7857508616226,16296.056794141792,9.542814598690287,13.758702739669806,13.50219316429771
