종목명,자산 총액,부채 총액,자본 총액,매출액,영업이익,순이익,현금 흐름,상장주식수,ROE,EPS,BPS,부채비율,영업이익률,순이익률
BGF,1953185717508,238310329732,1714875387776,120062793464,1268970791,-7271993329,-9759188040,95716791,-0.4240537464608991,-75.97406111326904,17916.139580734587,13.896655782147624,1.0569225939095712,-6.056825032294836
