종목명,자산 총액,부채 총액,자본 총액,매출액,영업이익,순이익,현금 흐름,상장주식수,ROE,EPS,BPS,부채비율,영업이익률,순이익률
BGF,1981622039251,248858644100,1732763395151,206770625284,11499330314,35977028709,1524674595,95716791,2.0762805129470556,375.8695661767432,18103.024318387357,14.361951827722761,5.561394563761482,17.399487310920232
