종목명,자산 총액,부채 총액,자본 총액,매출액,영업이익,순이익,현금 흐름,상장주식수,ROE,EPS,BPS,부채비율,영업이익률,순이익률
BGF,1999025914686,223263234725,1775762679961,111409088909,19092415843,18256612213,52679156201,95716791,1.0280997803941323,190.73573217681314,18552.25881905088,12.572808137284616,17.137215670612715,16.387004320547106
