종목명,자산 총액,부채 총액,자본 총액,매출액,영업이익,순이익,현금 흐름,상장주식수,ROE,EPS,BPS,부채비율,영업이익률,순이익률
CS홀딩스,373233943336,37656971077,335576972259,42192859377,3535684019,6331719089,6141894300,1154482,1.8868157270675736,5484.467569871163,290673.19564878446,11.221559937055561,8.379816090225347,15.006612925720605
