종목명,자산 총액,부채 총액,자본 총액,매출액,영업이익,순이익,현금 흐름,상장주식수,ROE,EPS,BPS,부채비율,영업이익률,순이익률
CS홀딩스,377838156838,36905068983,340933087855,46405901804,5664362958,5820959411,12105160416,1154482,1.707361244290749,5042.052982203274,295312.6058743229,10.824724938019466,12.20612624214051,12.543575676183188
