종목명,자산 총액,부채 총액,자본 총액,매출액,영업이익,순이익,현금 흐름,상장주식수,ROE,EPS,BPS,부채비율,영업이익률,순이익률
CS홀딩스,376649739173,32747844110,343901895063,40957509044,4435724872,6378119252,17910901154,1154482,1.8546333543266984,5524.65889637084,297884.1550262369,9.522437817331848,10.830065049206903,15.572527238285142
