종목명,자산 총액,부채 총액,자본 총액,매출액,영업이익,순이익,현금 흐름,상장주식수,ROE,EPS,BPS,부채비율,영업이익률,순이익률
DGB금융지주,96276729732566,90074094456918,6202635275648,,,112954349846,-110219233839,169145833,1.8210703165067121,667.7926842336104,36670.34041357673,1452.1907294880853,,
