종목명,자산 총액,부채 총액,자본 총액,매출액,영업이익,순이익,현금 흐름,상장주식수,ROE,EPS,BPS,부채비율,영업이익률,순이익률
E1,12867515824393,10773832021297,2093683803096,2457155903962,116917948783,21427356945,98361411713,6860000,1.023428509754656,3123.521420553936,305201.72056793,514.5873510300542,4.75826334806341,0.8720389662882121
