종목명,자산 총액,부채 총액,자본 총액,매출액,영업이익,순이익,현금 흐름,상장주식수,ROE,EPS,BPS,부채비율,영업이익률,순이익률
E1,4597407646185,2899257176259,1698150469926,7827737066529,93175065859,214389244510,383350170750,6860000,12.624867366396714,31252.076459183674,247543.800280758,170.7302873098955,1.190319310256495,2.7388406468929234
