종목명,자산 총액,부채 총액,자본 총액,매출액,영업이익,순이익,현금 흐름,상장주식수,ROE,EPS,BPS,부채비율,영업이익률,순이익률
E1,4741303577190,3123202504365,1618101072825,2009651091039,70027383238,125958084990,200072957876,6860000,7.784315028609004,18361.236879008746,235874.7919569971,193.01652763336244,3.484554286574964,6.26765937389057
