종목명,자산 총액,부채 총액,자본 총액,매출액,영업이익,순이익,현금 흐름,상장주식수,ROE,EPS,BPS,부채비율,영업이익률,순이익률
E1,4642047722489,2934352269887,1707695452602,1839483009732,-14436170829,27443775877,84746832390,6860000,1.607064997168211,4000.550419387755,248935.19717230322,171.83112278105293,-0.7847950077616237,1.4919287501871719
