종목명,자산 총액,부채 총액,자본 총액,매출액,영업이익,순이익,현금 흐름,상장주식수,ROE,EPS,BPS,부채비율,영업이익률,순이익률
E1,4555244420100,2874674212909,1680570207191,1874768845108,99275559348,62258445747,448228186252,6860000,3.70460249030966,9075.575181778426,244981.0797654519,171.0535031865103,5.295349323040464,3.3208598441059265
