종목명,자산 총액,부채 총액,자본 총액,매출액,영업이익,순이익,현금 흐름,상장주식수,ROE,EPS,BPS,부채비율,영업이익률,순이익률
HDC,11054054519714,6313181455074,4740873064640,1346192808214,68877718518,62787482117,-828897970846,59741721,1.3243864845338944,1050.9821455762883,79356.15153503863,133.1649544081053,5.116482430877073,4.664077963713121
