종목명,자산 총액,부채 총액,자본 총액,매출액,영업이익,순이익,현금 흐름,상장주식수,ROE,EPS,BPS,부채비율,영업이익률,순이익률
HDC,10324680541622,5824617179999,4500063361623,1175837818813,119891814587,94520049718,-37640130520,59741721,2.1004159746744153,1582.1447413274218,75325.30510165585,129.43411485429138,10.196288354462858,8.038527780422756
