종목명,자산 총액,부채 총액,자본 총액,매출액,영업이익,순이익,현금 흐름,상장주식수,ROE,EPS,BPS,부채비율,영업이익률,순이익률
HDC,11146927082661,6373813214025,4773113868636,1166779426024,88276651494,31961968469,-1196486805998,59741721,0.6696250990159949,535.0024728782086,79895.82135800875,133.53574604425742,7.565838883088448,2.739332538448665
