종목명,자산 총액,부채 총액,자본 총액,매출액,영업이익,순이익,현금 흐름,상장주식수,ROE,EPS,BPS,부채비율,영업이익률,순이익률
HL D&I,1762404610853,1331547685355,430856925498,336681972857,8913838174,5720815687,-36488700066,37858601,1.3277761940086432,151.11006576814606,11380.687984165077,309.04636935241297,2.6475543369190135,1.6991749330843502
