종목명,자산 총액,부채 총액,자본 총액,매출액,영업이익,순이익,현금 흐름,상장주식수,ROE,EPS,BPS,부채비율,영업이익률,순이익률
HL D&I,1732893349851,1265883259991,467010089860,398523227859,18329447936,11912135387,46292204135,37858601,2.5507233453073814,314.6480607405435,12335.640449577098,271.06122276083704,4.599342435940791,2.9890692823592677
