종목명,자산 총액,부채 총액,자본 총액,매출액,영업이익,순이익,현금 흐름,상장주식수,ROE,EPS,BPS,부채비율,영업이익률,순이익률
HL D&I,1896502977432,1454960888872,441542088560,411537217601,10733506716,7829405939,-83495338132,37858601,1.7731958383704758,206.80653093863663,11662.926703498631,329.51805197485476,2.6081497023694507,1.9024782216880536
