종목명,자산 총액,부채 총액,자본 총액,매출액,영업이익,순이익,현금 흐름,상장주식수,ROE,EPS,BPS,부채비율,영업이익률,순이익률
HS화성,1067851465134,692115474990,375735990144,188305377517,14733199610,11059177872,-37165077562,,2.9433373863817502,,,184.20260319612936,7.824099239369787,5.8730016199359945
