종목명,자산 총액,부채 총액,자본 총액,매출액,영업이익,순이익,현금 흐름,상장주식수,ROE,EPS,BPS,부채비율,영업이익률,순이익률
HS화성,731741599044,389578484770,342163114274,138501638671,-8351864293,713213346,-58882891569,,0.20844249898569356,,,113.85753417536127,-6.030155580208847,0.5149493918221311
