종목명,자산 총액,부채 총액,자본 총액,매출액,영업이익,순이익,현금 흐름,상장주식수,ROE,EPS,BPS,부채비율,영업이익률,순이익률
HS화성,772323553351,425582088833,346741464518,172469056919,4453608764,4354739625,-63298767847,,1.2559039141896273,,,122.73758185355625,2.58226538925857,2.5249396632609877
