종목명,자산 총액,부채 총액,자본 총액,매출액,영업이익,순이익,현금 흐름,상장주식수,ROE,EPS,BPS,부채비율,영업이익률,순이익률
HS화성,746127741905,389175292526,356952449379,645706742562,14545076827,22672300863,-184624011064,,6.351630561001508,,,109.02720886298974,2.252582460156578,3.511238054142362
