종목명,자산 총액,부채 총액,자본 총액,매출액,영업이익,순이익,현금 흐름,상장주식수,ROE,EPS,BPS,부채비율,영업이익률,순이익률
HS화성,869360037985,507880311839,361479726146,221492119330,12085063993,10093929893,-16136688682,,2.792391706339599,,,140.50035869338615,5.456204956436633,4.557241098930976
