종목명,자산 총액,부채 총액,자본 총액,매출액,영업이익,순이익,현금 흐름,상장주식수,ROE,EPS,BPS,부채비율,영업이익률,순이익률
KC그린홀딩스,875133067247,601720598230,273412469017,,-1657252157,236153339,-84959949479,22434980,0.08637255639768085,10.526122109313224,12186.882672371448,220.07796513208282,,
