종목명,자산 총액,부채 총액,자본 총액,매출액,영업이익,순이익,현금 흐름,상장주식수,ROE,EPS,BPS,부채비율,영업이익률,순이익률
KC그린홀딩스,851633260386,613693653148,237939607238,,-6324752182,-17589592317,-75950567158,22434980,-7.392460852222027,-784.0253174729819,10605.74189225932,257.9199235771414,,
