종목명,자산 총액,부채 총액,자본 총액,매출액,영업이익,순이익,현금 흐름,상장주식수,ROE,EPS,BPS,부채비율,영업이익률,순이익률
KC그린홀딩스,795563144141,538707733616,256855410525,,7983975278,6378836610,8355789691,22434980,2.4834347841698046,284.32548680676337,11448.880744489186,209.73190033836838,,
