종목명,자산 총액,부채 총액,자본 총액,매출액,영업이익,순이익,현금 흐름,상장주식수,ROE,EPS,BPS,부채비율,영업이익률,순이익률
KC그린홀딩스,841999113588,585994455699,256004657889,,3937075448,188327792,-49935274976,22434980,0.07356420525819349,8.394381987414297,11410.959933505625,228.8999194511058,,
