종목명,자산 총액,부채 총액,자본 총액,매출액,영업이익,순이익,현금 흐름,상장주식수,ROE,EPS,BPS,부채비율,영업이익률,순이익률
KC그린홀딩스,916578395937,701431383176,215147012761,698466593657,-29862667318,-55928223819,-89724018830,22434980,-25.995352248338627,-2492.902771431042,9589.801852330602,326.0242260278082,-4.275461072754587,-8.00728686624417
