종목명,자산 총액,부채 총액,자본 총액,매출액,영업이익,순이익,현금 흐름,상장주식수,ROE,EPS,BPS,부채비율,영업이익률,순이익률
KC그린홀딩스,751807375016,531294809240,220512565777,,11538408478,-6701310565,-97713517644,22434980,-3.038969929621563,-298.69919941983454,9828.961994929346,240.93629647268625,,
