종목명,자산 총액,부채 총액,자본 총액,매출액,영업이익,순이익,현금 흐름,상장주식수,ROE,EPS,BPS,부채비율,영업이익률,순이익률
KH 필룩스,1095876676178,616958172284,478918503894,44510226414,-5561025881,-24290889465,-36618408890,18186839,-5.072029847979386,-1335.6300930029677,26333.245919975427,128.82320630078485,-12.493816205910976,-54.57372703311991
