종목명,자산 총액,부채 총액,자본 총액,매출액,영업이익,순이익,현금 흐름,상장주식수,ROE,EPS,BPS,부채비율,영업이익률,순이익률
KH 필룩스,1035818460628,572780044343,463038416285,140239664550,-11144257275,-76374444388,-33413562512,18186839,-16.49419177802983,-4199.434788420352,25460.082221270008,123.70032900044605,-7.946580099688353,-54.45994514680975
