종목명,자산 총액,부채 총액,자본 총액,매출액,영업이익,순이익,현금 흐름,상장주식수,ROE,EPS,BPS,부채비율,영업이익률,순이익률
KH 필룩스,437627212847,50833708546,386793504301,29137959548,-2283694134,-11273950234,829345336,18186839,-2.914720673599185,-619.8960816665282,21267.76974827786,13.142337702352302,-7.837522494456035,-38.69162566249027
