종목명,자산 총액,부채 총액,자본 총액,매출액,영업이익,순이익,현금 흐름,상장주식수,ROE,EPS,BPS,부채비율,영업이익률,순이익률
KH 필룩스,1246019564242,766469146287,479550417955,164291828345,-21353184786,-90384345529,-33446194447,18186839,-18.847725316231813,-4969.766627889541,26367.991598485038,159.83077432307104,-12.997107038799264,-55.01451072733815
