종목명,자산 총액,부채 총액,자본 총액,매출액,영업이익,순이익,현금 흐름,상장주식수,ROE,EPS,BPS,부채비율,영업이익률,순이익률
KH 필룩스,1258493779369,724544762129,533949017240,29018055555,-13985996439,85072706739,-23750218836,18186839,15.932739642212212,4677.707145205387,29359.088582683336,135.69549502576027,-48.197565865470686,293.1716309445876
