종목명,자산 총액,부채 총액,자본 총액,매출액,영업이익,순이익,현금 흐름,상장주식수,ROE,EPS,BPS,부채비율,영업이익률,순이익률
KH 필룩스,503962832804,102646516542,401316316262,26767110410,-2882645130,-2391610501,-8206010140,18186839,-0.5959415065094521,-131.50226386234573,22066.303894920937,25.577459072206537,-10.769354950331374,-8.934884880612708
