종목명,자산 총액,부채 총액,자본 총액,매출액,영업이익,순이익,현금 흐름,상장주식수,ROE,EPS,BPS,부채비율,영업이익률,순이익률
KISCO홀딩스,1735936557627,239739584991,1496196972636,1810613446049,197916716776,123924776055,98224111343,16176380,8.28265116969655,7660.847238689991,92492.69444931437,16.023263606036227,10.930920523531992,6.844353018885416
