종목명,자산 총액,부채 총액,자본 총액,매출액,영업이익,순이익,현금 흐름,상장주식수,ROE,EPS,BPS,부채비율,영업이익률,순이익률
KISCO홀딩스,1802517204572,203567062700,1598950141872,1541894306076,149275075244,130202530569,108570746134,16176380,8.14300128311462,8048.928781902997,98844.74411901798,12.73129520234259,9.681278065284083,8.444322678663703
