종목명,자산 총액,부채 총액,자본 총액,매출액,영업이익,순이익,현금 흐름,상장주식수,ROE,EPS,BPS,부채비율,영업이익률,순이익률
KISCO홀딩스,1613854181319,231484739958,1382369441361,439254283055,63899044758,51518463963,108753074656,16176380,3.7268231213414222,3184.795607113582,85456.04401979924,16.74550471327648,14.54716487078603,11.728619606094828
