종목명,자산 총액,부채 총액,자본 총액,매출액,영업이익,순이익,현금 흐름,상장주식수,ROE,EPS,BPS,부채비율,영업이익률,순이익률
KISCO홀딩스,1748783459348,245776043440,1503007415908,415162609263,33863928463,28024468987,-26391477569,16176380,1.8645595950083718,1732.43142081232,92913.70602743012,16.352284149677416,8.156786692114572,6.750239150088507
