종목명,자산 총액,부채 총액,자본 총액,매출액,영업이익,순이익,현금 흐름,상장주식수,ROE,EPS,BPS,부채비율,영업이익률,순이익률
KISCO홀딩스,1688093089026,267377534330,1420715554696,1580849338970,200741467324,178382902845,133232338289,16176380,12.555849216641382,11027.36847459073,87826.54430076445,18.819920246964042,12.698330092277663,11.283991361328912
