종목명,자산 총액,부채 총액,자본 총액,매출액,영업이익,순이익,현금 흐름,상장주식수,ROE,EPS,BPS,부채비율,영업이익률,순이익률
KISCO홀딩스,1781127291819,212071737598,1569055554221,258124279860,2544411313,12188403759,16450326907,16176380,0.7767987389746224,753.4691790746756,96996.70471520822,13.515884573206764,0.9857311037845892,4.721912934967094
