종목명,자산 총액,부채 총액,자본 총액,매출액,영업이익,순이익,현금 흐름,상장주식수,ROE,EPS,BPS,부채비율,영업이익률,순이익률
KPX홀딩스,1948582257640,485076067089,1463506190551,291023296038,18065306970,23430843123,48397599342,4224646,1.6010074487063461,5546.226387489035,346421.02333568304,33.14479092885642,6.207512324938119,8.051191585686853
