종목명,자산 총액,부채 총액,자본 총액,매출액,영업이익,순이익,현금 흐름,상장주식수,ROE,EPS,BPS,부채비율,영업이익률,순이익률
KPX홀딩스,1810863471052,444996431228,1365867039824,312604328598,14762148750,50262114158,-65015317320,4224646,3.679868734842344,11897.355224082681,323309.2287079201,32.5797766732361,4.722311049308498,16.07850869609538
