종목명,자산 총액,부채 총액,자본 총액,매출액,영업이익,순이익,현금 흐름,상장주식수,ROE,EPS,BPS,부채비율,영업이익률,순이익률
KPX홀딩스,1916322468962,499356958747,1416965510215,294548093097,14703149654,60434274850,-6926099211,4224646,4.265049107711178,14305.16896563641,335404.55465736066,35.24129240599732,4.991765351255554,20.51762556483362
