종목명,자산 총액,부채 총액,자본 총액,매출액,영업이익,순이익,현금 흐름,상장주식수,ROE,EPS,BPS,부채비율,영업이익률,순이익률
KPX홀딩스,1819893802654,448980401917,1370913400737,1240447444718,55528882649,37511313045,102615005611,4224646,2.7362277606181395,8879.16124688317,324503.7337417147,32.75045686150775,4.476520378630292,3.02401469765837
