종목명,자산 총액,부채 총액,자본 총액,매출액,영업이익,순이익,현금 흐름,상장주식수,ROE,EPS,BPS,부채비율,영업이익률,순이익률
KPX홀딩스,1892040290103,456275142878,1435765147225,297648181570,14865814311,44907735319,6743200975,4224646,3.1277911576135,10629.940430275105,339854.5457359031,31.779232401613434,4.994424703886156,15.087522148506302
