종목명,자산 총액,부채 총액,자본 총액,매출액,영업이익,순이익,현금 흐름,상장주식수,ROE,EPS,BPS,부채비율,영업이익률,순이익률
KPX홀딩스,1887030218759,447954156431,1439076062328,310111954068,20809375459,5262659202,64851336158,4224646,0.36569708438389087,1245.704184918689,340638.25994604046,31.127899918392256,6.710278396568039,1.697019135497765
