종목명,자산 총액,부채 총액,자본 총액,매출액,영업이익,순이익,현금 흐름,상장주식수,ROE,EPS,BPS,부채비율,영업이익률,순이익률
SG&G,359911096896,89435995983,270475100913,35748782555,-531582839,12578983725,1323622146,34087196,4.650699337032915,369.0237156790485,7934.8005307623425,33.066258476697136,-1.4869956429485462,35.18716673958633
