종목명,자산 총액,부채 총액,자본 총액,매출액,영업이익,순이익,현금 흐름,상장주식수,ROE,EPS,BPS,부채비율,영업이익률,순이익률
SG&G,410802145404,65028660275,345773485129,41898698934,2952730625,19973349922,1320149645,34087196,5.776426123173791,585.9487510207645,10143.793732080514,18.806722629625384,7.047308628010677,47.67057314467587
