종목명,자산 총액,부채 총액,자본 총액,매출액,영업이익,순이익,현금 흐름,상장주식수,ROE,EPS,BPS,부채비율,영업이익률,순이익률
SG&G,354176283792,60640716942,293535566850,7499408785,-129299455,88755787,2501330488,34087196,0.030236808422386244,2.6037866828353966,8611.314549017174,20.65872888684324,-1.7241286440955093,1.1835037873588856
