종목명,자산 총액,부채 총액,자본 총액,매출액,영업이익,순이익,현금 흐름,상장주식수,ROE,EPS,BPS,부채비율,영업이익률,순이익률
SG&G,352446020180,57474023870,294971996310,8835667935,-238305046,11886509189,2040933196,34087196,4.029707679947999,348.7089166559784,8653.45440293769,19.484569582530074,-2.6970801500588535,134.52869977056238
