종목명,자산 총액,부채 총액,자본 총액,매출액,영업이익,순이익,현금 흐름,상장주식수,ROE,EPS,BPS,부채비율,영업이익률,순이익률
SG&G,374159931875,96367886723,277792045152,11121960008,576333664,8416887766,2175301525,34087196,3.0299239711470194,246.92226858436817,8149.454274619714,34.69065741975088,5.1819433228086105,75.67809774487367
