종목명,자산 총액,부채 총액,자본 총액,매출액,영업이익,순이익,현금 흐름,상장주식수,ROE,EPS,BPS,부채비율,영업이익률,순이익률
SG&G,379854728229,65570245356,314284482873,9078944987,-52077504,2144287525,183149100,34087196,0.6822759766559937,62.90595228190667,9220.015717133201,20.863341631313194,-0.5736074408928457,23.618245600897154
