종목명,자산 총액,부채 총액,자본 총액,매출액,영업이익,순이익,현금 흐름,상장주식수,ROE,EPS,BPS,부채비율,영업이익률,순이익률
SGC E&C,613889065417,447697016067,166192049350,310941347099,20423779983,17825594256,1397635369,,10.725900742976787,,,269.3853393215889,6.568370586140579,5.732783504769645
