종목명,자산 총액,부채 총액,자본 총액,매출액,영업이익,순이익,현금 흐름,상장주식수,ROE,EPS,BPS,부채비율,영업이익률,순이익률
SGC E&C,591722026513,387466565470,204255461043,1307921662550,69077041588,69577003929,-2325557044,,34.06371784319275,,,189.69704089744278,5.281435698015995,5.319661407958382
