종목명,자산 총액,부채 총액,자본 총액,매출액,영업이익,순이익,현금 흐름,상장주식수,ROE,EPS,BPS,부채비율,영업이익률,순이익률
SGC E&C,943919810045,706151734431,237768075614,505611424148,4479591423,4266010379,-137630840930,,1.7941897237396884,,,296.9918196997096,0.8859751202316102,0.843732988468092
