종목명,자산 총액,부채 총액,자본 총액,매출액,영업이익,순이익,현금 흐름,상장주식수,ROE,EPS,BPS,부채비율,영업이익률,순이익률
SK디스커버리,12140924051962,6110464001658,6030460050304,1906714314717,20271965017,-1261402521,488806850758,18785855,-0.020917185595755863,-67.14639929883415,321010.67799703556,101.32666414646039,1.0631883791153487,-0.06615582162801463
