종목명,자산 총액,부채 총액,자본 총액,매출액,영업이익,순이익,현금 흐름,상장주식수,ROE,EPS,BPS,부채비율,영업이익률,순이익률
SK디스커버리,12931850478129,6922596919041,6009253559088,2158526537561,39468629147,-21905168242,-19540639110,18785855,-0.36452394672000593,-1166.0458489645534,319881.82380243007,115.19894860438565,1.828498675378672,-1.0148204277697448
