종목명,자산 총액,부채 총액,자본 총액,매출액,영업이익,순이익,현금 흐름,상장주식수,ROE,EPS,BPS,부채비율,영업이익률,순이익률
SK디스커버리,6899904748395,3849278810217,3050625938178,1844566933142,31352710064,62359235239,-210837205224,18785855,2.0441455787347147,3319.4781519925496,162389.5179739224,126.179967266521,1.6997328478937,3.380697881902202
