종목명,자산 총액,부채 총액,자본 총액,매출액,영업이익,순이익,현금 흐름,상장주식수,ROE,EPS,BPS,부채비율,영업이익률,순이익률
SK디스커버리,12250710294978,6181138047283,6069572247695,8939216850779,256702034546,247822243607,600645793687,18785855,4.083026504892725,13191.95978074993,323092.680513876,101.83811634551955,2.871638968279754,2.7723037458857904
