종목명,자산 총액,부채 총액,자본 총액,매출액,영업이익,순이익,현금 흐름,상장주식수,ROE,EPS,BPS,부채비율,영업이익률,순이익률
SUN&L,628100647252,396711706025,231388941227,441061876743,-30185394857,-159209216493,-9592952444,12607989,-68.80588832324992,-12627.64557400867,18352.565284360575,171.44799743727296,-6.843800484390666,-36.09679840585469
