종목명,자산 총액,부채 총액,자본 총액,매출액,영업이익,순이익,현금 흐름,상장주식수,ROE,EPS,BPS,부채비율,영업이익률,순이익률
SUN&L,507360406451,369171840228,138188566223,117116907989,-6258728507,-10553840192,631293883,12607989,-7.637274544819343,-837.075618641482,10960.397111942277,267.1507855666248,-5.344000806090134,-9.011371947243733
