종목명,자산 총액,부채 총액,자본 총액,매출액,영업이익,순이익,현금 흐름,상장주식수,ROE,EPS,BPS,부채비율,영업이익률,순이익률
SUN&L,486614663400,357934979610,128679683790,108339788160,-7208052391,-10712350853,-945911143,12607989,-8.324819068161622,-849.6478584332522,10206.202098526577,278.15966675371635,-6.653190405315263,-9.887734723257557
