종목명,자산 총액,부채 총액,자본 총액,매출액,영업이익,순이익,현금 흐름,상장주식수,ROE,EPS,BPS,부채비율,영업이익률,순이익률
SUN&L,510298274802,303390685883,206907588919,107125020364,1843192913,2668806814,-12157231249,12607989,1.2898544842861137,211.67585203318308,16410.831966858474,146.6310092675098,1.720599825080095,2.4913011030771934
