종목명,자산 총액,부채 총액,자본 총액,매출액,영업이익,순이익,현금 흐름,상장주식수,ROE,EPS,BPS,부채비율,영업이익률,순이익률
SUN&L,578435007433,403939669764,174495337669,117402382465,-3356377333,-1104181652,-1788730176,12607989,-0.6327857619293651,-87.57793586272957,13840.061065170663,231.4902364498888,-2.8588664578426277,-0.9405104298706874
