종목명,자산 총액,부채 총액,자본 총액,매출액,영업이익,순이익,현금 흐름,상장주식수,ROE,EPS,BPS,부채비율,영업이익률,순이익률
SUN&L,566176956589,397875440889,168301515700,465318349964,-21880824546,-35296250239,-43645136013,12607989,-20.972033491318108,-2799.5146758931974,13348.799376331943,236.40633254796052,-4.702334336845483,-7.5853983067142625
