종목명,자산 총액,부채 총액,자본 총액,매출액,영업이익,순이익,현금 흐름,상장주식수,ROE,EPS,BPS,부채비율,영업이익률,순이익률
SUN&L,524434319704,373988182288,150446137416,506691214360,-17708726754,-19156598108,-7752483802,12607989,-12.733193711068774,-1519.4015562672207,11932.603797163845,248.58609779650362,-3.494974108909276,-3.780724347509486
