종목명,자산 총액,부채 총액,자본 총액,매출액,영업이익,순이익,현금 흐름,상장주식수,ROE,EPS,BPS,부채비율,영업이익률,순이익률
SUN&L,566134099879,356544271230,209589828649,117084616694,1730761948,2124821519,-48918024907,12607989,1.013799921826568,168.5297725910135,16623.573247803437,170.11525489011424,1.4782146424267986,1.8147742880289812
