종목명,자산 총액,부채 총액,자본 총액,매출액,영업이익,순이익,현금 흐름,상장주식수,ROE,EPS,BPS,부채비율,영업이익률,순이익률
경방,1206860950940,468815407005,738045543935,393518958996,15968826403,-13452219151,46197442385,27415270,-1.822681440399665,-490.68344579498944,26920.96572220518,63.52120283870839,4.057956049625125,-3.418442452003116
