종목명,자산 총액,부채 총액,자본 총액,매출액,영업이익,순이익,현금 흐름,상장주식수,ROE,EPS,BPS,부채비율,영업이익률,순이익률
경방,1219567179900,478362564891,741204615009,98487963567,8881613402,-276415139,34597133778,27415270,-0.03729268995399383,-10.082524775426249,27036.196069161455,64.53853027954926,9.017968369259622,-0.2806588023438606
