종목명,자산 총액,부채 총액,자본 총액,매출액,영업이익,순이익,현금 흐름,상장주식수,ROE,EPS,BPS,부채비율,영업이익률,순이익률
경방,1228126429037,485883788547,742242640490,94787817684,-4780548875,-7717442020,23157922124,27415270,-1.0397465194003463,-281.5015872541106,27074.059109758906,65.46158385972521,-5.04342118196793,-8.141807891102749
