종목명,자산 총액,부채 총액,자본 총액,매출액,영업이익,순이익,현금 흐름,상장주식수,ROE,EPS,BPS,부채비율,영업이익률,순이익률
경방,1284289875524,532223783897,752066091627,93960376694,8620297111,10381436230,-22272119272,27415270,1.3803888176291892,378.6734994767515,27432.37953253789,70.76821968473557,9.174396074500267,11.04873841003122
