종목명,자산 총액,부채 총액,자본 총액,매출액,영업이익,순이익,현금 흐름,상장주식수,ROE,EPS,BPS,부채비율,영업이익률,순이익률
경방,1236287252533,486249085748,750038166785,91522947115,-3165745053,-3864550839,7924562452,27415270,-0.5152472247599343,-140.96344259968987,27358.408900769533,64.8299123006342,-3.458963192063945,-4.222493878113575
