종목명,자산 총액,부채 총액,자본 총액,매출액,영업이익,순이익,현금 흐름,상장주식수,ROE,EPS,BPS,부채비율,영업이익률,순이익률
경방,1270805118229,518658698167,752146420062,383357144805,53796815200,22281879937,20910159298,27415270,2.962439139863657,812.7543495650417,27435.309594324623,68.95714508941577,14.03308010011513,5.812303289230201
