종목명,자산 총액,부채 총액,자본 총액,매출액,영업이익,순이익,현금 흐름,상장주식수,ROE,EPS,BPS,부채비율,영업이익률,순이익률
경방,1280638645682,516360170543,764278475139,96786200686,18642739078,15128919424,8574484206,27415270,1.9795035338720604,551.8428023506608,27877.838705910977,67.561783739767,19.261773833319452,15.631277306857214
