종목명,자산 총액,부채 총액,자본 총액,매출액,영업이익,순이익,현금 흐름,상장주식수,ROE,EPS,BPS,부채비율,영업이익률,순이익률
골프존뉴딘홀딩스,831631300500,338573038954,493058261546,121895548434,26673319775,20194519004,123944062,42836818,4.095767291410844,471.42901706658046,11510.151420350596,68.6679577971969,21.882111461553656,16.56706849711929
