종목명,자산 총액,부채 총액,자본 총액,매출액,영업이익,순이익,현금 흐름,상장주식수,ROE,EPS,BPS,부채비율,영업이익률,순이익률
골프존뉴딘홀딩스,1008824294325,323534142558,685290151767,488754684014,94445934139,88010331449,17981155971,42836818,12.842783632898854,2054.5487633792036,15997.690392573044,47.21126397683915,19.3237911017738,18.007056367459594
