종목명,자산 총액,부채 총액,자본 총액,매출액,영업이익,순이익,현금 흐름,상장주식수,ROE,EPS,BPS,부채비율,영업이익률,순이익률
골프존뉴딘홀딩스,853589623796,339430738097,514158885699,121998708155,26747152475,20546581503,13638050318,42836818,3.996154121710234,479.6477063959326,12002.732922389334,66.0167017507717,21.924127623562704,16.841638582677007
