종목명,자산 총액,부채 총액,자본 총액,매출액,영업이익,순이익,현금 흐름,상장주식수,ROE,EPS,BPS,부채비율,영업이익률,순이익률
넥센,4171079851554,2103785863455,2067293988099,570952989952,22309208355,28439436147,-4748761119,53543977,1.3756841702592941,531.1416473042336,38609.27230151395,101.76520009084709,3.9073634340500667,4.981046889585586
