종목명,자산 총액,부채 총액,자본 총액,매출액,영업이익,순이익,현금 흐름,상장주식수,ROE,EPS,BPS,부채비율,영업이익률,순이익률
넥센,5060957367879,2829351043809,2231606324070,3036061854464,221038045467,100449037121,307539968873,53543977,4.501198801847864,1876.010015486896,41678.008416707635,126.78540176606212,7.28041970363687,3.3085306537252257
