종목명,자산 총액,부채 총액,자본 총액,매출액,영업이익,순이익,현금 흐름,상장주식수,ROE,EPS,BPS,부채비율,영업이익률,순이익률
넥스턴바이오,243994293982,105980575830,138013718152,41257657896,1267041584,9680993019,-1970522357,9403535,7.01451504142359,1029.5057144999193,14676.791031457851,76.78988527305624,3.0710458339489066,23.464717855296843
