종목명,자산 총액,부채 총액,자본 총액,매출액,영업이익,순이익,현금 흐름,상장주식수,ROE,EPS,BPS,부채비율,영업이익률,순이익률
넥스턴바이오,269341376567,109094778636,160246597931,10254145846,417587061,239638171,1336672201,9403535,0.14954337508193774,25.483838896755316,17041.101876156146,68.07931029086478,4.072372943309509,2.3369881275238495
