종목명,자산 총액,부채 총액,자본 총액,매출액,영업이익,순이익,현금 흐름,상장주식수,ROE,EPS,BPS,부채비율,영업이익률,순이익률
넥센,4748914467570,2649805402700,2099109064870,759101928864,-11548173190,2939807268,-112816998982,53543977,0.1400502392753025,54.90453703130793,39203.45821286304,126.23476536051761,-1.5212941438947338,0.3872743772894158
