종목명,자산 총액,부채 총액,자본 총액,매출액,영업이익,순이익,현금 흐름,상장주식수,ROE,EPS,BPS,부채비율,영업이익률,순이익률
넥센,4726896214044,2595712644048,2131183569996,3003950006220,-22542977056,1776893536,-29062663489,53543977,0.08337590252740805,33.18568465693163,39802.48926963344,121.79676498035651,-0.7504444817431167,0.059151901074277265
