종목명,자산 총액,부채 총액,자본 총액,매출액,영업이익,순이익,현금 흐름,상장주식수,ROE,EPS,BPS,부채비율,영업이익률,순이익률
넥센,4892978292754,2743967460224,2149010832530,722096049157,24015554089,-4719938730,-59655171238,53543977,-0.21963308227922163,-88.15069396133948,40135.43544832316,127.685138608332,3.3258115893358773,-0.6536441703995224
