종목명,자산 총액,부채 총액,자본 총액,매출액,영업이익,순이익,현금 흐름,상장주식수,ROE,EPS,BPS,부채비율,영업이익률,순이익률
넥스턴바이오,141645484971,50332047815,91313437156,3345751138,-1028019366,-1553167689,2952766220,9403535,-1.7009190951234987,-165.16849131736097,9710.543657890357,55.120088984288984,-30.726115709087743,-46.42209252683515
