종목명,자산 총액,부채 총액,자본 총액,매출액,영업이익,순이익,현금 흐름,상장주식수,ROE,EPS,BPS,부채비율,영업이익률,순이익률
넥스턴바이오,200256518815,91982532014,108273986801,28990439048,-3438169411,-4688260552,-1190794612,9403535,-4.329997158612709,-498.56363080479844,11514.179167834223,84.95349135250505,-11.859666579410405,-16.171747327584658
