종목명,자산 총액,부채 총액,자본 총액,매출액,영업이익,순이익,현금 흐름,상장주식수,ROE,EPS,BPS,부채비율,영업이익률,순이익률
넥스턴바이오,208774602065,110748260360,98026341705,2664038737,-1301908319,4848434366,-1110643359,9403535,4.946052542275682,515.5969926203284,10424.41397889198,112.97806123713694,-48.86972178437959,181.99564062870456
