종목명,자산 총액,부채 총액,자본 총액,매출액,영업이익,순이익,현금 흐름,상장주식수,ROE,EPS,BPS,부채비율,영업이익률,순이익률
넥센,4549854946688,2457465168535,2092389778153,625156023298,-34852834819,-18667808771,-165044972100,53543977,-0.8921764465642964,-348.64441935271265,39077.96722221437,117.44777164340098,-5.575061827787319,-2.9861039604990594
