종목명,자산 총액,부채 총액,자본 총액,매출액,영업이익,순이익,현금 흐름,상장주식수,ROE,EPS,BPS,부채비율,영업이익률,순이익률
넥스턴바이오,136654619266,45221077306,91433541960,3150977780,-1490836350,-1508381744,2254550701,9403535,-1.6497028460954528,-160.405820151677,9723.315961497457,49.45786451735966,-47.31345169942773,-47.870275492707535
