종목명,자산 총액,부채 총액,자본 총액,매출액,영업이익,순이익,현금 흐름,상장주식수,ROE,EPS,BPS,부채비율,영업이익률,순이익률
넥스턴바이오,138948612880,46213615549,92734997331,16972440217,-2389556051,-4432725121,3664492298,9403535,-4.7799916413198655,-471.3892297949654,9861.716613060938,49.83406144289761,-14.079036487673491,-26.11719389979101
