종목명,자산 총액,부채 총액,자본 총액,매출액,영업이익,순이익,현금 흐름,상장주식수,ROE,EPS,BPS,부채비율,영업이익률,순이익률
넥스턴바이오,137065950254,44762870224,92303080030,4751319144,-907144949,-6174529834,2718736046,9403535,-6.689408232090606,-656.6179456980806,9815.78523714752,48.49553255368222,-19.092486139255644,-129.95401165163238
