종목명,자산 총액,부채 총액,자본 총액,매출액,영업이익,순이익,현금 흐름,상장주식수,ROE,EPS,BPS,부채비율,영업이익률,순이익률
녹원씨엔아이,120699031311,73871785400,46827245911,59365177544,-3939422414,-25939700541,-3947451058,16440776,-55.39446114405504,-1577.7661918756146,2848.238179937492,157.75385454101,-6.635914482156139,-43.695145225118104
