종목명,자산 총액,부채 총액,자본 총액,매출액,영업이익,순이익,현금 흐름,상장주식수,ROE,EPS,BPS,부채비율,영업이익률,순이익률
녹원씨엔아이,139812071891,67476337485,72335734406,12275879721,-3783797753,-3939931069,-1181256351,16440776,-5.446728510263381,-239.6438628565951,4399.776166648095,93.28216273615807,-30.82302726155881,-32.09489795065417
