종목명,자산 총액,부채 총액,자본 총액,매출액,영업이익,순이익,현금 흐름,상장주식수,ROE,EPS,BPS,부채비율,영업이익률,순이익률
녹원씨엔아이,130237437938,62625223231,67612214708,10837217888,-1880634607,-4663461015,-3799885318,16440776,-6.897364677581269,-283.6521229289907,4112.471011587288,92.62412642665596,-17.353481552515593,-43.03190231289737
