종목명,자산 총액,부채 총액,자본 총액,매출액,영업이익,순이익,현금 흐름,상장주식수,ROE,EPS,BPS,부채비율,영업이익률,순이익률
녹원씨엔아이,62243246599,22798497311,39444749288,19341372505,370396201,-14450413496,1420614613,16440776,-36.63456798899251,-878.9374355565699,2399.202403098248,57.798560575300264,1.9150461059795405,-74.71245120926334
