종목명,자산 총액,부채 총액,자본 총액,매출액,영업이익,순이익,현금 흐름,상장주식수,ROE,EPS,BPS,부채비율,영업이익률,순이익률
대림제지,300362523488,47119314298,253243209190,38739785569,4398728183,3577475135,19108818179,9000000,1.4126637971626472,397.4972372222222,28138.134354444446,18.60634859616233,11.354549640357096,9.23462812830522
