종목명,자산 총액,부채 총액,자본 총액,매출액,영업이익,순이익,현금 흐름,상장주식수,ROE,EPS,BPS,부채비율,영업이익률,순이익률
대림제지,271890069018,54169171116,217720897902,49496445840,7294096920,6012548622,19656056702,9000000,2.761585442618537,668.060958,24191.210878,24.880097242839085,14.736607439610053,12.1474350732897
