종목명,자산 총액,부채 총액,자본 총액,매출액,영업이익,순이익,현금 흐름,상장주식수,ROE,EPS,BPS,부채비율,영업이익률,순이익률
대림제지,317089646443,49806426709,267283219734,41071144985,4787379023,5276127151,7303428222,9000000,1.97398368526494,586.2363501111112,29698.135526,18.63432607500288,11.656307669894389,12.846311328615132
