종목명,자산 총액,부채 총액,자본 총액,매출액,영업이익,순이익,현금 흐름,상장주식수,ROE,EPS,BPS,부채비율,영업이익률,순이익률
대림제지,297462081268,50524376010,246937705258,187353234547,29197579672,24416419932,31408702743,9000000,9.887683983492831,2712.935548,27437.522806444445,20.460373176794626,15.584241042113103,13.032291644729957
