종목명,자산 총액,부채 총액,자본 총액,매출액,영업이익,순이익,현금 흐름,상장주식수,ROE,EPS,BPS,부채비율,영업이익률,순이익률
대림제지,312771409400,49794959811,262976449589,164383300566,21826803766,18797086089,29501236154,9000000,7.147821076137253,2088.565121,29219.60550988889,18.93514034767122,13.277993379404451,11.434912198671274
