종목명,자산 총액,부채 총액,자본 총액,매출액,영업이익,순이익,현금 흐름,상장주식수,ROE,EPS,BPS,부채비율,영업이익률,순이익률
대원,531166905876,231001211195,300165694681,85349734539,27426642,-396433497,-18132623790,13446474,-0.1320715538200687,-29.482338418235145,22323.00413335124,76.95789868342406,0.03213441980591934,-0.464481230247825
