종목명,자산 총액,부채 총액,자본 총액,매출액,영업이익,순이익,현금 흐름,상장주식수,ROE,EPS,BPS,부채비율,영업이익률,순이익률
대성산업,1798844062102,1164466899028,634377163074,498194404120,10809341106,6403022709,18250914543,45235478,1.0093400396024483,141.5486912507037,14023.885479313383,183.56065867588066,2.169703436371067,1.285245810881831
