종목명,자산 총액,부채 총액,자본 총액,매출액,영업이익,순이익,현금 흐름,상장주식수,ROE,EPS,BPS,부채비율,영업이익률,순이익률
대성산업,1696291011804,1163276838729,533014173075,408632545334,877820369,-3013294788,1895700824,45235478,-0.565331081276145,-66.61352816919498,11783.100270875882,218.2450106378909,0.21481900524651176,-0.7374093968793045
