종목명,자산 총액,부채 총액,자본 총액,매출액,영업이익,순이익,현금 흐름,상장주식수,ROE,EPS,BPS,부채비율,영업이익률,순이익률
대원,540809084358,190419832573,350389251785,84026807700,883713019,12836225199,-7710703814,13446474,3.6634186504317636,954.6164443555983,26058.07677053479,54.345226516777466,1.0517036683758247,15.276345193106748
