종목명,자산 총액,부채 총액,자본 총액,매출액,영업이익,순이익,현금 흐름,상장주식수,ROE,EPS,BPS,부채비율,영업이익률,순이익률
대성산업,1748342538429,1266222214921,482120323508,245609435848,4423995207,-13748943156,-26197812095,45235478,-2.851765935930693,-303.94159106708236,10658.013241465029,262.63614147350694,1.8012317774867055,-5.597888822361365
