종목명,자산 총액,부채 총액,자본 총액,매출액,영업이익,순이익,현금 흐름,상장주식수,ROE,EPS,BPS,부채비율,영업이익률,순이익률
대성산업,1140400412564,644825663115,495574749449,252222166463,-2914190658,5135153590,-23139712100,45235478,1.0362016215938104,113.5204891611845,10955.44407531186,130.11673089315855,-1.155406243181049,2.0359644285084304
