종목명,자산 총액,부채 총액,자본 총액,매출액,영업이익,순이익,현금 흐름,상장주식수,ROE,EPS,BPS,부채비율,영업이익률,순이익률
대성산업,1728961495328,1105851932422,623109562906,396226088022,13255519497,9439999958,22281521458,45235478,1.5149823594384608,208.68575674164424,13774.797801539757,177.47311199408196,3.3454433965145682,2.3824781465363416
