종목명,자산 총액,부채 총액,자본 총액,매출액,영업이익,순이익,현금 흐름,상장주식수,ROE,EPS,BPS,부채비율,영업이익률,순이익률
대원,530919136465,198388383433,332530753032,95765581070,4607667926,2132793508,-34257827014,13446474,0.6413823348828004,158.6135895551503,24729.95917234511,59.66016124045789,4.811402880364729,2.227098174699145
