종목명,자산 총액,부채 총액,자본 총액,매출액,영업이익,순이익,현금 흐름,상장주식수,ROE,EPS,BPS,부채비율,영업이익률,순이익률
대원,539386491053,176293293436,363093197617,358311814798,17849130270,19510882142,-8109792030,13446474,5.373519049668504,1451.0035970768247,27002.855738760958,48.55317989789461,4.981451778268191,5.445224337076173
