종목명,자산 총액,부채 총액,자본 총액,매출액,영업이익,순이익,현금 흐름,상장주식수,ROE,EPS,BPS,부채비율,영업이익률,순이익률
대성산업,1652414612585,1191520576364,460894036221,1129133659980,19343532632,-38735161326,-22278857829,45235478,-8.404352905843716,-856.3004756134112,10188.773427374857,258.5237565956836,1.7131304572341441,-3.4305204688243993
