종목명,자산 총액,부채 총액,자본 총액,매출액,영업이익,순이익,현금 흐름,상장주식수,ROE,EPS,BPS,부채비율,영업이익률,순이익률
대한방직,222055549907,87126009733,134929540174,46950945656,-560191527,-647863990,-5303352540,5300000,-0.4801498538900668,-122.23848867924528,25458.403806415095,64.571486437029,-1.1931421597009122,-1.3798742090239615
