종목명,자산 총액,부채 총액,자본 총액,매출액,영업이익,순이익,현금 흐름,상장주식수,ROE,EPS,BPS,부채비율,영업이익률,순이익률
대한방직,200680717903,66911786601,133768931302,40245731416,1541148104,535996775,1823436324,5300000,0.40068853790116676,101.13146698113208,25239.42100037736,50.020423987643525,3.829345497712348,1.3318102470537045
