종목명,자산 총액,부채 총액,자본 총액,매출액,영업이익,순이익,현금 흐름,상장주식수,ROE,EPS,BPS,부채비율,영업이익률,순이익률
대한제분,1401353854060,407391972243,993961881817,1441458547512,54859482247,81242498761,137071587131,1690000,8.173603057341156,48072.4844739645,588143.1253355029,40.98667963989444,3.805831415803742,5.636131465675995
