종목명,자산 총액,부채 총액,자본 총액,매출액,영업이익,순이익,현금 흐름,상장주식수,ROE,EPS,BPS,부채비율,영업이익률,순이익률
대한방직,180718514592,49782242505,130936272087,149403981153,-1812481976,-3671292616,10549544892,5300000,-2.80387745693617,-692.69672,24704.95699754717,38.02020762583069,-1.21314168605982,-2.457292361065227
