종목명,자산 총액,부채 총액,자본 총액,매출액,영업이익,순이익,현금 흐름,상장주식수,ROE,EPS,BPS,부채비율,영업이익률,순이익률
대한제분,1252707886555,376411098554,876296788001,272469386274,8052848082,77600836657,15615010657,1690000,8.855542747568698,45917.65482662722,518518.80946804734,42.95475045762355,2.955505641247312,28.480570870065836
