종목명,자산 총액,부채 총액,자본 총액,매출액,영업이익,순이익,현금 흐름,상장주식수,ROE,EPS,BPS,부채비율,영업이익률,순이익률
대한방직,210639557874,75392116742,135247441132,191519691272,-3886402441,-5230874590,3217730768,5300000,-3.867632944637174,-986.9574698113207,25518.385119245282,55.74383966970446,-2.029244311740486,-2.7312463565801233
