종목명,자산 총액,부채 총액,자본 총액,매출액,영업이익,순이익,현금 흐름,상장주식수,ROE,EPS,BPS,부채비율,영업이익률,순이익률
대한제분,1125199964449,338110444135,787089520314,246578214761,8704010634,8090917618,13731428754,1690000,1.0279539250849412,4787.525217751479,465733.44397278107,42.957050679586594,3.529918749081911,3.2812783667211862
