종목명,자산 총액,부채 총액,자본 총액,매출액,영업이익,순이익,현금 흐름,상장주식수,ROE,EPS,BPS,부채비율,영업이익률,순이익률
대한방직,232612120328,93144325550,139467794778,200372904619,5406662230,1555720538,-9440406852,5300000,1.1154693744719648,293.53217698113207,26314.67826,66.78554407364359,2.6983000721981463,0.7764126297206362
