종목명,자산 총액,부채 총액,자본 총액,매출액,영업이익,순이익,현금 흐름,상장주식수,ROE,EPS,BPS,부채비율,영업이익률,순이익률
동국홀딩스,6459540981749,3418034412695,3041506569054,2131317295529,205825157067,272561031587,329257073531,31800483,8.961382308366169,8570.971440496674,95643.40796502997,112.3796491999066,9.657180444168146,12.788383604767278
