종목명,자산 총액,부채 총액,자본 총액,매출액,영업이익,순이익,현금 흐름,상장주식수,ROE,EPS,BPS,부채비율,영업이익률,순이익률
동국홀딩스,1687495439434,683686116476,1003809322958,464693704244,29372494661,-213444333195,280845639966,31800483,-21.263434032075697,-6711.984003356176,31565.851467035893,68.10916185370056,6.320829052071077,-45.932262745467554
