종목명,자산 총액,부채 총액,자본 총액,매출액,영업이익,순이익,현금 흐름,상장주식수,ROE,EPS,BPS,부채비율,영업이익률,순이익률
동국홀딩스,2421648337449,644335386070,1777312951379,1841113699327,60062636095,231577736410,460669701532,31800483,13.029654469705015,7282.208147907691,55889.49549536716,36.25334444167902,3.2622991245437625,12.578133359968524
