종목명,자산 총액,부채 총액,자본 총액,매출액,영업이익,순이익,현금 흐름,상장주식수,ROE,EPS,BPS,부채비율,영업이익률,순이익률
동국홀딩스,6650260390124,3276900118792,3373360271332,1917225899846,160024263280,-94157623815,143202114672,31800483,-2.7912116181359146,-2960.8865945526677,106078.90047871285,97.14053214654385,8.346656661213155,-4.911138735532582
