종목명,자산 총액,부채 총액,자본 총액,매출액,영업이익,순이익,현금 흐름,상장주식수,ROE,EPS,BPS,부채비율,영업이익률,순이익률
동부건설,1807512336047,1226953607157,580558728890,1899979526270,30156163241,-4854316016,78801107162,22944443,-0.836145556760677,-211.56826583238478,25302.80333630239,211.34013599328281,1.5871835892990884,-0.25549306973480346
