종목명,자산 총액,부채 총액,자본 총액,매출액,영업이익,순이익,현금 흐름,상장주식수,ROE,EPS,BPS,부채비율,영업이익률,순이익률
동부건설,1413470542241,858694621997,554775920244,339466117497,-13428936201,-18013321177,-246730295977,22944443,-3.246954404415648,-785.0842653709223,24179.0973197301,154.78224462578177,-3.9558988390405934,-5.306367925558636
