종목명,자산 총액,부채 총액,자본 총액,매출액,영업이익,순이익,현금 흐름,상장주식수,ROE,EPS,BPS,부채비율,영업이익률,순이익률
동부건설,1581700494344,998112147136,583588347208,1461208947333,41253381219,39355378983,-208166157171,22944443,6.74368828152306,1715.2466496135905,25434.844820944225,171.0301708235201,2.8232362862474742,2.693343690156803
