종목명,자산 총액,부채 총액,자본 총액,매출액,영업이익,순이익,현금 흐름,상장주식수,ROE,EPS,BPS,부채비율,영업이익률,순이익률
동부건설,1414154268946,841760449078,572393819868,327532335922,8557720526,2685695315,-168509042507,22944443,0.4692041076927332,117.05210342216631,24946.947714878064,147.05966763794177,2.6127864602773063,0.8199786770487246
