종목명,자산 총액,부채 총액,자본 총액,매출액,영업이익,순이익,현금 흐름,상장주식수,ROE,EPS,BPS,부채비율,영업이익률,순이익률
동부건설,1691312155978,1138296123164,553016032814,484535497051,7158611308,-22776758228,21086682208,22944443,-4.118643380391953,-992.6917043922139,24102.395199308172,205.8341993037391,1.477417310304206,-4.700740888257898
