종목명,자산 총액,부채 총액,자본 총액,매출액,영업이익,순이익,현금 흐름,상장주식수,ROE,EPS,BPS,부채비율,영업이익률,순이익률
동부건설,1029964401397,567845426733,462118974664,257970018922,10467802258,20825337691,-15016033150,22944443,4.506488335853727,907.6418935513057,20140.77982472706,122.8786217111886,4.0577592317675695,8.072774416974697
