종목명,자산 총액,부채 총액,자본 총액,매출액,영업이익,순이익,현금 흐름,상장주식수,ROE,EPS,BPS,부채비율,영업이익률,순이익률
동부건설,1695694085718,1142134788306,553559297412,488592204116,414958600,1052268296,-38648108791,22944443,0.19009134178028694,45.86157510992967,24126.072592479148,206.32564454173342,0.08492943532547274,0.21536739373560979
