종목명,자산 총액,부채 총액,자본 총액,매출액,영업이익,순이익,현금 흐름,상장주식수,ROE,EPS,BPS,부채비율,영업이익률,순이익률
동부건설,1123866629730,625605446838,498261182892,303937647493,17924063977,35831203105,-42179830027,22944443,7.191249155117618,1561.6505968351466,21715.985125112864,125.55773323678766,5.897283250312981,11.78899797394307
