종목명,자산 총액,부채 총액,자본 총액,매출액,영업이익,순이익,현금 흐름,상장주식수,ROE,EPS,BPS,부채비율,영업이익률,순이익률
동원개발,1420290486072,413065668495,1007224817577,581504179966,83922533356,66880391409,218722452919,90808100,6.640065876244868,736.5024861108205,11091.794868266157,41.01027509316926,14.431974222594043,11.501274404065407
