종목명,자산 총액,부채 총액,자본 총액,매출액,영업이익,순이익,현금 흐름,상장주식수,ROE,EPS,BPS,부채비율,영업이익률,순이익률
동일산업,480978918871,65920393704,415058525167,118789271959,-663976102,-2589347834,-10160232910,2425215,-0.6238512587973392,-1067.677642600759,171142.98120661467,15.882192439602763,-0.5589529180961482,-2.179782560578123
