종목명,자산 총액,부채 총액,자본 총액,매출액,영업이익,순이익,현금 흐름,상장주식수,ROE,EPS,BPS,부채비율,영업이익률,순이익률
동양,1004261725377,218576018287,785685707090,203386566649,7462299677,11663692531,3409082046,238684063,1.4845239547757139,48.86665822761698,3291.7392858776666,27.819777846863925,3.6690228858026157,5.734740854900678
