종목명,자산 총액,부채 총액,자본 총액,매출액,영업이익,순이익,현금 흐름,상장주식수,ROE,EPS,BPS,부채비율,영업이익률,순이익률
동원개발,1422897148398,373007346986,1049889801412,172733688409,24698181463,21534492347,-15989024042,90808100,2.0511193001435193,237.14285781774973,11561.631632112114,35.52823796215006,14.2984160707085,12.466874612212576
