종목명,자산 총액,부채 총액,자본 총액,매출액,영업이익,순이익,현금 흐름,상장주식수,ROE,EPS,BPS,부채비율,영업이익률,순이익률
동양,1043850195690,247084452535,796765743155,221858035573,13877633629,11102323045,33091764519,238684063,1.393423743475401,46.51472287448031,3338.160634357058,31.010928200377343,6.255186382209588,5.004246529239145
