종목명,자산 총액,부채 총액,자본 총액,매출액,영업이익,순이익,현금 흐름,상장주식수,ROE,EPS,BPS,부채비율,영업이익률,순이익률
동원개발,1299554349203,323653596552,975900752651,172793222118,42347809064,32227170666,105823322134,90808100,3.3023000113952192,354.8931281020085,10746.846951439355,33.16460159220151,24.507795239260485,18.650714577214238
