종목명,자산 총액,부채 총액,자본 총액,매출액,영업이익,순이익,현금 흐름,상장주식수,ROE,EPS,BPS,부채비율,영업이익률,순이익률
동일산업,476136021763,66058894901,410077126862,441161261164,-4238627709,-1075698296,19306367515,2425215,-0.2623160926412743,-443.5476013466847,169088.9784460347,16.108895272091164,-0.9607887369386013,-0.24383335317379856
