종목명,자산 총액,부채 총액,자본 총액,매출액,영업이익,순이익,현금 흐름,상장주식수,ROE,EPS,BPS,부채비율,영업이익률,순이익률
동양,983550240798,200018245461,783531995337,767681537593,7924864990,9954374483,-27148192284,238684063,1.2704490106646618,41.705233093002946,3282.7160116551227,25.52776997638385,1.0323115252774917,1.2966801981732023
