종목명,자산 총액,부채 총액,자본 총액,매출액,영업이익,순이익,현금 흐름,상장주식수,ROE,EPS,BPS,부채비율,영업이익률,순이익률
동일산업,462141972666,71486653685,390655318981,112282635402,12523775052,13370472341,21816265030,2425215,3.422575270669818,5513.108050626439,161080.69551812933,18.299163024701283,11.153795070058468,11.907871856703716
