종목명,자산 총액,부채 총액,자본 총액,매출액,영업이익,순이익,현금 흐름,상장주식수,ROE,EPS,BPS,부채비율,영업이익률,순이익률
동양,1147582443236,365771911798,781810531438,192349029272,3111737483,1161229857,-1381864030,238684063,0.1485308537433138,4.865133609695592,3275.503699792474,46.785237226880064,1.6177557509789688,0.6037097568909014
