종목명,자산 총액,부채 총액,자본 총액,매출액,영업이익,순이익,현금 흐름,상장주식수,ROE,EPS,BPS,부채비율,영업이익률,순이익률
동일산업,445520280084,68385881960,377134398124,112987473688,10343777801,12387447644,17825059974,2425215,3.2846241832141403,5107.772978478197,155505.55234236966,18.133026926256417,9.154800495462867,10.96355838365437
