종목명,자산 총액,부채 총액,자본 총액,매출액,영업이익,순이익,현금 흐름,상장주식수,ROE,EPS,BPS,부채비율,영업이익률,순이익률
동원개발,1421539221228,391034697036,1030504524192,181067438574,19926219869,19249638013,-76922982016,90808100,1.867981902174888,211.98150840068232,11348.156433093523,37.94594665584833,11.004860965576867,10.631198057807016
