종목명,자산 총액,부채 총액,자본 총액,매출액,영업이익,순이익,현금 흐름,상장주식수,ROE,EPS,BPS,부채비율,영업이익률,순이익률
동양,997497251745,216743462473,780753789272,173661103972,4295285281,5749115222,6296011523,238684063,0.7363544437434828,24.086715927908433,3271.076331862174,27.760795458335025,2.4733720924016147,3.3105370693295546
