종목명,자산 총액,부채 총액,자본 총액,매출액,영업이익,순이익,현금 흐름,상장주식수,ROE,EPS,BPS,부채비율,영업이익률,순이익률
동일산업,473764601980,71727779886,402036822094,464419157825,42048806893,43781037304,22580276619,2425215,10.88980782306641,18052.435476442293,165773.68278441293,17.841097119514433,9.054063809496121,9.427052387123389
