종목명,자산 총액,부채 총액,자본 총액,매출액,영업이익,순이익,현금 흐름,상장주식수,ROE,EPS,BPS,부채비율,영업이익률,순이익률
동원개발,1429694782509,373297999241,1056396783268,213776236583,28085697212,25892259076,-43809402919,90808100,2.4509975310509184,285.1316025332542,11633.288035626778,35.336911769665726,13.137894866577252,12.111850919382784
