종목명,자산 총액,부채 총액,자본 총액,매출액,영업이익,순이익,현금 흐름,상장주식수,ROE,EPS,BPS,부채비율,영업이익률,순이익률
롯데지주,19921883103681,10292586180274,9629296923407,9924864014193,216401073913,150433761012,600465199924,104909237,1.5622507251419777,1433.9419989490534,91786.93124426213,106.88824181186757,2.1803933394305126,1.5157261681054066
