종목명,자산 총액,부채 총액,자본 총액,매출액,영업이익,순이익,현금 흐름,상장주식수,ROE,EPS,BPS,부채비율,영업이익률,순이익률
롯데지주,20980352660650,11547376955477,9432975705173,2970867388327,106870110196,111973977704,93701531523,104909237,1.187048299537059,1067.341455395391,89915.5877491798,122.41499730720679,3.597269626234725,3.7690668437091195
