종목명,자산 총액,부채 총액,자본 총액,매출액,영업이익,순이익,현금 흐름,상장주식수,ROE,EPS,BPS,부채비율,영업이익률,순이익률
롯데지주,16668658814504,8075394990182,8593263824322,2602611427029,104219787948,437224119302,536266351274,104909237,5.087986686321673,4167.641780694678,81911.4128560672,93.97354899457123,4.004431351743186,16.799439008116217
