종목명,자산 총액,부채 총액,자본 총액,매출액,영업이익,순이익,현금 흐름,상장주식수,ROE,EPS,BPS,부채비율,영업이익률,순이익률
롯데쇼핑,34354167312950,22144001205229,12210166107721,4006633151209,28935233451,305766193956,1484692250976,28288755,2.5041935650871388,10808.754006883653,431626.1393518732,181.35708400581396,0.7221832486028527,7.631499626157067
