종목명,자산 총액,부채 총액,자본 총액,매출액,영업이익,순이익,현금 흐름,상장주식수,ROE,EPS,BPS,부채비율,영업이익률,순이익률
롯데지주,22598154169847,12824791073934,9773363095913,3869843094382,159151066643,57812526603,546238180215,104909237,0.5915315540376873,551.071843206714,93160.17707680973,131.22188286749562,4.112597404118159,1.49392430630918
