종목명,자산 총액,부채 총액,자본 총액,매출액,영업이익,순이익,현금 흐름,상장주식수,ROE,EPS,BPS,부채비율,영업이익률,순이익률
롯데지주,15998587228426,7997548780447,8001038447979,2338681529443,42517227113,98819453064,108388898416,104909237,1.2350828421398352,941.9518804049637,76266.29147992945,99.95638481736229,1.8179998677770488,4.225434366325871
