종목명,자산 총액,부채 총액,자본 총액,매출액,영업이익,순이익,현금 흐름,상장주식수,ROE,EPS,BPS,부채비율,영업이익률,순이익률
롯데쇼핑,34526916482335,23279672442382,11247244039953,3880033392500,61787319270,-40605255827,462582140900,28288755,-0.36102404893821155,-1435.3850435270128,397587.099183156,206.98112675146757,1.5924429771515167,-1.0465182053713473
