종목명,자산 총액,부채 총액,자본 총액,매출액,영업이익,순이익,현금 흐름,상장주식수,ROE,EPS,BPS,부채비율,영업이익률,순이익률
롯데쇼핑,32677590907230,21229311149288,11448279757942,3770797424622,68714294681,69125324280,252025148998,28288755,0.6038053379333762,2443.5619128519443,404693.65859126707,185.4366909103581,1.8222748915738478,1.833175227834717
