종목명,자산 총액,부채 총액,자본 총액,매출액,영업이익,순이익,현금 흐름,상장주식수,ROE,EPS,BPS,부채비율,영업이익률,순이익률
롯데쇼핑,31022816432304,19975465698618,11047350733686,3622248430828,51488081990,116551252400,496531283569,28288755,1.055015407853464,4120.0559162112295,390520.9237269721,180.81679653482942,1.4214398314538155,3.217649330953202
