종목명,자산 총액,부채 총액,자본 총액,매출액,영업이익,순이익,현금 흐름,상장주식수,ROE,EPS,BPS,부채비율,영업이익률,순이익률
롯데쇼핑,30644698696537,19808248977726,10836449718811,14555863880290,508404731640,169180436381,1639812977926,28288755,1.5612164571512714,5980.483636731274,383065.6286857092,182.7927918434471,3.492782948653618,1.1622837213398658
