종목명,자산 총액,부채 총액,자본 총액,매출액,영업이익,순이익,현금 흐름,상장주식수,ROE,EPS,BPS,부채비율,영업이익률,순이익률
모베이스,1037069030422,641585970992,395483059430,320460651586,9146343256,9721967770,10352658178,23147029,2.458251380985075,420.00931393830285,17085.69421285125,162.22843322712788,2.8541236531641556,3.033747738414923
