종목명,자산 총액,부채 총액,자본 총액,매출액,영업이익,순이익,현금 흐름,상장주식수,ROE,EPS,BPS,부채비율,영업이익률,순이익률
모베이스,1116265041271,659711529015,456553512256,321490150095,16039028098,16816447707,22829072821,23147029,3.683346476495976,726.505665457109,19724.06533279066,144.4981828647251,4.98896407658539,5.230781628000347
