종목명,자산 총액,부채 총액,자본 총액,매출액,영업이익,순이익,현금 흐름,상장주식수,ROE,EPS,BPS,부채비율,영업이익률,순이익률
모베이스,1020895427033,605304811586,415590615447,315666094372,6008391239,4651757915,7331750290,23147029,1.1193125499228784,200.9656580548631,17954.38263143836,145.64929743058505,1.903400886608794,1.4736324229735258
