종목명,자산 총액,부채 총액,자본 총액,매출액,영업이익,순이익,현금 흐름,상장주식수,ROE,EPS,BPS,부채비율,영업이익률,순이익률
모베이스,1039581817433,620589756192,418992061241,320889207833,11742135305,3900438524,30374875606,23147029,0.9309098870387684,168.507091082834,18101.332194339066,148.11491997101183,3.6592490549295587,1.2155094122174095
