종목명,자산 총액,부채 총액,자본 총액,매출액,영업이익,순이익,현금 흐름,상장주식수,ROE,EPS,BPS,부채비율,영업이익률,순이익률
모베이스,990583541221,652658599376,337924941845,304501081792,-2726736565,-10746288666,7761518744,23147029,-3.180081531516288,-464.2621161445817,14599.063311537735,193.1371492771796,-0.8954768071604394,-3.52914630147049
