종목명,자산 총액,부채 총액,자본 총액,매출액,영업이익,순이익,현금 흐름,상장주식수,ROE,EPS,BPS,부채비율,영업이익률,순이익률
모베이스,1011618390617,649825482087,361792908530,1171801185591,14544188726,7647289796,64607787954,23147029,2.1137202017230483,330.3788920815712,15630.209325352294,179.61255369191855,1.2411822845754004,0.6526098360399828
