종목명,자산 총액,부채 총액,자본 총액,매출액,영업이익,순이익,현금 흐름,상장주식수,ROE,EPS,BPS,부채비율,영업이익률,순이익률
모베이스,1057920982763,622089503792,435831478971,1262831655164,40278032257,20439594740,52013898364,23147029,4.689793125603954,883.0331849499994,18828.83021276726,142.73624871263453,3.18950131573707,1.618552612014273
