종목명,자산 총액,부채 총액,자본 총액,매출액,영업이익,순이익,현금 흐름,상장주식수,ROE,EPS,BPS,부채비율,영업이익률,순이익률
무림페이퍼,2416161193088,1759124194101,657036998987,320591307246,21725959367,12082594616,23572252560,41609310,1.8389519364401978,290.3819990285828,15790.62471804988,267.73594132646485,6.776839819405637,3.768846610282118
