종목명,자산 총액,부채 총액,자본 총액,매출액,영업이익,순이익,현금 흐름,상장주식수,ROE,EPS,BPS,부채비율,영업이익률,순이익률
무림페이퍼,2413262709685,1723372203251,689890506434,344783396664,21562747693,4455616464,-8624116926,41609310,0.6458440031347579,107.08220020952042,16580.195788730936,249.80372786386073,6.253998278813127,1.2922943816642392
