종목명,자산 총액,부채 총액,자본 총액,매출액,영업이익,순이익,현금 흐름,상장주식수,ROE,EPS,BPS,부채비율,영업이익률,순이익률
무림페이퍼,2395312489784,1703738311243,691574178541,298270570826,2866173804,-7489817609,99919497679,41609310,-1.0830100141681283,-180.00340810746442,16620.65962019077,246.3565535135135,0.960930807240792,-2.5110816626187646
