종목명,자산 총액,부채 총액,자본 총액,매출액,영업이익,순이익,현금 흐름,상장주식수,ROE,EPS,BPS,부채비율,영업이익률,순이익률
무림페이퍼,2224243245808,1576502788563,647740457245,279425900285,27446277270,17239602141,-12465245900,41609310,2.6614984363219003,414.320788809043,15567.200158930778,243.38495008761,9.82238126172492,6.169650745838698
