종목명,자산 총액,부채 총액,자본 총액,매출액,영업이익,순이익,현금 흐름,상장주식수,ROE,EPS,BPS,부채비율,영업이익률,순이익률
무림페이퍼,2265603689884,1618691518478,646912171406,231802274529,5572523326,-2032290349,-56576272868,41609310,-0.314152436579299,-48.84220259840887,15547.293896630346,250.21812697694853,2.4039985532164567,-0.8767344294310395
