종목명,자산 총액,부채 총액,자본 총액,매출액,영업이익,순이익,현금 흐름,상장주식수,ROE,EPS,BPS,부채비율,영업이익률,순이익률
무림페이퍼,2430939323633,1751447175631,679492148002,354563203237,47334150132,19592182644,6348177048,41609310,2.883356739531055,470.8605512564376,16330.291177671535,257.7582656077793,13.349989423567038,5.525723612922132
