종목명,자산 총액,부채 총액,자본 총액,매출액,영업이익,순이익,현금 흐름,상장주식수,ROE,EPS,BPS,부채비율,영업이익률,순이익률
무림SP,299977787676,97932509673,202045278003,37161618831,-5573295681,-5110684447,-969221863,22137500,-2.5294748273820664,-230.86095751552796,9126.833563094297,48.47057582387344,-14.997451285278213,-13.752588309572502
