종목명,자산 총액,부채 총액,자본 총액,매출액,영업이익,순이익,현금 흐름,상장주식수,ROE,EPS,BPS,부채비율,영업이익률,순이익률
무림SP,304006342897,101818327243,202188015654,41081205887,-1643549236,68558563,-2413747085,22137500,0.03390832180544409,3.0969424280067757,9133.281339536985,50.358240528577866,-4.00073269640825,0.16688546871915247
