종목명,자산 총액,부채 총액,자본 총액,매출액,영업이익,순이익,현금 흐름,상장주식수,ROE,EPS,BPS,부채비율,영업이익률,순이익률
무림SP,306111819047,93183942538,212927876509,39665486514,1376133921,2410258214,-4067121860,22137500,1.1319599169055365,108.87671209486166,9618.42468702428,43.763148379522455,3.469348398170513,6.076461997130163
