종목명,자산 총액,부채 총액,자본 총액,매출액,영업이익,순이익,현금 흐름,상장주식수,ROE,EPS,BPS,부채비율,영업이익률,순이익률
무림페이퍼,2356089223889,1673231646097,682857577792,330796169580,26101460239,6456495836,57969453064,41609310,0.9455113402822432,155.16950019118318,16411.172831080352,245.03376699828766,7.890496516976024,1.9518048967125528
