종목명,자산 총액,부채 총액,자본 총액,매출액,영업이익,순이익,현금 흐름,상장주식수,ROE,EPS,BPS,부채비율,영업이익률,순이익률
무림SP,294805669908,88318987437,206486682471,32079788616,2423986879,670065583,1515735141,22137500,0.32450789318778817,30.268349316770188,9327.461658769056,42.772243894907824,7.55611861417011,2.0887468774211326
