종목명,자산 총액,부채 총액,자본 총액,매출액,영업이익,순이익,현금 흐름,상장주식수,ROE,EPS,BPS,부채비율,영업이익률,순이익률
무림SP,308462960124,108577484556,199885475568,44160187573,-280101641,101656738,-21878817450,22137500,0.050857491126420996,4.592060440429136,9029.270494319593,54.31984702613497,-0.6342854421462129,0.23019996876587995
