종목명,자산 총액,부채 총액,자본 총액,매출액,영업이익,순이익,현금 흐름,상장주식수,ROE,EPS,BPS,부채비율,영업이익률,순이익률
무림SP,301341277594,87818212510,213523065084,33625157358,4540198951,6374415584,3661621244,22137500,2.9853522295084627,287.9464973009599,9645.310675731225,41.12820901828676,13.50238722353461,18.957281050413933
