종목명,자산 총액,부채 총액,자본 총액,매출액,영업이익,순이익,현금 흐름,상장주식수,ROE,EPS,BPS,부채비율,영업이익률,순이익률
무림SP,306837323450,93144849584,213692473866,31388450153,821583816,-49974297,-5289628140,22137500,-0.02338608192225682,-2.2574498927159796,9652.963246346697,43.58826864553418,2.6174717515368493,-0.15921237511379208
