종목명,자산 총액,부채 총액,자본 총액,매출액,영업이익,순이익,현금 흐름,상장주식수,ROE,EPS,BPS,부채비율,영업이익률,순이익률
미래에셋생명,32398401335619,29768801526599,2629599809020,,,43626965112,-246986967667,177016189,1.6590724171165387,246.45748707198752,14855.137396614047,1132.0658536894723,,
