종목명,자산 총액,부채 총액,자본 총액,매출액,영업이익,순이익,현금 흐름,상장주식수,ROE,EPS,BPS,부채비율,영업이익률,순이익률
미래에셋생명,32212292311461,29198963191711,3013329119750,,,60391310894,-895813756608,177016189,2.0041392258874913,341.1626430054937,17022.90133333511,968.9934962740971,,
