종목명,자산 총액,부채 총액,자본 총액,매출액,영업이익,순이익,현금 흐름,상장주식수,ROE,EPS,BPS,부채비율,영업이익률,순이익률
베뉴지,640362659228,279664379375,360698279853,65047220575,9216525312,12289414663,11704661343,48200000,3.407117624183975,254.96710919087138,7483.366801929461,77.53415943346755,14.168976369056796,18.893066535917857
