종목명,자산 총액,부채 총액,자본 총액,매출액,영업이익,순이익,현금 흐름,상장주식수,ROE,EPS,BPS,부채비율,영업이익률,순이익률
베뉴지,583300683179,259812991935,323487691244,17378801298,6202037245,-7155708425,-7334766328,48200000,-2.212049675671461,-148.45868101659752,6711.362888879668,80.31619099195602,35.687370714767006,-41.17492514183645
