종목명,자산 총액,부채 총액,자본 총액,매출액,영업이익,순이익,현금 흐름,상장주식수,ROE,EPS,BPS,부채비율,영업이익률,순이익률
베뉴지,605396009387,274750533211,330645476176,10210389904,-695746718,-9450294231,-8725983198,48200000,-2.858135045516147,-196.06419566390042,6859.864650954357,83.09520408038259,-6.814105284338219,-92.55566457161223
