종목명,자산 총액,부채 총액,자본 총액,매출액,영업이익,순이익,현금 흐름,상장주식수,ROE,EPS,BPS,부채비율,영업이익률,순이익률
베뉴지,568325188300,251892482799,316432705501,13848863405,906895163,-7032096359,-5403773200,48200000,-2.2223039011932273,-145.89411533195022,6564.993890062241,79.60380783022568,6.548516917804058,-50.7774259399593
