종목명,자산 총액,부채 총액,자본 총액,매출액,영업이익,순이익,현금 흐름,상장주식수,ROE,EPS,BPS,부채비율,영업이익률,순이익률
삼천리,5021952466150,3482673623260,1539278842890,5789104871674,91236419550,66728900984,368129321916,4055025,4.335075564263348,16455.854398924792,379597.8675569201,226.2535887728614,1.5760021898448995,1.1526635371645013
