종목명,자산 총액,부채 총액,자본 총액,매출액,영업이익,순이익,현금 흐름,상장주식수,ROE,EPS,BPS,부채비율,영업이익률,순이익률
삼천리,3884178322563,2433029927461,1451148395102,720278178006,4655021041,3580682313,292187917564,4055025,0.24674818406482246,883.0234864150036,357864.22897565365,167.662379372992,0.6462810040819011,0.4971249195571454
