종목명,자산 총액,부채 총액,자본 총액,매출액,영업이익,순이익,현금 흐름,상장주식수,ROE,EPS,BPS,부채비율,영업이익률,순이익률
삼양홀딩스,4549110000000,1986464000000,2562646000000,831670000000,37819000000,30002000000,120237000000,8564271,1.1707430522982887,3503.158645960643,299225.234698902,77.51612981270141,4.547356523621148,3.6074404511404765
