종목명,자산 총액,부채 총액,자본 총액,매출액,영업이익,순이익,현금 흐름,상장주식수,ROE,EPS,BPS,부채비율,영업이익률,순이익률
삼일씨엔에스,356087205300,86618278215,269468927085,50681040813,1228652933,405139557,14645193261,12731947,0.1503474116227897,31.82070715500151,21164.785486854445,32.144069133313295,2.424285123767314,0.7993907593469928
