종목명,자산 총액,부채 총액,자본 총액,매출액,영업이익,순이익,현금 흐름,상장주식수,ROE,EPS,BPS,부채비율,영업이익률,순이익률
삼일씨엔에스,361515431787,83732366131,277783065656,60690137621,2514752608,2106046731,-3884932481,12731947,0.7581623905065827,165.4143495099375,21817.799403029247,30.143077992627592,4.143593517128301,3.4701630504645053
