종목명,자산 총액,부채 총액,자본 총액,매출액,영업이익,순이익,현금 흐름,상장주식수,ROE,EPS,BPS,부채비율,영업이익률,순이익률
삼일씨엔에스,406690935438,139097401001,267593534437,55370277895,1637344371,1130873772,4416470471,12731947,0.42260878028285975,88.82174674462594,21017.487304730377,51.9808527114275,2.957081729127197,2.042384136385415
