종목명,자산 총액,부채 총액,자본 총액,매출액,영업이익,순이익,현금 흐름,상장주식수,ROE,EPS,BPS,부채비율,영업이익률,순이익률
삼양홀딩스,4082286000000,1855693000000,2226593000000,700665000000,83733000000,86833000000,20503000000,8564271,3.89981464955652,10138.983224608375,259986.2848805228,83.3422632694884,11.950504163901437,12.392940991772102
