종목명,자산 총액,부채 총액,자본 총액,매출액,영업이익,순이익,현금 흐름,상장주식수,ROE,EPS,BPS,부채비율,영업이익률,순이익률
삼일씨엔에스,354907802821,85844015293,269063787528,216447816121,5170081404,2087170237,-7844003981,12731947,0.7757157721504234,163.93174091912257,21132.964779699443,31.90470783217778,2.388604097123248,0.9642833429343621
