종목명,자산 총액,부채 총액,자본 총액,매출액,영업이익,순이익,현금 흐름,상장주식수,ROE,EPS,BPS,부채비율,영업이익률,순이익률
삼양홀딩스,4475959000000,2001166000000,2474793000000,838036000000,28748000000,13798000000,28587000000,8564271,0.5575415802452973,1611.1120257637808,288967.15202029457,80.86195491905788,3.430401557928299,1.6464686481249016
