종목명,자산 총액,부채 총액,자본 총액,매출액,영업이익,순이익,현금 흐름,상장주식수,ROE,EPS,BPS,부채비율,영업이익률,순이익률
삼일씨엔에스,353084246140,85709112451,267375133689,46896860909,-41434090,-1048164580,-3095065991,12731947,-0.3920202172649244,-82.32555319308194,21000.333545921923,32.055753004575735,-0.08835152118262218,-2.23504208956307
