종목명,자산 총액,부채 총액,자본 총액,매출액,영업이익,순이익,현금 흐름,상장주식수,ROE,EPS,BPS,부채비율,영업이익률,순이익률
삼천리,3858186145671,2392974820159,1465211325512,642669463708,4084212216,11053611479,318055131045,4055025,0.7544039065584927,2725.9046439910976,361332.2545513283,163.31943239128353,0.6355074337024486,1.7199528067234051
