종목명,자산 총액,부채 총액,자본 총액,매출액,영업이익,순이익,현금 흐름,상장주식수,ROE,EPS,BPS,부채비율,영업이익률,순이익률
삼양홀딩스,4549754000000,2000645000000,2549109000000,795237000000,7389000000,30026000000,35286000000,8564271,1.177901768814123,3505.9609860547384,297644.5981216615,78.4840899310308,0.9291569683000163,3.7757297510050463
