종목명,자산 총액,부채 총액,자본 총액,매출액,영업이익,순이익,현금 흐름,상장주식수,ROE,EPS,BPS,부채비율,영업이익률,순이익률
삼일씨엔에스,364179557833,88496467953,275683089880,61003034554,501079718,391992398,-10451537660,12731947,0.1421894967045775,30.78809533215933,21652.861882004378,32.10079660363679,0.82140129858039,0.6425785223077839
