종목명,자산 총액,부채 총액,자본 총액,매출액,영업이익,순이익,현금 흐름,상장주식수,ROE,EPS,BPS,부채비율,영업이익률,순이익률
삼양홀딩스,4513523000000,2042285000000,2471238000000,862840000000,50923000000,38954000000,41304000000,8564271,1.576294958235508,4548.431501058292,288552.05539385666,82.6421817728604,5.901789439525289,4.514626118399703
