종목명,자산 총액,부채 총액,자본 총액,매출액,영업이익,순이익,현금 흐름,상장주식수,ROE,EPS,BPS,부채비율,영업이익률,순이익률
상상인,6466209974458,5631837144645,834372829813,226989092486,-18787999476,-14213873147,-680973515642,55328313,-1.7035397893032564,-256.9005338550626,15080.395272724112,674.9784920378112,-8.277049469748766,-6.261919016164475
