종목명,자산 총액,부채 총액,자본 총액,매출액,영업이익,순이익,현금 흐름,상장주식수,ROE,EPS,BPS,부채비율,영업이익률,순이익률
상상인,6302067305088,5452931988622,849135316466,764621201141,64850625855,42250752817,62570171225,55328313,4.975738495113193,763.6371059605594,15347.211408126614,642.17467850901,8.481405663121446,5.5257103457178065
