종목명,자산 총액,부채 총액,자본 총액,매출액,영업이익,순이익,현금 흐름,상장주식수,ROE,EPS,BPS,부채비율,영업이익률,순이익률
상상인,5976263332468,5089622535752,886640796716,172832130374,12071230135,7236939603,-240371454357,55328313,0.8162200103812802,130.7999324504978,16025.082794698621,574.0343276108304,6.9843669165440865,4.187265173055281
