종목명,자산 총액,부채 총액,자본 총액,매출액,영업이익,순이익,현금 흐름,상장주식수,ROE,EPS,BPS,부채비율,영업이익률,순이익률
상상인,6714393955109,5916512387476,797881567633,936962706826,-64717139541,-62168774849,-1596257717195,55328313,-7.791729671538877,-1123.6340216807262,14420.854791524187,741.52764363613,-6.907120109425913,-6.63513866625485
