종목명,자산 총액,부채 총액,자본 총액,매출액,영업이익,순이익,현금 흐름,상장주식수,ROE,EPS,BPS,부채비율,영업이익률,순이익률
상상인,4705973959681,3932806163162,773167796519,123471351205,28247281652,20864303601,-150453757808,55328313,2.698547934217702,377.09994159771327,13974.179847467969,508.66140323853415,22.877599845085456,16.898092875292917
