종목명,자산 총액,부채 총액,자본 총액,매출액,영업이익,순이익,현금 흐름,상장주식수,ROE,EPS,BPS,부채비율,영업이익률,순이익률
상상인,6353403659537,5524175037304,829228622233,267383423696,-8334210035,-17552481634,-526804283863,55328313,-2.116724044900133,-317.2423065565003,14987.419230241125,666.1823879677654,-3.1169509013675922,-6.564536197261125
