종목명,자산 총액,부채 총액,자본 총액,매출액,영업이익,순이익,현금 흐름,상장주식수,ROE,EPS,BPS,부채비율,영업이익률,순이익률
서한,1148671488230,751148927566,397522560664,156694247700,6084750237,2342269458,66884038742,100894865,0.5892167362998469,23.214952098900177,3939.968210116541,188.95755911597115,3.8831994960335736,1.4948024527897203
