종목명,자산 총액,부채 총액,자본 총액,매출액,영업이익,순이익,현금 흐름,상장주식수,ROE,EPS,BPS,부채비율,영업이익률,순이익률
서한,1127692671487,727534700894,400157970593,621658295698,24232110451,8540380976,-7354470137,100894865,2.1342523712182677,84.6463392958601,3966.0885674707033,181.81187290005886,3.89797910181382,1.3738063233614266
