종목명,자산 총액,부채 총액,자본 총액,매출액,영업이익,순이익,현금 흐름,상장주식수,ROE,EPS,BPS,부채비율,영업이익률,순이익률
서한,940174487130,556236803951,383937683179,196374078073,19008194586,15169215650,-178847712701,100894865,3.950957750330484,150.34675600190357,3805.324316346526,144.87684546756782,9.679584379224382,7.724652764180516
