종목명,자산 총액,부채 총액,자본 총액,매출액,영업이익,순이익,현금 흐름,상장주식수,ROE,EPS,BPS,부채비율,영업이익률,순이익률
서한,1090985259137,696113116224,394872142913,126356612753,5998916579,3238844609,47414041418,100894865,0.8202261585501606,32.101183831307964,3913.6991056284182,176.28823119522278,4.747607939385485,2.5632569110816896
