종목명,자산 총액,부채 총액,자본 총액,매출액,영업이익,순이익,현금 흐름,상장주식수,ROE,EPS,BPS,부채비율,영업이익률,순이익률
서한,1080442093123,682005469055,398436624068,138951509236,2221767578,1075680356,4768765415,100894865,0.2699752711026928,10.661398436877834,3949.0277732964905,171.1703763805117,1.598951742385521,0.774140822157626
