종목명,자산 총액,부채 총액,자본 총액,매출액,영업이익,순이익,현금 흐름,상장주식수,ROE,EPS,BPS,부채비율,영업이익률,순이익률
성도이엔지,676121587544,407059189768,269062397776,189998193051,6843692875,5873016546,22043186983,15470000,2.1827712064356937,379.63907860374917,17392.52732876535,151.28802580094643,3.6019778741595667,3.0910907370700857
