종목명,자산 총액,부채 총액,자본 총액,매출액,영업이익,순이익,현금 흐름,상장주식수,ROE,EPS,BPS,부채비율,영업이익률,순이익률
성도이엔지,418697756403,188182388321,230515368082,119248485855,2783093760,3053151926,25602165924,15470000,1.32448953464739,197.35952979961215,14900.799488170653,81.63550651167817,2.3338608788576973,2.5603276252182146
