종목명,자산 총액,부채 총액,자본 총액,매출액,영업이익,순이익,현금 흐름,상장주식수,ROE,EPS,BPS,부채비율,영업이익률,순이익률
성도이엔지,498985637122,239992578489,258993058633,171328383866,-4090779038,-435314686,7851079396,15470000,-0.16807967298338,-28.139281577246283,16741.63274938591,92.6637106630243,-2.387683199766535,-0.2540820593629541
