종목명,자산 총액,부채 총액,자본 총액,매출액,영업이익,순이익,현금 흐름,상장주식수,ROE,EPS,BPS,부채비율,영업이익률,순이익률
성도이엔지,645551062822,384127509314,261423553508,678599013645,12314577967,4632891365,40907019915,15470000,1.7721782535781443,299.4758477698772,16898.74295462185,146.9368402959319,1.8147061400596445,0.6827141318869695
