종목명,자산 총액,부채 총액,자본 총액,매출액,영업이익,순이익,현금 흐름,상장주식수,ROE,EPS,BPS,부채비율,영업이익률,순이익률
성도이엔지,624193165939,361274551794,262918614145,162343551665,10157274254,4917323551,86966364319,15470000,1.8702835350745037,317.86189728506787,16995.38552973497,137.4092712944077,6.2566539599674345,3.028961421976908
