종목명,자산 총액,부채 총액,자본 총액,매출액,영업이익,순이익,현금 흐름,상장주식수,ROE,EPS,BPS,부채비율,영업이익률,순이익률
성창기업지주,725921436720,180589915256,545331521464,52768654198,7189538324,5180207110,7973571037,69751600,0.9499188853219391,74.2664986896358,7818.193725505938,33.11562015912583,13.624638401849735,9.816826274482354
