종목명,자산 총액,부채 총액,자본 총액,매출액,영업이익,순이익,현금 흐름,상장주식수,ROE,EPS,BPS,부채비율,영업이익률,순이익률
성창기업지주,768284220430,197562576109,570721644321,37967151644,-499222258,-1291624913,-1026723157,69751600,-0.22631433832103467,-18.517495125559844,8182.201473815654,34.61627539008872,-1.3148794059690616,-3.40195368120041
