종목명,자산 총액,부채 총액,자본 총액,매출액,영업이익,순이익,현금 흐름,상장주식수,ROE,EPS,BPS,부채비율,영업이익률,순이익률
성창기업지주,820314254965,224541467009,595772787956,227519697624,-11487135610,-13134358819,-26537167634,69751600,-2.204591932448251,-188.301900157129,8541.349416443494,37.68911094099572,-5.048853233351113,-5.772844705826699
