종목명,자산 총액,부채 총액,자본 총액,매출액,영업이익,순이익,현금 흐름,상장주식수,ROE,EPS,BPS,부채비율,영업이익률,순이익률
성창기업지주,787008852369,202328059038,584680793331,42695486890,-3554757074,-3888461278,5685132785,69751600,-0.6650571255893232,-55.74726999810757,8382.328051700606,34.6048752320581,-8.325838005216855,-9.107429288763406
