종목명,자산 총액,부채 총액,자본 총액,매출액,영업이익,순이익,현금 흐름,상장주식수,ROE,EPS,BPS,부채비율,영업이익률,순이익률
성창기업지주,769067174916,195769130917,573298043999,166253799305,-16701274741,-24022292887,11952327843,69751600,-4.190192717113457,-344.3977326254882,8219.1382563124,34.14788049012452,-10.045649970597523,-14.449169274580026
