종목명,자산 총액,부채 총액,자본 총액,매출액,영업이익,순이익,현금 흐름,상장주식수,ROE,EPS,BPS,부채비율,영업이익률,순이익률
성창기업지주,799014611178,210838637838,588175973340,45390385669,-6002490238,-6827349138,4519719415,69751600,-1.1607664113225165,-97.88089646689109,8432.437009903715,35.846183352362644,-13.224144605802469,-15.041399268530196
