종목명,자산 총액,부채 총액,자본 총액,매출액,영업이익,순이익,현금 흐름,상장주식수,ROE,EPS,BPS,부채비율,영업이익률,순이익률
세원정공,634306920430,67845148598,566461771832,33193772773,-8347432748,-3506271511,8968400496,10000000,-0.618977605436697,-350.6271511,56646.1771832,11.977003916536377,-25.147586582233426,-10.563040046631942
