종목명,자산 총액,부채 총액,자본 총액,매출액,영업이익,순이익,현금 흐름,상장주식수,ROE,EPS,BPS,부채비율,영업이익률,순이익률
세아홀딩스,6047840558200,3063119587417,2984720970783,1738969190766,93591053008,80618932251,-100913534052,4000000,2.7010542372358093,20154.73306275,746180.24269575,102.62666485079954,5.381984540322649,4.636018434316718
