종목명,자산 총액,부채 총액,자본 총액,매출액,영업이익,순이익,현금 흐름,상장주식수,ROE,EPS,BPS,부채비율,영업이익률,순이익률
세아홀딩스,6098795979287,3043848245064,3054947734223,1794682571864,78150331008,73608455646,-88953345433,4000000,2.4094833054393217,18402.1139115,763736.93355575,99.63667171668249,4.354548945490188,4.101474923754818
