종목명,자산 총액,부채 총액,자본 총액,매출액,영업이익,순이익,현금 흐름,상장주식수,ROE,EPS,BPS,부채비율,영업이익률,순이익률
세원정공,622152013878,70776212852,551375801026,142473811849,150710685,24591307199,9191588259,10000000,4.459990292145665,2459.1307199,55137.5801026,12.836292909536407,0.1057813243318918,17.26022970808344
