종목명,자산 총액,부채 총액,자본 총액,매출액,영업이익,순이익,현금 흐름,상장주식수,ROE,EPS,BPS,부채비율,영업이익률,순이익률
세원정공,781176093891,129923544777,651252549114,36928731137,3649612207,6584434674,44861935657,10000000,1.01104167391864,658.4434674,65125.2549114,19.949794431323944,9.882852983657878,17.830113495025714
