종목명,자산 총액,부채 총액,자본 총액,매출액,영업이익,순이익,현금 흐름,상장주식수,ROE,EPS,BPS,부채비율,영업이익률,순이익률
세아홀딩스,5101611887588,2351631897928,2749979989660,1315874235673,46767052796,28536872474,25749135623,4000000,1.0377120044981936,7134.2181185,687494.997415,85.51450944262142,3.5540670626536834,2.1686626047059048
