종목명,자산 총액,부채 총액,자본 총액,매출액,영업이익,순이익,현금 흐름,상장주식수,ROE,EPS,BPS,부채비율,영업이익률,순이익률
세아홀딩스,5986849990912,2952716571109,3034133419803,1657048734396,25458112049,15195783707,-19880337314,4000000,0.5008278016985368,3798.94592675,758533.35495075,97.31663584196353,1.5363526443463096,0.9170390340112065
