종목명,자산 총액,부채 총액,자본 총액,매출액,영업이익,순이익,현금 흐름,상장주식수,ROE,EPS,BPS,부채비율,영업이익률,순이익률
세아홀딩스,5789382238682,2681649312707,3107732925975,6419203603021,200772104770,131836418211,214319432140,4000000,4.242205535394858,32959.10455275,776933.23149375,86.28956788060147,3.127679338220598,2.0537815337241407
