종목명,자산 총액,부채 총액,자본 총액,매출액,영업이익,순이익,현금 흐름,상장주식수,ROE,EPS,BPS,부채비율,영업이익률,순이익률
세원정공,731731199698,85982247803,645748951895,42851359367,5202969032,36032086836,21606518914,10000000,5.579890874040301,3603.2086836,64574.8951895,13.315119993718685,12.141899600988685,84.08621655944117
