종목명,자산 총액,부채 총액,자본 총액,매출액,영업이익,순이익,현금 흐름,상장주식수,ROE,EPS,BPS,부채비율,영업이익률,순이익률
세아홀딩스,6103604597866,2994929827086,3108674770780,1518187954198,35912529225,23849749474,21232734432,4000000,0.7671998916765371,5962.4373685,777168.692695,96.34104716378998,2.3654863764197893,1.570935232890772
