종목명,자산 총액,부채 총액,자본 총액,매출액,영업이익,순이익,현금 흐름,상장주식수,ROE,EPS,BPS,부채비율,영업이익률,순이익률
세아홀딩스,5854047898855,2959349545532,2894698353323,1666502697788,61706641631,60050255646,-63684355546,4000000,2.074490959552475,15012.5639115,723674.58833075,102.2334345177895,3.70276278057666,3.6033698430675534
