종목명,자산 총액,부채 총액,자본 총액,매출액,영업이익,순이익,현금 흐름,상장주식수,ROE,EPS,BPS,부채비율,영업이익률,순이익률
신영와코루,390712192306,64171559776,326540632530,61471168575,2999263926,3104912371,4814792073,9000000,0.9508502347605224,344.99026344444445,36282.29250333333,19.651937119985956,4.879139270535659,5.05100593168608
