종목명,자산 총액,부채 총액,자본 총액,매출액,영업이익,순이익,현금 흐름,상장주식수,ROE,EPS,BPS,부채비율,영업이익률,순이익률
신영와코루,409406912889,40121354855,369285558034,54844823757,2322934706,2613201694,3882557462,9000000,0.7076371217743109,290.3557437777778,41031.72867044444,10.864588116740281,4.235467537086428,4.764718919652777
