종목명,자산 총액,부채 총액,자본 총액,매출액,영업이익,순이익,현금 흐름,상장주식수,ROE,EPS,BPS,부채비율,영업이익률,순이익률
신영와코루,425804458911,63083713569,362720745342,201443944940,6613866012,23502438488,6057037506,9000000,6.4794856069895195,2611.382054222222,40302.305038,17.39181295228096,3.2832289965180825,11.666986811145003
