종목명,자산 총액,부채 총액,자본 총액,매출액,영업이익,순이익,현금 흐름,상장주식수,ROE,EPS,BPS,부채비율,영업이익률,순이익률
신영와코루,388668603657,65750359288,322918244369,189412826757,3690487329,6491809139,16652334925,9000000,2.0103568789324218,721.3121265555556,35879.80492988889,20.36130210495843,1.9483830066770351,3.4273334336160985
