종목명,자산 총액,부채 총액,자본 총액,매출액,영업이익,순이익,현금 흐름,상장주식수,ROE,EPS,BPS,부채비율,영업이익률,순이익률
신영와코루,378732628837,61361287708,317371341129,42705666394,1356733563,1444162149,-1637979145,9000000,0.45503861308416005,160.462461,35263.482347666664,19.334224536379562,3.1769403865118386,3.381664006074144
