종목명,자산 총액,부채 총액,자본 총액,매출액,영업이익,순이익,현금 흐름,상장주식수,ROE,EPS,BPS,부채비율,영업이익률,순이익률
신영와코루,409848226902,42810272057,367037954845,62987385728,2850923887,3018640880,-5249806489,9000000,0.8224328956046988,335.40454222222223,40781.994982777775,11.663718013871009,4.526182272925591,4.79245303660557
