종목명,자산 총액,부채 총액,자본 총액,매출액,영업이익,순이익,현금 흐름,상장주식수,ROE,EPS,BPS,부채비율,영업이익률,순이익률
아시아경제,211245813030,58229666710,153016146320,10377148390,1076651753,28696132067,7863440888,34904082,18.753662771632136,822.1425811170167,4383.904046523842,38.054589734749506,10.375217858863055,276.5319622359183
