종목명,자산 총액,부채 총액,자본 총액,매출액,영업이익,순이익,현금 흐름,상장주식수,ROE,EPS,BPS,부채비율,영업이익률,순이익률
아시아경제,720116711869,530065854807,190050857062,85242477459,-1144008257,17467316868,78800299017,34904082,9.19086456016437,500.43765276508344,5444.946440992203,278.90737405834346,-1.3420635944681993,20.491329427164345
