종목명,자산 총액,부채 총액,자본 총액,매출액,영업이익,순이익,현금 흐름,상장주식수,ROE,EPS,BPS,부채비율,영업이익률,순이익률
아시아경제,824532042198,583869368803,240662673395,36709781868,-971237421,36555352089,39672190449,34904082,15.189456500801704,1047.3087958308142,6894.972152397533,242.6090263880242,-2.645718311518026,99.57932253709572
