종목명,자산 총액,부채 총액,자본 총액,매출액,영업이익,순이익,현금 흐름,상장주식수,ROE,EPS,BPS,부채비율,영업이익률,순이익률
아시아경제,553653234337,384741200319,168912034018,93135610392,-28489053783,-23452151830,138741356337,34904082,-13.884239785722336,-671.9028401892937,4839.320341328558,227.77607442581643,-30.588787321081547,-25.180649733535702
