종목명,자산 총액,부채 총액,자본 총액,매출액,영업이익,순이익,현금 흐름,상장주식수,ROE,EPS,BPS,부채비율,영업이익률,순이익률
아시아경제,660588202968,482658176572,177930026396,24820121562,-10156059320,-9627480839,60564306766,34904082,-5.4108241503731005,-275.82678836819144,5097.685319327407,271.26291517419264,-40.91865261268135,-38.789015657924196
