종목명,자산 총액,부채 총액,자본 총액,매출액,영업이익,순이익,현금 흐름,상장주식수,ROE,EPS,BPS,부채비율,영업이익률,순이익률
아시아경제,183459653567,51546622664,131913030903,18525627346,1614183466,459358496,381229584,34904082,0.348228293183394,13.160595256451666,3779.300968379572,39.07621734649091,8.713245904455322,2.4795840239072033
