종목명,자산 총액,부채 총액,자본 총액,매출액,영업이익,순이익,현금 흐름,상장주식수,ROE,EPS,BPS,부채비율,영업이익률,순이익률
에코볼트,307889351985,71475341024,236414010961,60841521454,-7135462096,-15464394542,-9066253466,67730338,-6.54123437064442,-228.32300854603739,3490.51869431096,30.233123973261854,-11.72794816019658,-25.417501358331496
