종목명,자산 총액,부채 총액,자본 총액,매출액,영업이익,순이익,현금 흐름,상장주식수,ROE,EPS,BPS,부채비율,영업이익률,순이익률
에코볼트,310892173190,77276586406,233615586784,56307794752,-5100069411,-4455223364,-5276848448,67730338,-1.9070745344227744,-65.77884439318758,3449.2015495921487,33.0785233424727,-9.057483841202732,-7.912267535289605
