종목명,자산 총액,부채 총액,자본 총액,매출액,영업이익,순이익,현금 흐름,상장주식수,ROE,EPS,BPS,부채비율,영업이익률,순이익률
영흥,528217687021,333859994945,194357692076,123171791262,-2820487420,-4145102950,-6154454311,101310372,-2.132718754644984,-40.91489220866744,1918.4382431840247,171.77606472835157,-2.289880979323027,-3.3653021584974017
