종목명,자산 총액,부채 총액,자본 총액,매출액,영업이익,순이익,현금 흐름,상장주식수,ROE,EPS,BPS,부채비율,영업이익률,순이익률
영풍,5032315247881,1265537111884,3766778135997,829932399277,8303216822,64311494846,-51685913274,1842040,1.70733429270524,34913.19126946212,2044894.8643878526,33.59733613694863,1.0004690537727399,7.749004003461643
