종목명,자산 총액,부채 총액,자본 총액,매출액,영업이익,순이익,현금 흐름,상장주식수,ROE,EPS,BPS,부채비율,영업이익률,순이익률
영흥,518961056304,321035329574,197925726730,408602830681,6673541769,9975216972,-10738174506,101310372,5.0398789166037385,98.46195187201563,1953.6570917931285,162.19989936525013,1.6332588195430529,2.4412990373499746
