종목명,자산 총액,부채 총액,자본 총액,매출액,영업이익,순이익,현금 흐름,상장주식수,ROE,EPS,BPS,부채비율,영업이익률,순이익률
영흥,522519451205,332449413623,190070037582,132706491270,2357290432,-2169453086,13954280766,101310372,-1.141396673352082,-21.41392873377269,1876.1162734848117,174.90890087269787,1.7763188593419588,-1.6347754094305051
