종목명,자산 총액,부채 총액,자본 총액,매출액,영업이익,순이익,현금 흐름,상장주식수,ROE,EPS,BPS,부채비율,영업이익률,순이익률
영흥,515978025538,331542239780,184435785758,117958926178,4011117565,2126216681,-1991072196,101310372,1.152822198935856,20.987156981320727,1820.5025025275793,179.76025553686193,3.4004358084332034,1.8025059653319828
