종목명,자산 총액,부채 총액,자본 총액,매출액,영업이익,순이익,현금 흐름,상장주식수,ROE,EPS,BPS,부채비율,영업이익률,순이익률
영흥,512981330067,321568820631,191412509436,85940850221,1514387382,4414954347,-8062626001,101310372,2.3065129651184937,43.57850296907409,1889.3673535815267,167.99780828249297,1.7621275308607003,5.137201151311379
