종목명,자산 총액,부채 총액,자본 총액,매출액,영업이익,순이익,현금 흐름,상장주식수,ROE,EPS,BPS,부채비율,영업이익률,순이익률
영풍,5568116970055,1285348175271,4282768794784,3761732632263,-169812608768,-83369162564,313102618672,1842040,-1.9466183340444532,-45259.14885887386,2325014.0033788625,30.012084164721436,-4.514212608083296,-2.216243702409185
