종목명,자산 총액,부채 총액,자본 총액,매출액,영업이익,순이익,현금 흐름,상장주식수,ROE,EPS,BPS,부채비율,영업이익률,순이익률
영풍,5841107705389,1372089335320,4469018370069,1056655325738,49066453028,81154532292,266534520924,1842040,1.8159364220905405,44056.87840220625,2426124.4978768104,30.70225319523167,4.643562743009932,7.680322079985659
