종목명,자산 총액,부채 총액,자본 총액,매출액,영업이익,순이익,현금 흐름,상장주식수,ROE,EPS,BPS,부채비율,영업이익률,순이익률
영풍,5871933652466,1468547025489,4403386626977,4429488166601,68871997441,415564249162,326318565208,1842040,9.43737819014298,225600.01365985538,2390494.5750238867,33.35039936062082,1.554852273007638,9.381766776022031
