종목명,자산 총액,부채 총액,자본 총액,매출액,영업이익,순이익,현금 흐름,상장주식수,ROE,EPS,BPS,부채비율,영업이익률,순이익률
영흥,544102827133,314231665850,229871161283,500010556155,1252474881,-8496706680,24578559989,101310372,-3.696290840737302,-83.8680829244216,2268.9795402488503,136.69903788546216,0.2504896877840597,-1.6993054597363493
