종목명,자산 총액,부채 총액,자본 총액,매출액,영업이익,순이익,현금 흐름,상장주식수,ROE,EPS,BPS,부채비율,영업이익률,순이익률
우성,413636526935,256341625781,157294901154,166594741084,-843109557,-11625822640,-2720853368,3090000,-7.39109949191405,-3762.402148867314,50904.4987553398,162.96880820696663,-0.5060841365784106,-6.97850518230828
