종목명,자산 총액,부채 총액,자본 총액,매출액,영업이익,순이익,현금 흐름,상장주식수,ROE,EPS,BPS,부채비율,영업이익률,순이익률
우진아이엔에스,111315381278,17950113723,93365267555,23341887267,-1519918005,-242385875,1157244640,7622000,-0.2596103254962712,-31.80082327473104,12249.444706769877,19.22568658888689,-6.511547192453502,-1.0384159268161546
