종목명,자산 총액,부채 총액,자본 총액,매출액,영업이익,순이익,현금 흐름,상장주식수,ROE,EPS,BPS,부채비율,영업이익률,순이익률
우성,319809801827,144462340949,175347460878,104361915868,-246164604,-1531201369,-270519292,3090000,-0.8732384040994758,-495.5344236245955,56746.751093203886,82.38633181549821,-0.23587589586929028,-1.4672031998116135
