종목명,자산 총액,부채 총액,자본 총액,매출액,영업이익,순이익,현금 흐름,상장주식수,ROE,EPS,BPS,부채비율,영업이익률,순이익률
우성,391081613875,219111263444,171970350431,156315062800,-407441738,-1404615079,-14495418543,3090000,-0.8167774709301279,-454.5679867313916,55653.83509093851,127.41223291971741,-0.26065417542089875,-0.8985794803391142
