종목명,자산 총액,부채 총액,자본 총액,매출액,영업이익,순이익,현금 흐름,상장주식수,ROE,EPS,BPS,부채비율,영업이익률,순이익률
우진아이엔에스,111372087766,15494919577,95877168189,17348382392,-1537728091,-1218345528,-3280435073,7622000,-1.2707358289914334,-159.84591025977434,12579.003960771452,16.161219474541944,-8.863812522999867,-7.022819191268377
