종목명,자산 총액,부채 총액,자본 총액,매출액,영업이익,순이익,현금 흐름,상장주식수,ROE,EPS,BPS,부채비율,영업이익률,순이익률
우진아이엔에스,107778278275,13541168906,94237109369,24981416274,-3060456370,-1388787632,-6437751079,7622000,-1.4737162900041711,-182.2077711886644,12363.829620703227,14.369253255612346,-12.250932198689,-5.559283015692803
