종목명,자산 총액,부채 총액,자본 총액,매출액,영업이익,순이익,현금 흐름,상장주식수,ROE,EPS,BPS,부채비율,영업이익률,순이익률
우성,344617740768,172372494247,172245246521,480475197521,912419721,-5842439821,-34736218874,3090000,-3.391930946720027,-1890.7572236245956,55742.79822686084,100.07387589995669,0.18989944240776782,-1.2159711575423509
