종목명,자산 총액,부채 총액,자본 총액,매출액,영업이익,순이익,현금 흐름,상장주식수,ROE,EPS,BPS,부채비율,영업이익률,순이익률
우성,360932730916,182261484143,178671246773,129074286221,2772714622,2005804317,-31025147650,3090000,1.1226228916107324,649.1276106796116,57822.409958899676,102.0094097034882,2.1481541391230934,1.5539921821188127
