종목명,자산 총액,부채 총액,자본 총액,매출액,영업이익,순이익,현금 흐름,상장주식수,ROE,EPS,BPS,부채비율,영업이익률,순이익률
우진아이엔에스,114656381311,17562306021,97094075290,89474130717,-6727170261,-3212005328,-5430836315,7622000,-3.3081373074581553,-421.41240199422725,12738.661150616635,18.087927578016487,-7.5185645360193964,-3.589870392995863
