종목명,자산 총액,부채 총액,자본 총액,매출액,영업이익,순이익,현금 흐름,상장주식수,ROE,EPS,BPS,부채비율,영업이익률,순이익률
우성,436256414117,256999527731,179256886386,151767571608,2700767803,-2238002163,-11579408473,3090000,-1.2484888073872003,-724.2725446601942,58011.93734174757,143.3694029347325,1.7795420816087149,-1.4746247431437651
