종목명,자산 총액,부채 총액,자본 총액,매출액,영업이익,순이익,현금 흐름,상장주식수,ROE,EPS,BPS,부채비율,영업이익률,순이익률
우성,417003608025,242375605763,174628002262,159877865806,1760104456,-343042101,-9958335094,3090000,-0.196441633962761,-111.01686116504854,56513.91658964401,138.79538368614908,1.100905648900616,-0.21456509897139625
