종목명,자산 총액,부채 총액,자본 총액,매출액,영업이익,순이익,현금 흐름,상장주식수,ROE,EPS,BPS,부채비율,영업이익률,순이익률
우진아이엔에스,109542125871,15665259068,93876866803,21006045774,-1555915124,-1797558417,-4378627165,7622000,-1.9148044435400309,-235.83815494620833,12316.56609853057,16.68702802030392,-7.406987210919137,-8.557338379338903
