종목명,자산 총액,부채 총액,자본 총액,매출액,영업이익,순이익,현금 흐름,상장주식수,ROE,EPS,BPS,부채비율,영업이익률,순이익률
우진아이엔에스,113497686732,17871793910,95625892822,100168756319,-3316488890,1936083379,4754982334,7622000,2.0246434536343263,254.01251364471267,12546.0368436106,18.68928318741758,-3.3109015344447568,1.9328216203806097
