종목명,자산 총액,부채 총액,자본 총액,매출액,영업이익,순이익,현금 흐름,상장주식수,ROE,EPS,BPS,부채비율,영업이익률,순이익률
원익홀딩스,1591092870317,439850115134,1151242755183,232689291866,27097205817,35488187681,-8690290513,77237981,3.082598133298033,459.4655015775205,14905.137864530663,38.206547937327265,11.645231114719543,15.251319644496904
