종목명,자산 총액,부채 총액,자본 총액,매출액,영업이익,순이익,현금 흐름,상장주식수,ROE,EPS,BPS,부채비율,영업이익률,순이익률
원익홀딩스,1836741107458,520044917754,1316696189704,186065377423,17950708531,5714510791,114421313702,77237981,0.4340037463224262,73.98576085255257,17047.26318136151,39.496196755221774,9.647527540919642,3.071238115411801
