종목명,자산 총액,부채 총액,자본 총액,매출액,영업이익,순이익,현금 흐름,상장주식수,ROE,EPS,BPS,부채비율,영업이익률,순이익률
원익홀딩스,1859199902582,597805740832,1261394161750,116810741017,-2905059027,-23974956040,12329951789,77237981,-1.9006712387774378,-310.4037123911874,16331.26792568542,47.392461370094814,-2.4869793665440523,-20.52461599957731
