종목명,자산 총액,부채 총액,자본 총액,매출액,영업이익,순이익,현금 흐름,상장주식수,ROE,EPS,BPS,부채비율,영업이익률,순이익률
원익홀딩스,1815525982803,494371508160,1321154474643,881011689232,104998891405,128758921016,-3673855336,77237981,9.745939894787323,1667.0415169966702,17104.984588385345,37.419659672544206,11.917990724564639,14.614893603539175
