종목명,자산 총액,부채 총액,자본 총액,매출액,영업이익,순이익,현금 흐름,상장주식수,ROE,EPS,BPS,부채비율,영업이익률,순이익률
원일특강,244234253969,122738745013,121495508956,77478084946,5467305000,3344946769,2201976457,4400000,2.753144373600989,760.2151747727273,27612.61567181818,101.02327737682077,7.056582521122657,4.317281165804927
