종목명,자산 총액,부채 총액,자본 총액,매출액,영업이익,순이익,현금 흐름,상장주식수,ROE,EPS,BPS,부채비율,영업이익률,순이익률
원익홀딩스,1979085721850,637485806008,1341599915842,177735522572,9113405345,18719538793,-42449974798,77237981,1.3953145473515816,242.3618348206176,17369.69167852795,47.516834078504566,5.127509241326924,10.532243933070152
