종목명,자산 총액,부채 총액,자본 총액,매출액,영업이익,순이익,현금 흐름,상장주식수,ROE,EPS,BPS,부채비율,영업이익률,순이익률
원일특강,285844723109,132271789330,153572933779,100092137789,4317670235,3407774630,1305781979,4400000,2.218994288996248,774.4942340909091,34902.93949522727,86.12962328397428,4.313695691165972,3.4046376721254425
