종목명,자산 총액,부채 총액,자본 총액,매출액,영업이익,순이익,현금 흐름,상장주식수,ROE,EPS,BPS,부채비율,영업이익률,순이익률
원일특강,281122484959,125101808413,156020676546,91404413200,3516075774,2174143688,-5104235870,4400000,1.3934971544358041,494.1235654545454,35459.24466954546,80.18283934060233,3.846724300178539,2.378598157227708
