종목명,자산 총액,부채 총액,자본 총액,매출액,영업이익,순이익,현금 흐름,상장주식수,ROE,EPS,BPS,부채비율,영업이익률,순이익률
원일특강,267001491820,121256188304,145745303516,97532599399,3516134720,1790618495,-7157362928,4400000,1.2285943023909685,406.95874886363634,33123.93261727273,83.19732120266121,3.6050866496602882,1.8359179454191386
