종목명,자산 총액,부채 총액,자본 총액,매출액,영업이익,순이익,현금 흐름,상장주식수,ROE,EPS,BPS,부채비율,영업이익률,순이익률
원일특강,261393494642,106681278669,154712215973,379986386064,13440573213,7997353459,13214967654,4400000,5.169180344747747,1817.580331590909,35161.86726659091,68.95465752207812,3.5371196721601086,2.1046421009549086
