종목명,자산 총액,부채 총액,자본 총액,매출액,영업이익,순이익,현금 흐름,상장주식수,ROE,EPS,BPS,부채비율,영업이익률,순이익률
원일특강,250068861397,112080191179,137988670218,327893606447,16927230518,18771319869,5764397699,4400000,13.603522549600862,4266.209061136364,31361.06141318182,81.224198335944,5.162415547354102,5.724820338036738
