종목명,자산 총액,부채 총액,자본 총액,매출액,영업이익,순이익,현금 흐름,상장주식수,ROE,EPS,BPS,부채비율,영업이익률,순이익률
원익홀딩스,1944701749896,620457782510,1324243967386,844363923723,91683503842,142889402929,81011416965,77237981,10.790262704466569,1849.9888407103754,17144.98424532873,46.853736757793705,10.858292409953492,16.92272714577464
