종목명,자산 총액,부채 총액,자본 총액,매출액,영업이익,순이익,현금 흐름,상장주식수,ROE,EPS,BPS,부채비율,영업이익률,순이익률
원익홀딩스,1825048417312,507448061336,1317600355976,749527050135,45774773657,-23801700755,132219033011,77237981,-1.8064431029520416,-308.16057653034716,17058.96942044614,38.51304828770425,6.107154324684525,-3.1755626098768537
