종목명,자산 총액,부채 총액,자본 총액,매출액,영업이익,순이익,현금 흐름,상장주식수,ROE,EPS,BPS,부채비율,영업이익률,순이익률
원익홀딩스,2225391348112,793754549521,1431636798591,299992906496,37888182473,50022020784,-56677464362,77237981,3.494044078304712,647.6350124170128,18535.399036272065,55.44384932702232,12.629692786921009,16.674401194438566
