종목명,자산 총액,부채 총액,자본 총액,매출액,영업이익,순이익,현금 흐름,상장주식수,ROE,EPS,BPS,부채비율,영업이익률,순이익률
원익홀딩스,1822855922691,513067157088,1309788765603,163199912514,5169391591,-9201068040,65957053495,77237981,-0.7024848801298137,-119.12621123537654,16957.832774046747,39.171748190388115,3.1675210552312936,-5.637912360529416
