종목명,자산 총액,부채 총액,자본 총액,매출액,영업이익,순이익,현금 흐름,상장주식수,ROE,EPS,BPS,부채비율,영업이익률,순이익률
유성티엔에스,539946236541,196141847258,343804389283,80801046515,2098884044,16860822028,-8369016942,37051812,4.904190450611479,455.0606601372154,9279.016888107928,57.050419765451956,2.597595123486873,20.86708372628557
