종목명,자산 총액,부채 총액,자본 총액,매출액,영업이익,순이익,현금 흐름,상장주식수,ROE,EPS,BPS,부채비율,영업이익률,순이익률
유성기업,427046002236,99811962683,327234039553,296756353988,6726401302,22144843478,25340321291,25947500,6.76727992853364,853.4480577319588,12611.389904730706,30.501705390839724,2.2666410378771524,7.462298003194727
