종목명,자산 총액,부채 총액,자본 총액,매출액,영업이익,순이익,현금 흐름,상장주식수,ROE,EPS,BPS,부채비율,영업이익률,순이익률
유성티엔에스,528392924951,202388455715,326004469236,280539019947,1759204848,43637899533,2833339986,37051812,13.38567524404391,1177.7534532724067,8798.610692400145,62.08149728416381,0.6270802715188613,15.555019598073795
