종목명,자산 총액,부채 총액,자본 총액,매출액,영업이익,순이익,현금 흐름,상장주식수,ROE,EPS,BPS,부채비율,영업이익률,순이익률
유진기업,2179871457812,1117599734516,1062271723296,404113167510,33828954571,28039569091,29716887177,77310863,2.639585378776653,362.6860185353254,13740.264719280136,105.20846126340717,8.371158697807807,6.938543790535147
