종목명,자산 총액,부채 총액,자본 총액,매출액,영업이익,순이익,현금 흐름,상장주식수,ROE,EPS,BPS,부채비율,영업이익률,순이익률
유진기업,4881984541459,4041535980994,840448560465,350957429340,37457559824,12094231117,69550753906,77310863,1.4390209806901868,156.43637449759163,10871.028052875312,480.8784464760003,10.672963924553915,3.446067843539898
