종목명,자산 총액,부채 총액,자본 총액,매출액,영업이익,순이익,현금 흐름,상장주식수,ROE,EPS,BPS,부채비율,영업이익률,순이익률
유성기업,443563099318,103651392517,339911706801,78713175927,2067570146,5521794403,945020433,25947500,1.6244790316188533,212.80641306484247,13099.9790654591,30.493622444631573,2.626714170341064,7.015082720230994
