종목명,자산 총액,부채 총액,자본 총액,매출액,영업이익,순이익,현금 흐름,상장주식수,ROE,EPS,BPS,부채비율,영업이익률,순이익률
유진기업,2227454946607,1141684324359,1085770622248,338525828734,27824860055,25921886556,61651462035,77310863,2.3874183022497735,335.29423356715085,14044.218110047485,105.14967903582021,8.219420113099748,7.657284719733565
