종목명,자산 총액,부채 총액,자본 총액,매출액,영업이익,순이익,현금 흐름,상장주식수,ROE,EPS,BPS,부채비율,영업이익률,순이익률
유진기업,2116923517101,1086845740062,1030077777039,347827826476,16322904896,31281470325,-13518141933,77310863,3.036806639486956,404.61933952283005,13323.842692572194,105.51103657300342,4.6928116882926485,8.9933777414897
