종목명,자산 총액,부채 총액,자본 총액,매출액,영업이익,순이익,현금 흐름,상장주식수,ROE,EPS,BPS,부채비율,영업이익률,순이익률
유성기업,414385149374,99432283985,314952865389,73482655891,1084967851,3503242477,14437269649,25947500,1.1123069074710992,135.01271710184025,12138.081333037864,31.57052845421509,1.4764951509229332,4.767441288726023
