종목명,자산 총액,부채 총액,자본 총액,매출액,영업이익,순이익,현금 흐름,상장주식수,ROE,EPS,BPS,부채비율,영업이익률,순이익률
유진기업,2030421858750,1092825611169,937596247581,1407717459055,54719955238,31131586255,19437733793,77310863,3.3203616519711496,402.68062012190967,12127.61326414116,116.55609906593504,3.8871404830578347,2.211493936851406
