종목명,자산 총액,부채 총액,자본 총액,매출액,영업이익,순이익,현금 흐름,상장주식수,ROE,EPS,BPS,부채비율,영업이익률,순이익률
유진기업,5255342579331,4388332769055,867009810276,340331305842,15624301438,20791948419,113039213873,77310863,2.39812147135696,268.9395462963594,11214.592317718663,506.14568797762945,4.590909261005109,6.1093258428164505
