종목명,자산 총액,부채 총액,자본 총액,매출액,영업이익,순이익,현금 흐름,상장주식수,ROE,EPS,BPS,부채비율,영업이익률,순이익률
유성기업,428278028911,98330524984,329947503927,75950819840,2985431100,5721790890,-2293546319,25947500,1.7341518944377077,220.5141493400135,12715.965080527989,29.80186963492088,3.9307424281781125,7.533547237612018
