종목명,자산 총액,부채 총액,자본 총액,매출액,영업이익,순이익,현금 흐름,상장주식수,ROE,EPS,BPS,부채비율,영업이익률,순이익률
유진기업,2286216042745,1218270550111,1067945492634,1473426055245,84442700646,69312226665,82548127452,77310863,6.4902401052367455,896.539295713204,13813.65375049558,114.07609831342941,5.731044346976676,4.70415372514061
