종목명,자산 총액,부채 총액,자본 총액,매출액,영업이익,순이익,현금 흐름,상장주식수,ROE,EPS,BPS,부채비율,영업이익률,순이익률
유성티엔에스,668399813608,172064452350,496335361258,52087655118,664223191,31686134307,-4837262978,37051812,6.384017094145593,855.1844726784212,13395.71088339755,34.66697434450156,1.2752027126106191,60.83233010819522
