종목명,자산 총액,부채 총액,자본 총액,매출액,영업이익,순이익,현금 흐름,상장주식수,ROE,EPS,BPS,부채비율,영업이익률,순이익률
유성기업,404320346042,105561370720,298758975322,72767181041,4286379835,6043719845,-2495335998,25947500,2.0229416835046137,232.9210846902399,11513.97920115618,35.33328851668032,5.890539902301394,8.305557201116148
