종목명,자산 총액,부채 총액,자본 총액,매출액,영업이익,순이익,현금 흐름,상장주식수,ROE,EPS,BPS,부채비율,영업이익률,순이익률
유성기업,405877132444,101171459693,304705672751,68296989958,4277414359,5068969746,12421729023,25947500,1.6635626439886702,195.35484135273148,11743.161104191155,33.203011542117075,6.262961752238925,7.421951903176435
