종목명,자산 총액,부채 총액,자본 총액,매출액,영업이익,순이익,현금 흐름,상장주식수,ROE,EPS,BPS,부채비율,영업이익률,순이익률
유성티엔에스,502808127988,195717619928,307090508060,72427332878,266195235,10623518399,3967987633,37051812,3.4594095617323197,286.7206170375689,8288.13738070354,63.73287835056115,0.3675342228166703,14.667830467946064
