종목명,자산 총액,부채 총액,자본 총액,매출액,영업이익,순이익,현금 흐름,상장주식수,ROE,EPS,BPS,부채비율,영업이익률,순이익률
유진기업,2038027391662,1137982952083,900044439579,356880783695,19579665859,-5496600315,27352589233,77310863,-0.6107032134514447,-71.09738659882764,11641.888405501308,126.43630714671121,5.486332342212438,-1.5401782797298338
