종목명,자산 총액,부채 총액,자본 총액,매출액,영업이익,순이익,현금 흐름,상장주식수,ROE,EPS,BPS,부채비율,영업이익률,순이익률
이마트,33201721508714,19718359591026,13483361917688,29332413845888,135651681895,1007725545174,,27875819,7.473844812042213,36150.52691990861,483693.8393698137,146.24215912471124,0.4624634120045885,3.4355356857726496
