종목명,자산 총액,부채 총액,자본 총액,매출액,영업이익,순이익,현금 흐름,상장주식수,ROE,EPS,BPS,부채비율,영업이익률,순이익률
이마트,32267821086155,19225045378444,13042775707711,7147316468330,-12321902268,-63106883194,,27875819,-0.48384549890473605,-2263.857545997124,467888.52043095126,147.39995388464735,-0.17239900209538453,-0.8829451371522267
