종목명,자산 총액,부채 총액,자본 총액,매출액,영업이익,순이익,현금 흐름,상장주식수,ROE,EPS,BPS,부채비율,영업이익률,순이익률
이마트,24010767458851,13210291305043,10800476153808,5864687724925,7583960083,483028008403,,27875819,4.47228438380187,17327.849933413614,387449.6442170183,122.31211954840857,0.12931566758052726,8.23621019666784
