종목명,자산 총액,부채 총액,자본 총액,매출액,영업이익,순이익,현금 흐름,상장주식수,ROE,EPS,BPS,부채비율,영업이익률,순이익률
이마트,33079363726053,19498232328215,13581131397838,7271088783543,-53004137899,-103181513994,,27875819,-0.7597416663712245,-3701.4702238524364,487201.16161745775,143.5685419501865,-0.7289711276661451,-1.4190655219000436
