종목명,자산 총액,부채 총액,자본 총액,매출액,영업이익,순이익,현금 흐름,상장주식수,ROE,EPS,BPS,부채비율,영업이익률,순이익률
이마트,31242082400946,18841829087123,12400253313823,24932680935679,316790902379,1589074047501,,27875819,12.814851497667416,57005.46583047479,444839.0669283295,151.94713051643348,1.2705849932313855,6.373458400243728
