종목명,자산 총액,부채 총액,자본 총액,매출액,영업이익,순이익,현금 흐름,상장주식수,ROE,EPS,BPS,부채비율,영업이익률,순이익률
이마트,34106011559322,20488305990245,13617705569077,7709646661648,77916079476,20118575784,,27875819,0.14773836665763382,721.7214240055154,488513.2009601942,150.45343642008032,1.0106310041885214,0.2609532792738843
