종목명,자산 총액,부채 총액,자본 총액,매출액,영업이익,순이익,현금 흐름,상장주식수,ROE,EPS,BPS,부채비율,영업이익률,순이익률
이마트,33443865586475,19609634816186,13834230770289,29472247894459,-46935431343,-187466317757,1135132806779,27875819,-1.3550902892238208,-6725.051477662414,496280.69296507485,141.74720041753613,-0.1592529742253702,-0.6360774326692775
