종목명,자산 총액,부채 총액,자본 총액,매출액,영업이익,순이익,현금 흐름,상장주식수,ROE,EPS,BPS,부채비율,영업이익률,순이익률
인터지스,445587815852,186859311651,258728504201,153631032573,9675639147,7716711771,18821775638,29747874,2.982551843226779,259.4038071762708,8697.377977364029,72.22215898787613,6.297971825713325,5.02288609388425
