종목명,자산 총액,부채 총액,자본 총액,매출액,영업이익,순이익,현금 흐름,상장주식수,ROE,EPS,BPS,부채비율,영업이익률,순이익률
인터지스,433167237634,178721965121,254445272513,719983672710,35409145996,31320676916,22731981055,29747874,12.309396282613102,1052.8711031921139,8553.393513533101,70.23984503853134,4.918048469449436,4.350192664523874
