종목명,자산 총액,부채 총액,자본 총액,매출액,영업이익,순이익,현금 흐름,상장주식수,ROE,EPS,BPS,부채비율,영업이익률,순이익률
인터지스,428501449457,164660988671,263840460786,611639433548,23029106091,13971343963,32849592247,29747874,5.2953758196822225,469.65856998721995,8869.220731068042,62.409301507609136,3.7651441074380516,2.2842451282048613
