종목명,자산 총액,부채 총액,자본 총액,매출액,영업이익,순이익,현금 흐름,상장주식수,ROE,EPS,BPS,부채비율,영업이익률,순이익률
인터지스,381783367438,180295973615,201487393823,140957486103,3591515056,5318268036,-1622477443,29747874,2.6395041074738015,178.77808800723037,6773.169532148751,89.48250815799625,2.547942046423572,3.7729589133803456
