종목명,자산 총액,부채 총액,자본 총액,매출액,영업이익,순이익,현금 흐름,상장주식수,ROE,EPS,BPS,부채비율,영업이익률,순이익률
일신방직,1059230389580,178495604004,880734785576,539409047753,-1021003237,9719711248,-6197598278,23280000,1.1035911612873694,417.5133697594502,37832.2502395189,20.266669027641957,-0.18928181521113938,1.8019184677174231
