종목명,자산 총액,부채 총액,자본 총액,매출액,영업이익,순이익,현금 흐름,상장주식수,ROE,EPS,BPS,부채비율,영업이익률,순이익률
일신방직,1022106868705,262226621806,759880246899,138713438410,16307351101,20999807068,-12638791433,23280000,2.7635679639914636,902.0535682130584,32640.904076417526,34.50894043846017,11.75614366417752,15.138985312965971
