종목명,자산 총액,부채 총액,자본 총액,매출액,영업이익,순이익,현금 흐름,상장주식수,ROE,EPS,BPS,부채비율,영업이익률,순이익률
일신방직,1082280053403,266602218552,815677834851,152146034851,13634118438,8018681431,33239930422,23280000,0.9830696738823084,344.4450786512027,35037.70768260309,32.68474478048067,8.96120523374283,5.270384758204756
