종목명,자산 총액,부채 총액,자본 총액,매출액,영업이익,순이익,현금 흐름,상장주식수,ROE,EPS,BPS,부채비율,영업이익률,순이익률
일신방직,1059874415827,182018137456,877856278371,129738099144,-828281166,1611468786,-14169955033,23280000,0.18356863483283767,69.22116778350515,37708.60302280928,20.734389209331987,-0.6384255445893864,1.2420937231486529
