종목명,자산 총액,부채 총액,자본 총액,매출액,영업이익,순이익,현금 흐름,상장주식수,ROE,EPS,BPS,부채비율,영업이익률,순이익률
일신방직,1120384063494,217324687018,903059376476,136845030602,1618036585,8308355468,-15235946336,23280000,0.9200231661866595,356.8881214776632,38791.21032972509,24.065381820857013,1.1823860741468184,6.071360743938167
