종목명,자산 총액,부채 총액,자본 총액,매출액,영업이익,순이익,현금 흐름,상장주식수,ROE,EPS,BPS,부채비율,영업이익률,순이익률
일신방직,1115407115850,298799040820,816608075030,131730032650,-2184572023,-6112456392,-2341579898,23280000,-0.7485177503021195,-262.56255979381444,35077.666453178696,36.590262814756386,-1.6583705166188616,-4.640138827142392
