종목명,자산 총액,부채 총액,자본 총액,매출액,영업이익,순이익,현금 흐름,상장주식수,ROE,EPS,BPS,부채비율,영업이익률,순이익률
일신방직,1078572465683,201507371845,877065093838,134986635234,-7508672674,-6025440628,-28990974031,23280000,-0.6870003914570268,-258.8247692439863,37674.61743290378,22.97519001277456,-5.562530439390299,-4.463731255731257
