종목명,자산 총액,부채 총액,자본 총액,매출액,영업이익,순이익,현금 흐름,상장주식수,ROE,EPS,BPS,부채비율,영업이익률,순이익률
일신방직,1176745986062,272298156963,904447829099,593058768403,-16000918451,114629330181,-13467116901,23280000,12.673957136388106,4923.940299871134,38850.851765420965,30.106563165092687,-2.6980325228286532,19.32849428896837
