종목명,자산 총액,부채 총액,자본 총액,매출액,영업이익,순이익,현금 흐름,상장주식수,ROE,EPS,BPS,부채비율,영업이익률,순이익률
장원테크,78963745215,13178804601,65784940614,57033148674,-2784902856,-2085173982,4405938485,4381265,-3.169682852242697,-475.9296646059985,15015.056294015541,20.03316333190602,-4.882954774105902,-3.6560737579452267
