종목명,자산 총액,부채 총액,자본 총액,매출액,영업이익,순이익,현금 흐름,상장주식수,ROE,EPS,BPS,부채비율,영업이익률,순이익률
장원테크,80210796084,13006694967,67204101117,11064175192,-2173349627,-2082486124,1028150654,4381265,-3.0987485724635526,-475.3161755794274,15338.971990281345,19.354019696440545,-19.643123769148648,-18.82188313057218
