종목명,자산 총액,부채 총액,자본 총액,매출액,영업이익,순이익,현금 흐름,상장주식수,ROE,EPS,BPS,부채비율,영업이익률,순이익률
장원테크,149942043748,58612889617,91329154131,74683280128,-9531724833,-20733729773,85607310,4381265,-22.702202785388895,-4732.361492171782,20845.38463913961,64.17763328118346,-12.762863142410904,-27.7622109493107
