종목명,자산 총액,부채 총액,자본 총액,매출액,영업이익,순이익,현금 흐름,상장주식수,ROE,EPS,BPS,부채비율,영업이익률,순이익률
장원테크,163394293586,63276739123,100117554463,24356327949,-28431055,-10433851332,-4146301672,4381265,-10.421600275759824,-2381.470039360778,22851.289402261675,63.20244183190162,-0.1167296443845399,-42.83835951727848
