종목명,자산 총액,부채 총액,자본 총액,매출액,영업이익,순이익,현금 흐름,상장주식수,ROE,EPS,BPS,부채비율,영업이익률,순이익률
장원테크,80818283279,13040384193,67777899086,19058475710,1156774459,1476064771,277191685,4381265,2.1777965839972335,336.9037871482323,15469.938268057285,19.23987666902113,6.069606387215108,7.744925635503512
