종목명,자산 총액,부채 총액,자본 총액,매출액,영업이익,순이익,현금 흐름,상장주식수,ROE,EPS,BPS,부채비율,영업이익률,순이익률
장원테크,118875785022,29242592753,89633192269,14138894846,-1882639185,-4066879951,-1722130981,4381265,-4.537247695914705,-928.2433158003454,20458.2905323006,32.624736453923745,-13.31532064921335,-28.763775353704897
