종목명,자산 총액,부채 총액,자본 총액,매출액,영업이익,순이익,현금 흐름,상장주식수,ROE,EPS,BPS,부채비율,영업이익률,순이익률
전방,304781348634,94123353220,210657995414,124914049101,-35045943284,67453344175,-70177711965,1680000,32.02031047643642,40150.800104166665,125391.66393690476,44.6806460087224,-28.056046166323046,53.99980599496874
