종목명,자산 총액,부채 총액,자본 총액,매출액,영업이익,순이익,현금 흐름,상장주식수,ROE,EPS,BPS,부채비율,영업이익률,순이익률
전방,396493000328,250162299417,146330700911,33673981333,4387542875,2305402599,-11142677687,1680000,1.5754743089778354,1372.2634517857143,87101.60768511904,170.9568107441456,13.029474690301242,6.846243027226305
