종목명,자산 총액,부채 총액,자본 총액,매출액,영업이익,순이익,현금 흐름,상장주식수,ROE,EPS,BPS,부채비율,영업이익률,순이익률
전방,235342219409,45202428175,190139791234,15691387966,-990475612,320313912,6661182397,1680000,0.16846232444096784,190.66304285714287,113178.44716309523,23.773260652932226,-6.312224349727101,2.041335748590591
