종목명,자산 총액,부채 총액,자본 총액,매출액,영업이익,순이익,현금 흐름,상장주식수,ROE,EPS,BPS,부채비율,영업이익률,순이익률
전방,380127724774,239354439311,140773285463,35101545969,622505336,-1793280777,-2795827978,1680000,-1.2738786134755198,-1067.4290339285715,83793.62229940476,170.02831078621836,1.7734413650890672,-5.108837025536538
