종목명,자산 총액,부채 총액,자본 총액,매출액,영업이익,순이익,현금 흐름,상장주식수,ROE,EPS,BPS,부채비율,영업이익률,순이익률
전방,246508340266,62812662691,183695677575,30761625753,-8260029354,-10525491237,-26638001296,1680000,-5.729852425462004,-6265.173355357143,109342.66522321428,34.1938708194996,-26.851732155913275,-34.2163035254192
