종목명,자산 총액,부채 총액,자본 총액,매출액,영업이익,순이익,현금 흐름,상장주식수,ROE,EPS,BPS,부채비율,영업이익률,순이익률
지역난방공사,7018980821070,5489413301985,1529567519085,648424352356,-46522377139,-52174531986,-167176177995,11578744,-3.4110643260266955,-4506.06145070657,132101.3331916657,358.88662863793115,-7.174680742628577,-8.046356031575288
