종목명,자산 총액,부채 총액,자본 총액,매출액,영업이익,순이익,현금 흐름,상장주식수,ROE,EPS,BPS,부채비율,영업이익률,순이익률
지역난방공사,7968409129278,5875165562413,2093243566865,3953697605651,314719522031,199385845707,-141804994822,11578744,9.525210007243224,17219.98912032255,180783.30144141713,280.67281110588067,7.960131335820245,5.043022142665104
