종목명,자산 총액,부채 총액,자본 총액,매출액,영업이익,순이익,현금 흐름,상장주식수,ROE,EPS,BPS,부채비율,영업이익률,순이익률
지역난방공사,6008225985512,4153243045458,1854982940054,374078333037,-31266242839,-31674671048,335003206596,11578744,-1.7075451403923925,-2735.58781919697,160205.88589349587,223.89656291594227,-8.358207380032209,-8.467389915594783
