종목명,자산 총액,부채 총액,자본 총액,매출액,영업이익,순이익,현금 흐름,상장주식수,ROE,EPS,BPS,부채비율,영업이익률,순이익률
지역난방공사,6636538085469,4938245689909,1698292395560,1381522723574,-109575030581,-119149827132,1077160442,11578744,-7.015860604658197,-10290.393079940277,146673.2830054797,290.7771184054939,-7.931467844229832,-8.624528941786737
