종목명,자산 총액,부채 총액,자본 총액,매출액,영업이익,순이익,현금 흐름,상장주식수,ROE,EPS,BPS,부채비율,영업이익률,순이익률
지역난방공사,6517362464357,4694183620876,1823178843481,2536798009719,39686157248,21459011218,417634376077,11578744,1.1770107630817093,1853.3107924313724,157459.12021899785,257.4724710996198,1.5644192835201736,0.8459093367223591
