종목명,자산 총액,부채 총액,자본 총액,매출액,영업이익,순이익,현금 흐름,상장주식수,ROE,EPS,BPS,부채비율,영업이익률,순이익률
지역난방공사,7261706934264,5682635555134,1579071379130,1659465915746,-87721411330,-82310331919,-118677800445,11578744,-5.212578291701382,-7108.744430224901,136376.7416509079,359.8719874376348,-5.2861231133250195,-4.960049564018797
