종목명,자산 총액,부채 총액,자본 총액,매출액,영업이익,순이익,현금 흐름,상장주식수,ROE,EPS,BPS,부채비율,영업이익률,순이익률
지역난방공사,8116940029972,5882775402869,2234164627103,1374588219780,208551635773,142450542446,292580315552,11578744,6.376009212477461,12302.762928863442,192953.97040499383,263.3098443822865,15.171935331031591,10.36314296864838
