종목명,자산 총액,부채 총액,자본 총액,매출액,영업이익,순이익,현금 흐름,상장주식수,ROE,EPS,BPS,부채비율,영업이익률,순이익률
진도,136444645101,35781861962,100662783139,58961462990,3775884191,3568236830,10690116847,12447744,3.544742871923984,286.65731155782123,8086.829480024653,35.54626729581944,6.4039866033181685,6.05181189382153
