종목명,자산 총액,부채 총액,자본 총액,매출액,영업이익,순이익,현금 흐름,상장주식수,ROE,EPS,BPS,부채비율,영업이익률,순이익률
진도,129200779871,25027285482,104173494389,63417016273,6093797742,4571584441,8582284728,12447744,4.388433418513345,367.26208708983734,8368.865425654642,24.024619341791713,9.609089326699298,7.208766210822767
