종목명,자산 총액,부채 총액,자본 총액,매출액,영업이익,순이익,현금 흐름,상장주식수,ROE,EPS,BPS,부채비율,영업이익률,순이익률
코오롱,5908184734276,4579865684256,1328319050020,1396997566355,24343649010,-6190949911,31027394628,12626426,-0.4660740136872075,-490.3168886429145,105201.50753823767,344.78656947568754,1.7425691780921744,-0.443161109231795
