종목명,자산 총액,부채 총액,자본 총액,매출액,영업이익,순이익,현금 흐름,상장주식수,ROE,EPS,BPS,부채비율,영업이익률,순이익률
코오롱,4477491140077,3322537563034,1154953577043,5659922374692,310967816142,166893294228,239093466327,12626426,14.450216661979862,13217.777875386115,91471.1397384343,287.6771524913247,5.494206378738934,2.948685214734627
