종목명,자산 총액,부채 총액,자본 총액,매출액,영업이익,순이익,현금 흐름,상장주식수,ROE,EPS,BPS,부채비율,영업이익률,순이익률
코오롱,5231418956586,3920885075473,1310533881113,5894231282101,102926776246,15387285329,-106501414783,12626426,1.1741234279217572,1218.6572296071747,103792.94038653535,299.18227464238475,1.746229004595689,0.26105669412271854
