종목명,자산 총액,부채 총액,자본 총액,매출액,영업이익,순이익,현금 흐름,상장주식수,ROE,EPS,BPS,부채비율,영업이익률,순이익률
코오롱,4737245101423,3551985743308,1185259358115,1329442075459,44948467682,36575091346,-141837368557,12626426,3.08583021054294,2896.7097534963577,93871.3265428396,299.68004209280986,3.3810023401343905,2.751160958507513
