종목명,자산 총액,부채 총액,자본 총액,매출액,영업이익,순이익,현금 흐름,상장주식수,ROE,EPS,BPS,부채비율,영업이익률,순이익률
코오롱,3921535093704,2854662776554,1066872317150,1342677186915,91769340550,65793874765,98461787343,12626426,6.1669867806448595,5210.807457708143,84495.19421806297,267.5730479332177,6.834802992434367,4.900200540099381
