종목명,자산 총액,부채 총액,자본 총액,매출액,영업이익,순이익,현금 흐름,상장주식수,ROE,EPS,BPS,부채비율,영업이익률,순이익률
태광산업,4290775149237,817879215453,3472895933784,564484223432,84351436942,83196520228,35040317581,1113400,2.395594967838575,74722.93895096102,3119180.8279001256,23.550351955460258,14.943099105436966,14.738502295453824
