종목명,자산 총액,부채 총액,자본 총액,매출액,영업이익,순이익,현금 흐름,상장주식수,ROE,EPS,BPS,부채비율,영업이익률,순이익률
태광산업,4910005420529,702185269043,4207820151486,2703851289364,-122074282364,,-146338268320,1113400,,,3779252.875414047,16.687625510682103,-4.514829748374006,
