종목명,자산 총액,부채 총액,자본 총액,매출액,영업이익,순이익,현금 흐름,상장주식수,ROE,EPS,BPS,부채비율,영업이익률,순이익률
태광산업,4960642315971,722140770899,4238501545072,588162090619,-26693139147,34427125106,-5991309082,1113400,0.8122475535257869,30920.715920603558,3806809.3632764504,17.037643214702022,-4.538398440284942,5.853339692425234
