종목명,자산 총액,부채 총액,자본 총액,매출액,영업이익,순이익,현금 흐름,상장주식수,ROE,EPS,BPS,부채비율,영업이익률,순이익률
태광산업,4867913591761,926500938441,3941412653320,733521447649,22561923998,40529906564,-22982084171,1113400,1.0283091401216296,36401.92793605173,3539979.0311837615,23.506824073865328,3.075836987495448,5.525388070642225
