종목명,자산 총액,부채 총액,자본 총액,매출액,영업이익,순이익,현금 흐름,상장주식수,ROE,EPS,BPS,부채비율,영업이익률,순이익률
태광산업,4817007018564,905497638290,3911509380274,707203559423,-7874370720,13127237722,-22356313857,1113400,0.3356054260844043,11790.226084066822,3513121.4121375964,23.149570926673075,-1.1134517940527076,1.8562177108823346
