종목명,자산 총액,부채 총액,자본 총액,매출액,영업이익,순이익,현금 흐름,상장주식수,ROE,EPS,BPS,부채비율,영업이익률,순이익률
태광산업,4923803144614,951548817286,3972254327328,2591846249993,355272574329,318368133745,292360001061,1113400,8.014797329433723,285942.2792751931,3567679.4748769533,23.95488150745057,13.707316717955761,12.283449828316778
