종목명,자산 총액,부채 총액,자본 총액,매출액,영업이익,순이익,현금 흐름,상장주식수,ROE,EPS,BPS,부채비율,영업이익률,순이익률
태광산업,4913935255170,714920733727,4199014521443,587530312468,-26450869742,7511941930,86100012549,1113400,0.17889773640074258,6746.849227591162,3771344.1004517693,17.02591715451644,-4.5020434147286075,1.2785624453051756
