종목명,자산 총액,부채 총액,자본 총액,매출액,영업이익,순이익,현금 흐름,상장주식수,ROE,EPS,BPS,부채비율,영업이익률,순이익률
티와이홀딩스,2102115332248,578132336703,1523982995545,77998769545,11713976131,76893562882,30770913961,50429268,5.045565672765375,1524.7804683978359,30220.20854129788,37.93561597426163,15.018155029024951,98.58304602822949
