종목명,자산 총액,부채 총액,자본 총액,매출액,영업이익,순이익,현금 흐름,상장주식수,ROE,EPS,BPS,부채비율,영업이익률,순이익률
티와이홀딩스,2282963063406,736598801569,1546364261837,353623807392,22355020055,94898708708,81020666121,50429268,6.136892260770777,1881.818088416433,30664.02355546783,47.63423597839484,6.321695425392826,26.83606327523153
