종목명,자산 총액,부채 총액,자본 총액,매출액,영업이익,순이익,현금 흐름,상장주식수,ROE,EPS,BPS,부채비율,영업이익률,순이익률
티와이홀딩스,2029558808320,585540045204,1444018763116,83288086554,3080000886,47682749455,21361962619,50429268,3.3020865568330273,945.5372117437834,28634.537449879303,40.549337734399145,3.6980089391333,57.25038409194908
