종목명,자산 총액,부채 총액,자본 총액,매출액,영업이익,순이익,현금 흐름,상장주식수,ROE,EPS,BPS,부채비율,영업이익률,순이익률
티와이홀딩스,1975831697656,582113251001,1393718446655,44787421658,-4921268130,30913999592,14375377620,50429268,2.218095029609121,613.0170200368564,27637.094527229703,41.76691873441895,-10.988058583901436,69.023842962119
