종목명,자산 총액,부채 총액,자본 총액,매출액,영업이익,순이익,현금 흐름,상장주식수,ROE,EPS,BPS,부채비율,영업이익률,순이익률
티와이홀딩스,2231456938325,753801775066,1477655163259,102453539700,12042464774,14638583626,66953614062,50429268,0.9906630443948973,290.27951835430173,29301.539004274266,51.01337536719149,11.75407390438849,14.288021349837265
