종목명,자산 총액,부채 총액,자본 총액,매출액,영업이익,순이익,현금 흐름,상장주식수,ROE,EPS,BPS,부채비율,영업이익률,순이익률
티와이홀딩스,2770576971261,1175226243044,1595350728217,98142689049,7448563909,21459380900,78495732229,50429268,1.3451199488894514,425.5342532435728,31635.413153667032,73.66569759600507,7.589524987725915,21.86549105994631
