종목명,자산 총액,부채 총액,자본 총액,매출액,영업이익,순이익,현금 흐름,상장주식수,ROE,EPS,BPS,부채비율,영업이익률,순이익률
티케이케미칼,876950455474,472640216831,404310238643,161008610652,15710960406,56006555214,14744025816,90895434,13.852371238971509,616.1646713079119,4448.080842465641,116.90038283901447,9.757838628865183,34.78481988460305
