종목명,자산 총액,부채 총액,자본 총액,매출액,영업이익,순이익,현금 흐름,상장주식수,ROE,EPS,BPS,부채비율,영업이익률,순이익률
티와이홀딩스,2239161103551,730994028892,1508167074659,101360996194,20729642026,39313477918,74636579332,50429268,2.6067057541943,779.5766124941572,29906.58271420874,48.46903510721976,20.451300603167393,38.7856072791115
