종목명,자산 총액,부채 총액,자본 총액,매출액,영업이익,순이익,현금 흐름,상장주식수,ROE,EPS,BPS,부채비율,영업이익률,순이익률
티와이홀딩스,2710008864171,1137711946924,1572296917247,98512321493,-1309610802,15150542822,58633453875,50429268,0.9635929865287604,300.43154348383564,31178.26174369614,72.35986628505684,-1.3293878188557937,15.379337926856747
