종목명,자산 총액,부채 총액,자본 총액,매출액,영업이익,순이익,현금 흐름,상장주식수,ROE,EPS,BPS,부채비율,영업이익률,순이익률
티케이케미칼,760342121335,437277024703,323065096632,126790755086,7465527991,46725846733,458189327,90895434,14.463291522397084,514.0615394718287,3554.2500037130576,135.3526051751414,5.888069667174283,36.85272376626092
