종목명,자산 총액,부채 총액,자본 총액,매출액,영업이익,순이익,현금 흐름,상장주식수,ROE,EPS,BPS,부채비율,영업이익률,순이익률
티와이홀딩스,2117752253312,1413818646595,703933606717,22684447140,-9264987279,-74156906418,-50143760713,50429268,-10.53464498787782,-1470.5132427859155,13958.830548898706,200.84545376214615,-40.842905369568555,-326.90638639033637
