종목명,자산 총액,부채 총액,자본 총액,매출액,영업이익,순이익,현금 흐름,상장주식수,ROE,EPS,BPS,부채비율,영업이익률,순이익률
파커스,119863245934,71545098207,48318147727,17055560544,-832504879,-683029307,-857352579,14049331,-1.413608217887719,-48.61650045827805,3439.1778318127745,148.07086275581892,-4.881134670726891,-4.00473092184756
