종목명,자산 총액,부채 총액,자본 총액,매출액,영업이익,순이익,현금 흐름,상장주식수,ROE,EPS,BPS,부채비율,영업이익률,순이익률
파커스,146826078293,71282476343,75543601950,15321482804,-3512349151,-2411333276,7617109531,14049331,-3.1919755131559495,-171.63331663265674,5377.024852642449,94.35938253272552,-22.92434221890734,-15.73825005612688
