종목명,자산 총액,부채 총액,자본 총액,매출액,영업이익,순이익,현금 흐름,상장주식수,ROE,EPS,BPS,부채비율,영업이익률,순이익률
파커스,146634984192,65549002985,81085981207,93681678892,1199616977,9549106992,4165979973,14049331,11.776520244137643,679.6841068090715,5771.5190286996585,80.83888485934888,1.2805246353270061,10.193142463862753
