종목명,자산 총액,부채 총액,자본 총액,매출액,영업이익,순이익,현금 흐름,상장주식수,ROE,EPS,BPS,부채비율,영업이익률,순이익률
파인테크닉스,171823991042,62468596790,109355394252,14620766982,35305717,-2284849028,2581466385,15923057,-2.089379352183363,-143.49311366529682,6867.738666764805,57.12438532848828,0.24147650423172579,-15.62742249303977
