종목명,자산 총액,부채 총액,자본 총액,매출액,영업이익,순이익,현금 흐름,상장주식수,ROE,EPS,BPS,부채비율,영업이익률,순이익률
파인테크닉스,171911996770,60509096208,111402900562,13579633637,661030266,1474496272,1781652163,15923057,1.3235708088043776,92.60133101325958,6996.326180456429,54.31554825120946,4.867806331673865,10.858144714467748
