종목명,자산 총액,부채 총액,자본 총액,매출액,영업이익,순이익,현금 흐름,상장주식수,ROE,EPS,BPS,부채비율,영업이익률,순이익률
파커스,118074911135,69484452252,48590458883,63616324294,-9535740999,-15592440638,-3761303345,14049331,-32.08951097898608,-1109.835097343781,3458.5603316627676,143.00019767113176,-14.98945609452536,-24.510125052086053
