종목명,자산 총액,부채 총액,자본 총액,매출액,영업이익,순이익,현금 흐름,상장주식수,ROE,EPS,BPS,부채비율,영업이익률,순이익률
파커스,135053067242,66393631048,68659436194,16167120618,-2883934845,-310168128,-7054190208,14049331,-0.4517487255846487,-22.077074559635616,4887.025310600198,96.69993627737071,-17.838271348016736,-1.918511869421373
