종목명,자산 총액,부채 총액,자본 총액,매출액,영업이익,순이익,현금 흐름,상장주식수,ROE,EPS,BPS,부채비율,영업이익률,순이익률
파인테크닉스,307678364863,143409537812,164268827051,85776603729,6707191155,4751461058,-3241357900,15923057,2.8924910120194802,298.4013093716866,10316.412674463201,87.30173605456872,7.819371324365437,5.539343890335903
