종목명,자산 총액,부채 총액,자본 총액,매출액,영업이익,순이익,현금 흐름,상장주식수,ROE,EPS,BPS,부채비율,영업이익률,순이익률
하림지주,13613208425722,8267310269043,5345898156679,3256020328424,212640046577,119628832696,451919889906,112005621,2.237768644105938,1068.060974332708,47728.838150712094,154.64773227514777,6.530673187778388,3.6740812596186565
