종목명,자산 총액,부채 총액,자본 총액,매출액,영업이익,순이익,현금 흐름,상장주식수,ROE,EPS,BPS,부채비율,영업이익률,순이익률
하림지주,9826542197386,6196094486323,3630447711063,2056883599438,107738044459,94114743321,46874791886,112005621,2.592372919576993,840.2680372710937,32413.084974217498,170.67025831116501,5.23792617571734,4.575598898582052
