종목명,자산 총액,부채 총액,자본 총액,매출액,영업이익,순이익,현금 흐름,상장주식수,ROE,EPS,BPS,부채비율,영업이익률,순이익률
하림지주,13385071963493,8137558091100,5247513872393,12062362764029,567544768592,178306415028,900670962295,112005621,3.3979217466401423,1591.9416671775784,46850.451125064516,155.07454175417104,4.705087881160954,1.478204714251548
