종목명,자산 총액,부채 총액,자본 총액,매출액,영업이익,순이익,현금 흐름,상장주식수,ROE,EPS,BPS,부채비율,영업이익률,순이익률
하림지주,11150053379783,7081231318810,4068822060973,2956902186563,254240575692,188675174913,437477376453,112005621,4.637095751193431,1684.5152344006021,36326.94524298026,174.03639708728443,8.598207165842044,6.380839236765875
