종목명,자산 총액,부채 총액,자본 총액,매출액,영업이익,순이익,현금 흐름,상장주식수,ROE,EPS,BPS,부채비율,영업이익률,순이익률
한국토지신탁,1897706571271,909904326640,987802244631,51324843393,,-882821801,32030221123,252489230,-0.08937232181829916,-3.4964731010506864,3912.2549687802525,92.11401690830343,,-1.7200672084669328
