종목명,자산 총액,부채 총액,자본 총액,매출액,영업이익,순이익,현금 흐름,상장주식수,ROE,EPS,BPS,부채비율,영업이익률,순이익률
한신공영,2262052454345,1573420839706,688631614639,250193541260,371661060,4584292241,-98190173908,11570702,0.6657103948681204,396.19828088217986,59515.111065776306,228.4851299676143,0.14854942223059686,1.8322983950397123
