종목명,자산 총액,부채 총액,자본 총액,매출액,영업이익,순이익,현금 흐름,상장주식수,ROE,EPS,BPS,부채비율,영업이익률,순이익률
한진,4156266230699,2628366987887,1527899242812,675050627967,23504499380,-472649806,72949363913,14947628,-0.03093461877303627,-31.620388599448688,102216.8361971545,172.02488974663407,3.4818868994740084,-0.07001694190307539
