종목명,자산 총액,부채 총액,자본 총액,매출액,영업이익,순이익,현금 흐름,상장주식수,ROE,EPS,BPS,부채비율,영업이익률,순이익률
한솔홀딩스,704543408000,105887437000,598655971000,100987861000,2379348000,7234187000,2971882000,42008577,1.2084047183085727,172.2073804118621,14250.803377605484,17.687527082227998,2.3560732710241283,7.163422344394442
