종목명,자산 총액,부채 총액,자본 총액,매출액,영업이익,순이익,현금 흐름,상장주식수,ROE,EPS,BPS,부채비율,영업이익률,순이익률
한신공영,1886912382588,1254253350212,632659032376,331090729784,4843473596,5639140540,-132514254567,11570702,0.8913396081332738,487.3637347154909,54677.67058351343,198.25107775693243,1.4628840859301102,1.7032009756597275
