종목명,자산 총액,부채 총액,자본 총액,매출액,영업이익,순이익,현금 흐름,상장주식수,ROE,EPS,BPS,부채비율,영업이익률,순이익률
한진,4179471644943,2635687019148,1543784625795,691884452227,33709925753,8668529945,198394426592,14947628,0.5615116124463271,579.9267913945945,103279.57223681243,170.72893298122494,4.872190095397625,1.2528869404563447
