종목명,자산 총액,부채 총액,자본 총액,매출액,영업이익,순이익,현금 흐름,상장주식수,ROE,EPS,BPS,부채비율,영업이익률,순이익률
한솔홀딩스,693925122000,118964849000,574960273000,117470240000,7867352000,20749623000,31661259000,42008577,3.6088794260051427,493.93777370749785,13686.735282654301,20.69096850453179,6.69731499654721,17.66372742577184
