종목명,자산 총액,부채 총액,자본 총액,매출액,영업이익,순이익,현금 흐름,상장주식수,ROE,EPS,BPS,부채비율,영업이익률,순이익률
한진,3877620716229,2503649583464,1373971132765,2504131193753,99432891702,161832906995,196051346200,14947628,11.778479411668936,10826.661393700726,91919.00766897597,182.2199552639522,3.9707540862896087,6.462636917695084
