종목명,자산 총액,부채 총액,자본 총액,매출액,영업이익,순이익,현금 흐름,상장주식수,ROE,EPS,BPS,부채비율,영업이익률,순이익률
한솔홀딩스,711530677000,120085075000,591445602000,108040460000,1080241000,-1949851000,-3136190000,42008577,-0.32967545847098884,-46.41554509213678,14079.162976646412,20.30365507731005,0.9998485752467177,-1.804741482959254
