종목명,자산 총액,부채 총액,자본 총액,매출액,영업이익,순이익,현금 흐름,상장주식수,ROE,EPS,BPS,부채비율,영업이익률,순이익률
한신공영,2119949126309,1442187010014,677762116295,1311144762227,44647806717,44654631308,-265471871184,11570702,6.58854046787174,3859.2845367549867,58575.712717776325,212.78660688469043,3.405253790677164,3.405774296970337
