종목명,자산 총액,부채 총액,자본 총액,매출액,영업이익,순이익,현금 흐름,상장주식수,ROE,EPS,BPS,부채비율,영업이익률,순이익률
한신공영,2349398105478,1622658480432,726739625046,1221553531537,39442102751,39984565308,-32119526046,11570702,5.501910716024205,3455.6732433347606,62808.60271451119,223.27920819362114,3.228847670832126,3.2732552668150423
