종목명,자산 총액,부채 총액,자본 총액,매출액,영업이익,순이익,현금 흐름,상장주식수,ROE,EPS,BPS,부채비율,영업이익률,순이익률
한솔홀딩스,720105338000,125877734000,594227604000,443135225000,3998570000,5033306000,21593017000,42008577,0.8470333532334522,119.81615087795048,14145.387595490321,21.183420822705504,0.9023363015206023,1.1358397428234237
