종목명,자산 총액,부채 총액,자본 총액,매출액,영업이익,순이익,현금 흐름,상장주식수,ROE,EPS,BPS,부채비율,영업이익률,순이익률
한진,3834745446169,2410050179210,1424695266959,553687600505,13571927206,192238071293,41657899089,14947628,13.49327647471803,12860.774384604701,95312.46475755217,169.16250338602106,2.4511885752221105,34.7195911769861
