종목명,자산 총액,부채 총액,자본 총액,매출액,영업이익,순이익,현금 흐름,상장주식수,ROE,EPS,BPS,부채비율,영업이익률,순이익률
한진,4201363599974,2661786978230,1539576621744,2807528782563,122526979246,26107574417,273753724004,14947628,1.6957632408983898,1746.6031678738593,102998.05572790546,172.89084158830522,4.364228783939477,0.9299129746825366
