종목명,자산 총액,부채 총액,자본 총액,매출액,영업이익,순이익,현금 흐름,상장주식수,ROE,EPS,BPS,부채비율,영업이익률,순이익률
한화손해보험,17997084083467,14914513324448,3082570759019,,,108474808970,147818381010,116738915,3.518972229676282,929.2086445209809,26405.68279240046,483.8336080627199,,
