종목명,자산 총액,부채 총액,자본 총액,매출액,영업이익,순이익,현금 흐름,상장주식수,ROE,EPS,BPS,부채비율,영업이익률,순이익률
한화생명,148251890421629,133576528120980,14675362300649,,,368322391654,-130045656449,868530000,2.509801012801649,424.07561241868444,16896.78226503287,910.2094066534407,,
