종목명,자산 총액,부채 총액,자본 총액,매출액,영업이익,순이익,현금 흐름,상장주식수,ROE,EPS,BPS,부채비율,영업이익률,순이익률
한화생명,147901842899949,132426755373738,15475087526211,,,825980778277,1737969230011,868530000,5.337486956878217,951.010072509873,17817.562463255155,855.741559777543,,
