종목명,자산 총액,부채 총액,자본 총액,매출액,영업이익,순이익,현금 흐름,상장주식수,ROE,EPS,BPS,부채비율,영업이익률,순이익률
핸즈코퍼레이션,957962455688,753452595320,204509860368,200383537715,-17715226455,-25031689018,-7112686256,21875747,-12.239844559551981,-1144.2667086065678,9348.702943401202,368.41871289932874,-8.840659595598058,-12.491888956268395
