종목명,자산 총액,부채 총액,자본 총액,매출액,영업이익,순이익,현금 흐름,상장주식수,ROE,EPS,BPS,부채비율,영업이익률,순이익률
현대제철,36718196885925,17425499536566,19292697349359,6389050489305,333909838550,217757173562,-528829388720,133445785,1.1287025842927816,1631.8025598335685,144573.29880714478,90.32173791470876,5.226282670781064,3.4082869422696893
