종목명,자산 총액,부채 총액,자본 총액,매출액,영업이익,순이익,현금 흐름,상장주식수,ROE,EPS,BPS,부채비율,영업이익률,순이익률
현대제철,35218841930044,15722841602022,19496000328022,25914760456167,798325068073,442983461011,1948393342394,133445785,2.2721761056512233,3319.5762684523907,146096.7862568458,80.64649844831628,3.080580541824073,1.7093866708136296
