종목명,자산 총액,부채 총액,자본 총액,매출액,영업이익,순이익,현금 흐름,상장주식수,ROE,EPS,BPS,부채비율,영업이익률,순이익률
현대백화점,11712592639000,5433464917000,6279127722000,4207452895000,303469763000,-39776206000,757776058000,23402441,-0.6334670635960667,-1699.6605610500203,268310.8023645909,86.5321611147186,7.212671670326568,-0.9453749570736429
