종목명,자산 총액,부채 총액,자본 총액,매출액,영업이익,순이익,현금 흐름,상장주식수,ROE,EPS,BPS,부채비율,영업이익률,순이익률
현대지에프홀딩스,5426832417000,1846923732000,3579908685000,1168316036000,36780394000,71870854000,32165352000,155904301,2.007616962442158,460.9934013302173,22962.2188870851,51.591364319953314,3.1481545118499086,6.151662031967522
