종목명,자산 총액,부채 총액,자본 총액,매출액,영업이익,순이익,현금 흐름,상장주식수,ROE,EPS,BPS,부채비율,영업이익률,순이익률
현대백화점,9245428969000,3963550683000,-184718737000,934385942000,88871928000,75426443000,96414413000,23402441,-40.83313053401832,3223.0160520434597,-7893.139737004358,-2145.7220568804564,9.511265528008126,8.072300706767269
