종목명,자산 총액,부채 총액,자본 총액,매출액,영업이익,순이익,현금 흐름,상장주식수,ROE,EPS,BPS,부채비율,영업이익률,순이익률
현대지에프홀딩스,2565733571000,859601041000,1706132530000,526952783000,11156580000,15387065000,9392261000,155904301,0.9018680981365499,98.69557735934431,10943.460309026368,50.38301690431985,2.1171877936547494,2.9200082998707684
