종목명,자산 총액,부채 총액,자본 총액,매출액,영업이익,순이익,현금 흐름,상장주식수,ROE,EPS,BPS,부채비율,영업이익률,순이익률
현대백화점,12048445290000,5633061038000,20279375000,1097731719000,77866725000,69472518000,170715842000,23402441,342.57721453447164,2968.601352311923,866.5495620734606,27777.29115418991,7.093420336886521,6.328733769603318
