종목명,자산 총액,부채 총액,자본 총액,매출액,영업이익,순이익,현금 흐름,상장주식수,ROE,EPS,BPS,부채비율,영업이익률,순이익률
현대제철,37042298365641,18781894205821,18260404159820,22849920977857,2447503013134,1505154568208,2002894272429,133445785,8.242723189664806,11279.146570331914,136837.62405699064,102.855851608961,10.711209966571802,6.587132487970478
