종목명,자산 총액,부채 총액,자본 총액,매출액,영업이익,순이익,현금 흐름,상장주식수,ROE,EPS,BPS,부채비율,영업이익률,순이익률
현대백화점,10962505037000,5234158533000,117012205000,1125228867000,71238666000,53678792000,254735387000,23402441,45.874523943891155,2293.7261971945577,5000.0,4473.173147194346,6.331037897199628,4.770477684518913
