종목명,자산 총액,부채 총액,자본 총액,매출액,영업이익,순이익,현금 흐름,상장주식수,ROE,EPS,BPS,부채비율,영업이익률,순이익률
현대제철,35191472597939,15713686487310,19477786110629,5947782420213,55802911222,32222219919,40100209791,133445785,0.16543060764701786,241.46300251446684,145960.29474163608,80.67491037256572,0.93821372873962,0.5417518268572789
