종목명,자산 총액,부채 총액,자본 총액,매출액,영업이익,순이익,현금 흐름,상장주식수,ROE,EPS,BPS,부채비율,영업이익률,순이익률
현대지에프홀딩스,3187730383000,921406131000,2266324252000,827275877000,22237363000,36589345000,-21831910000,155904301,1.6144797006743588,234.69105576503628,14536.637138702157,40.65641225816967,2.688022655832862,4.422871017668994
