종목명,자산 총액,부채 총액,자본 총액,매출액,영업이익,순이익,현금 흐름,상장주식수,ROE,EPS,BPS,부채비율,영업이익률,순이익률
현대지에프홀딩스,3218415663000,953050250000,2265365413000,893944050000,14032596000,32014629000,-4658964000,155904301,1.4132214086204908,205.3479525237729,14530.486961998566,42.07048648888328,1.5697398511685379,3.581278828356204
