종목명,자산 총액,부채 총액,자본 총액,매출액,영업이익,순이익,현금 흐름,상장주식수,ROE,EPS,BPS,부채비율,영업이익률,순이익률
현대백화점,9062363387000,4018721012000,612115810000,683225361000,64995532000,55848425000,186424530000,23402441,9.123833119095552,2386.435885042932,26156.06679662177,656.5295237187224,9.513044408197839,8.174231840319521
