종목명,자산 총액,부채 총액,자본 총액,매출액,영업이익,순이익,현금 흐름,상장주식수,ROE,EPS,BPS,부채비율,영업이익률,순이익률
현대홈쇼핑,2834177413113,789129197893,2045048215220,522814034965,17664977572,30251831774,-25629346547,12000000,1.4792723002252346,2520.9859811666665,170420.68460166667,38.58731505790478,3.378826196428064,5.7863465306598405
