종목명,자산 총액,부채 총액,자본 총액,매출액,영업이익,순이익,현금 흐름,상장주식수,ROE,EPS,BPS,부채비율,영업이익률,순이익률
현대홈쇼핑,2969388796519,896894265480,2072494531039,505116549322,16822338276,23933807673,-19106152618,12000000,1.1548309206394531,1994.48397275,172707.87758658334,43.276073931561186,3.330387471679561,4.738274306222098
