종목명,자산 총액,부채 총액,자본 총액,매출액,영업이익,순이익,현금 흐름,상장주식수,ROE,EPS,BPS,부채비율,영업이익률,순이익률
현대제철,35274467675053,15474980954321,19799486720732,6283196286286,228402032234,129241738781,883987131365,133445785,0.6527529758924066,968.4962232490145,148371.01614511092,78.15849558421725,3.6351248922864468,2.0569425638204093
