종목명,자산 총액,부채 총액,자본 총액,매출액,영업이익,순이익,현금 흐름,상장주식수,ROE,EPS,BPS,부채비율,영업이익률,순이익률
현대홈쇼핑,2907553809777,942922164725,1964631645052,564003950321,34087336642,40648534626,-19163286723,12000000,2.069015569833403,3387.3778855,163719.30375433332,47.99485781977428,6.0438116829854405,7.207136510810801
