종목명,자산 총액,부채 총액,자본 총액,매출액,영업이익,순이익,현금 흐름,상장주식수,ROE,EPS,BPS,부채비율,영업이익률,순이익률
현대홈쇼핑,2854123738563,843191326942,2010932411621,494378240847,16783080977,82347414814,37448520391,12000000,4.0949867006032425,6862.284567833333,167577.70096841667,41.930366335003214,3.394785528636165,16.656763589133135
