종목명,자산 총액,부채 총액,자본 총액,매출액,영업이익,순이익,현금 흐름,상장주식수,ROE,EPS,BPS,부채비율,영업이익률,순이익률
현대지에프홀딩스,2532631657000,844487128000,1688144529000,496040724000,-5699845000,110961072000,-12212209000,155904301,6.5729604363750544,711.7255347560938,10828.08183078926,50.02457511740691,-1.1490679543480387,22.369347239320618
