종목명,자산 총액,부채 총액,자본 총액,매출액,영업이익,순이익,현금 흐름,상장주식수,ROE,EPS,BPS,부채비율,영업이익률,순이익률
화천기공,443631629095,131460341132,312171287963,59827499723,2651446655,4392915619,1875897622,2200000,1.4072132154321217,1996.7798268181818,141896.0399831818,42.111605455393864,4.431819259163661,7.342636144480553
