종목명,자산 총액,부채 총액,자본 총액,매출액,영업이익,순이익,현금 흐름,상장주식수,ROE,EPS,BPS,부채비율,영업이익률,순이익률
화천기공,437518560692,128442082945,309076477747,54940919076,1608600552,3368253926,-3748944109,2200000,1.0897800927953967,1531.0245118181817,140489.3080668182,41.556731809962756,2.927873393917594,6.130683619144923
