종목명,자산 총액,부채 총액,자본 총액,매출액,영업이익,순이익,현금 흐름,상장주식수,ROE,EPS,BPS,부채비율,영업이익률,순이익률
화천기공,475451637400,130095953002,345355684398,61364368090,2507727449,4699395280,5109486760,2200000,1.3607406775978392,2136.0887636363636,156979.85654454544,37.67013513293526,4.086618223334498,7.658182470171673
