종목명,자산 총액,부채 총액,자본 총액,매출액,영업이익,순이익,현금 흐름,상장주식수,ROE,EPS,BPS,부채비율,영업이익률,순이익률
화천기공,395564416881,93356943472,302207473409,53506478026,2633842601,4573840995,3928217750,2200000,1.5134771299351284,2079.018634090909,137367.03336772727,30.89167267073275,4.922474246427052,8.548200449256758
