종목명,자산 총액,부채 총액,자본 총액,매출액,영업이익,순이익,현금 흐름,상장주식수,ROE,EPS,BPS,부채비율,영업이익률,순이익률
화천기공,463885406068,118338768262,345546637806,225720429438,4560057509,10563122927,5272118504,2200000,3.0569311841866185,4801.419512272727,157066.6535481818,34.24682960695999,2.020223654701374,4.679737210008027
