종목명,자산 총액,부채 총액,자본 총액,매출액,영업이익,순이익,현금 흐름,상장주식수,ROE,EPS,BPS,부채비율,영업이익률,순이익률
휴스틸,1140142676220,376417386259,763725289961,276415124661,67817889538,55694193623,147391570305,56188075,7.2924380474351,991.2102100490184,13592.302102554679,49.2870134336159,24.53479693673527,20.14875043154902
