종목명,자산 총액,부채 총액,자본 총액,매출액,영업이익,순이익,현금 흐름,상장주식수,ROE,EPS,BPS,부채비율,영업이익률,순이익률
휴스틸,1310926285740,336943625374,973982660366,198361461667,33577196615,6504193241,59486840638,56188075,0.6677935353136446,115.75753824988665,17334.33046720323,34.59441724017802,16.927278279168885,3.2789601298254887
