종목명,자산 총액,부채 총액,자본 총액,매출액,영업이익,순이익,현금 흐름,상장주식수,ROE,EPS,BPS,부채비율,영업이익률,순이익률
휴스틸,980083268885,340053788971,640029479914,197344884585,26634307763,17260072686,7041068862,56188075,2.6967621379438986,307.18391199556135,11390.841916438674,53.130957189142705,13.496325389436748,8.746146484767776
