종목코드,종목명,EPS,BPS,PER,PBR,배당수익률,ROE,날짜,종가,거래량,상장주식수,등락률
095570,AJ네트웍스,367.0,9326.0,12.1,0.48,6.08,3.9352348273643574,20240304,4635.0,90067.0,45252759.0,-1.59
095570,AJ네트웍스,367.0,9326.0,12.1,0.48,6.08,3.9352348273643574,20240305,4575.0,115533.0,45252759.0,-1.29
095570,AJ네트웍스,367.0,9326.0,12.1,0.48,6.08,3.9352348273643574,20240306,4560.0,68502.0,45252759.0,-0.33
095570,AJ네트웍스,367.0,9326.0,12.1,0.48,6.08,3.9352348273643574,20240307,4510.0,63047.0,45252759.0,-1.1
095570,AJ네트웍스,367.0,9326.0,12.1,0.48,6.08,3.9352348273643574,20240308,4565.0,150980.0,45252759.0,1.22
