종목코드,종목명,EPS,BPS,PER,PBR,배당수익률,ROE,날짜,종가,거래량,상장주식수,등락률
006840,AK홀딩스,2635.0,44339.0,5.15,0.31,1.47,5.942849410225761,20240304,16180.0,8335.0,13247561.0,-0.61
006840,AK홀딩스,2635.0,44339.0,5.15,0.31,1.47,5.942849410225761,20240305,16040.0,8432.0,13247561.0,-0.87
006840,AK홀딩스,2635.0,44339.0,5.15,0.31,1.47,5.942849410225761,20240306,15940.0,6177.0,13247561.0,-0.62
006840,AK홀딩스,2635.0,44339.0,5.15,0.31,1.47,5.942849410225761,20240307,15970.0,10764.0,13247561.0,0.19
006840,AK홀딩스,2635.0,44339.0,5.15,0.31,1.47,5.942849410225761,20240308,15950.0,10237.0,13247561.0,-0.13
