종목코드,종목명,EPS,BPS,PER,PBR,배당수익률,ROE,날짜,종가,거래량,상장주식수,등락률
265520,AP시스템,3997.0,21396.0,5.13,0.96,1.32,18.68106188072537,20240304,21200.0,57705.0,15281421.0,1.68
265520,AP시스템,3997.0,21396.0,5.13,0.96,1.32,18.68106188072537,20240305,20700.0,52303.0,15281421.0,-2.36
265520,AP시스템,3997.0,21396.0,5.13,0.96,1.32,18.68106188072537,20240306,21350.0,76408.0,15281421.0,3.14
265520,AP시스템,3997.0,21396.0,5.13,0.96,1.32,18.68106188072537,20240307,21750.0,188784.0,15281421.0,1.87
265520,AP시스템,3997.0,21396.0,5.13,0.96,1.32,18.68106188072537,20240308,21850.0,107749.0,15281421.0,0.46
