종목코드,종목명,EPS,BPS,PER,PBR,배당수익률,ROE,날짜,종가,거래량,상장주식수,등락률
211270,AP위성,739.0,6680.0,17.51,1.94,0.54,11.062874251497005,20240304,15750.0,218160.0,15082304.0,2.47
211270,AP위성,739.0,6680.0,17.51,1.94,0.54,11.062874251497005,20240305,15890.0,149818.0,15082304.0,0.89
211270,AP위성,739.0,6680.0,17.51,1.94,0.54,11.062874251497005,20240306,16060.0,293335.0,15082304.0,1.07
211270,AP위성,739.0,6680.0,17.51,1.94,0.54,11.062874251497005,20240307,15560.0,170753.0,15082304.0,-3.11
211270,AP위성,739.0,6680.0,17.51,1.94,0.54,11.062874251497005,20240308,16100.0,212101.0,15082304.0,3.47
