종목코드,종목명,EPS,BPS,PER,PBR,배당수익률,ROE,날짜,종가,거래량,상장주식수,등락률
027410,BGF,813.0,17286.0,4.46,0.21,3.31,4.703228045817425,20240304,3925.0,78711.0,95716791.0,0.13
027410,BGF,813.0,17286.0,4.46,0.21,3.31,4.703228045817425,20240305,3855.0,100904.0,95716791.0,-1.78
027410,BGF,813.0,17286.0,4.46,0.21,3.31,4.703228045817425,20240306,3820.0,108158.0,95716791.0,-0.91
027410,BGF,813.0,17286.0,4.46,0.21,3.31,4.703228045817425,20240307,3765.0,135356.0,95716791.0,-1.44
027410,BGF,813.0,17286.0,4.46,0.21,3.31,4.703228045817425,20240308,3805.0,60471.0,95716791.0,1.06
