종목코드,종목명,EPS,BPS,PER,PBR,배당수익률,ROE,날짜,종가,거래량,상장주식수,등락률
282330,BGF리테일,11337.0,62197.0,9.0,1.64,4.02,18.22756724600865,20240304,131000.0,51161.0,17283906.0,-0.83
282330,BGF리테일,11337.0,62197.0,9.0,1.64,4.02,18.22756724600865,20240305,130000.0,51474.0,17283906.0,-0.76
282330,BGF리테일,11337.0,62197.0,9.0,1.64,4.02,18.22756724600865,20240306,130400.0,34435.0,17283906.0,0.31
282330,BGF리테일,11337.0,62197.0,9.0,1.64,4.02,18.22756724600865,20240307,122500.0,149638.0,17283906.0,-6.06
282330,BGF리테일,11337.0,62197.0,9.0,1.64,4.02,18.22756724600865,20240308,124900.0,96350.0,17283906.0,1.96
