종목코드,종목명,EPS,BPS,PER,PBR,배당수익률,ROE,날짜,종가,거래량,상장주식수,등락률
097950,CJ제일제당,24081.0,446325.0,15.76,0.85,1.45,5.3953957318097805,20240304,293500.0,23089.0,15054186.0,-2.0
097950,CJ제일제당,24081.0,446325.0,15.76,0.85,1.45,5.3953957318097805,20240305,291000.0,18106.0,15054186.0,-0.85
097950,CJ제일제당,24081.0,446325.0,15.76,0.85,1.45,5.3953957318097805,20240306,289500.0,29758.0,15054186.0,-0.52
097950,CJ제일제당,24081.0,446325.0,15.76,0.85,1.45,5.3953957318097805,20240307,283500.0,47103.0,15054186.0,-2.07
097950,CJ제일제당,24081.0,446325.0,15.76,0.85,1.45,5.3953957318097805,20240308,287500.0,36067.0,15054186.0,1.41
