종목코드,종목명,EPS,BPS,PER,PBR,배당수익률,ROE,날짜,종가,거래량,상장주식수,등락률
000590,CS홀딩스,15091.0,264028.0,4.54,0.26,0.73,5.715681670125896,20240304,65600.0,846.0,1154482.0,0.31
000590,CS홀딩스,15091.0,264028.0,4.54,0.26,0.73,5.715681670125896,20240305,64600.0,1300.0,1154482.0,-1.52
000590,CS홀딩스,15091.0,264028.0,4.54,0.26,0.73,5.715681670125896,20240306,65000.0,971.0,1154482.0,0.62
000590,CS홀딩스,15091.0,264028.0,4.54,0.26,0.73,5.715681670125896,20240307,65000.0,2173.0,1154482.0,0.0
000590,CS홀딩스,15091.0,264028.0,4.54,0.26,0.73,5.715681670125896,20240308,64700.0,338.0,1154482.0,-0.46
