종목코드,종목명,EPS,BPS,PER,PBR,배당수익률,ROE,날짜,종가,거래량,상장주식수,등락률
012030,DB,106.0,2067.0,10.71,0.55,0.0,5.128205128205128,20240304,1563.0,222244.0,201173933.0,-0.32
012030,DB,106.0,2067.0,10.71,0.55,0.0,5.128205128205128,20240305,1554.0,273941.0,201173933.0,-0.58
012030,DB,106.0,2067.0,10.71,0.55,0.0,5.128205128205128,20240306,1551.0,286172.0,201173933.0,-0.19
012030,DB,106.0,2067.0,10.71,0.55,0.0,5.128205128205128,20240307,1582.0,575893.0,201173933.0,2.0
012030,DB,106.0,2067.0,10.71,0.55,0.0,5.128205128205128,20240308,1551.0,354866.0,201173933.0,-1.96
