종목코드,종목명,EPS,BPS,PER,PBR,배당수익률,ROE,날짜,종가,거래량,상장주식수,등락률
139130,DGB금융지주,2180.0,35751.0,3.7,0.23,6.82,6.0977315319851195,20240304,8950.0,857146.0,169145833.0,1.02
139130,DGB금융지주,2180.0,35751.0,3.7,0.23,6.82,6.0977315319851195,20240305,8930.0,816773.0,169145833.0,-0.22
139130,DGB금융지주,2180.0,35751.0,3.7,0.23,6.82,6.0977315319851195,20240306,8960.0,569521.0,169145833.0,0.34
139130,DGB금융지주,2180.0,35751.0,3.7,0.23,6.82,6.0977315319851195,20240307,9130.0,840683.0,169145833.0,1.9
139130,DGB금융지주,2180.0,35751.0,3.7,0.23,6.82,6.0977315319851195,20240308,9110.0,775884.0,169145833.0,-0.22
