종목코드,종목명,EPS,BPS,PER,PBR,배당수익률,ROE,날짜,종가,거래량,상장주식수,등락률
068790,DMS,829.0,13160.0,6.74,0.42,1.61,6.2993920972644375,20240304,6960.0,248148.0,24573061.0,2.65
068790,DMS,829.0,13160.0,6.74,0.42,1.61,6.2993920972644375,20240305,6930.0,129203.0,24573061.0,-0.43
068790,DMS,829.0,13160.0,6.74,0.42,1.61,6.2993920972644375,20240306,6910.0,91332.0,24573061.0,-0.29
068790,DMS,829.0,13160.0,6.74,0.42,1.61,6.2993920972644375,20240307,7030.0,177905.0,24573061.0,1.74
068790,DMS,829.0,13160.0,6.74,0.42,1.61,6.2993920972644375,20240308,6860.0,160199.0,24573061.0,-2.42
