종목코드,종목명,EPS,BPS,PER,PBR,배당수익률,ROE,날짜,종가,거래량,상장주식수,등락률
241520,DSC인베스트먼트,543.0,3895.0,5.64,0.79,1.31,13.940949935815148,20240304,3800.0,1504258.0,27811403.0,1.33
241520,DSC인베스트먼트,543.0,3895.0,5.64,0.79,1.31,13.940949935815148,20240305,3695.0,7507346.0,27811403.0,-2.76
241520,DSC인베스트먼트,543.0,3895.0,5.64,0.79,1.31,13.940949935815148,20240306,3685.0,543843.0,27811403.0,-0.27
241520,DSC인베스트먼트,543.0,3895.0,5.64,0.79,1.31,13.940949935815148,20240307,3790.0,488685.0,27811403.0,2.85
241520,DSC인베스트먼트,543.0,3895.0,5.64,0.79,1.31,13.940949935815148,20240308,4015.0,1079698.0,27811403.0,5.94
