종목코드,종목명,EPS,BPS,PER,PBR,배당수익률,ROE,날짜,종가,거래량,상장주식수,등락률
383220,F&F,11144.0,33834.0,5.12,1.69,2.98,32.93728202399953,20240304,69800.0,163813.0,38307075.0,-3.59
383220,F&F,11144.0,33834.0,5.12,1.69,2.98,32.93728202399953,20240305,68100.0,184472.0,38307075.0,-2.44
383220,F&F,11144.0,33834.0,5.12,1.69,2.98,32.93728202399953,20240306,67700.0,142348.0,38307075.0,-0.59
383220,F&F,11144.0,33834.0,5.12,1.69,2.98,32.93728202399953,20240307,67800.0,111835.0,38307075.0,0.15
383220,F&F,11144.0,33834.0,5.12,1.69,2.98,32.93728202399953,20240308,68200.0,101471.0,38307075.0,0.59
