종목코드,종목명,EPS,BPS,PER,PBR,배당수익률,ROE,날짜,종가,거래량,상장주식수,등락률
007700,F&F홀딩스,3130.0,54668.0,4.55,0.26,2.81,5.72547011048511,20240304,16170.0,654526.0,39114367.0,-2.65
007700,F&F홀딩스,3130.0,54668.0,4.55,0.26,2.81,5.72547011048511,20240305,15900.0,35454.0,39114367.0,-1.67
007700,F&F홀딩스,3130.0,54668.0,4.55,0.26,2.81,5.72547011048511,20240306,15500.0,39558.0,39114367.0,-2.52
007700,F&F홀딩스,3130.0,54668.0,4.55,0.26,2.81,5.72547011048511,20240307,15300.0,35957.0,39114367.0,-1.29
007700,F&F홀딩스,3130.0,54668.0,4.55,0.26,2.81,5.72547011048511,20240308,15730.0,20691.0,39114367.0,2.81
