종목코드,종목명,EPS,BPS,PER,PBR,배당수익률,ROE,날짜,종가,거래량,상장주식수,등락률
114090,GKL,709.0,6658.0,16.88,1.8,2.95,10.64884349654551,20240304,12320.0,288588.0,61855670.0,-1.68
114090,GKL,709.0,6658.0,16.88,1.8,2.95,10.64884349654551,20240305,12350.0,169141.0,61855670.0,0.24
114090,GKL,709.0,6658.0,16.88,1.8,2.95,10.64884349654551,20240306,12200.0,177339.0,61855670.0,-1.21
114090,GKL,709.0,6658.0,16.88,1.8,2.95,10.64884349654551,20240307,12310.0,149520.0,61855670.0,0.9
114090,GKL,709.0,6658.0,16.88,1.8,2.95,10.64884349654551,20240308,12280.0,141785.0,61855670.0,-0.24
