종목코드,종목명,EPS,BPS,PER,PBR,배당수익률,ROE,날짜,종가,거래량,상장주식수,등락률
001250,GS글로벌,337.0,5113.0,9.85,0.65,0.75,6.591042440837082,20240304,2910.0,7206673.0,82533764.0,-0.51
001250,GS글로벌,337.0,5113.0,9.85,0.65,0.75,6.591042440837082,20240305,2890.0,4649039.0,82533764.0,-0.69
001250,GS글로벌,337.0,5113.0,9.85,0.65,0.75,6.591042440837082,20240306,2840.0,7612331.0,82533764.0,-1.73
001250,GS글로벌,337.0,5113.0,9.85,0.65,0.75,6.591042440837082,20240307,2715.0,1868263.0,82533764.0,-4.4
001250,GS글로벌,337.0,5113.0,9.85,0.65,0.75,6.591042440837082,20240308,2740.0,2539845.0,82533764.0,0.92
