종목코드,종목명,EPS,BPS,PER,PBR,배당수익률,ROE,날짜,종가,거래량,상장주식수,등락률
007070,GS리테일,173.0,39235.0,121.1,0.53,2.39,0.4409328405760163,20240304,22150.0,111384.0,104717922.0,-0.67
007070,GS리테일,173.0,39235.0,121.1,0.53,2.39,0.4409328405760163,20240305,21850.0,150766.0,104717922.0,-1.35
007070,GS리테일,173.0,39235.0,121.1,0.53,2.39,0.4409328405760163,20240306,22050.0,112169.0,104717922.0,0.92
007070,GS리테일,173.0,39235.0,121.1,0.53,2.39,0.4409328405760163,20240307,21800.0,121419.0,104717922.0,-1.13
007070,GS리테일,173.0,39235.0,121.1,0.53,2.39,0.4409328405760163,20240308,21750.0,217308.0,104717922.0,-0.23
