종목코드,종목명,EPS,BPS,PER,PBR,배당수익률,ROE,날짜,종가,거래량,상장주식수,등락률
297890,HB솔루션,1137.0,3319.0,4.39,1.5,0.6,34.257306417595665,20240304,4260.0,14561035.0,73114318.0,10.51
297890,HB솔루션,1137.0,3319.0,4.39,1.5,0.6,34.257306417595665,20240305,4275.0,2531398.0,73114318.0,0.35
297890,HB솔루션,1137.0,3319.0,4.39,1.5,0.6,34.257306417595665,20240306,4565.0,6411060.0,73114318.0,6.78
297890,HB솔루션,1137.0,3319.0,4.39,1.5,0.6,34.257306417595665,20240307,4430.0,2205510.0,73114318.0,-2.96
297890,HB솔루션,1137.0,3319.0,4.39,1.5,0.6,34.257306417595665,20240308,4340.0,1511119.0,73114318.0,-2.03
