종목코드,종목명,EPS,BPS,PER,PBR,배당수익률,ROE,날짜,종가,거래량,상장주식수,등락률
440290,HB인베스트먼트,444.0,2922.0,5.01,0.76,0.0,15.195071868583163,20240304,3240.0,211721.0,26867010.0,-1.52
440290,HB인베스트먼트,444.0,2922.0,5.01,0.76,0.0,15.195071868583163,20240305,3145.0,242231.0,26867010.0,-2.93
440290,HB인베스트먼트,444.0,2922.0,5.01,0.76,0.0,15.195071868583163,20240306,3110.0,171749.0,26867010.0,-1.11
440290,HB인베스트먼트,444.0,2922.0,5.01,0.76,0.0,15.195071868583163,20240307,3095.0,144632.0,26867010.0,-0.48
440290,HB인베스트먼트,444.0,2922.0,5.01,0.76,0.0,15.195071868583163,20240308,3110.0,137487.0,26867010.0,0.48
