종목코드,종목명,EPS,BPS,PER,PBR,배당수익률,ROE,날짜,종가,거래량,상장주식수,등락률
078150,HB테크놀러지,983.0,3503.0,3.3,0.92,0.62,28.061661433057377,20240304,2255.0,1548835.0,92715916.0,2.73
078150,HB테크놀러지,983.0,3503.0,3.3,0.92,0.62,28.061661433057377,20240305,2225.0,710564.0,92715916.0,-1.33
078150,HB테크놀러지,983.0,3503.0,3.3,0.92,0.62,28.061661433057377,20240306,2235.0,697497.0,92715916.0,0.45
078150,HB테크놀러지,983.0,3503.0,3.3,0.92,0.62,28.061661433057377,20240307,2195.0,1152908.0,92715916.0,-1.79
078150,HB테크놀러지,983.0,3503.0,3.3,0.92,0.62,28.061661433057377,20240308,2190.0,1011053.0,92715916.0,-0.23
