종목코드,종목명,EPS,BPS,PER,PBR,배당수익률,ROE,날짜,종가,거래량,상장주식수,등락률
012630,HDC,2147.0,49804.0,4.55,0.2,3.07,4.310898722994137,20240304,8000.0,122489.0,59741721.0,-1.11
012630,HDC,2147.0,49804.0,4.55,0.2,3.07,4.310898722994137,20240305,8030.0,117428.0,59741721.0,0.38
012630,HDC,2147.0,49804.0,4.55,0.2,3.07,4.310898722994137,20240306,7970.0,122227.0,59741721.0,-0.75
012630,HDC,2147.0,49804.0,4.55,0.2,3.07,4.310898722994137,20240307,7880.0,117633.0,59741721.0,-1.13
012630,HDC,2147.0,49804.0,4.55,0.2,3.07,4.310898722994137,20240308,7800.0,163037.0,59741721.0,-1.02
