종목코드,종목명,EPS,BPS,PER,PBR,배당수익률,ROE,날짜,종가,거래량,상장주식수,등락률
294870,HDC현대산업개발,2678.0,46876.0,8.94,0.51,2.92,5.712944790511136,20240304,19690.0,320025.0,65907330.0,-0.91
294870,HDC현대산업개발,2678.0,46876.0,8.94,0.51,2.92,5.712944790511136,20240305,19500.0,231963.0,65907330.0,-0.96
294870,HDC현대산업개발,2678.0,46876.0,8.94,0.51,2.92,5.712944790511136,20240306,19070.0,261642.0,65907330.0,-2.21
294870,HDC현대산업개발,2678.0,46876.0,8.94,0.51,2.92,5.712944790511136,20240307,18560.0,334411.0,65907330.0,-2.67
294870,HDC현대산업개발,2678.0,46876.0,8.94,0.51,2.92,5.712944790511136,20240308,18550.0,383494.0,65907330.0,-0.05
