종목코드,종목명,EPS,BPS,PER,PBR,배당수익률,ROE,날짜,종가,거래량,상장주식수,등락률
089470,HDC현대EP,759.0,11685.0,5.69,0.37,3.24,6.495507060333761,20240304,5150.0,2084916.0,31900000.0,16.52
089470,HDC현대EP,759.0,11685.0,5.69,0.37,3.24,6.495507060333761,20240305,4945.0,353044.0,31900000.0,-3.98
089470,HDC현대EP,759.0,11685.0,5.69,0.37,3.24,6.495507060333761,20240306,4890.0,196352.0,31900000.0,-1.11
089470,HDC현대EP,759.0,11685.0,5.69,0.37,3.24,6.495507060333761,20240307,4840.0,129594.0,31900000.0,-1.02
089470,HDC현대EP,759.0,11685.0,5.69,0.37,3.24,6.495507060333761,20240308,4755.0,125155.0,31900000.0,-1.76
