종목코드,종목명,EPS,BPS,PER,PBR,배당수익률,ROE,날짜,종가,거래량,상장주식수,등락률
267250,HD현대,3743.0,103689.0,22.42,0.81,4.41,3.6098332513574247,20240304,69500.0,161526.0,78993085.0,-1.7
267250,HD현대,3743.0,103689.0,22.42,0.81,4.41,3.6098332513574247,20240305,69000.0,122874.0,78993085.0,-0.72
267250,HD현대,3743.0,103689.0,22.42,0.81,4.41,3.6098332513574247,20240306,68400.0,168750.0,78993085.0,-0.87
267250,HD현대,3743.0,103689.0,22.42,0.81,4.41,3.6098332513574247,20240307,69800.0,212147.0,78993085.0,2.05
267250,HD현대,3743.0,103689.0,22.42,0.81,4.41,3.6098332513574247,20240308,69000.0,176133.0,78993085.0,-1.15
