종목코드,종목명,EPS,BPS,PER,PBR,배당수익률,ROE,날짜,종가,거래량,상장주식수,등락률
267270,HD현대건설기계,7659.0,86604.0,7.98,0.71,1.15,8.84370236940557,20240304,54800.0,203001.0,19700793.0,1.86
267270,HD현대건설기계,7659.0,86604.0,7.98,0.71,1.15,8.84370236940557,20240305,53900.0,141948.0,19700793.0,-1.64
267270,HD현대건설기계,7659.0,86604.0,7.98,0.71,1.15,8.84370236940557,20240306,52800.0,202896.0,19700793.0,-2.04
267270,HD현대건설기계,7659.0,86604.0,7.98,0.71,1.15,8.84370236940557,20240307,51700.0,144335.0,19700793.0,-2.08
267270,HD현대건설기계,7659.0,86604.0,7.98,0.71,1.15,8.84370236940557,20240308,52900.0,125783.0,19700793.0,2.32
