종목코드,종목명,EPS,BPS,PER,PBR,배당수익률,ROE,날짜,종가,거래량,상장주식수,등락률
195940,HK이노엔,1666.0,42487.0,24.46,0.96,0.86,3.921199425706687,20240304,37850.0,129308.0,28329891.0,-1.17
195940,HK이노엔,1666.0,42487.0,24.46,0.96,0.86,3.921199425706687,20240305,38800.0,154438.0,28329891.0,2.51
195940,HK이노엔,1666.0,42487.0,24.46,0.96,0.86,3.921199425706687,20240306,39000.0,145761.0,28329891.0,0.52
195940,HK이노엔,1666.0,42487.0,24.46,0.96,0.86,3.921199425706687,20240307,37750.0,177153.0,28329891.0,-3.21
195940,HK이노엔,1666.0,42487.0,24.46,0.96,0.86,3.921199425706687,20240308,37300.0,262153.0,28329891.0,-1.19
