종목코드,종목명,EPS,BPS,PER,PBR,배당수익률,ROE,날짜,종가,거래량,상장주식수,등락률
060980,HL홀딩스,5237.0,105173.0,6.37,0.32,6.0,4.979414868835157,20240304,34750.0,17362.0,10169410.0,0.29
060980,HL홀딩스,5237.0,105173.0,6.37,0.32,6.0,4.979414868835157,20240305,34650.0,17578.0,10169410.0,-0.29
060980,HL홀딩스,5237.0,105173.0,6.37,0.32,6.0,4.979414868835157,20240306,34450.0,24067.0,10169410.0,-0.58
060980,HL홀딩스,5237.0,105173.0,6.37,0.32,6.0,4.979414868835157,20240307,34350.0,22550.0,10169410.0,-0.29
060980,HL홀딩스,5237.0,105173.0,6.37,0.32,6.0,4.979414868835157,20240308,34500.0,15249.0,10169410.0,0.44
