종목코드,종목명,EPS,BPS,PER,PBR,배당수익률,ROE,날짜,종가,거래량,상장주식수,등락률
403870,HPSP,990.0,3350.0,31.72,9.37,0.48,29.55223880597015,20240304,56000.0,5427822.0,82934144.0,8.95
403870,HPSP,990.0,3350.0,31.72,9.37,0.48,29.55223880597015,20240305,55700.0,1503485.0,82934144.0,-0.54
403870,HPSP,990.0,3350.0,31.72,9.37,0.48,29.55223880597015,20240306,58000.0,2182956.0,82934144.0,4.13
403870,HPSP,990.0,3350.0,31.72,9.37,0.48,29.55223880597015,20240307,56900.0,1708455.0,82934144.0,-1.9
403870,HPSP,990.0,3350.0,31.72,9.37,0.48,29.55223880597015,20240308,54800.0,2260537.0,82934144.0,-3.69
