종목코드,종목명,EPS,BPS,PER,PBR,배당수익률,ROE,날짜,종가,거래량,상장주식수,등락률
035000,HS애드,1000.0,11276.0,6.3,0.56,7.14,8.86839304717985,20240304,6280.0,8697.0,16567409.0,0.16
035000,HS애드,1000.0,11276.0,6.3,0.56,7.14,8.86839304717985,20240305,6290.0,11155.0,16567409.0,0.16
035000,HS애드,1000.0,11276.0,6.3,0.56,7.14,8.86839304717985,20240306,6290.0,8231.0,16567409.0,0.0
035000,HS애드,1000.0,11276.0,6.3,0.56,7.14,8.86839304717985,20240307,6280.0,13733.0,16567409.0,-0.16
035000,HS애드,1000.0,11276.0,6.3,0.56,7.14,8.86839304717985,20240308,6290.0,14180.0,16567409.0,0.16
