종목코드,종목명,EPS,BPS,PER,PBR,배당수익률,ROE,날짜,종가,거래량,상장주식수,등락률
052220,iMBC,90.0,2544.0,36.11,1.28,0.0,3.5377358490566038,20240304,3270.0,155601.0,23000000.0,-1.21
052220,iMBC,90.0,2544.0,36.11,1.28,0.0,3.5377358490566038,20240305,3235.0,133052.0,23000000.0,-1.07
052220,iMBC,90.0,2544.0,36.11,1.28,0.0,3.5377358490566038,20240306,3240.0,57555.0,23000000.0,0.15
052220,iMBC,90.0,2544.0,36.11,1.28,0.0,3.5377358490566038,20240307,3170.0,169890.0,23000000.0,-2.16
052220,iMBC,90.0,2544.0,36.11,1.28,0.0,3.5377358490566038,20240308,3195.0,77717.0,23000000.0,0.79
