종목코드,종목명,EPS,BPS,PER,PBR,배당수익률,ROE,날짜,종가,거래량,상장주식수,등락률
001060,JW중외제약,1504.0,10784.0,21.21,2.96,1.25,13.94658753709199,20240304,33000.0,109149.0,23285930.0,0.3
001060,JW중외제약,1504.0,10784.0,21.21,2.96,1.25,13.94658753709199,20240305,32400.0,176346.0,23285930.0,-1.82
001060,JW중외제약,1504.0,10784.0,21.21,2.96,1.25,13.94658753709199,20240306,32300.0,90586.0,23285930.0,-0.31
001060,JW중외제약,1504.0,10784.0,21.21,2.96,1.25,13.94658753709199,20240307,33000.0,185758.0,23285930.0,2.17
001060,JW중외제약,1504.0,10784.0,21.21,2.96,1.25,13.94658753709199,20240308,33300.0,157841.0,23285930.0,0.91
