종목코드,종목명,EPS,BPS,PER,PBR,배당수익률,ROE,날짜,종가,거래량,상장주식수,등락률
096760,JW홀딩스,266.0,1716.0,11.99,1.86,3.29,15.5011655011655,20240304,3320.0,57290.0,73924942.0,-2.21
096760,JW홀딩스,266.0,1716.0,11.99,1.86,3.29,15.5011655011655,20240305,3305.0,59710.0,73924942.0,-0.45
096760,JW홀딩스,266.0,1716.0,11.99,1.86,3.29,15.5011655011655,20240306,3310.0,38547.0,73924942.0,0.15
096760,JW홀딩스,266.0,1716.0,11.99,1.86,3.29,15.5011655011655,20240307,3270.0,45864.0,73924942.0,-1.21
096760,JW홀딩스,266.0,1716.0,11.99,1.86,3.29,15.5011655011655,20240308,3280.0,18092.0,73924942.0,0.31
