종목코드,종목명,EPS,BPS,PER,PBR,배당수익률,ROE,날짜,종가,거래량,상장주식수,등락률
035900,JYP Ent.,3186.0,11897.0,17.92,4.8,1.01,26.779860469025806,20240304,72200.0,879434.0,35532492.0,-2.04
035900,JYP Ent.,3186.0,11897.0,17.92,4.8,1.01,26.779860469025806,20240305,70800.0,542148.0,35532492.0,-1.94
035900,JYP Ent.,3186.0,11897.0,17.92,4.8,1.01,26.779860469025806,20240306,69300.0,592255.0,35532492.0,-2.12
035900,JYP Ent.,3186.0,11897.0,17.92,4.8,1.01,26.779860469025806,20240307,66600.0,1143468.0,35532492.0,-3.9
035900,JYP Ent.,3186.0,11897.0,17.92,4.8,1.01,26.779860469025806,20240308,67800.0,859695.0,35532492.0,1.8
