종목코드,종목명,EPS,BPS,PER,PBR,배당수익률,ROE,날짜,종가,거래량,상장주식수,등락률
318000,KBG,541.0,4834.0,11.13,1.25,1.66,11.19155978485726,20240304,8300.0,108331.0,8740223.0,-0.6
318000,KBG,541.0,4834.0,11.13,1.25,1.66,11.19155978485726,20240305,8310.0,100582.0,8740223.0,0.12
318000,KBG,541.0,4834.0,11.13,1.25,1.66,11.19155978485726,20240306,8850.0,1214992.0,8740223.0,6.5
318000,KBG,541.0,4834.0,11.13,1.25,1.66,11.19155978485726,20240307,8850.0,1943687.0,8740223.0,0.0
318000,KBG,541.0,4834.0,11.13,1.25,1.66,11.19155978485726,20240308,8710.0,305837.0,8740223.0,-1.58
