종목코드,종목명,EPS,BPS,PER,PBR,배당수익률,ROE,날짜,종가,거래량,상장주식수,등락률
024840,KBI메탈,2.0,3450.0,1097.5,0.64,0.0,0.057971014492753624,20240304,1334.0,34501.0,33952533.0,0.3
024840,KBI메탈,2.0,3450.0,1097.5,0.64,0.0,0.057971014492753624,20240305,1330.0,172631.0,33952533.0,-0.3
024840,KBI메탈,2.0,3450.0,1097.5,0.64,0.0,0.057971014492753624,20240306,1322.0,120071.0,33952533.0,-0.6
024840,KBI메탈,2.0,3450.0,1097.5,0.64,0.0,0.057971014492753624,20240307,1298.0,89422.0,33952533.0,-1.82
024840,KBI메탈,2.0,3450.0,1097.5,0.64,0.0,0.057971014492753624,20240308,1291.0,69837.0,33952533.0,-0.54
