종목코드,종목명,EPS,BPS,PER,PBR,배당수익률,ROE,날짜,종가,거래량,상장주식수,등락률
105560,KB금융,11580.0,150344.0,7.57,0.58,3.49,7.702335976161337,20240304,69000.0,4010440.0,403511072.0,8.66
105560,KB금융,11580.0,150344.0,7.57,0.58,3.49,7.702335976161337,20240305,69500.0,3649003.0,403511072.0,0.72
105560,KB금융,11580.0,150344.0,7.57,0.58,3.49,7.702335976161337,20240306,69800.0,1954067.0,403511072.0,0.43
105560,KB금융,11580.0,150344.0,7.57,0.58,3.49,7.702335976161337,20240307,71200.0,2090836.0,403511072.0,2.01
105560,KB금융,11580.0,150344.0,7.57,0.58,3.49,7.702335976161337,20240308,70900.0,1777459.0,403511072.0,-0.42
