종목코드,종목명,EPS,BPS,PER,PBR,배당수익률,ROE,날짜,종가,거래량,상장주식수,등락률
024120,KB오토시스,92.0,9459.0,45.6,0.44,3.58,0.972618670049688,20240304,4320.0,64698.0,11500000.0,-0.35
024120,KB오토시스,92.0,9459.0,45.6,0.44,3.58,0.972618670049688,20240305,4310.0,29250.0,11500000.0,-0.23
024120,KB오토시스,92.0,9459.0,45.6,0.44,3.58,0.972618670049688,20240306,4340.0,42469.0,11500000.0,0.7
024120,KB오토시스,92.0,9459.0,45.6,0.44,3.58,0.972618670049688,20240307,4270.0,59585.0,11500000.0,-1.61
024120,KB오토시스,92.0,9459.0,45.6,0.44,3.58,0.972618670049688,20240308,4305.0,4449103.0,11500000.0,0.82
