종목코드,종목명,EPS,BPS,PER,PBR,배당수익률,ROE,날짜,종가,거래량,상장주식수,등락률
002380,KCC,28917.0,704004.0,11.29,0.46,2.45,4.107505070993915,20240304,280500.0,54243.0,8886471.0,5.65
002380,KCC,28917.0,704004.0,11.29,0.46,2.45,4.107505070993915,20240305,279000.0,28641.0,8886471.0,-0.53
002380,KCC,28917.0,704004.0,11.29,0.46,2.45,4.107505070993915,20240306,286500.0,50668.0,8886471.0,2.69
002380,KCC,28917.0,704004.0,11.29,0.46,2.45,4.107505070993915,20240307,285000.0,31387.0,8886471.0,-0.52
002380,KCC,28917.0,704004.0,11.29,0.46,2.45,4.107505070993915,20240308,291500.0,44343.0,8886471.0,2.28
