종목코드,종목명,EPS,BPS,PER,PBR,배당수익률,ROE,날짜,종가,거래량,상장주식수,등락률
021320,KCC건설,519.0,22370.0,8.86,0.21,2.83,2.3200715243629864,20240304,4715.0,23661.0,21400000.0,-0.95
021320,KCC건설,519.0,22370.0,8.86,0.21,2.83,2.3200715243629864,20240305,4680.0,11331.0,21400000.0,-0.74
021320,KCC건설,519.0,22370.0,8.86,0.21,2.83,2.3200715243629864,20240306,4610.0,11308.0,21400000.0,-1.5
021320,KCC건설,519.0,22370.0,8.86,0.21,2.83,2.3200715243629864,20240307,4620.0,11374.0,21400000.0,0.22
021320,KCC건설,519.0,22370.0,8.86,0.21,2.83,2.3200715243629864,20240308,4635.0,9418.0,21400000.0,0.32
