종목코드,종목명,EPS,BPS,PER,PBR,배당수익률,ROE,날짜,종가,거래량,상장주식수,등락률
036670,KCI,1022.0,9891.0,6.87,0.71,3.56,10.332625619249823,20240304,7240.0,16493.0,11270000.0,-2.69
036670,KCI,1022.0,9891.0,6.87,0.71,3.56,10.332625619249823,20240305,7290.0,29510.0,11270000.0,0.69
036670,KCI,1022.0,9891.0,6.87,0.71,3.56,10.332625619249823,20240306,7150.0,8323.0,11270000.0,-1.92
036670,KCI,1022.0,9891.0,6.87,0.71,3.56,10.332625619249823,20240307,7250.0,10242.0,11270000.0,1.4
036670,KCI,1022.0,9891.0,6.87,0.71,3.56,10.332625619249823,20240308,7300.0,12529.0,11270000.0,0.69
