종목코드,종목명,EPS,BPS,PER,PBR,배당수익률,ROE,날짜,종가,거래량,상장주식수,등락률
009070,KCTC,897.0,9122.0,6.83,0.67,1.14,9.833369875027406,20240304,4010.0,48432.0,30000000.0,0.5
009070,KCTC,897.0,9122.0,6.83,0.67,1.14,9.833369875027406,20240305,3960.0,48841.0,30000000.0,-1.25
009070,KCTC,897.0,9122.0,6.83,0.67,1.14,9.833369875027406,20240306,3905.0,58705.0,30000000.0,-1.39
009070,KCTC,897.0,9122.0,6.83,0.67,1.14,9.833369875027406,20240307,3840.0,86016.0,30000000.0,-1.66
009070,KCTC,897.0,9122.0,6.83,0.67,1.14,9.833369875027406,20240308,3870.0,33603.0,30000000.0,0.78
