종목코드,종목명,EPS,BPS,PER,PBR,배당수익률,ROE,날짜,종가,거래량,상장주식수,등락률
046440,KG모빌리언스,1176.0,9255.0,4.19,0.53,4.46,12.706645056726092,20240304,5620.0,106373.0,38825568.0,-0.35
046440,KG모빌리언스,1176.0,9255.0,4.19,0.53,4.46,12.706645056726092,20240305,5560.0,72091.0,38825568.0,-1.07
046440,KG모빌리언스,1176.0,9255.0,4.19,0.53,4.46,12.706645056726092,20240306,5450.0,99669.0,38825568.0,-1.98
046440,KG모빌리언스,1176.0,9255.0,4.19,0.53,4.46,12.706645056726092,20240307,5360.0,72712.0,38825568.0,-1.65
046440,KG모빌리언스,1176.0,9255.0,4.19,0.53,4.46,12.706645056726092,20240308,5390.0,44357.0,38825568.0,0.56
