종목코드,종목명,EPS,BPS,PER,PBR,배당수익률,ROE,날짜,종가,거래량,상장주식수,등락률
016380,KG스틸,2342.0,18893.0,2.69,0.33,3.18,12.396125549145186,20240304,7400.0,244151.0,100008897.0,-1.07
016380,KG스틸,2342.0,18893.0,2.69,0.33,3.18,12.396125549145186,20240305,7310.0,325200.0,100008897.0,-1.22
016380,KG스틸,2342.0,18893.0,2.69,0.33,3.18,12.396125549145186,20240306,7210.0,286254.0,100008897.0,-1.37
016380,KG스틸,2342.0,18893.0,2.69,0.33,3.18,12.396125549145186,20240307,7100.0,391440.0,100008897.0,-1.53
016380,KG스틸,2342.0,18893.0,2.69,0.33,3.18,12.396125549145186,20240308,7240.0,552423.0,100008897.0,1.97
