종목코드,종목명,EPS,BPS,PER,PBR,배당수익률,ROE,날짜,종가,거래량,상장주식수,등락률
035600,KG이니시스,2909.0,17862.0,3.5,0.57,4.12,16.28597021610122,20240304,12990.0,173140.0,27904434.0,-1.22
035600,KG이니시스,2909.0,17862.0,3.5,0.57,4.12,16.28597021610122,20240305,13120.0,152567.0,27904434.0,1.0
035600,KG이니시스,2909.0,17862.0,3.5,0.57,4.12,16.28597021610122,20240306,13120.0,120040.0,27904434.0,0.0
035600,KG이니시스,2909.0,17862.0,3.5,0.57,4.12,16.28597021610122,20240307,12380.0,361634.0,27904434.0,-5.64
035600,KG이니시스,2909.0,17862.0,3.5,0.57,4.12,16.28597021610122,20240308,12390.0,126133.0,27904434.0,0.08
