종목코드,종목명,EPS,BPS,PER,PBR,배당수익률,ROE,날짜,종가,거래량,상장주식수,등락률
001390,KG케미칼,1446.0,13412.0,3.13,0.34,2.65,10.781389800178944,20240304,6200.0,401594.0,68469040.0,-2.52
001390,KG케미칼,1446.0,13412.0,3.13,0.34,2.65,10.781389800178944,20240305,6100.0,310825.0,68469040.0,-1.61
001390,KG케미칼,1446.0,13412.0,3.13,0.34,2.65,10.781389800178944,20240306,6140.0,273173.0,68469040.0,0.66
001390,KG케미칼,1446.0,13412.0,3.13,0.34,2.65,10.781389800178944,20240307,6350.0,591640.0,68469040.0,3.42
001390,KG케미칼,1446.0,13412.0,3.13,0.34,2.65,10.781389800178944,20240308,6100.0,533729.0,68469040.0,-3.94
