종목코드,종목명,EPS,BPS,PER,PBR,배당수익률,ROE,날짜,종가,거래량,상장주식수,등락률
058400,KNN,63.0,1622.0,12.35,0.48,2.57,3.884093711467324,20240304,918.0,604500.0,132429720.0,0.11
058400,KNN,63.0,1622.0,12.35,0.48,2.57,3.884093711467324,20240305,922.0,236520.0,132429720.0,0.44
058400,KNN,63.0,1622.0,12.35,0.48,2.57,3.884093711467324,20240306,919.0,316222.0,132429720.0,-0.33
058400,KNN,63.0,1622.0,12.35,0.48,2.57,3.884093711467324,20240307,918.0,203195.0,132429720.0,-0.11
058400,KNN,63.0,1622.0,12.35,0.48,2.57,3.884093711467324,20240308,930.0,217219.0,132429720.0,1.31
