종목코드,종목명,EPS,BPS,PER,PBR,배당수익률,ROE,날짜,종가,거래량,상장주식수,등락률
092230,KPX홀딩스,21366.0,236881.0,2.67,0.24,6.14,9.019718761741128,20240304,57200.0,801.0,4224646.0,0.35
092230,KPX홀딩스,21366.0,236881.0,2.67,0.24,6.14,9.019718761741128,20240305,57400.0,68258.0,4224646.0,0.35
092230,KPX홀딩스,21366.0,236881.0,2.67,0.24,6.14,9.019718761741128,20240306,57200.0,901.0,4224646.0,-0.35
092230,KPX홀딩스,21366.0,236881.0,2.67,0.24,6.14,9.019718761741128,20240307,57300.0,1046.0,4224646.0,0.17
092230,KPX홀딩스,21366.0,236881.0,2.67,0.24,6.14,9.019718761741128,20240308,57700.0,718.0,4224646.0,0.7
