종목코드,종목명,EPS,BPS,PER,PBR,배당수익률,ROE,날짜,종가,거래량,상장주식수,등락률
030200,KT,4043.0,67972.0,9.63,0.57,5.03,5.948037427175896,20240304,38600.0,591873.0,257860760.0,-1.28
030200,KT,4043.0,67972.0,9.63,0.57,5.03,5.948037427175896,20240305,38900.0,649786.0,257860760.0,0.78
030200,KT,4043.0,67972.0,9.63,0.57,5.03,5.948037427175896,20240306,39000.0,469190.0,257860760.0,0.26
030200,KT,4043.0,67972.0,9.63,0.57,5.03,5.948037427175896,20240307,39050.0,392806.0,257860760.0,0.13
030200,KT,4043.0,67972.0,9.63,0.57,5.03,5.948037427175896,20240308,38750.0,565329.0,257860760.0,-0.77
