종목코드,종목명,EPS,BPS,PER,PBR,배당수익률,ROE,날짜,종가,거래량,상장주식수,등락률
058850,KTcs,386.0,5029.0,8.02,0.62,3.23,7.675482203221316,20240304,3860.0,1379502.0,42685000.0,-1.53
058850,KTcs,386.0,5029.0,8.02,0.62,3.23,7.675482203221316,20240305,3800.0,757602.0,42685000.0,-1.55
058850,KTcs,386.0,5029.0,8.02,0.62,3.23,7.675482203221316,20240306,3735.0,579789.0,42685000.0,-1.71
058850,KTcs,386.0,5029.0,8.02,0.62,3.23,7.675482203221316,20240307,3630.0,848937.0,42685000.0,-2.81
058850,KTcs,386.0,5029.0,8.02,0.62,3.23,7.675482203221316,20240308,3690.0,566417.0,42685000.0,1.65
