종목코드,종목명,EPS,BPS,PER,PBR,배당수익률,ROE,날짜,종가,거래량,상장주식수,등락률
052900,KX하이텍,81.0,2123.0,12.9,0.49,0.0,3.8153556288271315,20240304,1420.0,600518.0,55107517.0,0.57
052900,KX하이텍,81.0,2123.0,12.9,0.49,0.0,3.8153556288271315,20240305,1394.0,557229.0,55107517.0,-1.83
052900,KX하이텍,81.0,2123.0,12.9,0.49,0.0,3.8153556288271315,20240306,1377.0,437687.0,55107517.0,-1.22
052900,KX하이텍,81.0,2123.0,12.9,0.49,0.0,3.8153556288271315,20240307,1353.0,358662.0,55107517.0,-1.74
052900,KX하이텍,81.0,2123.0,12.9,0.49,0.0,3.8153556288271315,20240308,1410.0,674568.0,55107517.0,4.21
