종목코드,종목명,EPS,BPS,PER,PBR,배당수익률,ROE,날짜,종가,거래량,상장주식수,등락률
309960,LB인베스트먼트,286.0,5020.0,16.26,0.93,4.3,5.697211155378485,20240304,4340.0,42181.0,23217239.0,0.0
309960,LB인베스트먼트,286.0,5020.0,16.26,0.93,4.3,5.697211155378485,20240305,4320.0,42988.0,23217239.0,-0.46
309960,LB인베스트먼트,286.0,5020.0,16.26,0.93,4.3,5.697211155378485,20240306,4260.0,33111.0,23217239.0,-1.39
309960,LB인베스트먼트,286.0,5020.0,16.26,0.93,4.3,5.697211155378485,20240307,4115.0,68049.0,23217239.0,-3.4
309960,LB인베스트먼트,286.0,5020.0,16.26,0.93,4.3,5.697211155378485,20240308,4115.0,20041.0,23217239.0,0.0
