종목코드,종목명,EPS,BPS,PER,PBR,배당수익률,ROE,날짜,종가,거래량,상장주식수,등락률
003550,LG,8032.0,167498.0,10.56,0.51,3.66,4.795281137685226,20240304,95000.0,282387.0,157300993.0,1.39
003550,LG,8032.0,167498.0,10.56,0.51,3.66,4.795281137685226,20240305,93600.0,205279.0,157300993.0,-1.47
003550,LG,8032.0,167498.0,10.56,0.51,3.66,4.795281137685226,20240306,94300.0,171931.0,157300993.0,0.75
003550,LG,8032.0,167498.0,10.56,0.51,3.66,4.795281137685226,20240307,97300.0,223645.0,157300993.0,3.18
003550,LG,8032.0,167498.0,10.56,0.51,3.66,4.795281137685226,20240308,95200.0,294300.0,157300993.0,-2.16
