종목코드,종목명,EPS,BPS,PER,PBR,배당수익률,ROE,날짜,종가,거래량,상장주식수,등락률
051900,LG생활건강,8513.0,324268.0,41.47,1.09,0.99,2.6252975933487117,20240304,321500.0,74349.0,15618197.0,0.78
051900,LG생활건강,8513.0,324268.0,41.47,1.09,0.99,2.6252975933487117,20240305,333000.0,148211.0,15618197.0,3.58
051900,LG생활건강,8513.0,324268.0,41.47,1.09,0.99,2.6252975933487117,20240306,342000.0,115808.0,15618197.0,2.7
051900,LG생활건강,8513.0,324268.0,41.47,1.09,0.99,2.6252975933487117,20240307,335000.0,73145.0,15618197.0,-2.05
051900,LG생활건강,8513.0,324268.0,41.47,1.09,0.99,2.6252975933487117,20240308,334500.0,57781.0,15618197.0,-0.15
