종목코드,종목명,EPS,BPS,PER,PBR,배당수익률,ROE,날짜,종가,거래량,상장주식수,등락률
373220,LG에너지솔루션,5287.0,86328.0,61.85,3.79,0.0,6.124316560096377,20240304,398500.0,170895.0,234000000.0,-0.75
373220,LG에너지솔루션,5287.0,86328.0,61.85,3.79,0.0,6.124316560096377,20240305,387500.0,240864.0,234000000.0,-2.76
373220,LG에너지솔루션,5287.0,86328.0,61.85,3.79,0.0,6.124316560096377,20240306,387000.0,118343.0,234000000.0,-0.13
373220,LG에너지솔루션,5287.0,86328.0,61.85,3.79,0.0,6.124316560096377,20240307,399500.0,199901.0,234000000.0,3.23
373220,LG에너지솔루션,5287.0,86328.0,61.85,3.79,0.0,6.124316560096377,20240308,402500.0,162446.0,234000000.0,0.75
