종목코드,종목명,EPS,BPS,PER,PBR,배당수익률,ROE,날짜,종가,거래량,상장주식수,등락률
011070,LG이노텍,23884.0,199226.0,10.32,1.24,1.06,11.988395088994409,20240304,205000.0,100807.0,23667107.0,1.49
011070,LG이노텍,23884.0,199226.0,10.32,1.24,1.06,11.988395088994409,20240305,204500.0,80937.0,23667107.0,-0.24
011070,LG이노텍,23884.0,199226.0,10.32,1.24,1.06,11.988395088994409,20240306,186500.0,659730.0,23667107.0,-8.8
011070,LG이노텍,23884.0,199226.0,10.32,1.24,1.06,11.988395088994409,20240307,189100.0,175005.0,23667107.0,1.39
011070,LG이노텍,23884.0,199226.0,10.32,1.24,1.06,11.988395088994409,20240308,188800.0,181259.0,23667107.0,-0.16
