종목코드,종목명,EPS,BPS,PER,PBR,배당수익률,ROE,날짜,종가,거래량,상장주식수,등락률
079550,LIG넥스원,8028.0,48286.0,25.47,4.24,0.95,16.625937124632397,20240304,144700.0,301058.0,22000000.0,1.05
079550,LIG넥스원,8028.0,48286.0,25.47,4.24,0.95,16.625937124632397,20240305,152300.0,866910.0,22000000.0,5.25
079550,LIG넥스원,8028.0,48286.0,25.47,4.24,0.95,16.625937124632397,20240306,168500.0,1236603.0,22000000.0,10.64
079550,LIG넥스원,8028.0,48286.0,25.47,4.24,0.95,16.625937124632397,20240307,177600.0,838886.0,22000000.0,5.4
079550,LIG넥스원,8028.0,48286.0,25.47,4.24,0.95,16.625937124632397,20240308,183300.0,504913.0,22000000.0,3.21
