종목코드,종목명,EPS,BPS,PER,PBR,배당수익률,ROE,날짜,종가,거래량,상장주식수,등락률
000680,LS네트웍스,145.0,7619.0,27.0,0.51,0.0,1.9031368946055913,20240304,4120.0,258444.0,78803016.0,-0.72
000680,LS네트웍스,145.0,7619.0,27.0,0.51,0.0,1.9031368946055913,20240305,4055.0,302625.0,78803016.0,-1.58
000680,LS네트웍스,145.0,7619.0,27.0,0.51,0.0,1.9031368946055913,20240306,4100.0,233133.0,78803016.0,1.11
000680,LS네트웍스,145.0,7619.0,27.0,0.51,0.0,1.9031368946055913,20240307,4010.0,229499.0,78803016.0,-2.2
000680,LS네트웍스,145.0,7619.0,27.0,0.51,0.0,1.9031368946055913,20240308,4055.0,164830.0,78803016.0,1.12
