종목코드,종목명,EPS,BPS,PER,PBR,배당수익률,ROE,날짜,종가,거래량,상장주식수,등락률
108320,LX세미콘,6222.0,60056.0,11.78,1.22,2.46,10.360330358332224,20240304,74100.0,229679.0,16264300.0,-1.46
108320,LX세미콘,6222.0,60056.0,11.78,1.22,2.46,10.360330358332224,20240305,77700.0,224959.0,16264300.0,4.86
108320,LX세미콘,6222.0,60056.0,11.78,1.22,2.46,10.360330358332224,20240306,77900.0,87133.0,16264300.0,0.26
108320,LX세미콘,6222.0,60056.0,11.78,1.22,2.46,10.360330358332224,20240307,77300.0,57691.0,16264300.0,-0.77
108320,LX세미콘,6222.0,60056.0,11.78,1.22,2.46,10.360330358332224,20240308,77500.0,66390.0,16264300.0,0.26
