종목코드,종목명,EPS,BPS,PER,PBR,배당수익률,ROE,날짜,종가,거래량,상장주식수,등락률
108670,LX하우시스,6186.0,83467.0,7.4,0.55,3.72,7.41131225514275,20240304,40100.0,14259.0,8967670.0,-1.96
108670,LX하우시스,6186.0,83467.0,7.4,0.55,3.72,7.41131225514275,20240305,40200.0,15235.0,8967670.0,0.25
108670,LX하우시스,6186.0,83467.0,7.4,0.55,3.72,7.41131225514275,20240306,39550.0,16209.0,8967670.0,-1.62
108670,LX하우시스,6186.0,83467.0,7.4,0.55,3.72,7.41131225514275,20240307,39400.0,16141.0,8967670.0,-0.38
108670,LX하우시스,6186.0,83467.0,7.4,0.55,3.72,7.41131225514275,20240308,39150.0,26854.0,8967670.0,-0.63
