종목코드,종목명,EPS,BPS,PER,PBR,배당수익률,ROE,날짜,종가,거래량,상장주식수,등락률
383800,LX홀딩스,1015.0,21403.0,7.04,0.33,3.78,4.742325842171658,20240304,7120.0,100951.0,76280690.0,2.89
383800,LX홀딩스,1015.0,21403.0,7.04,0.33,3.78,4.742325842171658,20240305,7040.0,87180.0,76280690.0,-1.12
383800,LX홀딩스,1015.0,21403.0,7.04,0.33,3.78,4.742325842171658,20240306,7010.0,57787.0,76280690.0,-0.43
383800,LX홀딩스,1015.0,21403.0,7.04,0.33,3.78,4.742325842171658,20240307,6980.0,80017.0,76280690.0,-0.43
383800,LX홀딩스,1015.0,21403.0,7.04,0.33,3.78,4.742325842171658,20240308,6990.0,106215.0,76280690.0,0.14
