종목코드,종목명,EPS,BPS,PER,PBR,배당수익률,ROE,날짜,종가,거래량,상장주식수,등락률
035420,NAVER,6661.0,154077.0,25.93,1.12,0.7,4.3231630937777865,20240304,192000.0,1186323.0,162408594.0,-1.54
035420,NAVER,6661.0,154077.0,25.93,1.12,0.7,4.3231630937777865,20240305,188700.0,1096733.0,162408594.0,-1.72
035420,NAVER,6661.0,154077.0,25.93,1.12,0.7,4.3231630937777865,20240306,189800.0,876283.0,162408594.0,0.58
035420,NAVER,6661.0,154077.0,25.93,1.12,0.7,4.3231630937777865,20240307,189000.0,775759.0,162408594.0,-0.42
035420,NAVER,6661.0,154077.0,25.93,1.12,0.7,4.3231630937777865,20240308,188000.0,750757.0,162408594.0,-0.53
