종목코드,종목명,EPS,BPS,PER,PBR,배당수익률,ROE,날짜,종가,거래량,상장주식수,등락률
053290,NE능률,65.0,5171.0,53.38,0.67,0.0,1.257010249468188,20240304,5810.0,585695.0,16526307.0,1.93
053290,NE능률,65.0,5171.0,53.38,0.67,0.0,1.257010249468188,20240305,5620.0,418248.0,16526307.0,-3.27
053290,NE능률,65.0,5171.0,53.38,0.67,0.0,1.257010249468188,20240306,5520.0,260578.0,16526307.0,-1.78
053290,NE능률,65.0,5171.0,53.38,0.67,0.0,1.257010249468188,20240307,5400.0,162486.0,16526307.0,-2.17
053290,NE능률,65.0,5171.0,53.38,0.67,0.0,1.257010249468188,20240308,5430.0,143024.0,16526307.0,0.56
