종목코드,종목명,EPS,BPS,PER,PBR,배당수익률,ROE,날짜,종가,거래량,상장주식수,등락률
060250,NHN KCP,913.0,5780.0,9.06,1.43,2.42,15.795847750865052,20240304,13660.0,731812.0,40160611.0,1.56
060250,NHN KCP,913.0,5780.0,9.06,1.43,2.42,15.795847750865052,20240305,14300.0,2118287.0,40160611.0,4.69
060250,NHN KCP,913.0,5780.0,9.06,1.43,2.42,15.795847750865052,20240306,14110.0,1915794.0,40160611.0,-1.33
060250,NHN KCP,913.0,5780.0,9.06,1.43,2.42,15.795847750865052,20240307,12580.0,2545314.0,40160611.0,-10.84
060250,NHN KCP,913.0,5780.0,9.06,1.43,2.42,15.795847750865052,20240308,12750.0,927781.0,40160611.0,1.35
