종목코드,종목명,EPS,BPS,PER,PBR,배당수익률,ROE,날짜,종가,거래량,상장주식수,등락률
030190,NICE평가정보,946.0,6249.0,10.94,1.66,3.96,15.138422147543606,20240304,10670.0,67696.0,60107670.0,-0.28
030190,NICE평가정보,946.0,6249.0,10.94,1.66,3.96,15.138422147543606,20240305,10760.0,256657.0,60107670.0,0.84
030190,NICE평가정보,946.0,6249.0,10.94,1.66,3.96,15.138422147543606,20240306,10670.0,57125.0,60107670.0,-0.84
030190,NICE평가정보,946.0,6249.0,10.94,1.66,3.96,15.138422147543606,20240307,10580.0,64883.0,60107670.0,-0.84
030190,NICE평가정보,946.0,6249.0,10.94,1.66,3.96,15.138422147543606,20240308,10600.0,98719.0,60107670.0,0.19
