종목코드,종목명,EPS,BPS,PER,PBR,배당수익률,ROE,날짜,종가,거래량,상장주식수,등락률
004250,NPC,650.0,8873.0,6.4,0.47,2.4,7.325594500169053,20240304,5060.0,62478.0,36720000.0,1.5
004250,NPC,650.0,8873.0,6.4,0.47,2.4,7.325594500169053,20240305,4985.0,61203.0,36720000.0,-1.48
004250,NPC,650.0,8873.0,6.4,0.47,2.4,7.325594500169053,20240306,4970.0,46979.0,36720000.0,-0.3
004250,NPC,650.0,8873.0,6.4,0.47,2.4,7.325594500169053,20240307,4980.0,69208.0,36720000.0,0.2
004250,NPC,650.0,8873.0,6.4,0.47,2.4,7.325594500169053,20240308,4985.0,43298.0,36720000.0,0.1
