종목코드,종목명,EPS,BPS,PER,PBR,배당수익률,ROE,날짜,종가,거래량,상장주식수,등락률
010060,OCI홀딩스,36540.0,190202.0,2.0,0.38,4.52,19.211154456840625,20240304,95000.0,89318.0,19606262.0,1.06
010060,OCI홀딩스,36540.0,190202.0,2.0,0.38,4.52,19.211154456840625,20240305,93000.0,73923.0,19606262.0,-2.11
010060,OCI홀딩스,36540.0,190202.0,2.0,0.38,4.52,19.211154456840625,20240306,96000.0,129330.0,19606262.0,3.23
010060,OCI홀딩스,36540.0,190202.0,2.0,0.38,4.52,19.211154456840625,20240307,94700.0,47812.0,19606262.0,-1.35
010060,OCI홀딩스,36540.0,190202.0,2.0,0.38,4.52,19.211154456840625,20240308,95300.0,48734.0,19606262.0,0.63
