종목코드,종목명,EPS,BPS,PER,PBR,배당수익률,ROE,날짜,종가,거래량,상장주식수,등락률
024940,PN풍년,231.0,5109.0,18.81,0.85,0.81,4.521432765707575,20240304,5420.0,1614289.0,10000000.0,-6.39
024940,PN풍년,231.0,5109.0,18.81,0.85,0.81,4.521432765707575,20240305,5540.0,1117267.0,10000000.0,2.21
024940,PN풍년,231.0,5109.0,18.81,0.85,0.81,4.521432765707575,20240306,5440.0,328705.0,10000000.0,-1.81
024940,PN풍년,231.0,5109.0,18.81,0.85,0.81,4.521432765707575,20240307,5190.0,527883.0,10000000.0,-4.6
024940,PN풍년,231.0,5109.0,18.81,0.85,0.81,4.521432765707575,20240308,5040.0,331595.0,10000000.0,-2.89
