종목코드,종목명,EPS,BPS,PER,PBR,배당수익률,ROE,날짜,종가,거래량,상장주식수,등락률
218410,RFHIC,671.0,11103.0,19.45,1.18,0.77,6.043411690534089,20240304,16700.0,120725.0,26484442.0,-0.36
218410,RFHIC,671.0,11103.0,19.45,1.18,0.77,6.043411690534089,20240305,16390.0,106489.0,26484442.0,-1.86
218410,RFHIC,671.0,11103.0,19.45,1.18,0.77,6.043411690534089,20240306,15990.0,121757.0,26484442.0,-2.44
218410,RFHIC,671.0,11103.0,19.45,1.18,0.77,6.043411690534089,20240307,15700.0,125088.0,26484442.0,-1.81
218410,RFHIC,671.0,11103.0,19.45,1.18,0.77,6.043411690534089,20240308,15650.0,97017.0,26484442.0,-0.32
