종목코드,종목명,EPS,BPS,PER,PBR,배당수익률,ROE,날짜,종가,거래량,상장주식수,등락률
010950,S-Oil,8149.0,77629.0,8.3,0.87,2.51,10.4973656751987,20240304,75100.0,244435.0,112582792.0,-1.7
010950,S-Oil,8149.0,77629.0,8.3,0.87,2.51,10.4973656751987,20240305,74100.0,127137.0,112582792.0,-1.33
010950,S-Oil,8149.0,77629.0,8.3,0.87,2.51,10.4973656751987,20240306,73900.0,108302.0,112582792.0,-0.27
010950,S-Oil,8149.0,77629.0,8.3,0.87,2.51,10.4973656751987,20240307,73200.0,171844.0,112582792.0,-0.95
010950,S-Oil,8149.0,77629.0,8.3,0.87,2.51,10.4973656751987,20240308,74400.0,195086.0,112582792.0,1.64
