종목코드,종목명,EPS,BPS,PER,PBR,배당수익률,ROE,날짜,종가,거래량,상장주식수,등락률
036120,SCI평가정보,14.0,830.0,167.14,2.82,2.14,1.6867469879518073,20240304,3460.0,92875.0,35500000.0,-1.14
036120,SCI평가정보,14.0,830.0,167.14,2.82,2.14,1.6867469879518073,20240305,3510.0,105382.0,35500000.0,1.45
036120,SCI평가정보,14.0,830.0,167.14,2.82,2.14,1.6867469879518073,20240306,3540.0,152075.0,35500000.0,0.85
036120,SCI평가정보,14.0,830.0,167.14,2.82,2.14,1.6867469879518073,20240307,3520.0,63035.0,35500000.0,-0.56
036120,SCI평가정보,14.0,830.0,167.14,2.82,2.14,1.6867469879518073,20240308,3255.0,582666.0,35500000.0,-7.53
