종목코드,종목명,EPS,BPS,PER,PBR,배당수익률,ROE,날짜,종가,거래량,상장주식수,등락률
040610,SG&G,592.0,10247.0,2.77,0.16,0.0,5.777300673367815,20240304,1707.0,181188.0,34087196.0,2.03
040610,SG&G,592.0,10247.0,2.77,0.16,0.0,5.777300673367815,20240305,1671.0,145645.0,34087196.0,-2.11
040610,SG&G,592.0,10247.0,2.77,0.16,0.0,5.777300673367815,20240306,1677.0,53711.0,34087196.0,0.36
040610,SG&G,592.0,10247.0,2.77,0.16,0.0,5.777300673367815,20240307,1685.0,45915.0,34087196.0,0.48
040610,SG&G,592.0,10247.0,2.77,0.16,0.0,5.777300673367815,20240308,1691.0,51329.0,34087196.0,0.36
