종목코드,종목명,EPS,BPS,PER,PBR,배당수익률,ROE,날짜,종가,거래량,상장주식수,등락률
005090,SGC에너지,2953.0,49925.0,9.19,0.54,6.26,5.9148723084626935,20240304,22950.0,36423.0,14409333.0,-0.86
005090,SGC에너지,2953.0,49925.0,9.19,0.54,6.26,5.9148723084626935,20240305,22750.0,19992.0,14409333.0,-0.87
005090,SGC에너지,2953.0,49925.0,9.19,0.54,6.26,5.9148723084626935,20240306,23200.0,33376.0,14409333.0,1.98
005090,SGC에너지,2953.0,49925.0,9.19,0.54,6.26,5.9148723084626935,20240307,23100.0,14296.0,14409333.0,-0.43
005090,SGC에너지,2953.0,49925.0,9.19,0.54,6.26,5.9148723084626935,20240308,23250.0,14679.0,14409333.0,0.65
