종목코드,종목명,EPS,BPS,PER,PBR,배당수익률,ROE,날짜,종가,거래량,상장주식수,등락률
001380,SG글로벌,449.0,3137.0,5.61,0.8,0.0,14.313037934332165,20240304,1942.0,11730827.0,44964143.0,18.13
001380,SG글로벌,449.0,3137.0,5.61,0.8,0.0,14.313037934332165,20240305,1954.0,1422755.0,44964143.0,0.62
001380,SG글로벌,449.0,3137.0,5.61,0.8,0.0,14.313037934332165,20240306,2055.0,2004812.0,44964143.0,5.17
001380,SG글로벌,449.0,3137.0,5.61,0.8,0.0,14.313037934332165,20240307,2175.0,1196237.0,44964143.0,5.84
001380,SG글로벌,449.0,3137.0,5.61,0.8,0.0,14.313037934332165,20240308,2170.0,1158507.0,44964143.0,-0.23
