종목코드,종목명,EPS,BPS,PER,PBR,배당수익률,ROE,날짜,종가,거래량,상장주식수,등락률
025530,SJM홀딩스,709.0,11504.0,5.11,0.32,6.21,6.1630737134909594,20240304,3955.0,134663.0,14934008.0,-1.62
025530,SJM홀딩스,709.0,11504.0,5.11,0.32,6.21,6.1630737134909594,20240305,3835.0,82094.0,14934008.0,-3.03
025530,SJM홀딩스,709.0,11504.0,5.11,0.32,6.21,6.1630737134909594,20240306,3800.0,61874.0,14934008.0,-0.91
025530,SJM홀딩스,709.0,11504.0,5.11,0.32,6.21,6.1630737134909594,20240307,3790.0,35228.0,14934008.0,-0.26
025530,SJM홀딩스,709.0,11504.0,5.11,0.32,6.21,6.1630737134909594,20240308,3845.0,39556.0,14934008.0,1.45
