종목코드,종목명,EPS,BPS,PER,PBR,배당수익률,ROE,날짜,종가,거래량,상장주식수,등락률
018670,SK가스,35241.0,287583.0,5.05,0.62,4.49,12.25420139577096,20240304,157900.0,11566.0,9230244.0,-0.38
018670,SK가스,35241.0,287583.0,5.05,0.62,4.49,12.25420139577096,20240305,156700.0,6436.0,9230244.0,-0.76
018670,SK가스,35241.0,287583.0,5.05,0.62,4.49,12.25420139577096,20240306,155800.0,3575.0,9230244.0,-0.57
018670,SK가스,35241.0,287583.0,5.05,0.62,4.49,12.25420139577096,20240307,155800.0,13215.0,9230244.0,0.0
018670,SK가스,35241.0,287583.0,5.05,0.62,4.49,12.25420139577096,20240308,155500.0,9959.0,9230244.0,-0.19
