종목코드,종목명,EPS,BPS,PER,PBR,배당수익률,ROE,날짜,종가,거래량,상장주식수,등락률
006120,SK디스커버리,9699.0,150811.0,3.92,0.25,4.47,6.431228491290423,20240304,43550.0,41698.0,19037855.0,-0.34
006120,SK디스커버리,9699.0,150811.0,3.92,0.25,4.47,6.431228491290423,20240305,43150.0,27210.0,19037855.0,-0.92
006120,SK디스커버리,9699.0,150811.0,3.92,0.25,4.47,6.431228491290423,20240306,44850.0,67674.0,19037855.0,3.94
006120,SK디스커버리,9699.0,150811.0,3.92,0.25,4.47,6.431228491290423,20240307,44900.0,36443.0,19037855.0,0.11
006120,SK디스커버리,9699.0,150811.0,3.92,0.25,4.47,6.431228491290423,20240308,44300.0,26565.0,19037855.0,-1.34
