종목코드,종목명,EPS,BPS,PER,PBR,배당수익률,ROE,날짜,종가,거래량,상장주식수,등락률
210980,SK디앤디,4177.0,31495.0,2.24,0.3,8.57,13.262422606762977,20240304,24700.0,0.0,22190164.0,0.0
210980,SK디앤디,4177.0,31495.0,2.24,0.3,8.57,13.262422606762977,20240305,24700.0,0.0,22190164.0,0.0
210980,SK디앤디,4177.0,31495.0,2.24,0.3,8.57,13.262422606762977,20240306,24700.0,0.0,22190164.0,0.0
210980,SK디앤디,4177.0,31495.0,2.24,0.3,8.57,13.262422606762977,20240307,24700.0,0.0,22190164.0,0.0
210980,SK디앤디,4177.0,31495.0,2.24,0.3,8.57,13.262422606762977,20240308,24700.0,0.0,22190164.0,0.0
