종목코드,종목명,EPS,BPS,PER,PBR,배당수익률,ROE,날짜,종가,거래량,상장주식수,등락률
302440,SK바이오사이언스,291.0,22178.0,190.72,2.5,0.0,1.3121111010911715,20240304,60800.0,93652.0,76827750.0,-0.98
302440,SK바이오사이언스,291.0,22178.0,190.72,2.5,0.0,1.3121111010911715,20240305,61200.0,80958.0,76827750.0,0.66
302440,SK바이오사이언스,291.0,22178.0,190.72,2.5,0.0,1.3121111010911715,20240306,60600.0,63068.0,76827750.0,-0.98
302440,SK바이오사이언스,291.0,22178.0,190.72,2.5,0.0,1.3121111010911715,20240307,61400.0,71250.0,76827750.0,1.32
302440,SK바이오사이언스,291.0,22178.0,190.72,2.5,0.0,1.3121111010911715,20240308,62500.0,127038.0,76827750.0,1.79
