종목코드,종목명,EPS,BPS,PER,PBR,배당수익률,ROE,날짜,종가,거래량,상장주식수,등락률
361610,SK아이이테크놀로지,1152.0,33825.0,32.2,1.1,0.0,3.4057649667405765,20240304,72000.0,135826.0,71297592.0,-1.77
361610,SK아이이테크놀로지,1152.0,33825.0,32.2,1.1,0.0,3.4057649667405765,20240305,71800.0,148758.0,71297592.0,-0.28
361610,SK아이이테크놀로지,1152.0,33825.0,32.2,1.1,0.0,3.4057649667405765,20240306,70900.0,134997.0,71297592.0,-1.25
361610,SK아이이테크놀로지,1152.0,33825.0,32.2,1.1,0.0,3.4057649667405765,20240307,71700.0,119170.0,71297592.0,1.13
361610,SK아이이테크놀로지,1152.0,33825.0,32.2,1.1,0.0,3.4057649667405765,20240308,71200.0,150686.0,71297592.0,-0.7
