종목코드,종목명,EPS,BPS,PER,PBR,배당수익률,ROE,날짜,종가,거래량,상장주식수,등락률
100090,SK오션플랜트,1041.0,11734.0,12.28,1.09,0.0,8.871655019601159,20240304,13000.0,263946.0,59195568.0,0.08
100090,SK오션플랜트,1041.0,11734.0,12.28,1.09,0.0,8.871655019601159,20240305,12830.0,201404.0,59195568.0,-1.31
100090,SK오션플랜트,1041.0,11734.0,12.28,1.09,0.0,8.871655019601159,20240306,13070.0,208226.0,59195568.0,1.87
100090,SK오션플랜트,1041.0,11734.0,12.28,1.09,0.0,8.871655019601159,20240307,13030.0,171669.0,59195568.0,-0.31
100090,SK오션플랜트,1041.0,11734.0,12.28,1.09,0.0,8.871655019601159,20240308,13040.0,137036.0,59195568.0,0.08
