종목코드,종목명,EPS,BPS,PER,PBR,배당수익률,ROE,날짜,종가,거래량,상장주식수,등락률
285130,SK케미칼,2072.0,110405.0,24.13,0.45,1.3,1.876726597527286,20240304,68900.0,52637.0,17253783.0,1.47
285130,SK케미칼,2072.0,110405.0,24.13,0.45,1.3,1.876726597527286,20240305,67900.0,22753.0,17253783.0,-1.45
285130,SK케미칼,2072.0,110405.0,24.13,0.45,1.3,1.876726597527286,20240306,69400.0,54871.0,17253783.0,2.21
285130,SK케미칼,2072.0,110405.0,24.13,0.45,1.3,1.876726597527286,20240307,69500.0,28014.0,17253783.0,0.14
285130,SK케미칼,2072.0,110405.0,24.13,0.45,1.3,1.876726597527286,20240308,68800.0,28943.0,17253783.0,-1.01
