종목코드,종목명,EPS,BPS,PER,PBR,배당수익률,ROE,날짜,종가,거래량,상장주식수,등락률
017670,SK텔레콤,4954.0,53545.0,11.02,1.02,6.48,9.252031001960967,20240304,52000.0,517787.0,214790053.0,-1.33
017670,SK텔레콤,4954.0,53545.0,11.02,1.02,6.48,9.252031001960967,20240305,52100.0,381089.0,214790053.0,0.19
017670,SK텔레콤,4954.0,53545.0,11.02,1.02,6.48,9.252031001960967,20240306,52200.0,409942.0,214790053.0,0.19
017670,SK텔레콤,4954.0,53545.0,11.02,1.02,6.48,9.252031001960967,20240307,52100.0,417327.0,214790053.0,-0.19
017670,SK텔레콤,4954.0,53545.0,11.02,1.02,6.48,9.252031001960967,20240308,52500.0,554403.0,214790053.0,0.77
