종목코드,종목명,EPS,BPS,PER,PBR,배당수익률,ROE,날짜,종가,거래량,상장주식수,등락률
064960,SNT모티브,6579.0,72007.0,6.55,0.6,3.71,9.136611718305165,20240304,44750.0,27487.0,14623136.0,0.67
064960,SNT모티브,6579.0,72007.0,6.55,0.6,3.71,9.136611718305165,20240305,44750.0,21038.0,14623136.0,0.0
064960,SNT모티브,6579.0,72007.0,6.55,0.6,3.71,9.136611718305165,20240306,46650.0,56302.0,14623136.0,4.25
064960,SNT모티브,6579.0,72007.0,6.55,0.6,3.71,9.136611718305165,20240307,45600.0,26526.0,14623136.0,-2.25
064960,SNT모티브,6579.0,72007.0,6.55,0.6,3.71,9.136611718305165,20240308,44850.0,23854.0,14623136.0,-1.64
