종목코드,종목명,EPS,BPS,PER,PBR,배당수익률,ROE,날짜,종가,거래량,상장주식수,등락률
100840,SNT에너지,1252.0,15209.0,10.81,0.89,6.65,8.23196791373529,20240304,22550.0,15884.0,7506711.0,-0.66
100840,SNT에너지,1252.0,15209.0,10.81,0.89,6.65,8.23196791373529,20240305,22800.0,23825.0,7506711.0,1.11
100840,SNT에너지,1252.0,15209.0,10.81,0.89,6.65,8.23196791373529,20240306,22500.0,20032.0,7506711.0,-1.32
100840,SNT에너지,1252.0,15209.0,10.81,0.89,6.65,8.23196791373529,20240307,21550.0,45245.0,7506711.0,-4.22
100840,SNT에너지,1252.0,15209.0,10.81,0.89,6.65,8.23196791373529,20240308,21700.0,21501.0,7506711.0,0.7
