종목코드,종목명,EPS,BPS,PER,PBR,배당수익률,ROE,날짜,종가,거래량,상장주식수,등락률
005610,SPC삼립,6197.0,51697.0,8.73,1.05,3.14,11.987155927810123,20240304,58900.0,3520.0,8629009.0,-0.17
005610,SPC삼립,6197.0,51697.0,8.73,1.05,3.14,11.987155927810123,20240305,58500.0,4755.0,8629009.0,-0.68
005610,SPC삼립,6197.0,51697.0,8.73,1.05,3.14,11.987155927810123,20240306,58100.0,4849.0,8629009.0,-0.68
005610,SPC삼립,6197.0,51697.0,8.73,1.05,3.14,11.987155927810123,20240307,57200.0,8314.0,8629009.0,-1.55
005610,SPC삼립,6197.0,51697.0,8.73,1.05,3.14,11.987155927810123,20240308,57200.0,6252.0,8629009.0,0.0
