종목코드,종목명,EPS,BPS,PER,PBR,배당수익률,ROE,날짜,종가,거래량,상장주식수,등락률
071970,STX중공업,1108.0,7893.0,21.71,3.05,0.0,14.037754972760673,20240304,10110.0,190459.0,28552669.0,-4.08
071970,STX중공업,1108.0,7893.0,21.71,3.05,0.0,14.037754972760673,20240305,10010.0,128109.0,28552669.0,-0.99
071970,STX중공업,1108.0,7893.0,21.71,3.05,0.0,14.037754972760673,20240306,10120.0,78935.0,28552669.0,1.1
071970,STX중공업,1108.0,7893.0,21.71,3.05,0.0,14.037754972760673,20240307,10070.0,62611.0,28552669.0,-0.49
071970,STX중공업,1108.0,7893.0,21.71,3.05,0.0,14.037754972760673,20240308,10050.0,72405.0,28552669.0,-0.2
