종목코드,종목명,EPS,BPS,PER,PBR,배당수익률,ROE,날짜,종가,거래량,상장주식수,등락률
289080,SV인베스트먼트,65.0,1322.0,29.55,1.45,1.04,4.9167927382753405,20240304,2330.0,2098011.0,53234000.0,1.97
289080,SV인베스트먼트,65.0,1322.0,29.55,1.45,1.04,4.9167927382753405,20240305,2255.0,953944.0,53234000.0,-3.22
289080,SV인베스트먼트,65.0,1322.0,29.55,1.45,1.04,4.9167927382753405,20240306,2240.0,573431.0,53234000.0,-0.67
289080,SV인베스트먼트,65.0,1322.0,29.55,1.45,1.04,4.9167927382753405,20240307,2175.0,655074.0,53234000.0,-2.9
289080,SV인베스트먼트,65.0,1322.0,29.55,1.45,1.04,4.9167927382753405,20240308,2230.0,383533.0,53234000.0,2.53
