종목코드,종목명,EPS,BPS,PER,PBR,배당수익률,ROE,날짜,종가,거래량,상장주식수,등락률
069260,TKG휴켐스,3512.0,21904.0,5.44,0.87,5.24,16.033601168736304,20240304,19930.0,83262.0,40878588.0,-0.6
069260,TKG휴켐스,3512.0,21904.0,5.44,0.87,5.24,16.033601168736304,20240305,19960.0,80975.0,40878588.0,0.15
069260,TKG휴켐스,3512.0,21904.0,5.44,0.87,5.24,16.033601168736304,20240306,19780.0,84698.0,40878588.0,-0.9
069260,TKG휴켐스,3512.0,21904.0,5.44,0.87,5.24,16.033601168736304,20240307,19920.0,68415.0,40878588.0,0.71
069260,TKG휴켐스,3512.0,21904.0,5.44,0.87,5.24,16.033601168736304,20240308,19910.0,58673.0,40878588.0,-0.05
