종목코드,종목명,EPS,BPS,PER,PBR,배당수익률,ROE,날짜,종가,거래량,상장주식수,등락률
051390,YW,622.0,9444.0,5.93,0.39,5.42,6.586192291401948,20240304,3800.0,15358.0,11355368.0,0.4
051390,YW,622.0,9444.0,5.93,0.39,5.42,6.586192291401948,20240305,3750.0,22570.0,11355368.0,-1.32
051390,YW,622.0,9444.0,5.93,0.39,5.42,6.586192291401948,20240306,3790.0,22967.0,11355368.0,1.07
051390,YW,622.0,9444.0,5.93,0.39,5.42,6.586192291401948,20240307,3790.0,12196.0,11355368.0,0.0
051390,YW,622.0,9444.0,5.93,0.39,5.42,6.586192291401948,20240308,3790.0,15118.0,11355368.0,0.0
