종목코드,종목명,EPS,BPS,PER,PBR,배당수익률,ROE,날짜,종가,거래량,상장주식수,등락률
079940,가비아,1241.0,11137.0,11.57,1.29,0.56,11.143036724432074,20240304,18110.0,72857.0,13535684.0,2.43
079940,가비아,1241.0,11137.0,11.57,1.29,0.56,11.143036724432074,20240305,17670.0,70290.0,13535684.0,-2.43
079940,가비아,1241.0,11137.0,11.57,1.29,0.56,11.143036724432074,20240306,17170.0,71865.0,13535684.0,-2.83
079940,가비아,1241.0,11137.0,11.57,1.29,0.56,11.143036724432074,20240307,16590.0,144071.0,13535684.0,-3.38
079940,가비아,1241.0,11137.0,11.57,1.29,0.56,11.143036724432074,20240308,16440.0,91584.0,13535684.0,-0.9
