종목코드,종목명,EPS,BPS,PER,PBR,배당수익률,ROE,날짜,종가,거래량,상장주식수,등락률
000500,가온전선,2907.0,46434.0,14.1,0.88,0.0,6.260498772451221,20240304,24750.0,143015.0,7357946.0,2.48
000500,가온전선,2907.0,46434.0,14.1,0.88,0.0,6.260498772451221,20240305,27400.0,1471689.0,7357946.0,10.71
000500,가온전선,2907.0,46434.0,14.1,0.88,0.0,6.260498772451221,20240306,27150.0,409162.0,7357946.0,-0.91
000500,가온전선,2907.0,46434.0,14.1,0.88,0.0,6.260498772451221,20240307,26600.0,150438.0,7357946.0,-2.03
000500,가온전선,2907.0,46434.0,14.1,0.88,0.0,6.260498772451221,20240308,28100.0,423700.0,7357946.0,5.64
