종목코드,종목명,EPS,BPS,PER,PBR,배당수익률,ROE,날짜,종가,거래량,상장주식수,등락률
036620,감성코퍼레이션,268.0,859.0,13.04,4.07,0.0,31.199068684516877,20240304,2930.0,1231176.0,90688576.0,0.0
036620,감성코퍼레이션,268.0,859.0,13.04,4.07,0.0,31.199068684516877,20240305,2860.0,681971.0,90688576.0,-2.39
036620,감성코퍼레이션,268.0,859.0,13.04,4.07,0.0,31.199068684516877,20240306,2875.0,1355479.0,90688576.0,0.52
036620,감성코퍼레이션,268.0,859.0,13.04,4.07,0.0,31.199068684516877,20240307,2770.0,763365.0,90688576.0,-3.65
036620,감성코퍼레이션,268.0,859.0,13.04,4.07,0.0,31.199068684516877,20240308,2950.0,803564.0,90688576.0,6.5
