종목코드,종목명,EPS,BPS,PER,PBR,배당수익률,ROE,날짜,종가,거래량,상장주식수,등락률
000860,강남제비스코,2541.0,93917.0,10.68,0.29,1.84,2.705580459341759,20240304,22250.0,13961.0,6500000.0,0.68
000860,강남제비스코,2541.0,93917.0,10.68,0.29,1.84,2.705580459341759,20240305,22550.0,16932.0,6500000.0,1.35
000860,강남제비스코,2541.0,93917.0,10.68,0.29,1.84,2.705580459341759,20240306,22700.0,40430.0,6500000.0,0.67
000860,강남제비스코,2541.0,93917.0,10.68,0.29,1.84,2.705580459341759,20240307,22500.0,21039.0,6500000.0,-0.88
000860,강남제비스코,2541.0,93917.0,10.68,0.29,1.84,2.705580459341759,20240308,22300.0,12827.0,6500000.0,-0.89
