종목코드,종목명,EPS,BPS,PER,PBR,배당수익률,ROE,날짜,종가,거래량,상장주식수,등락률
114190,강원에너지,168.0,1494.0,76.01,8.55,0.0,11.244979919678714,20240304,21000.0,559240.0,26123038.0,4.74
114190,강원에너지,168.0,1494.0,76.01,8.55,0.0,11.244979919678714,20240305,20550.0,512807.0,26123038.0,-2.14
114190,강원에너지,168.0,1494.0,76.01,8.55,0.0,11.244979919678714,20240306,20000.0,345067.0,26123038.0,-2.68
114190,강원에너지,168.0,1494.0,76.01,8.55,0.0,11.244979919678714,20240307,20600.0,576694.0,26123038.0,3.0
114190,강원에너지,168.0,1494.0,76.01,8.55,0.0,11.244979919678714,20240308,19560.0,415957.0,26123038.0,-5.05
