종목코드,종목명,EPS,BPS,PER,PBR,배당수익률,ROE,날짜,종가,거래량,상장주식수,등락률
011420,갤럭시아에스엠,97.0,2713.0,27.89,1.0,0.0,3.5753778105418355,20240304,3035.0,2079725.0,27549644.0,-4.71
011420,갤럭시아에스엠,97.0,2713.0,27.89,1.0,0.0,3.5753778105418355,20240305,3060.0,24312623.0,27549644.0,0.82
011420,갤럭시아에스엠,97.0,2713.0,27.89,1.0,0.0,3.5753778105418355,20240306,2905.0,2581587.0,27549644.0,-5.07
011420,갤럭시아에스엠,97.0,2713.0,27.89,1.0,0.0,3.5753778105418355,20240307,2730.0,1517202.0,27549644.0,-6.02
011420,갤럭시아에스엠,97.0,2713.0,27.89,1.0,0.0,3.5753778105418355,20240308,2755.0,947498.0,27549644.0,0.92
