종목코드,종목명,EPS,BPS,PER,PBR,배당수익률,ROE,날짜,종가,거래량,상장주식수,등락률
267290,경동도시가스,5196.0,71387.0,3.72,0.27,4.53,7.2786361662487575,20240304,19440.0,6633.0,5895406.0,0.21
267290,경동도시가스,5196.0,71387.0,3.72,0.27,4.53,7.2786361662487575,20240305,19360.0,15579.0,5895406.0,-0.41
267290,경동도시가스,5196.0,71387.0,3.72,0.27,4.53,7.2786361662487575,20240306,19310.0,7999.0,5895406.0,-0.26
267290,경동도시가스,5196.0,71387.0,3.72,0.27,4.53,7.2786361662487575,20240307,19330.0,4616.0,5895406.0,0.1
267290,경동도시가스,5196.0,71387.0,3.72,0.27,4.53,7.2786361662487575,20240308,19320.0,6140.0,5895406.0,-0.05
