종목코드,종목명,EPS,BPS,PER,PBR,배당수익률,ROE,날짜,종가,거래량,상장주식수,등락률
009450,경동나비엔,5753.0,40448.0,10.22,1.45,0.94,14.223200158227847,20240304,56000.0,70752.0,14568592.0,5.66
009450,경동나비엔,5753.0,40448.0,10.22,1.45,0.94,14.223200158227847,20240305,55200.0,24460.0,14568592.0,-1.43
009450,경동나비엔,5753.0,40448.0,10.22,1.45,0.94,14.223200158227847,20240306,53600.0,22364.0,14568592.0,-2.9
009450,경동나비엔,5753.0,40448.0,10.22,1.45,0.94,14.223200158227847,20240307,54200.0,27317.0,14568592.0,1.12
009450,경동나비엔,5753.0,40448.0,10.22,1.45,0.94,14.223200158227847,20240308,53500.0,17716.0,14568592.0,-1.29
