종목코드,종목명,EPS,BPS,PER,PBR,배당수익률,ROE,날짜,종가,거래량,상장주식수,등락률
214390,경보제약,124.0,6039.0,60.0,1.23,0.67,2.053320086106971,20240304,7380.0,31575.0,23906860.0,-0.54
214390,경보제약,124.0,6039.0,60.0,1.23,0.67,2.053320086106971,20240305,7230.0,36153.0,23906860.0,-2.03
214390,경보제약,124.0,6039.0,60.0,1.23,0.67,2.053320086106971,20240306,7170.0,26991.0,23906860.0,-0.83
214390,경보제약,124.0,6039.0,60.0,1.23,0.67,2.053320086106971,20240307,7150.0,28168.0,23906860.0,-0.28
214390,경보제약,124.0,6039.0,60.0,1.23,0.67,2.053320086106971,20240308,7250.0,35757.0,23906860.0,1.4
