종목코드,종목명,EPS,BPS,PER,PBR,배당수익률,ROE,날짜,종가,거래량,상장주식수,등락률
012320,경동인베스트,9133.0,212135.0,8.73,0.38,0.94,4.305277299832653,20240304,66200.0,14001.0,2365023.0,-1.19
012320,경동인베스트,9133.0,212135.0,8.73,0.38,0.94,4.305277299832653,20240305,66900.0,13804.0,2365023.0,1.06
012320,경동인베스트,9133.0,212135.0,8.73,0.38,0.94,4.305277299832653,20240306,65500.0,9548.0,2365023.0,-2.09
012320,경동인베스트,9133.0,212135.0,8.73,0.38,0.94,4.305277299832653,20240307,63900.0,9285.0,2365023.0,-2.44
012320,경동인베스트,9133.0,212135.0,8.73,0.38,0.94,4.305277299832653,20240308,63600.0,9919.0,2365023.0,-0.47
