종목코드,종목명,EPS,BPS,PER,PBR,배당수익률,ROE,날짜,종가,거래량,상장주식수,등락률
013580,계룡건설,5334.0,90108.0,2.83,0.17,2.65,5.919563190837661,20240304,14810.0,8865.0,8930907.0,0.0
013580,계룡건설,5334.0,90108.0,2.83,0.17,2.65,5.919563190837661,20240305,14680.0,14538.0,8930907.0,-0.88
013580,계룡건설,5334.0,90108.0,2.83,0.17,2.65,5.919563190837661,20240306,14430.0,11544.0,8930907.0,-1.7
013580,계룡건설,5334.0,90108.0,2.83,0.17,2.65,5.919563190837661,20240307,14280.0,22081.0,8930907.0,-1.04
013580,계룡건설,5334.0,90108.0,2.83,0.17,2.65,5.919563190837661,20240308,14330.0,9782.0,8930907.0,0.35
