종목코드,종목명,EPS,BPS,PER,PBR,배당수익률,ROE,날짜,종가,거래량,상장주식수,등락률
002140,고려산업,137.0,4348.0,20.11,0.63,0.91,3.150873965041398,20240304,3130.0,78256.0,24939425.0,0.0
002140,고려산업,137.0,4348.0,20.11,0.63,0.91,3.150873965041398,20240305,3080.0,88605.0,24939425.0,-1.6
002140,고려산업,137.0,4348.0,20.11,0.63,0.91,3.150873965041398,20240306,3055.0,76887.0,24939425.0,-0.81
002140,고려산업,137.0,4348.0,20.11,0.63,0.91,3.150873965041398,20240307,3030.0,95201.0,24939425.0,-0.82
002140,고려산업,137.0,4348.0,20.11,0.63,0.91,3.150873965041398,20240308,3035.0,48509.0,24939425.0,0.17
