종목코드,종목명,EPS,BPS,PER,PBR,배당수익률,ROE,날짜,종가,거래량,상장주식수,등락률
002240,고려제강,2859.0,67120.0,7.08,0.3,1.73,4.25953516090584,20240304,22550.0,134146.0,25000000.0,-0.66
002240,고려제강,2859.0,67120.0,7.08,0.3,1.73,4.25953516090584,20240305,22100.0,119246.0,25000000.0,-2.0
002240,고려제강,2859.0,67120.0,7.08,0.3,1.73,4.25953516090584,20240306,21900.0,83871.0,25000000.0,-0.9
002240,고려제강,2859.0,67120.0,7.08,0.3,1.73,4.25953516090584,20240307,21650.0,60104.0,25000000.0,-1.14
002240,고려제강,2859.0,67120.0,7.08,0.3,1.73,4.25953516090584,20240308,21700.0,51104.0,25000000.0,0.23
