종목코드,종목명,EPS,BPS,PER,PBR,배당수익률,ROE,날짜,종가,거래량,상장주식수,등락률
049720,고려신용정보,846.0,3279.0,12.42,3.21,3.62,25.800548947849954,20240304,10530.0,91882.0,14300000.0,0.29
049720,고려신용정보,846.0,3279.0,12.42,3.21,3.62,25.800548947849954,20240305,10790.0,116241.0,14300000.0,2.47
049720,고려신용정보,846.0,3279.0,12.42,3.21,3.62,25.800548947849954,20240306,10750.0,109854.0,14300000.0,-0.37
049720,고려신용정보,846.0,3279.0,12.42,3.21,3.62,25.800548947849954,20240307,10700.0,59672.0,14300000.0,-0.47
049720,고려신용정보,846.0,3279.0,12.42,3.21,3.62,25.800548947849954,20240308,10600.0,77684.0,14300000.0,-0.93
