종목코드,종목명,EPS,BPS,PER,PBR,배당수익률,ROE,날짜,종가,거래량,상장주식수,등락률
098460,고영,328.0,4654.0,34.42,2.43,1.24,7.047700902449505,20240304,21900.0,15895006.0,68654755.0,14.0
098460,고영,328.0,4654.0,34.42,2.43,1.24,7.047700902449505,20240305,21250.0,3898890.0,68654755.0,-2.97
098460,고영,328.0,4654.0,34.42,2.43,1.24,7.047700902449505,20240306,21250.0,2540908.0,68654755.0,0.0
098460,고영,328.0,4654.0,34.42,2.43,1.24,7.047700902449505,20240307,20250.0,3859741.0,68654755.0,-4.71
098460,고영,328.0,4654.0,34.42,2.43,1.24,7.047700902449505,20240308,20900.0,4519474.0,68654755.0,3.21
