종목코드,종목명,EPS,BPS,PER,PBR,배당수익률,ROE,날짜,종가,거래량,상장주식수,등락률
121440,골프존뉴딘홀딩스,891.0,16929.0,4.11,0.22,4.56,5.263157894736842,20240304,4010.0,96063.0,42836818.0,1.13
121440,골프존뉴딘홀딩스,891.0,16929.0,4.11,0.22,4.56,5.263157894736842,20240305,3975.0,84256.0,42836818.0,-0.87
121440,골프존뉴딘홀딩스,891.0,16929.0,4.11,0.22,4.56,5.263157894736842,20240306,3915.0,90870.0,42836818.0,-1.51
121440,골프존뉴딘홀딩스,891.0,16929.0,4.11,0.22,4.56,5.263157894736842,20240307,3785.0,135212.0,42836818.0,-3.32
121440,골프존뉴딘홀딩스,891.0,16929.0,4.11,0.22,4.56,5.263157894736842,20240308,3835.0,246351.0,42836818.0,1.32
