종목코드,종목명,EPS,BPS,PER,PBR,배당수익률,ROE,날짜,종가,거래량,상장주식수,등락률
009290,광동제약,913.0,13588.0,7.36,0.49,1.49,6.719163968207242,20240304,7260.0,101791.0,52420851.0,0.0
009290,광동제약,913.0,13588.0,7.36,0.49,1.49,6.719163968207242,20240305,7260.0,69459.0,52420851.0,0.0
009290,광동제약,913.0,13588.0,7.36,0.49,1.49,6.719163968207242,20240306,7190.0,128186.0,52420851.0,-0.96
009290,광동제약,913.0,13588.0,7.36,0.49,1.49,6.719163968207242,20240307,7120.0,95210.0,52420851.0,-0.97
009290,광동제약,913.0,13588.0,7.36,0.49,1.49,6.719163968207242,20240308,7250.0,106200.0,52420851.0,1.83
