종목코드,종목명,EPS,BPS,PER,PBR,배당수익률,ROE,날짜,종가,거래량,상장주식수,등락률
029480,광무,162.0,2378.0,24.26,1.65,0.0,6.812447434819176,20240304,3850.0,1840104.0,47887891.0,7.69
029480,광무,162.0,2378.0,24.26,1.65,0.0,6.812447434819176,20240305,3950.0,1262952.0,47907203.0,2.6
029480,광무,162.0,2378.0,24.26,1.65,0.0,6.812447434819176,20240306,4100.0,1704180.0,47907203.0,3.8
029480,광무,162.0,2378.0,24.26,1.65,0.0,6.812447434819176,20240307,3885.0,838385.0,47907203.0,-5.24
029480,광무,162.0,2378.0,24.26,1.65,0.0,6.812447434819176,20240308,3650.0,1342361.0,47907203.0,-6.05
