종목코드,종목명,EPS,BPS,PER,PBR,배당수익률,ROE,날짜,종가,거래량,상장주식수,등락률
017040,광명전기,239.0,2838.0,8.72,0.73,0.48,8.421423537702607,20240304,2375.0,2325987.0,43337615.0,6.98
017040,광명전기,239.0,2838.0,8.72,0.73,0.48,8.421423537702607,20240305,2385.0,6867738.0,43337615.0,0.42
017040,광명전기,239.0,2838.0,8.72,0.73,0.48,8.421423537702607,20240306,2370.0,2155230.0,43337615.0,-0.63
017040,광명전기,239.0,2838.0,8.72,0.73,0.48,8.421423537702607,20240307,2325.0,999641.0,43337615.0,-1.9
017040,광명전기,239.0,2838.0,8.72,0.73,0.48,8.421423537702607,20240308,2420.0,4322240.0,43337615.0,4.09
