종목코드,종목명,EPS,BPS,PER,PBR,배당수익률,ROE,날짜,종가,거래량,상장주식수,등락률
014200,광림,203.0,1843.0,4.96,0.55,0.0,11.01465002712968,20240304,1006.0,0.0,90706696.0,0.0
014200,광림,203.0,1843.0,4.96,0.55,0.0,11.01465002712968,20240305,1006.0,0.0,90706696.0,0.0
014200,광림,203.0,1843.0,4.96,0.55,0.0,11.01465002712968,20240306,1006.0,0.0,90706696.0,0.0
014200,광림,203.0,1843.0,4.96,0.55,0.0,11.01465002712968,20240307,1006.0,0.0,90706696.0,0.0
014200,광림,203.0,1843.0,4.96,0.55,0.0,11.01465002712968,20240308,1006.0,0.0,90706696.0,0.0
