종목코드,종목명,EPS,BPS,PER,PBR,배당수익률,ROE,날짜,종가,거래량,상장주식수,등락률
053270,구영테크,736.0,4086.0,3.23,0.58,2.1,18.012726382770435,20240304,2970.0,215955.0,27410405.0,1.89
053270,구영테크,736.0,4086.0,3.23,0.58,2.1,18.012726382770435,20240305,2925.0,140039.0,27410405.0,-1.52
053270,구영테크,736.0,4086.0,3.23,0.58,2.1,18.012726382770435,20240306,2990.0,299945.0,27410405.0,2.22
053270,구영테크,736.0,4086.0,3.23,0.58,2.1,18.012726382770435,20240307,2955.0,148702.0,27410405.0,-1.17
053270,구영테크,736.0,4086.0,3.23,0.58,2.1,18.012726382770435,20240308,2880.0,2313767.0,27410405.0,-2.54
