종목코드,종목명,EPS,BPS,PER,PBR,배당수익률,ROE,날짜,종가,거래량,상장주식수,등락률
007690,국도화학,921.0,100047.0,38.55,0.35,3.38,0.920567333353324,20240304,39700.0,8616.0,9010616.0,0.25
007690,국도화학,921.0,100047.0,38.55,0.35,3.38,0.920567333353324,20240305,39600.0,8609.0,9010616.0,-0.25
007690,국도화학,921.0,100047.0,38.55,0.35,3.38,0.920567333353324,20240306,39650.0,8103.0,9010616.0,0.13
007690,국도화학,921.0,100047.0,38.55,0.35,3.38,0.920567333353324,20240307,39400.0,14719.0,9010616.0,-0.63
007690,국도화학,921.0,100047.0,38.55,0.35,3.38,0.920567333353324,20240308,39400.0,11331.0,9010616.0,0.0
