종목코드,종목명,EPS,BPS,PER,PBR,배당수익률,ROE,날짜,종가,거래량,상장주식수,등락률
006050,국영지앤엠,23.0,1439.0,49.09,0.78,0.89,1.5983321751216122,20240304,1289.0,128447.0,34895243.0,0.0
006050,국영지앤엠,23.0,1439.0,49.09,0.78,0.89,1.5983321751216122,20240305,1259.0,66786.0,34895243.0,-2.33
006050,국영지앤엠,23.0,1439.0,49.09,0.78,0.89,1.5983321751216122,20240306,1230.0,197050.0,34895243.0,-2.3
006050,국영지앤엠,23.0,1439.0,49.09,0.78,0.89,1.5983321751216122,20240307,1216.0,162457.0,34895243.0,-1.14
006050,국영지앤엠,23.0,1439.0,49.09,0.78,0.89,1.5983321751216122,20240308,1240.0,86644.0,34895243.0,1.97
