종목코드,종목명,EPS,BPS,PER,PBR,배당수익률,ROE,날짜,종가,거래량,상장주식수,등락률
402490,그린리소스,388.0,6248.0,45.18,2.81,0.0,6.209987195902689,20240304,28900.0,993554.0,8183944.0,7.24
402490,그린리소스,388.0,6248.0,45.18,2.81,0.0,6.209987195902689,20240305,30100.0,1257072.0,8183944.0,4.15
402490,그린리소스,388.0,6248.0,45.18,2.81,0.0,6.209987195902689,20240306,30100.0,770970.0,8183944.0,0.0
402490,그린리소스,388.0,6248.0,45.18,2.81,0.0,6.209987195902689,20240307,30800.0,1021709.0,8183944.0,2.33
402490,그린리소스,388.0,6248.0,45.18,2.81,0.0,6.209987195902689,20240308,31150.0,781849.0,8183944.0,1.14
