종목코드,종목명,EPS,BPS,PER,PBR,배당수익률,ROE,날짜,종가,거래량,상장주식수,등락률
083420,그린케미칼,144.0,5160.0,48.13,1.34,3.32,2.7906976744186047,20240304,7010.0,49956.0,24000000.0,0.72
083420,그린케미칼,144.0,5160.0,48.13,1.34,3.32,2.7906976744186047,20240305,6890.0,57697.0,24000000.0,-1.71
083420,그린케미칼,144.0,5160.0,48.13,1.34,3.32,2.7906976744186047,20240306,6900.0,44266.0,24000000.0,0.15
083420,그린케미칼,144.0,5160.0,48.13,1.34,3.32,2.7906976744186047,20240307,6860.0,61645.0,24000000.0,-0.58
083420,그린케미칼,144.0,5160.0,48.13,1.34,3.32,2.7906976744186047,20240308,7050.0,116460.0,24000000.0,2.77
