종목코드,종목명,EPS,BPS,PER,PBR,배당수익률,ROE,날짜,종가,거래량,상장주식수,등락률
014530,극동유화,439.0,6020.0,8.86,0.65,5.14,7.292358803986711,20240304,3935.0,115411.0,34869420.0,0.38
014530,극동유화,439.0,6020.0,8.86,0.65,5.14,7.292358803986711,20240305,3950.0,219650.0,34869420.0,0.38
014530,극동유화,439.0,6020.0,8.86,0.65,5.14,7.292358803986711,20240306,3900.0,121387.0,34869420.0,-1.27
014530,극동유화,439.0,6020.0,8.86,0.65,5.14,7.292358803986711,20240307,3855.0,163587.0,34869420.0,-1.15
014530,극동유화,439.0,6020.0,8.86,0.65,5.14,7.292358803986711,20240308,3845.0,93148.0,34869420.0,-0.26
