종목코드,종목명,EPS,BPS,PER,PBR,배당수익률,ROE,날짜,종가,거래량,상장주식수,등락률
053260,금강철강,281.0,7818.0,17.9,0.64,2.58,3.594269634177539,20240304,5070.0,18438.0,18720000.0,1.0
053260,금강철강,281.0,7818.0,17.9,0.64,2.58,3.594269634177539,20240305,5020.0,31701.0,18720000.0,-0.99
053260,금강철강,281.0,7818.0,17.9,0.64,2.58,3.594269634177539,20240306,4965.0,37901.0,18720000.0,-1.1
053260,금강철강,281.0,7818.0,17.9,0.64,2.58,3.594269634177539,20240307,5010.0,20173.0,18720000.0,0.91
053260,금강철강,281.0,7818.0,17.9,0.64,2.58,3.594269634177539,20240308,5160.0,28484.0,18720000.0,2.99
