종목코드,종목명,EPS,BPS,PER,PBR,배당수익률,ROE,날짜,종가,거래량,상장주식수,등락률
014280,금강공업,1458.0,14331.0,3.44,0.35,2.4,10.173749214988487,20240304,6470.0,194660.0,29329357.0,1.09
014280,금강공업,1458.0,14331.0,3.44,0.35,2.4,10.173749214988487,20240305,6390.0,84600.0,29329357.0,-1.24
014280,금강공업,1458.0,14331.0,3.44,0.35,2.4,10.173749214988487,20240306,6230.0,153391.0,29329357.0,-2.5
014280,금강공업,1458.0,14331.0,3.44,0.35,2.4,10.173749214988487,20240307,5980.0,131790.0,29329357.0,-4.01
014280,금강공업,1458.0,14331.0,3.44,0.35,2.4,10.173749214988487,20240308,5980.0,79994.0,29329357.0,0.0
