종목코드,종목명,EPS,BPS,PER,PBR,배당수익률,ROE,날짜,종가,거래량,상장주식수,등락률
282720,금양그린파워,1695.0,8935.0,7.22,1.37,2.45,18.97034135422496,20240304,10000.0,35675.0,12119500.0,-2.53
282720,금양그린파워,1695.0,8935.0,7.22,1.37,2.45,18.97034135422496,20240305,10710.0,1609669.0,12119500.0,7.1
282720,금양그린파워,1695.0,8935.0,7.22,1.37,2.45,18.97034135422496,20240306,12410.0,4140858.0,12119500.0,15.87
282720,금양그린파워,1695.0,8935.0,7.22,1.37,2.45,18.97034135422496,20240307,12140.0,478294.0,12119500.0,-2.18
282720,금양그린파워,1695.0,8935.0,7.22,1.37,2.45,18.97034135422496,20240308,12050.0,244534.0,12119500.0,-0.74
