종목코드,종목명,EPS,BPS,PER,PBR,배당수익률,ROE,날짜,종가,거래량,상장주식수,등락률
036190,금화피에스시,6435.0,55933.0,3.95,0.46,5.11,11.504836143242809,20240304,27200.0,18065.0,6000000.0,2.84
036190,금화피에스시,6435.0,55933.0,3.95,0.46,5.11,11.504836143242809,20240305,26850.0,5100.0,6000000.0,-1.29
036190,금화피에스시,6435.0,55933.0,3.95,0.46,5.11,11.504836143242809,20240306,27200.0,14575.0,6000000.0,1.3
036190,금화피에스시,6435.0,55933.0,3.95,0.46,5.11,11.504836143242809,20240307,27700.0,22358.0,6000000.0,1.84
036190,금화피에스시,6435.0,55933.0,3.95,0.46,5.11,11.504836143242809,20240308,27600.0,5959.0,6000000.0,-0.36
