종목코드,종목명,EPS,BPS,PER,PBR,배당수익률,ROE,날짜,종가,거래량,상장주식수,등락률
073240,금호타이어,549.0,4401.0,9.23,1.15,0.0,12.474437627811861,20240304,6400.0,401494.0,287260287.0,1.43
073240,금호타이어,549.0,4401.0,9.23,1.15,0.0,12.474437627811861,20240305,6420.0,290390.0,287260287.0,0.31
073240,금호타이어,549.0,4401.0,9.23,1.15,0.0,12.474437627811861,20240306,6390.0,180462.0,287260287.0,-0.47
073240,금호타이어,549.0,4401.0,9.23,1.15,0.0,12.474437627811861,20240307,6380.0,213719.0,287260287.0,-0.16
073240,금호타이어,549.0,4401.0,9.23,1.15,0.0,12.474437627811861,20240308,6390.0,232714.0,287260287.0,0.16
