종목코드,종목명,EPS,BPS,PER,PBR,배당수익률,ROE,날짜,종가,거래량,상장주식수,등락률
420770,기가비스,2752.0,16773.0,16.06,2.64,1.81,16.407321290168724,20240304,67600.0,113352.0,12675758.0,1.65
420770,기가비스,2752.0,16773.0,16.06,2.64,1.81,16.407321290168724,20240305,65100.0,93682.0,12675758.0,-3.7
420770,기가비스,2752.0,16773.0,16.06,2.64,1.81,16.407321290168724,20240306,62800.0,202828.0,12675758.0,-3.53
420770,기가비스,2752.0,16773.0,16.06,2.64,1.81,16.407321290168724,20240307,61800.0,115159.0,12675758.0,-1.59
420770,기가비스,2752.0,16773.0,16.06,2.64,1.81,16.407321290168724,20240308,64000.0,131256.0,12675758.0,3.56
