종목코드,종목명,EPS,BPS,PER,PBR,배당수익률,ROE,날짜,종가,거래량,상장주식수,등락률
035460,기산텔레콤,223.0,2664.0,8.6,0.72,0.0,8.37087087087087,20240304,2450.0,88685.0,14577340.0,0.82
035460,기산텔레콤,223.0,2664.0,8.6,0.72,0.0,8.37087087087087,20240305,2430.0,68404.0,14577340.0,-0.82
035460,기산텔레콤,223.0,2664.0,8.6,0.72,0.0,8.37087087087087,20240306,2410.0,55104.0,14577340.0,-0.82
035460,기산텔레콤,223.0,2664.0,8.6,0.72,0.0,8.37087087087087,20240307,2350.0,77048.0,14577340.0,-2.49
035460,기산텔레콤,223.0,2664.0,8.6,0.72,0.0,8.37087087087087,20240308,2355.0,54220.0,14577340.0,0.21
