종목코드,종목명,EPS,BPS,PER,PBR,배당수익률,ROE,날짜,종가,거래량,상장주식수,등락률
024110,기업은행,3162.0,39698.0,4.4,0.35,7.08,7.965136782709456,20240304,14040.0,2073705.0,797425869.0,0.29
024110,기업은행,3162.0,39698.0,4.4,0.35,7.08,7.965136782709456,20240305,13960.0,2166882.0,797425869.0,-0.57
024110,기업은행,3162.0,39698.0,4.4,0.35,7.08,7.965136782709456,20240306,14000.0,1232398.0,797425869.0,0.29
024110,기업은행,3162.0,39698.0,4.4,0.35,7.08,7.965136782709456,20240307,14040.0,1046330.0,797425869.0,0.29
024110,기업은행,3162.0,39698.0,4.4,0.35,7.08,7.965136782709456,20240308,14150.0,1171179.0,797425869.0,0.78
