종목코드,종목명,EPS,BPS,PER,PBR,배당수익률,ROE,날짜,종가,거래량,상장주식수,등락률
013700,까뮤이앤씨,58.0,1908.0,24.81,0.75,1.39,3.039832285115304,20240304,1543.0,56159.0,45152280.0,0.13
013700,까뮤이앤씨,58.0,1908.0,24.81,0.75,1.39,3.039832285115304,20240305,1530.0,47679.0,45152280.0,-0.84
013700,까뮤이앤씨,58.0,1908.0,24.81,0.75,1.39,3.039832285115304,20240306,1500.0,64323.0,45152280.0,-1.96
013700,까뮤이앤씨,58.0,1908.0,24.81,0.75,1.39,3.039832285115304,20240307,1505.0,69484.0,45152280.0,0.33
013700,까뮤이앤씨,58.0,1908.0,24.81,0.75,1.39,3.039832285115304,20240308,1493.0,61189.0,45152280.0,-0.8
