종목코드,종목명,EPS,BPS,PER,PBR,배당수익률,ROE,날짜,종가,거래량,상장주식수,등락률
130580,나이스디앤비,674.0,5889.0,7.27,0.83,3.71,11.445067074206147,20240304,6000.0,9341.0,15400000.0,-0.99
130580,나이스디앤비,674.0,5889.0,7.27,0.83,3.71,11.445067074206147,20240305,5950.0,9655.0,15400000.0,-0.83
130580,나이스디앤비,674.0,5889.0,7.27,0.83,3.71,11.445067074206147,20240306,5990.0,2158.0,15400000.0,0.67
130580,나이스디앤비,674.0,5889.0,7.27,0.83,3.71,11.445067074206147,20240307,5980.0,1942.0,15400000.0,-0.17
130580,나이스디앤비,674.0,5889.0,7.27,0.83,3.71,11.445067074206147,20240308,5990.0,22226.0,15400000.0,0.17
