종목코드,종목명,EPS,BPS,PER,PBR,배당수익률,ROE,날짜,종가,거래량,상장주식수,등락률
267320,나인테크,217.0,1758.0,12.03,1.48,0.0,12.343572241183162,20240304,3105.0,256202.0,43664104.0,-0.32
267320,나인테크,217.0,1758.0,12.03,1.48,0.0,12.343572241183162,20240305,3065.0,278427.0,43664104.0,-1.29
267320,나인테크,217.0,1758.0,12.03,1.48,0.0,12.343572241183162,20240306,3080.0,152748.0,43664104.0,0.49
267320,나인테크,217.0,1758.0,12.03,1.48,0.0,12.343572241183162,20240307,3050.0,211216.0,43664104.0,-0.97
267320,나인테크,217.0,1758.0,12.03,1.48,0.0,12.343572241183162,20240308,3055.0,315040.0,43664104.0,0.16
