종목코드,종목명,EPS,BPS,PER,PBR,배당수익률,ROE,날짜,종가,거래량,상장주식수,등락률
293580,나우IB,21.0,999.0,53.9,1.13,1.59,2.1021021021021022,20240304,1090.0,368875.0,95770000.0,3.42
293580,나우IB,21.0,999.0,53.9,1.13,1.59,2.1021021021021022,20240305,1081.0,208964.0,95770000.0,-0.83
293580,나우IB,21.0,999.0,53.9,1.13,1.59,2.1021021021021022,20240306,1080.0,236333.0,95770000.0,-0.09
293580,나우IB,21.0,999.0,53.9,1.13,1.59,2.1021021021021022,20240307,1066.0,241415.0,95770000.0,-1.3
293580,나우IB,21.0,999.0,53.9,1.13,1.59,2.1021021021021022,20240308,1068.0,292736.0,95770000.0,0.19
