종목코드,종목명,EPS,BPS,PER,PBR,배당수익률,ROE,날짜,종가,거래량,상장주식수,등락률
111710,남화산업,858.0,8729.0,5.84,0.57,3.99,9.829304616794593,20240304,5900.0,12474.0,20588000.0,-1.34
111710,남화산업,858.0,8729.0,5.84,0.57,3.99,9.829304616794593,20240305,5730.0,24239.0,20588000.0,-2.88
111710,남화산업,858.0,8729.0,5.84,0.57,3.99,9.829304616794593,20240306,5710.0,12690.0,20588000.0,-0.35
111710,남화산업,858.0,8729.0,5.84,0.57,3.99,9.829304616794593,20240307,5740.0,3717.0,20588000.0,0.53
111710,남화산업,858.0,8729.0,5.84,0.57,3.99,9.829304616794593,20240308,5760.0,3572.0,20588000.0,0.35
