종목코드,종목명,EPS,BPS,PER,PBR,배당수익률,ROE,날짜,종가,거래량,상장주식수,등락률
212560,네오오토,1514.0,13688.0,5.2,0.58,1.9,11.060783167738165,20240304,10490.0,336671.0,7874963.0,-4.64
212560,네오오토,1514.0,13688.0,5.2,0.58,1.9,11.060783167738165,20240305,10250.0,141759.0,7874963.0,-2.29
212560,네오오토,1514.0,13688.0,5.2,0.58,1.9,11.060783167738165,20240306,10920.0,1734111.0,7874963.0,6.54
212560,네오오토,1514.0,13688.0,5.2,0.58,1.9,11.060783167738165,20240307,10530.0,340574.0,7874963.0,-3.57
212560,네오오토,1514.0,13688.0,5.2,0.58,1.9,11.060783167738165,20240308,11100.0,795720.0,7874963.0,5.41
