종목코드,종목명,EPS,BPS,PER,PBR,배당수익률,ROE,날짜,종가,거래량,상장주식수,등락률
092730,네오팜,2968.0,20462.0,8.76,1.27,2.88,14.504935978887696,20240304,25150.0,122300.0,8207361.0,-3.27
092730,네오팜,2968.0,20462.0,8.76,1.27,2.88,14.504935978887696,20240305,25300.0,21625.0,8207361.0,0.6
092730,네오팜,2968.0,20462.0,8.76,1.27,2.88,14.504935978887696,20240306,25500.0,19934.0,8207361.0,0.79
092730,네오팜,2968.0,20462.0,8.76,1.27,2.88,14.504935978887696,20240307,24550.0,44924.0,8207361.0,-3.73
092730,네오팜,2968.0,20462.0,8.76,1.27,2.88,14.504935978887696,20240308,24950.0,16776.0,8207361.0,1.63
