종목코드,종목명,EPS,BPS,PER,PBR,배당수익률,ROE,날짜,종가,거래량,상장주식수,등락률
042420,네오위즈홀딩스,1049.0,50721.0,16.68,0.35,0.0,2.0681768892569155,20240304,25450.0,26297.0,8856866.0,1.6
042420,네오위즈홀딩스,1049.0,50721.0,16.68,0.35,0.0,2.0681768892569155,20240305,26350.0,84173.0,8856866.0,3.54
042420,네오위즈홀딩스,1049.0,50721.0,16.68,0.35,0.0,2.0681768892569155,20240306,25300.0,38402.0,8856866.0,-3.98
042420,네오위즈홀딩스,1049.0,50721.0,16.68,0.35,0.0,2.0681768892569155,20240307,25750.0,20512.0,8856866.0,1.78
042420,네오위즈홀딩스,1049.0,50721.0,16.68,0.35,0.0,2.0681768892569155,20240308,25100.0,26871.0,8856866.0,-2.52
