종목코드,종목명,EPS,BPS,PER,PBR,배당수익률,ROE,날짜,종가,거래량,상장주식수,등락률
002350,넥센타이어,1001.0,16524.0,7.49,0.45,1.53,6.057855240861777,20240304,9050.0,193139.0,97667877.0,-2.69
002350,넥센타이어,1001.0,16524.0,7.49,0.45,1.53,6.057855240861777,20240305,8860.0,99199.0,97667877.0,-2.1
002350,넥센타이어,1001.0,16524.0,7.49,0.45,1.53,6.057855240861777,20240306,8860.0,155176.0,97667877.0,0.0
002350,넥센타이어,1001.0,16524.0,7.49,0.45,1.53,6.057855240861777,20240307,8640.0,123449.0,97667877.0,-2.48
002350,넥센타이어,1001.0,16524.0,7.49,0.45,1.53,6.057855240861777,20240308,8560.0,233364.0,97667877.0,-0.93
