종목코드,종목명,EPS,BPS,PER,PBR,배당수익률,ROE,날짜,종가,거래량,상장주식수,등락률
092790,넥스틸,5470.0,17112.0,1.68,0.54,7.62,31.9658719027583,20240304,7190.0,116363.0,26002000.0,2.28
092790,넥스틸,5470.0,17112.0,1.68,0.54,7.62,31.9658719027583,20240305,7240.0,96787.0,26002000.0,0.7
092790,넥스틸,5470.0,17112.0,1.68,0.54,7.62,31.9658719027583,20240306,7140.0,180863.0,26002000.0,-1.38
092790,넥스틸,5470.0,17112.0,1.68,0.54,7.62,31.9658719027583,20240307,7140.0,250668.0,26002000.0,0.0
092790,넥스틸,5470.0,17112.0,1.68,0.54,7.62,31.9658719027583,20240308,6920.0,169625.0,26002000.0,-3.08
