종목코드,종목명,EPS,BPS,PER,PBR,배당수익률,ROE,날짜,종가,거래량,상장주식수,등락률
225570,넥슨게임즈,177.0,4117.0,135.31,5.82,0.0,4.299247024532427,20240304,13760.0,210269.0,65800770.0,-1.15
225570,넥슨게임즈,177.0,4117.0,135.31,5.82,0.0,4.299247024532427,20240305,13500.0,276421.0,65800770.0,-1.89
225570,넥슨게임즈,177.0,4117.0,135.31,5.82,0.0,4.299247024532427,20240306,13200.0,251937.0,65800770.0,-2.22
225570,넥슨게임즈,177.0,4117.0,135.31,5.82,0.0,4.299247024532427,20240307,12940.0,303420.0,65800770.0,-1.97
225570,넥슨게임즈,177.0,4117.0,135.31,5.82,0.0,4.299247024532427,20240308,13020.0,208965.0,65800770.0,0.62
