종목코드,종목명,EPS,BPS,PER,PBR,배당수익률,ROE,날짜,종가,거래량,상장주식수,등락률
005720,넥센,778.0,22055.0,5.94,0.21,2.71,3.5275447744275676,20240304,4380.0,89350.0,53543977.0,3.06
005720,넥센,778.0,22055.0,5.94,0.21,2.71,3.5275447744275676,20240305,4280.0,59818.0,53543977.0,-2.28
005720,넥센,778.0,22055.0,5.94,0.21,2.71,3.5275447744275676,20240306,4245.0,27200.0,53543977.0,-0.82
005720,넥센,778.0,22055.0,5.94,0.21,2.71,3.5275447744275676,20240307,4215.0,35570.0,53543977.0,-0.71
005720,넥센,778.0,22055.0,5.94,0.21,2.71,3.5275447744275676,20240308,4200.0,39763.0,53543977.0,-0.36
