종목코드,종목명,EPS,BPS,PER,PBR,배당수익률,ROE,날짜,종가,거래량,상장주식수,등락률
104620,노랑풍선,374.0,2543.0,15.45,2.27,0.0,14.707038930397168,20240304,6760.0,97043.0,15842126.0,-2.03
104620,노랑풍선,374.0,2543.0,15.45,2.27,0.0,14.707038930397168,20240305,6740.0,48303.0,15842126.0,-0.3
104620,노랑풍선,374.0,2543.0,15.45,2.27,0.0,14.707038930397168,20240306,6710.0,22054.0,15842126.0,-0.45
104620,노랑풍선,374.0,2543.0,15.45,2.27,0.0,14.707038930397168,20240307,6650.0,33274.0,15842126.0,-0.89
104620,노랑풍선,374.0,2543.0,15.45,2.27,0.0,14.707038930397168,20240308,6730.0,31279.0,15842126.0,1.2
