종목코드,종목명,EPS,BPS,PER,PBR,배당수익률,ROE,날짜,종가,거래량,상장주식수,등락률
090350,노루페인트,1362.0,18290.0,6.89,0.51,3.46,7.446692181519957,20240304,10470.0,535741.0,20000000.0,-0.57
090350,노루페인트,1362.0,18290.0,6.89,0.51,3.46,7.446692181519957,20240305,10470.0,360372.0,20000000.0,0.0
090350,노루페인트,1362.0,18290.0,6.89,0.51,3.46,7.446692181519957,20240306,10380.0,256693.0,20000000.0,-0.86
090350,노루페인트,1362.0,18290.0,6.89,0.51,3.46,7.446692181519957,20240307,10080.0,550843.0,20000000.0,-2.89
090350,노루페인트,1362.0,18290.0,6.89,0.51,3.46,7.446692181519957,20240308,10330.0,454988.0,20000000.0,2.48
