종목코드,종목명,EPS,BPS,PER,PBR,배당수익률,ROE,날짜,종가,거래량,상장주식수,등락률
000320,노루홀딩스,2429.0,39422.0,5.52,0.34,3.73,6.161534168738268,20240304,12270.0,40531.0,13291151.0,1.57
000320,노루홀딩스,2429.0,39422.0,5.52,0.34,3.73,6.161534168738268,20240305,12100.0,24676.0,13291151.0,-1.39
000320,노루홀딩스,2429.0,39422.0,5.52,0.34,3.73,6.161534168738268,20240306,12060.0,37145.0,13291151.0,-0.33
000320,노루홀딩스,2429.0,39422.0,5.52,0.34,3.73,6.161534168738268,20240307,12090.0,43187.0,13291151.0,0.25
000320,노루홀딩스,2429.0,39422.0,5.52,0.34,3.73,6.161534168738268,20240308,11910.0,116022.0,13291151.0,-1.49
