종목코드,종목명,EPS,BPS,PER,PBR,배당수익률,ROE,날짜,종가,거래량,상장주식수,등락률
234690,녹십자웰빙,380.0,5655.0,22.21,1.49,1.18,6.71971706454465,20240304,11400.0,237631.0,17752276.0,3.45
234690,녹십자웰빙,380.0,5655.0,22.21,1.49,1.18,6.71971706454465,20240305,11310.0,124365.0,17752276.0,-0.79
234690,녹십자웰빙,380.0,5655.0,22.21,1.49,1.18,6.71971706454465,20240306,11740.0,381531.0,17752276.0,3.8
234690,녹십자웰빙,380.0,5655.0,22.21,1.49,1.18,6.71971706454465,20240307,11580.0,141447.0,17752276.0,-1.36
234690,녹십자웰빙,380.0,5655.0,22.21,1.49,1.18,6.71971706454465,20240308,11290.0,94298.0,17752276.0,-2.5
