종목코드,종목명,EPS,BPS,PER,PBR,배당수익률,ROE,날짜,종가,거래량,상장주식수,등락률
054050,농우바이오,645.0,16055.0,12.06,0.48,2.57,4.017440049828714,20240304,8320.0,17535.0,16030561.0,0.85
054050,농우바이오,645.0,16055.0,12.06,0.48,2.57,4.017440049828714,20240305,8220.0,24159.0,16030561.0,-1.2
054050,농우바이오,645.0,16055.0,12.06,0.48,2.57,4.017440049828714,20240306,8230.0,21432.0,16030561.0,0.12
054050,농우바이오,645.0,16055.0,12.06,0.48,2.57,4.017440049828714,20240307,8140.0,17347.0,16030561.0,-1.09
054050,농우바이오,645.0,16055.0,12.06,0.48,2.57,4.017440049828714,20240308,8150.0,17881.0,16030561.0,0.12
