종목코드,종목명,EPS,BPS,PER,PBR,배당수익률,ROE,날짜,종가,거래량,상장주식수,등락률
072710,농심홀딩스,14478.0,242037.0,4.87,0.29,3.55,5.981730066064279,20240304,67400.0,7557.0,4637790.0,0.6
072710,농심홀딩스,14478.0,242037.0,4.87,0.29,3.55,5.981730066064279,20240305,67400.0,2870.0,4637790.0,0.0
072710,농심홀딩스,14478.0,242037.0,4.87,0.29,3.55,5.981730066064279,20240306,67900.0,4804.0,4637790.0,0.74
072710,농심홀딩스,14478.0,242037.0,4.87,0.29,3.55,5.981730066064279,20240307,67800.0,2859.0,4637790.0,-0.15
072710,농심홀딩스,14478.0,242037.0,4.87,0.29,3.55,5.981730066064279,20240308,67800.0,2422.0,4637790.0,0.0
