종목코드,종목명,EPS,BPS,PER,PBR,배당수익률,ROE,날짜,종가,거래량,상장주식수,등락률
085670,뉴프렉스,278.0,2991.0,19.42,1.81,0.0,9.294550317619525,20240304,7890.0,1645581.0,24450761.0,-2.23
085670,뉴프렉스,278.0,2991.0,19.42,1.81,0.0,9.294550317619525,20240305,7580.0,1109073.0,24450761.0,-3.93
085670,뉴프렉스,278.0,2991.0,19.42,1.81,0.0,9.294550317619525,20240306,7400.0,1389151.0,24450761.0,-2.37
085670,뉴프렉스,278.0,2991.0,19.42,1.81,0.0,9.294550317619525,20240307,7220.0,1219761.0,24450761.0,-2.43
085670,뉴프렉스,278.0,2991.0,19.42,1.81,0.0,9.294550317619525,20240308,7080.0,1035174.0,24450761.0,-1.94
