종목코드,종목명,EPS,BPS,PER,PBR,배당수익률,ROE,날짜,종가,거래량,상장주식수,등락률
032190,다우데이타,1660.0,30801.0,6.93,0.37,2.17,5.389435407941301,20240304,13830.0,148996.0,38300000.0,0.29
032190,다우데이타,1660.0,30801.0,6.93,0.37,2.17,5.389435407941301,20240305,13680.0,156531.0,38300000.0,-1.08
032190,다우데이타,1660.0,30801.0,6.93,0.37,2.17,5.389435407941301,20240306,13650.0,148943.0,38300000.0,-0.22
032190,다우데이타,1660.0,30801.0,6.93,0.37,2.17,5.389435407941301,20240307,13430.0,136727.0,38300000.0,-1.61
032190,다우데이타,1660.0,30801.0,6.93,0.37,2.17,5.389435407941301,20240308,13430.0,106955.0,38300000.0,0.0
