종목코드,종목명,EPS,BPS,PER,PBR,배당수익률,ROE,날짜,종가,거래량,상장주식수,등락률
058730,다스코,764.0,8251.0,6.28,0.58,2.09,9.259483698945582,20240304,3940.0,34391.0,19396941.0,-0.13
058730,다스코,764.0,8251.0,6.28,0.58,2.09,9.259483698945582,20240305,3885.0,51643.0,19396941.0,-1.4
058730,다스코,764.0,8251.0,6.28,0.58,2.09,9.259483698945582,20240306,3880.0,37949.0,19396941.0,-0.13
058730,다스코,764.0,8251.0,6.28,0.58,2.09,9.259483698945582,20240307,3830.0,45803.0,19396941.0,-1.29
058730,다스코,764.0,8251.0,6.28,0.58,2.09,9.259483698945582,20240308,3810.0,68783.0,19396941.0,-0.52
