종목코드,종목명,EPS,BPS,PER,PBR,배당수익률,ROE,날짜,종가,거래량,상장주식수,등락률
353200,대덕전자,492.0,16857.0,43.6,1.27,1.4,2.918668802277985,20240304,23900.0,1361234.0,49416925.0,7.42
353200,대덕전자,492.0,16857.0,43.6,1.27,1.4,2.918668802277985,20240305,23550.0,684054.0,49416925.0,-1.46
353200,대덕전자,492.0,16857.0,43.6,1.27,1.4,2.918668802277985,20240306,24100.0,642308.0,49416925.0,2.34
353200,대덕전자,492.0,16857.0,43.6,1.27,1.4,2.918668802277985,20240307,23550.0,735507.0,49416925.0,-2.28
353200,대덕전자,492.0,16857.0,43.6,1.27,1.4,2.918668802277985,20240308,23500.0,569500.0,49416925.0,-0.21
