종목코드,종목명,EPS,BPS,PER,PBR,배당수익률,ROE,날짜,종가,거래량,상장주식수,등락률
000490,대동,794.0,19071.0,12.54,0.52,1.0,4.163389439463059,20240304,13510.0,326007.0,25640788.0,2.12
000490,대동,794.0,19071.0,12.54,0.52,1.0,4.163389439463059,20240305,13400.0,210662.0,25640788.0,-0.81
000490,대동,794.0,19071.0,12.54,0.52,1.0,4.163389439463059,20240306,13200.0,288655.0,25640788.0,-1.49
000490,대동,794.0,19071.0,12.54,0.52,1.0,4.163389439463059,20240307,13290.0,186408.0,25640788.0,0.68
000490,대동,794.0,19071.0,12.54,0.52,1.0,4.163389439463059,20240308,13120.0,273717.0,25640788.0,-1.28
