종목코드,종목명,EPS,BPS,PER,PBR,배당수익률,ROE,날짜,종가,거래량,상장주식수,등락률
004780,대륙제관,822.0,8909.0,4.87,0.45,2.75,9.226624761477158,20240304,4025.0,24833.0,15903199.0,-0.49
004780,대륙제관,822.0,8909.0,4.87,0.45,2.75,9.226624761477158,20240305,3985.0,13061.0,15903199.0,-0.99
004780,대륙제관,822.0,8909.0,4.87,0.45,2.75,9.226624761477158,20240306,4010.0,12431.0,15903199.0,0.63
004780,대륙제관,822.0,8909.0,4.87,0.45,2.75,9.226624761477158,20240307,4000.0,19398.0,15903199.0,-0.25
004780,대륙제관,822.0,8909.0,4.87,0.45,2.75,9.226624761477158,20240308,4045.0,11833.0,15903199.0,1.13
