종목코드,종목명,EPS,BPS,PER,PBR,배당수익률,ROE,날짜,종가,거래량,상장주식수,등락률
020400,대동금속,260.0,16443.0,29.31,0.46,0.79,1.5812199720245699,20240304,9070.0,43147.0,3189166.0,0.22
020400,대동금속,260.0,16443.0,29.31,0.46,0.79,1.5812199720245699,20240305,8930.0,40543.0,3189166.0,-1.54
020400,대동금속,260.0,16443.0,29.31,0.46,0.79,1.5812199720245699,20240306,8780.0,18520.0,3189166.0,-1.68
020400,대동금속,260.0,16443.0,29.31,0.46,0.79,1.5812199720245699,20240307,8660.0,46771.0,3189166.0,-1.37
020400,대동금속,260.0,16443.0,29.31,0.46,0.79,1.5812199720245699,20240308,8660.0,11087.0,3189166.0,0.0
