종목코드,종목명,EPS,BPS,PER,PBR,배당수익률,ROE,날짜,종가,거래량,상장주식수,등락률
078140,대봉엘에스,382.0,11027.0,42.54,1.47,0.31,3.4642241770200415,20240304,8850.0,88843.0,11086579.0,0.23
078140,대봉엘에스,382.0,11027.0,42.54,1.47,0.31,3.4642241770200415,20240305,8920.0,81500.0,11086579.0,0.79
078140,대봉엘에스,382.0,11027.0,42.54,1.47,0.31,3.4642241770200415,20240306,9120.0,181469.0,11086579.0,2.24
078140,대봉엘에스,382.0,11027.0,42.54,1.47,0.31,3.4642241770200415,20240307,9260.0,238546.0,11086579.0,1.54
078140,대봉엘에스,382.0,11027.0,42.54,1.47,0.31,3.4642241770200415,20240308,9350.0,184943.0,11086579.0,0.97
