종목코드,종목명,EPS,BPS,PER,PBR,배당수익률,ROE,날짜,종가,거래량,상장주식수,등락률
005710,대원산업,1784.0,22246.0,3.44,0.28,2.85,8.019419221433067,20240304,6440.0,43043.0,20037600.0,-0.92
005710,대원산업,1784.0,22246.0,3.44,0.28,2.85,8.019419221433067,20240305,6410.0,46319.0,20037600.0,-0.47
005710,대원산업,1784.0,22246.0,3.44,0.28,2.85,8.019419221433067,20240306,6360.0,23653.0,20037600.0,-0.78
005710,대원산업,1784.0,22246.0,3.44,0.28,2.85,8.019419221433067,20240307,6270.0,27431.0,20037600.0,-1.42
005710,대원산업,1784.0,22246.0,3.44,0.28,2.85,8.019419221433067,20240308,6340.0,7198.0,20037600.0,1.12
