종목코드,종목명,EPS,BPS,PER,PBR,배당수익률,ROE,날짜,종가,거래량,상장주식수,등락률
120240,대정화금,1807.0,23228.0,8.62,0.67,2.89,7.779404167384192,20240304,18700.0,223464.0,7190391.0,1.85
120240,대정화금,1807.0,23228.0,8.62,0.67,2.89,7.779404167384192,20240305,17840.0,223446.0,7190391.0,-4.6
120240,대정화금,1807.0,23228.0,8.62,0.67,2.89,7.779404167384192,20240306,17800.0,94382.0,7190391.0,-0.22
120240,대정화금,1807.0,23228.0,8.62,0.67,2.89,7.779404167384192,20240307,17410.0,103436.0,7190391.0,-2.19
120240,대정화금,1807.0,23228.0,8.62,0.67,2.89,7.779404167384192,20240308,17480.0,60289.0,7190391.0,0.4
