종목코드,종목명,EPS,BPS,PER,PBR,배당수익률,ROE,날짜,종가,거래량,상장주식수,등락률
084690,대상홀딩스,568.0,20000.0,16.36,0.46,2.91,2.8400000000000003,20240304,12100.0,2623799.0,36212538.0,6.61
084690,대상홀딩스,568.0,20000.0,16.36,0.46,2.91,2.8400000000000003,20240305,11920.0,714753.0,36212538.0,-1.49
084690,대상홀딩스,568.0,20000.0,16.36,0.46,2.91,2.8400000000000003,20240306,11620.0,484542.0,36212538.0,-2.52
084690,대상홀딩스,568.0,20000.0,16.36,0.46,2.91,2.8400000000000003,20240307,11000.0,720454.0,36212538.0,-5.34
084690,대상홀딩스,568.0,20000.0,16.36,0.46,2.91,2.8400000000000003,20240308,10960.0,415691.0,36212538.0,-0.36
