종목코드,종목명,EPS,BPS,PER,PBR,배당수익률,ROE,날짜,종가,거래량,상장주식수,등락률
117580,대성에너지,549.0,11752.0,16.54,0.77,2.75,4.671545268890402,20240304,8390.0,123647.0,27500000.0,0.96
117580,대성에너지,549.0,11752.0,16.54,0.77,2.75,4.671545268890402,20240305,8350.0,115296.0,27500000.0,-0.48
117580,대성에너지,549.0,11752.0,16.54,0.77,2.75,4.671545268890402,20240306,8190.0,146325.0,27500000.0,-1.92
117580,대성에너지,549.0,11752.0,16.54,0.77,2.75,4.671545268890402,20240307,8140.0,94392.0,27500000.0,-0.61
117580,대성에너지,549.0,11752.0,16.54,0.77,2.75,4.671545268890402,20240308,8110.0,91676.0,27500000.0,-0.37
