종목코드,종목명,EPS,BPS,PER,PBR,배당수익률,ROE,날짜,종가,거래량,상장주식수,등락률
069620,대웅제약,10656.0,66686.0,11.69,1.87,0.48,15.97936598386468,20240304,113200.0,21295.0,11586575.0,-1.22
069620,대웅제약,10656.0,66686.0,11.69,1.87,0.48,15.97936598386468,20240305,114900.0,19740.0,11586575.0,1.5
069620,대웅제약,10656.0,66686.0,11.69,1.87,0.48,15.97936598386468,20240306,114500.0,17654.0,11586575.0,-0.35
069620,대웅제약,10656.0,66686.0,11.69,1.87,0.48,15.97936598386468,20240307,113100.0,19354.0,11586575.0,-1.22
069620,대웅제약,10656.0,66686.0,11.69,1.87,0.48,15.97936598386468,20240308,118000.0,49280.0,11586575.0,4.33
