종목코드,종목명,EPS,BPS,PER,PBR,배당수익률,ROE,날짜,종가,거래량,상장주식수,등락률
096350,대창솔루션,15.0,189.0,25.2,2.0,0.0,7.936507936507936,20240304,501.0,1469701.0,163761009.0,-2.72
096350,대창솔루션,15.0,189.0,25.2,2.0,0.0,7.936507936507936,20240305,490.0,1355613.0,163761009.0,-2.2
096350,대창솔루션,15.0,189.0,25.2,2.0,0.0,7.936507936507936,20240306,479.0,922498.0,163761009.0,-2.24
096350,대창솔루션,15.0,189.0,25.2,2.0,0.0,7.936507936507936,20240307,479.0,1012697.0,163761009.0,0.0
096350,대창솔루션,15.0,189.0,25.2,2.0,0.0,7.936507936507936,20240308,471.0,691506.0,163761009.0,-1.67
