종목코드,종목명,EPS,BPS,PER,PBR,배당수익률,ROE,날짜,종가,거래량,상장주식수,등락률
003310,대주산업,287.0,2167.0,5.14,0.68,2.85,13.24411628980157,20240304,1638.0,155943.0,35392350.0,-0.67
003310,대주산업,287.0,2167.0,5.14,0.68,2.85,13.24411628980157,20240305,1620.0,122588.0,35392350.0,-1.1
003310,대주산업,287.0,2167.0,5.14,0.68,2.85,13.24411628980157,20240306,1613.0,100202.0,35392350.0,-0.43
003310,대주산업,287.0,2167.0,5.14,0.68,2.85,13.24411628980157,20240307,1603.0,156941.0,35392350.0,-0.62
003310,대주산업,287.0,2167.0,5.14,0.68,2.85,13.24411628980157,20240308,1603.0,69525.0,35392350.0,0.0
