종목코드,종목명,EPS,BPS,PER,PBR,배당수익률,ROE,날짜,종가,거래량,상장주식수,등락률
078600,대주전자재료,47.0,10513.0,2455.32,10.98,0.0,0.44706553790545034,20240304,76800.0,105629.0,15480593.0,2.13
078600,대주전자재료,47.0,10513.0,2455.32,10.98,0.0,0.44706553790545034,20240305,74800.0,100054.0,15480593.0,-2.6
078600,대주전자재료,47.0,10513.0,2455.32,10.98,0.0,0.44706553790545034,20240306,78100.0,733605.0,15480593.0,4.41
078600,대주전자재료,47.0,10513.0,2455.32,10.98,0.0,0.44706553790545034,20240307,81000.0,280440.0,15480593.0,3.71
078600,대주전자재료,47.0,10513.0,2455.32,10.98,0.0,0.44706553790545034,20240308,78700.0,299552.0,15480593.0,-2.84
