종목코드,종목명,EPS,BPS,PER,PBR,배당수익률,ROE,날짜,종가,거래량,상장주식수,등락률
009320,대우부품,5.0,566.0,223.0,1.97,0.0,0.88339222614841,20240304,1207.0,55908.0,49299770.0,-0.49
009320,대우부품,5.0,566.0,223.0,1.97,0.0,0.88339222614841,20240305,1195.0,72061.0,49299770.0,-0.99
009320,대우부품,5.0,566.0,223.0,1.97,0.0,0.88339222614841,20240306,1190.0,121862.0,49299770.0,-0.42
009320,대우부품,5.0,566.0,223.0,1.97,0.0,0.88339222614841,20240307,1189.0,57580.0,49299770.0,-0.08
009320,대우부품,5.0,566.0,223.0,1.97,0.0,0.88339222614841,20240308,1210.0,63128.0,49299770.0,1.77
