종목코드,종목명,EPS,BPS,PER,PBR,배당수익률,ROE,날짜,종가,거래량,상장주식수,등락률
003220,대원제약,1140.0,12559.0,14.09,1.28,1.87,9.07715582450832,20240304,14690.0,50727.0,22190194.0,-1.01
003220,대원제약,1140.0,12559.0,14.09,1.28,1.87,9.07715582450832,20240305,14770.0,1385130.0,22190194.0,0.54
003220,대원제약,1140.0,12559.0,14.09,1.28,1.87,9.07715582450832,20240306,14940.0,249738.0,22190194.0,1.15
003220,대원제약,1140.0,12559.0,14.09,1.28,1.87,9.07715582450832,20240307,14700.0,123556.0,22190194.0,-1.61
003220,대원제약,1140.0,12559.0,14.09,1.28,1.87,9.07715582450832,20240308,14990.0,68200.0,22190194.0,1.97
