종목코드,종목명,EPS,BPS,PER,PBR,배당수익률,ROE,날짜,종가,거래량,상장주식수,등락률
001680,대상,1862.0,36679.0,12.78,0.65,3.36,5.076474276834156,20240304,19530.0,56396.0,34648025.0,-0.61
001680,대상,1862.0,36679.0,12.78,0.65,3.36,5.076474276834156,20240305,19610.0,63007.0,34648025.0,0.41
001680,대상,1862.0,36679.0,12.78,0.65,3.36,5.076474276834156,20240306,19470.0,48295.0,34648025.0,-0.71
001680,대상,1862.0,36679.0,12.78,0.65,3.36,5.076474276834156,20240307,19140.0,55680.0,34648025.0,-1.69
001680,대상,1862.0,36679.0,12.78,0.65,3.36,5.076474276834156,20240308,19200.0,63566.0,34648025.0,0.31
