종목코드,종목명,EPS,BPS,PER,PBR,배당수익률,ROE,날짜,종가,거래량,상장주식수,등락률
023910,대한약품,4834.0,42172.0,5.86,0.67,2.65,11.462581807834582,20240304,29150.0,3523.0,6000000.0,0.52
023910,대한약품,4834.0,42172.0,5.86,0.67,2.65,11.462581807834582,20240305,28650.0,5305.0,6000000.0,-1.72
023910,대한약품,4834.0,42172.0,5.86,0.67,2.65,11.462581807834582,20240306,28600.0,6967.0,6000000.0,-0.17
023910,대한약품,4834.0,42172.0,5.86,0.67,2.65,11.462581807834582,20240307,28450.0,3774.0,6000000.0,-0.52
023910,대한약품,4834.0,42172.0,5.86,0.67,2.65,11.462581807834582,20240308,28400.0,3844.0,6000000.0,-0.18
