종목코드,종목명,EPS,BPS,PER,PBR,배당수익률,ROE,날짜,종가,거래량,상장주식수,등락률
001440,대한전선,519.0,6878.0,26.17,1.97,0.0,7.545798197150335,20240304,9200.0,413739.0,124447300.0,-1.92
001440,대한전선,519.0,6878.0,26.17,1.97,0.0,7.545798197150335,20240305,9420.0,2455365.0,124447300.0,2.39
001440,대한전선,519.0,6878.0,26.17,1.97,0.0,7.545798197150335,20240306,9230.0,831435.0,124447300.0,-2.02
001440,대한전선,519.0,6878.0,26.17,1.97,0.0,7.545798197150335,20240307,8880.0,1145932.0,124447300.0,-3.79
001440,대한전선,519.0,6878.0,26.17,1.97,0.0,7.545798197150335,20240308,8840.0,1144544.0,124447300.0,-0.45
