종목코드,종목명,EPS,BPS,PER,PBR,배당수익률,ROE,날짜,종가,거래량,상장주식수,등락률
005880,대한해운,220.0,5178.0,9.43,0.4,0.0,4.248744689069139,20240304,2065.0,2407423.0,319177460.0,0.49
005880,대한해운,220.0,5178.0,9.43,0.4,0.0,4.248744689069139,20240305,2075.0,1644745.0,319177460.0,0.48
005880,대한해운,220.0,5178.0,9.43,0.4,0.0,4.248744689069139,20240306,2050.0,1276806.0,319177460.0,-1.2
005880,대한해운,220.0,5178.0,9.43,0.4,0.0,4.248744689069139,20240307,2010.0,1423229.0,319177460.0,-1.95
005880,대한해운,220.0,5178.0,9.43,0.4,0.0,4.248744689069139,20240308,1995.0,1245929.0,319177460.0,-0.75
