종목코드,종목명,EPS,BPS,PER,PBR,배당수익률,ROE,날짜,종가,거래량,상장주식수,등락률
001130,대한제분,60350.0,603520.0,2.34,0.23,1.77,9.999668610816544,20240304,137900.0,1235.0,1690000.0,-0.43
001130,대한제분,60350.0,603520.0,2.34,0.23,1.77,9.999668610816544,20240305,138800.0,2081.0,1690000.0,0.65
001130,대한제분,60350.0,603520.0,2.34,0.23,1.77,9.999668610816544,20240306,140000.0,1092.0,1690000.0,0.86
001130,대한제분,60350.0,603520.0,2.34,0.23,1.77,9.999668610816544,20240307,140200.0,690.0,1690000.0,0.14
001130,대한제분,60350.0,603520.0,2.34,0.23,1.77,9.999668610816544,20240308,139500.0,602.0,1690000.0,-0.5
