종목코드,종목명,EPS,BPS,PER,PBR,배당수익률,ROE,날짜,종가,거래량,상장주식수,등락률
069460,대호에이엘,52.0,1404.0,20.27,0.75,0.0,3.7037037037037033,20240304,1069.0,321923.0,67544896.0,0.09
069460,대호에이엘,52.0,1404.0,20.27,0.75,0.0,3.7037037037037033,20240305,1044.0,142945.0,67544896.0,-2.34
069460,대호에이엘,52.0,1404.0,20.27,0.75,0.0,3.7037037037037033,20240306,1029.0,267276.0,67544896.0,-1.44
069460,대호에이엘,52.0,1404.0,20.27,0.75,0.0,3.7037037037037033,20240307,1070.0,239991.0,67544896.0,3.98
069460,대호에이엘,52.0,1404.0,20.27,0.75,0.0,3.7037037037037033,20240308,1069.0,498729.0,67544896.0,-0.09
