종목코드,종목명,EPS,BPS,PER,PBR,배당수익률,ROE,날짜,종가,거래량,상장주식수,등락률
003830,대한화섬,9283.0,638399.0,11.04,0.16,0.73,1.4541062877604758,20240304,114000.0,321.0,1328000.0,3.07
003830,대한화섬,9283.0,638399.0,11.04,0.16,0.73,1.4541062877604758,20240305,114000.0,314.0,1328000.0,0.0
003830,대한화섬,9283.0,638399.0,11.04,0.16,0.73,1.4541062877604758,20240306,113600.0,96.0,1328000.0,-0.35
003830,대한화섬,9283.0,638399.0,11.04,0.16,0.73,1.4541062877604758,20240307,113600.0,232.0,1328000.0,0.0
003830,대한화섬,9283.0,638399.0,11.04,0.16,0.73,1.4541062877604758,20240308,113700.0,6.0,1328000.0,0.09
