종목코드,종목명,EPS,BPS,PER,PBR,배당수익률,ROE,날짜,종가,거래량,상장주식수,등락률
084010,대한제강,4007.0,42959.0,2.93,0.27,4.26,9.327498312344328,20240304,13240.0,18925.0,23414397.0,-0.82
084010,대한제강,4007.0,42959.0,2.93,0.27,4.26,9.327498312344328,20240305,13150.0,22982.0,23414397.0,-0.68
084010,대한제강,4007.0,42959.0,2.93,0.27,4.26,9.327498312344328,20240306,12890.0,24226.0,23414397.0,-1.98
084010,대한제강,4007.0,42959.0,2.93,0.27,4.26,9.327498312344328,20240307,12970.0,14079.0,23414397.0,0.62
084010,대한제강,4007.0,42959.0,2.93,0.27,4.26,9.327498312344328,20240308,12980.0,9703.0,23414397.0,0.08
