종목코드,종목명,EPS,BPS,PER,PBR,배당수익률,ROE,날짜,종가,거래량,상장주식수,등락률
192080,더블유게임즈,7635.0,44663.0,5.99,1.02,2.19,17.09468687728097,20240304,46450.0,60020.0,21495906.0,0.22
192080,더블유게임즈,7635.0,44663.0,5.99,1.02,2.19,17.09468687728097,20240305,45950.0,52314.0,21495906.0,-1.08
192080,더블유게임즈,7635.0,44663.0,5.99,1.02,2.19,17.09468687728097,20240306,45600.0,39988.0,21495906.0,-0.76
192080,더블유게임즈,7635.0,44663.0,5.99,1.02,2.19,17.09468687728097,20240307,46100.0,77838.0,21495906.0,1.1
192080,더블유게임즈,7635.0,44663.0,5.99,1.02,2.19,17.09468687728097,20240308,46150.0,57966.0,21495906.0,0.11
