종목코드,종목명,EPS,BPS,PER,PBR,배당수익률,ROE,날짜,종가,거래량,상장주식수,등락률
299170,더블유에스아이,96.0,1339.0,19.03,1.36,0.0,7.169529499626587,20240304,2100.0,55037.0,30027963.0,0.48
299170,더블유에스아이,96.0,1339.0,19.03,1.36,0.0,7.169529499626587,20240305,2095.0,67691.0,30027963.0,-0.24
299170,더블유에스아이,96.0,1339.0,19.03,1.36,0.0,7.169529499626587,20240306,2085.0,54848.0,30027963.0,-0.48
299170,더블유에스아이,96.0,1339.0,19.03,1.36,0.0,7.169529499626587,20240307,2065.0,106984.0,30027963.0,-0.96
299170,더블유에스아이,96.0,1339.0,19.03,1.36,0.0,7.169529499626587,20240308,2060.0,123098.0,30027963.0,-0.24
