종목코드,종목명,EPS,BPS,PER,PBR,배당수익률,ROE,날짜,종가,거래량,상장주식수,등락률
393890,더블유씨피,1591.0,29689.0,14.99,0.8,0.0,5.358887129913436,20240304,46700.0,404862.0,33696518.0,3.66
393890,더블유씨피,1591.0,29689.0,14.99,0.8,0.0,5.358887129913436,20240305,46800.0,397377.0,33696518.0,0.21
393890,더블유씨피,1591.0,29689.0,14.99,0.8,0.0,5.358887129913436,20240306,46400.0,459656.0,33696518.0,-0.85
393890,더블유씨피,1591.0,29689.0,14.99,0.8,0.0,5.358887129913436,20240307,49500.0,871614.0,33696518.0,6.68
393890,더블유씨피,1591.0,29689.0,14.99,0.8,0.0,5.358887129913436,20240308,44500.0,1009841.0,33696518.0,-10.1
