종목코드,종목명,EPS,BPS,PER,PBR,배당수익률,ROE,날짜,종가,거래량,상장주식수,등락률
004830,덕성,366.0,5653.0,20.05,1.3,0.61,6.474438351317885,20240304,9080.0,1327279.0,15680000.0,3.77
004830,덕성,366.0,5653.0,20.05,1.3,0.61,6.474438351317885,20240305,8360.0,1281529.0,15680000.0,-7.93
004830,덕성,366.0,5653.0,20.05,1.3,0.61,6.474438351317885,20240306,8470.0,1577416.0,15680000.0,1.32
004830,덕성,366.0,5653.0,20.05,1.3,0.61,6.474438351317885,20240307,8100.0,1051224.0,15680000.0,-4.37
004830,덕성,366.0,5653.0,20.05,1.3,0.61,6.474438351317885,20240308,8150.0,1081364.0,15680000.0,0.62
