종목코드,종목명,EPS,BPS,PER,PBR,배당수익률,ROE,날짜,종가,거래량,상장주식수,등락률
145720,덴티움,11193.0,53874.0,8.37,1.74,0.43,20.776255707762555,20240304,139000.0,225783.0,11068830.0,-3.61
145720,덴티움,11193.0,53874.0,8.37,1.74,0.43,20.776255707762555,20240305,145200.0,197388.0,11068830.0,4.46
145720,덴티움,11193.0,53874.0,8.37,1.74,0.43,20.776255707762555,20240306,146800.0,99058.0,11068830.0,1.1
145720,덴티움,11193.0,53874.0,8.37,1.74,0.43,20.776255707762555,20240307,141700.0,81950.0,11068830.0,-3.47
145720,덴티움,11193.0,53874.0,8.37,1.74,0.43,20.776255707762555,20240308,141500.0,70119.0,11068830.0,-0.14
