종목코드,종목명,EPS,BPS,PER,PBR,배당수익률,ROE,날짜,종가,거래량,상장주식수,등락률
067990,도이치모터스,373.0,13627.0,12.68,0.35,7.82,2.7372128861818448,20240304,5320.0,102008.0,31181550.0,0.76
067990,도이치모터스,373.0,13627.0,12.68,0.35,7.82,2.7372128861818448,20240305,5300.0,97847.0,31181550.0,-0.38
067990,도이치모터스,373.0,13627.0,12.68,0.35,7.82,2.7372128861818448,20240306,5180.0,276306.0,31181550.0,-2.26
067990,도이치모터스,373.0,13627.0,12.68,0.35,7.82,2.7372128861818448,20240307,5050.0,95989.0,31181550.0,-2.51
067990,도이치모터스,373.0,13627.0,12.68,0.35,7.82,2.7372128861818448,20240308,5040.0,73617.0,31181550.0,-0.2
