종목코드,종목명,EPS,BPS,PER,PBR,배당수익률,ROE,날짜,종가,거래량,상장주식수,등락률
002150,도화엔지니어링,623.0,8202.0,12.65,0.96,3.55,7.595708363813704,20240304,7710.0,41483.0,33720000.0,-0.26
002150,도화엔지니어링,623.0,8202.0,12.65,0.96,3.55,7.595708363813704,20240305,7690.0,34897.0,33720000.0,-0.26
002150,도화엔지니어링,623.0,8202.0,12.65,0.96,3.55,7.595708363813704,20240306,7640.0,37145.0,33720000.0,-0.65
002150,도화엔지니어링,623.0,8202.0,12.65,0.96,3.55,7.595708363813704,20240307,7640.0,42572.0,33720000.0,0.0
002150,도화엔지니어링,623.0,8202.0,12.65,0.96,3.55,7.595708363813704,20240308,7620.0,24402.0,33720000.0,-0.26
