종목코드,종목명,EPS,BPS,PER,PBR,배당수익률,ROE,날짜,종가,거래량,상장주식수,등락률
001230,동국홀딩스,4500.0,52450.0,1.84,0.16,7.26,8.57959961868446,20240304,8450.0,125218.0,31800483.0,0.96
001230,동국홀딩스,4500.0,52450.0,1.84,0.16,7.26,8.57959961868446,20240305,8150.0,136606.0,31800483.0,-3.55
001230,동국홀딩스,4500.0,52450.0,1.84,0.16,7.26,8.57959961868446,20240306,8100.0,93397.0,31800483.0,-0.61
001230,동국홀딩스,4500.0,52450.0,1.84,0.16,7.26,8.57959961868446,20240307,8110.0,76152.0,31800483.0,0.12
001230,동국홀딩스,4500.0,52450.0,1.84,0.16,7.26,8.57959961868446,20240308,8110.0,68134.0,31800483.0,0.0
