종목코드,종목명,EPS,BPS,PER,PBR,배당수익률,ROE,날짜,종가,거래량,상장주식수,등락률
075970,동국알앤에스,37.0,4237.0,80.81,0.71,2.68,0.8732593816379515,20240304,3590.0,72867.0,18400000.0,0.84
075970,동국알앤에스,37.0,4237.0,80.81,0.71,2.68,0.8732593816379515,20240305,3510.0,103778.0,18400000.0,-2.23
075970,동국알앤에스,37.0,4237.0,80.81,0.71,2.68,0.8732593816379515,20240306,3400.0,190688.0,18400000.0,-3.13
075970,동국알앤에스,37.0,4237.0,80.81,0.71,2.68,0.8732593816379515,20240307,3365.0,117379.0,18400000.0,-1.03
075970,동국알앤에스,37.0,4237.0,80.81,0.71,2.68,0.8732593816379515,20240308,3400.0,73611.0,18400000.0,1.04
