종목코드,종목명,EPS,BPS,PER,PBR,배당수익률,ROE,날짜,종가,거래량,상장주식수,등락률
006620,동구바이오제약,428.0,3999.0,18.25,1.95,1.54,10.702675668917228,20240304,5480.0,70736.0,28464992.0,1.48
006620,동구바이오제약,428.0,3999.0,18.25,1.95,1.54,10.702675668917228,20240305,5580.0,79907.0,28464992.0,1.82
006620,동구바이오제약,428.0,3999.0,18.25,1.95,1.54,10.702675668917228,20240306,5610.0,56117.0,28464992.0,0.54
006620,동구바이오제약,428.0,3999.0,18.25,1.95,1.54,10.702675668917228,20240307,5610.0,100734.0,28464992.0,0.0
006620,동구바이오제약,428.0,3999.0,18.25,1.95,1.54,10.702675668917228,20240308,5680.0,48474.0,28464992.0,1.25
