종목코드,종목명,EPS,BPS,PER,PBR,배당수익률,ROE,날짜,종가,거래량,상장주식수,등락률
086450,동국제약,1073.0,12177.0,16.57,1.46,1.01,8.811694177547837,20240304,16130.0,493200.0,44460000.0,-2.3
086450,동국제약,1073.0,12177.0,16.57,1.46,1.01,8.811694177547837,20240305,15840.0,485356.0,44460000.0,-1.8
086450,동국제약,1073.0,12177.0,16.57,1.46,1.01,8.811694177547837,20240306,15850.0,196200.0,44460000.0,0.06
086450,동국제약,1073.0,12177.0,16.57,1.46,1.01,8.811694177547837,20240307,15680.0,184898.0,44460000.0,-1.07
086450,동국제약,1073.0,12177.0,16.57,1.46,1.01,8.811694177547837,20240308,15880.0,89634.0,44460000.0,1.28
