종목코드,종목명,EPS,BPS,PER,PBR,배당수익률,ROE,날짜,종가,거래량,상장주식수,등락률
023450,동남합성,1706.0,14865.0,18.96,2.18,3.09,11.476622939791456,20240304,28750.0,5033.0,3500000.0,-2.38
023450,동남합성,1706.0,14865.0,18.96,2.18,3.09,11.476622939791456,20240305,28150.0,3059.0,3500000.0,-2.09
023450,동남합성,1706.0,14865.0,18.96,2.18,3.09,11.476622939791456,20240306,28300.0,667.0,3500000.0,0.53
023450,동남합성,1706.0,14865.0,18.96,2.18,3.09,11.476622939791456,20240307,28800.0,1404.0,3500000.0,1.77
023450,동남합성,1706.0,14865.0,18.96,2.18,3.09,11.476622939791456,20240308,29050.0,1066.0,3500000.0,0.87
