종목코드,종목명,EPS,BPS,PER,PBR,배당수익률,ROE,날짜,종가,거래량,상장주식수,등락률
007590,동방아그로,978.0,12845.0,6.42,0.49,4.78,7.613857532113663,20240304,6410.0,6503.0,13617577.0,0.63
007590,동방아그로,978.0,12845.0,6.42,0.49,4.78,7.613857532113663,20240305,6310.0,34288.0,13617577.0,-1.56
007590,동방아그로,978.0,12845.0,6.42,0.49,4.78,7.613857532113663,20240306,6280.0,16087.0,13617577.0,-0.48
007590,동방아그로,978.0,12845.0,6.42,0.49,4.78,7.613857532113663,20240307,6300.0,3641.0,13617577.0,0.32
007590,동방아그로,978.0,12845.0,6.42,0.49,4.78,7.613857532113663,20240308,6320.0,2358.0,13617577.0,0.32
