종목코드,종목명,EPS,BPS,PER,PBR,배당수익률,ROE,날짜,종가,거래량,상장주식수,등락률
079960,동양이엔피,5975.0,41506.0,3.1,0.45,2.16,14.395509083024141,20240304,19190.0,63180.0,7860000.0,-1.99
079960,동양이엔피,5975.0,41506.0,3.1,0.45,2.16,14.395509083024141,20240305,19520.0,116988.0,7860000.0,1.72
079960,동양이엔피,5975.0,41506.0,3.1,0.45,2.16,14.395509083024141,20240306,19750.0,37137.0,7860000.0,1.18
079960,동양이엔피,5975.0,41506.0,3.1,0.45,2.16,14.395509083024141,20240307,19400.0,25067.0,7860000.0,-1.77
079960,동양이엔피,5975.0,41506.0,3.1,0.45,2.16,14.395509083024141,20240308,19420.0,25379.0,7860000.0,0.1
