종목코드,종목명,EPS,BPS,PER,PBR,배당수익률,ROE,날짜,종가,거래량,상장주식수,등락률
013120,동원개발,469.0,11397.0,5.76,0.24,2.96,4.115118013512328,20240304,2945.0,87361.0,90808100.0,-1.67
013120,동원개발,469.0,11397.0,5.76,0.24,2.96,4.115118013512328,20240305,2950.0,77527.0,90808100.0,0.17
013120,동원개발,469.0,11397.0,5.76,0.24,2.96,4.115118013512328,20240306,2940.0,27505.0,90808100.0,-0.34
013120,동원개발,469.0,11397.0,5.76,0.24,2.96,4.115118013512328,20240307,2935.0,40102.0,90808100.0,-0.17
013120,동원개발,469.0,11397.0,5.76,0.24,2.96,4.115118013512328,20240308,2865.0,179370.0,90808100.0,-2.39
