종목코드,종목명,EPS,BPS,PER,PBR,배당수익률,ROE,날짜,종가,거래량,상장주식수,등락률
025950,동신건설,932.0,11512.0,22.16,1.79,0.73,8.095899930507297,20240304,21400.0,109494.0,8400000.0,5.42
025950,동신건설,932.0,11512.0,22.16,1.79,0.73,8.095899930507297,20240305,21300.0,45745.0,8400000.0,-0.47
025950,동신건설,932.0,11512.0,22.16,1.79,0.73,8.095899930507297,20240306,22550.0,186707.0,8400000.0,5.87
025950,동신건설,932.0,11512.0,22.16,1.79,0.73,8.095899930507297,20240307,22350.0,76874.0,8400000.0,-0.89
025950,동신건설,932.0,11512.0,22.16,1.79,0.73,8.095899930507297,20240308,22150.0,113732.0,8400000.0,-0.89
