종목코드,종목명,EPS,BPS,PER,PBR,배당수익률,ROE,날짜,종가,거래량,상장주식수,등락률
049770,동원F&B,5641.0,50436.0,7.36,0.82,1.93,11.18447140931081,20240304,31250.0,21278.0,19295620.0,-1.88
049770,동원F&B,5641.0,50436.0,7.36,0.82,1.93,11.18447140931081,20240305,31850.0,5429.0,19295620.0,1.92
049770,동원F&B,5641.0,50436.0,7.36,0.82,1.93,11.18447140931081,20240306,31650.0,13953.0,19295620.0,-0.63
049770,동원F&B,5641.0,50436.0,7.36,0.82,1.93,11.18447140931081,20240307,31400.0,8030.0,19295620.0,-0.79
049770,동원F&B,5641.0,50436.0,7.36,0.82,1.93,11.18447140931081,20240308,31200.0,11308.0,19295620.0,-0.64
