종목코드,종목명,EPS,BPS,PER,PBR,배당수익률,ROE,날짜,종가,거래량,상장주식수,등락률
018500,동원금속,389.0,1919.0,3.9,0.79,1.32,20.27097446586764,20240304,1858.0,284174.0,46754933.0,0.43
018500,동원금속,389.0,1919.0,3.9,0.79,1.32,20.27097446586764,20240305,1798.0,383355.0,46754933.0,-3.23
018500,동원금속,389.0,1919.0,3.9,0.79,1.32,20.27097446586764,20240306,1796.0,158791.0,46754933.0,-0.11
018500,동원금속,389.0,1919.0,3.9,0.79,1.32,20.27097446586764,20240307,1750.0,279796.0,46754933.0,-2.56
018500,동원금속,389.0,1919.0,3.9,0.79,1.32,20.27097446586764,20240308,1788.0,210542.0,46754933.0,2.17
