종목코드,종목명,EPS,BPS,PER,PBR,배당수익률,ROE,날짜,종가,거래량,상장주식수,등락률
041930,동아화성,951.0,10151.0,7.02,0.66,2.25,9.368535119692641,20240304,7620.0,37380.0,15800000.0,-0.26
041930,동아화성,951.0,10151.0,7.02,0.66,2.25,9.368535119692641,20240305,7490.0,34962.0,15800000.0,-1.71
041930,동아화성,951.0,10151.0,7.02,0.66,2.25,9.368535119692641,20240306,7560.0,24741.0,15800000.0,0.93
041930,동아화성,951.0,10151.0,7.02,0.66,2.25,9.368535119692641,20240307,7500.0,34832.0,15800000.0,-0.79
041930,동아화성,951.0,10151.0,7.02,0.66,2.25,9.368535119692641,20240308,7490.0,30113.0,15800000.0,-0.13
