종목코드,종목명,EPS,BPS,PER,PBR,배당수익률,ROE,날짜,종가,거래량,상장주식수,등락률
026960,동서,1468.0,16296.0,12.66,1.14,4.2,9.00834560628375,20240304,17380.0,71633.0,99700000.0,-0.63
026960,동서,1468.0,16296.0,12.66,1.14,4.2,9.00834560628375,20240305,17330.0,57435.0,99700000.0,-0.29
026960,동서,1468.0,16296.0,12.66,1.14,4.2,9.00834560628375,20240306,17500.0,85853.0,99700000.0,0.98
026960,동서,1468.0,16296.0,12.66,1.14,4.2,9.00834560628375,20240307,17480.0,50263.0,99700000.0,-0.11
026960,동서,1468.0,16296.0,12.66,1.14,4.2,9.00834560628375,20240308,17580.0,88699.0,99700000.0,0.57
