종목코드,종목명,EPS,BPS,PER,PBR,배당수익률,ROE,날짜,종가,거래량,상장주식수,등락률
102260,동성케미컬,687.0,8132.0,6.27,0.53,4.64,8.448106246925725,20240304,4615.0,47259.0,49689728.0,0.54
102260,동성케미컬,687.0,8132.0,6.27,0.53,4.64,8.448106246925725,20240305,4610.0,58442.0,49689728.0,-0.11
102260,동성케미컬,687.0,8132.0,6.27,0.53,4.64,8.448106246925725,20240306,4630.0,41730.0,49689728.0,0.43
102260,동성케미컬,687.0,8132.0,6.27,0.53,4.64,8.448106246925725,20240307,4650.0,23337.0,49689728.0,0.43
102260,동성케미컬,687.0,8132.0,6.27,0.53,4.64,8.448106246925725,20240308,4670.0,106294.0,49689728.0,0.43
