종목코드,종목명,EPS,BPS,PER,PBR,배당수익률,ROE,날짜,종가,거래량,상장주식수,등락률
111380,동인기연,4321.0,21533.0,4.61,0.92,2.81,20.06687410021827,20240304,24800.0,64566.0,6128000.0,2.27
111380,동인기연,4321.0,21533.0,4.61,0.92,2.81,20.06687410021827,20240305,23800.0,39055.0,6128000.0,-4.03
111380,동인기연,4321.0,21533.0,4.61,0.92,2.81,20.06687410021827,20240306,23750.0,62110.0,6128000.0,-0.21
111380,동인기연,4321.0,21533.0,4.61,0.92,2.81,20.06687410021827,20240307,23200.0,27206.0,6128000.0,-2.32
111380,동인기연,4321.0,21533.0,4.61,0.92,2.81,20.06687410021827,20240308,23250.0,30596.0,6128000.0,0.22
