종목코드,종목명,EPS,BPS,PER,PBR,배당수익률,ROE,날짜,종가,거래량,상장주식수,등락률
006040,동원산업,6237.0,74866.0,5.37,0.45,3.28,8.330884513664413,20240304,38800.0,63145.0,46482665.0,-0.26
006040,동원산업,6237.0,74866.0,5.37,0.45,3.28,8.330884513664413,20240305,39950.0,63820.0,46482665.0,2.96
006040,동원산업,6237.0,74866.0,5.37,0.45,3.28,8.330884513664413,20240306,39950.0,56117.0,46482665.0,0.0
006040,동원산업,6237.0,74866.0,5.37,0.45,3.28,8.330884513664413,20240307,40200.0,78134.0,46482665.0,0.63
006040,동원산업,6237.0,74866.0,5.37,0.45,3.28,8.330884513664413,20240308,39650.0,55770.0,46482665.0,-1.37
