종목코드,종목명,EPS,BPS,PER,PBR,배당수익률,ROE,날짜,종가,거래량,상장주식수,등락률
034020,두산에너빌리티,87.0,11113.0,217.24,1.7,0.0,0.7828669126248538,20240304,15770.0,3110647.0,640561146.0,-2.89
034020,두산에너빌리티,87.0,11113.0,217.24,1.7,0.0,0.7828669126248538,20240305,15460.0,2319953.0,640561146.0,-1.97
034020,두산에너빌리티,87.0,11113.0,217.24,1.7,0.0,0.7828669126248538,20240306,15630.0,1752227.0,640561146.0,1.1
034020,두산에너빌리티,87.0,11113.0,217.24,1.7,0.0,0.7828669126248538,20240307,15580.0,1401354.0,640561146.0,-0.32
034020,두산에너빌리티,87.0,11113.0,217.24,1.7,0.0,0.7828669126248538,20240308,15860.0,2084140.0,640561146.0,1.8
