종목코드,종목명,EPS,BPS,PER,PBR,배당수익률,ROE,날짜,종가,거래량,상장주식수,등락률
362990,드림인사이트,277.0,1568.0,8.25,1.46,0.0,17.66581632653061,20240304,2935.0,360814.0,16491966.0,-4.24
362990,드림인사이트,277.0,1568.0,8.25,1.46,0.0,17.66581632653061,20240305,2990.0,233466.0,16491966.0,1.87
362990,드림인사이트,277.0,1568.0,8.25,1.46,0.0,17.66581632653061,20240306,2950.0,105444.0,16491966.0,-1.34
362990,드림인사이트,277.0,1568.0,8.25,1.46,0.0,17.66581632653061,20240307,2870.0,142506.0,16491966.0,-2.71
362990,드림인사이트,277.0,1568.0,8.25,1.46,0.0,17.66581632653061,20240308,2850.0,59810.0,16491966.0,-0.7
