종목코드,종목명,EPS,BPS,PER,PBR,배당수익률,ROE,날짜,종가,거래량,상장주식수,등락률
376300,디어유,1104.0,7141.0,21.83,3.37,0.0,15.460019605097324,20240304,33600.0,136616.0,23738406.0,-5.08
376300,디어유,1104.0,7141.0,21.83,3.37,0.0,15.460019605097324,20240305,33650.0,86642.0,23738406.0,0.15
376300,디어유,1104.0,7141.0,21.83,3.37,0.0,15.460019605097324,20240306,32600.0,142597.0,23738406.0,-3.12
376300,디어유,1104.0,7141.0,21.83,3.37,0.0,15.460019605097324,20240307,31200.0,157425.0,23738406.0,-4.29
376300,디어유,1104.0,7141.0,21.83,3.37,0.0,15.460019605097324,20240308,32150.0,162936.0,23738406.0,3.04
