종목코드,종목명,EPS,BPS,PER,PBR,배당수익률,ROE,날짜,종가,거래량,상장주식수,등락률
039840,디오,227.0,13386.0,84.27,1.43,0.0,1.6958015837442104,20240304,20250.0,59768.0,15881755.0,-4.03
039840,디오,227.0,13386.0,84.27,1.43,0.0,1.6958015837442104,20240305,20400.0,79725.0,15881755.0,0.74
039840,디오,227.0,13386.0,84.27,1.43,0.0,1.6958015837442104,20240306,21500.0,249383.0,15881755.0,5.39
039840,디오,227.0,13386.0,84.27,1.43,0.0,1.6958015837442104,20240307,20300.0,185044.0,15881755.0,-5.58
039840,디오,227.0,13386.0,84.27,1.43,0.0,1.6958015837442104,20240308,21400.0,128206.0,15881755.0,5.42
