종목코드,종목명,EPS,BPS,PER,PBR,배당수익률,ROE,날짜,종가,거래량,상장주식수,등락률
092070,디엔에프,447.0,13395.0,33.22,1.11,1.35,3.3370660694288916,20240304,21500.0,132110.0,11571858.0,-0.46
092070,디엔에프,447.0,13395.0,33.22,1.11,1.35,3.3370660694288916,20240305,21150.0,123546.0,11571858.0,-1.63
092070,디엔에프,447.0,13395.0,33.22,1.11,1.35,3.3370660694288916,20240306,21350.0,71040.0,11571858.0,0.95
092070,디엔에프,447.0,13395.0,33.22,1.11,1.35,3.3370660694288916,20240307,21750.0,179233.0,11571858.0,1.87
092070,디엔에프,447.0,13395.0,33.22,1.11,1.35,3.3370660694288916,20240308,22450.0,354513.0,11571858.0,3.22
