종목코드,종목명,EPS,BPS,PER,PBR,배당수익률,ROE,날짜,종가,거래량,상장주식수,등락률
003160,디아이,122.0,5836.0,143.93,3.01,0.57,2.0904729266620974,20240304,9040.0,825749.0,28300000.0,3.67
003160,디아이,122.0,5836.0,143.93,3.01,0.57,2.0904729266620974,20240305,11740.0,12937156.0,28300000.0,29.87
003160,디아이,122.0,5836.0,143.93,3.01,0.57,2.0904729266620974,20240306,12070.0,7766821.0,28300000.0,2.81
003160,디아이,122.0,5836.0,143.93,3.01,0.57,2.0904729266620974,20240307,12390.0,2782365.0,28300000.0,2.65
003160,디아이,122.0,5836.0,143.93,3.01,0.57,2.0904729266620974,20240308,11790.0,1494597.0,28300000.0,-4.84
