종목코드,종목명,EPS,BPS,PER,PBR,배당수익률,ROE,날짜,종가,거래량,상장주식수,등락률
013570,디와이,737.0,14212.0,6.97,0.36,2.92,5.185758513931889,20240304,6180.0,178600.0,26319633.0,-0.48
013570,디와이,737.0,14212.0,6.97,0.36,2.92,5.185758513931889,20240305,6100.0,207670.0,26319633.0,-1.29
013570,디와이,737.0,14212.0,6.97,0.36,2.92,5.185758513931889,20240306,6100.0,124374.0,26319633.0,0.0
013570,디와이,737.0,14212.0,6.97,0.36,2.92,5.185758513931889,20240307,6020.0,133275.0,26319633.0,-1.31
013570,디와이,737.0,14212.0,6.97,0.36,2.92,5.185758513931889,20240308,6010.0,87527.0,26319633.0,-0.17
