종목코드,종목명,EPS,BPS,PER,PBR,배당수익률,ROE,날짜,종가,거래량,상장주식수,등락률
290550,디케이티,248.0,7094.0,45.12,1.58,0.0,3.495912038342261,20240304,9200.0,89787.0,18668371.0,-1.92
290550,디케이티,248.0,7094.0,45.12,1.58,0.0,3.495912038342261,20240305,9250.0,67589.0,18668371.0,0.54
290550,디케이티,248.0,7094.0,45.12,1.58,0.0,3.495912038342261,20240306,9230.0,57650.0,18668371.0,-0.22
290550,디케이티,248.0,7094.0,45.12,1.58,0.0,3.495912038342261,20240307,9000.0,32462.0,18668371.0,-2.49
290550,디케이티,248.0,7094.0,45.12,1.58,0.0,3.495912038342261,20240308,8820.0,75111.0,18668371.0,-2.0
