종목코드,종목명,EPS,BPS,PER,PBR,배당수익률,ROE,날짜,종가,거래량,상장주식수,등락률
109740,디에스케이,125.0,5146.0,49.12,1.19,0.0,2.4290711232024873,20240304,5260.0,17407.0,27024910.0,-0.57
109740,디에스케이,125.0,5146.0,49.12,1.19,0.0,2.4290711232024873,20240305,5620.0,202981.0,27024910.0,6.84
109740,디에스케이,125.0,5146.0,49.12,1.19,0.0,2.4290711232024873,20240306,5560.0,43992.0,27024910.0,-1.07
109740,디에스케이,125.0,5146.0,49.12,1.19,0.0,2.4290711232024873,20240307,5550.0,31375.0,27024910.0,-0.18
109740,디에스케이,125.0,5146.0,49.12,1.19,0.0,2.4290711232024873,20240308,5600.0,37326.0,27024910.0,0.9
