종목코드,종목명,EPS,BPS,PER,PBR,배당수익률,ROE,날짜,종가,거래량,상장주식수,등락률
092200,디아이씨,954.0,3463.0,4.72,1.3,0.0,27.548368466647418,20240304,4565.0,122090.0,38888569.0,1.33
092200,디아이씨,954.0,3463.0,4.72,1.3,0.0,27.548368466647418,20240305,4425.0,205854.0,38888569.0,-3.07
092200,디아이씨,954.0,3463.0,4.72,1.3,0.0,27.548368466647418,20240306,4490.0,133690.0,38888569.0,1.47
092200,디아이씨,954.0,3463.0,4.72,1.3,0.0,27.548368466647418,20240307,4375.0,154619.0,38888569.0,-2.56
092200,디아이씨,954.0,3463.0,4.72,1.3,0.0,27.548368466647418,20240308,4360.0,115065.0,38888569.0,-0.34
