종목코드,종목명,EPS,BPS,PER,PBR,배당수익률,ROE,날짜,종가,거래량,상장주식수,등락률
105740,디케이락,1199.0,13084.0,7.75,0.71,2.69,9.163864261693671,20240304,8000.0,39507.0,10156513.0,0.0
105740,디케이락,1199.0,13084.0,7.75,0.71,2.69,9.163864261693671,20240305,7910.0,44847.0,10156513.0,-1.13
105740,디케이락,1199.0,13084.0,7.75,0.71,2.69,9.163864261693671,20240306,7840.0,33554.0,10156513.0,-0.88
105740,디케이락,1199.0,13084.0,7.75,0.71,2.69,9.163864261693671,20240307,7770.0,35359.0,10156513.0,-0.89
105740,디케이락,1199.0,13084.0,7.75,0.71,2.69,9.163864261693671,20240308,7820.0,28271.0,10156513.0,0.64
