종목코드,종목명,EPS,BPS,PER,PBR,배당수익률,ROE,날짜,종가,거래량,상장주식수,등락률
079810,디이엔티,58.0,6651.0,147.07,1.28,0.0,0.8720493158923471,20240304,15050.0,264743.0,22028094.0,1.48
079810,디이엔티,58.0,6651.0,147.07,1.28,0.0,0.8720493158923471,20240305,15380.0,347239.0,22028094.0,2.19
079810,디이엔티,58.0,6651.0,147.07,1.28,0.0,0.8720493158923471,20240306,14860.0,401011.0,22028094.0,-3.38
079810,디이엔티,58.0,6651.0,147.07,1.28,0.0,0.8720493158923471,20240307,15330.0,314532.0,22028094.0,3.16
079810,디이엔티,58.0,6651.0,147.07,1.28,0.0,0.8720493158923471,20240308,14960.0,294061.0,22028094.0,-2.41
