종목코드,종목명,EPS,BPS,PER,PBR,배당수익률,ROE,날짜,종가,거래량,상장주식수,등락률
263690,디알젬,834.0,7200.0,9.78,1.13,2.21,11.583333333333332,20240304,10290.0,7219.0,11325610.0,-0.19
263690,디알젬,834.0,7200.0,9.78,1.13,2.21,11.583333333333332,20240305,10380.0,8183.0,11325610.0,0.87
263690,디알젬,834.0,7200.0,9.78,1.13,2.21,11.583333333333332,20240306,10350.0,4055.0,11325610.0,-0.29
263690,디알젬,834.0,7200.0,9.78,1.13,2.21,11.583333333333332,20240307,10160.0,8572.0,11325610.0,-1.84
263690,디알젬,834.0,7200.0,9.78,1.13,2.21,11.583333333333332,20240308,10190.0,5952.0,11325610.0,0.3
