종목코드,종목명,EPS,BPS,PER,PBR,배당수익률,ROE,날짜,종가,거래량,상장주식수,등락률
131180,딜리,25.0,2079.0,38.0,0.46,0.0,1.2025012025012025,20240304,1124.0,113660.0,29350000.0,2.18
131180,딜리,25.0,2079.0,38.0,0.46,0.0,1.2025012025012025,20240305,1124.0,39092.0,29350000.0,0.0
131180,딜리,25.0,2079.0,38.0,0.46,0.0,1.2025012025012025,20240306,1122.0,10030.0,29350000.0,-0.18
131180,딜리,25.0,2079.0,38.0,0.46,0.0,1.2025012025012025,20240307,1120.0,18659.0,29350000.0,-0.18
131180,딜리,25.0,2079.0,38.0,0.46,0.0,1.2025012025012025,20240308,1115.0,22400.0,29350000.0,-0.45
