종목코드,종목명,EPS,BPS,PER,PBR,배당수익률,ROE,날짜,종가,거래량,상장주식수,등락률
038390,레드캡투어,2005.0,24430.0,7.89,0.65,5.69,8.20712239050348,20240304,15700.0,10414.0,8589480.0,0.96
038390,레드캡투어,2005.0,24430.0,7.89,0.65,5.69,8.20712239050348,20240305,15600.0,4107.0,8589480.0,-0.64
038390,레드캡투어,2005.0,24430.0,7.89,0.65,5.69,8.20712239050348,20240306,15540.0,3019.0,8589480.0,-0.38
038390,레드캡투어,2005.0,24430.0,7.89,0.65,5.69,8.20712239050348,20240307,15410.0,2346.0,8589480.0,-0.84
038390,레드캡투어,2005.0,24430.0,7.89,0.65,5.69,8.20712239050348,20240308,15450.0,3088.0,8589480.0,0.26
