종목코드,종목명,EPS,BPS,PER,PBR,배당수익률,ROE,날짜,종가,거래량,상장주식수,등락률
228850,레이언스,1246.0,15265.0,6.32,0.52,1.27,8.162463150999018,20240304,9130.0,16355.0,16591014.0,-0.22
228850,레이언스,1246.0,15265.0,6.32,0.52,1.27,8.162463150999018,20240305,9100.0,21880.0,16591014.0,-0.33
228850,레이언스,1246.0,15265.0,6.32,0.52,1.27,8.162463150999018,20240306,9090.0,5218.0,16591014.0,-0.11
228850,레이언스,1246.0,15265.0,6.32,0.52,1.27,8.162463150999018,20240307,9130.0,6128.0,16591014.0,0.44
228850,레이언스,1246.0,15265.0,6.32,0.52,1.27,8.162463150999018,20240308,9080.0,18718.0,16591014.0,-0.55
