종목코드,종목명,EPS,BPS,PER,PBR,배당수익률,ROE,날짜,종가,거래량,상장주식수,등락률
004000,롯데정밀화학,7147.0,93569.0,6.48,0.49,4.32,7.6382135108850155,20240304,48000.0,55582.0,25800000.0,1.05
004000,롯데정밀화학,7147.0,93569.0,6.48,0.49,4.32,7.6382135108850155,20240305,47750.0,39727.0,25800000.0,-0.52
004000,롯데정밀화학,7147.0,93569.0,6.48,0.49,4.32,7.6382135108850155,20240306,47300.0,64436.0,25800000.0,-0.94
004000,롯데정밀화학,7147.0,93569.0,6.48,0.49,4.32,7.6382135108850155,20240307,47450.0,38861.0,25800000.0,0.32
004000,롯데정밀화학,7147.0,93569.0,6.48,0.49,4.32,7.6382135108850155,20240308,47650.0,81169.0,25800000.0,0.42
