종목코드,종목명,EPS,BPS,PER,PBR,배당수익률,ROE,날짜,종가,거래량,상장주식수,등락률
012700,리드코프,351.0,16422.0,13.69,0.29,4.16,2.1373766898063575,20240304,5900.0,41732.0,26446135.0,-0.84
012700,리드코프,351.0,16422.0,13.69,0.29,4.16,2.1373766898063575,20240305,5820.0,42802.0,26446135.0,-1.36
012700,리드코프,351.0,16422.0,13.69,0.29,4.16,2.1373766898063575,20240306,5780.0,54303.0,26446135.0,-0.69
012700,리드코프,351.0,16422.0,13.69,0.29,4.16,2.1373766898063575,20240307,5760.0,48228.0,26446135.0,-0.35
012700,리드코프,351.0,16422.0,13.69,0.29,4.16,2.1373766898063575,20240308,5600.0,91145.0,26446135.0,-2.78
