종목코드,종목명,EPS,BPS,PER,PBR,배당수익률,ROE,날짜,종가,거래량,상장주식수,등락률
016100,리더스코스메틱,13.0,2409.0,232.69,1.26,0.0,0.5396430053964301,20240304,2010.0,23655.0,19100894.0,-3.13
016100,리더스코스메틱,13.0,2409.0,232.69,1.26,0.0,0.5396430053964301,20240305,1990.0,29580.0,19100894.0,-1.0
016100,리더스코스메틱,13.0,2409.0,232.69,1.26,0.0,0.5396430053964301,20240306,2050.0,11073.0,19100894.0,3.02
016100,리더스코스메틱,13.0,2409.0,232.69,1.26,0.0,0.5396430053964301,20240307,1999.0,12029.0,19100894.0,-2.49
016100,리더스코스메틱,13.0,2409.0,232.69,1.26,0.0,0.5396430053964301,20240308,1997.0,6327.0,19100894.0,-0.1
