종목코드,종목명,EPS,BPS,PER,PBR,배당수익률,ROE,날짜,종가,거래량,상장주식수,등락률
042500,링네트,833.0,6259.0,6.31,0.84,1.9,13.308835277200831,20240304,6580.0,568086.0,15356878.0,5.45
042500,링네트,833.0,6259.0,6.31,0.84,1.9,13.308835277200831,20240305,6990.0,1455523.0,15356878.0,6.23
042500,링네트,833.0,6259.0,6.31,0.84,1.9,13.308835277200831,20240306,6760.0,632768.0,15356878.0,-3.29
042500,링네트,833.0,6259.0,6.31,0.84,1.9,13.308835277200831,20240307,6560.0,489376.0,15356878.0,-2.96
042500,링네트,833.0,6259.0,6.31,0.84,1.9,13.308835277200831,20240308,6400.0,512899.0,15356878.0,-2.44
