종목코드,종목명,EPS,BPS,PER,PBR,배당수익률,ROE,날짜,종가,거래량,상장주식수,등락률
219420,링크제니시스,111.0,3866.0,49.55,1.42,0.0,2.8711846870150026,20240304,7510.0,367930.0,11469507.0,4.31
219420,링크제니시스,111.0,3866.0,49.55,1.42,0.0,2.8711846870150026,20240305,7250.0,243084.0,11469507.0,-3.46
219420,링크제니시스,111.0,3866.0,49.55,1.42,0.0,2.8711846870150026,20240306,7240.0,175717.0,11469507.0,-0.14
219420,링크제니시스,111.0,3866.0,49.55,1.42,0.0,2.8711846870150026,20240307,7110.0,253777.0,11469507.0,-1.8
219420,링크제니시스,111.0,3866.0,49.55,1.42,0.0,2.8711846870150026,20240308,7400.0,392270.0,11469507.0,4.08
