종목코드,종목명,EPS,BPS,PER,PBR,배당수익률,ROE,날짜,종가,거래량,상장주식수,등락률
439090,마녀공장,749.0,5925.0,34.85,4.41,0.0,12.641350210970465,20240304,21150.0,141594.0,16378260.0,-0.24
439090,마녀공장,749.0,5925.0,34.85,4.41,0.0,12.641350210970465,20240305,20850.0,128933.0,16378260.0,-1.42
439090,마녀공장,749.0,5925.0,34.85,4.41,0.0,12.641350210970465,20240306,20400.0,172065.0,16378260.0,-2.16
439090,마녀공장,749.0,5925.0,34.85,4.41,0.0,12.641350210970465,20240307,19950.0,195997.0,16378260.0,-2.21
439090,마녀공장,749.0,5925.0,34.85,4.41,0.0,12.641350210970465,20240308,20150.0,97671.0,16378260.0,1.0
