종목코드,종목명,EPS,BPS,PER,PBR,배당수익률,ROE,날짜,종가,거래량,상장주식수,등락률
267980,매일유업,7678.0,75136.0,5.41,0.55,2.89,10.218803236797275,20240304,41550.0,13067.0,7843638.0,1.84
267980,매일유업,7678.0,75136.0,5.41,0.55,2.89,10.218803236797275,20240305,41050.0,7330.0,7843638.0,-1.2
267980,매일유업,7678.0,75136.0,5.41,0.55,2.89,10.218803236797275,20240306,40500.0,8407.0,7843638.0,-1.34
267980,매일유업,7678.0,75136.0,5.41,0.55,2.89,10.218803236797275,20240307,40300.0,12219.0,7843638.0,-0.49
267980,매일유업,7678.0,75136.0,5.41,0.55,2.89,10.218803236797275,20240308,40400.0,5697.0,7843638.0,0.25
