종목코드,종목명,EPS,BPS,PER,PBR,배당수익률,ROE,날짜,종가,거래량,상장주식수,등락률
067280,멀티캠퍼스,5316.0,32669.0,5.98,0.97,5.03,16.272307080106525,20240304,36300.0,5120.0,5926779.0,0.0
067280,멀티캠퍼스,5316.0,32669.0,5.98,0.97,5.03,16.272307080106525,20240305,36000.0,2409.0,5926779.0,-0.83
067280,멀티캠퍼스,5316.0,32669.0,5.98,0.97,5.03,16.272307080106525,20240306,35950.0,2045.0,5926779.0,-0.14
067280,멀티캠퍼스,5316.0,32669.0,5.98,0.97,5.03,16.272307080106525,20240307,35900.0,3505.0,5926779.0,-0.14
067280,멀티캠퍼스,5316.0,32669.0,5.98,0.97,5.03,16.272307080106525,20240308,35850.0,2969.0,5926779.0,-0.14
