종목코드,종목명,EPS,BPS,PER,PBR,배당수익률,ROE,날짜,종가,거래량,상장주식수,등락률
138040,메리츠금융지주,11020.0,50457.0,7.5,1.64,2.85,21.840378936520207,20240304,82100.0,572568.0,203372114.0,-1.2
138040,메리츠금융지주,11020.0,50457.0,7.5,1.64,2.85,21.840378936520207,20240305,81600.0,541923.0,203372114.0,-0.61
138040,메리츠금융지주,11020.0,50457.0,7.5,1.64,2.85,21.840378936520207,20240306,79300.0,653066.0,203372114.0,-2.82
138040,메리츠금융지주,11020.0,50457.0,7.5,1.64,2.85,21.840378936520207,20240307,80400.0,505130.0,203372114.0,1.39
138040,메리츠금융지주,11020.0,50457.0,7.5,1.64,2.85,21.840378936520207,20240308,81500.0,337939.0,203372114.0,1.37
