종목코드,종목명,EPS,BPS,PER,PBR,배당수익률,ROE,날짜,종가,거래량,상장주식수,등락률
014100,메디앙스,619.0,7700.0,4.42,0.36,0.0,8.03896103896104,20240304,2950.0,26062.0,11800000.0,-1.34
014100,메디앙스,619.0,7700.0,4.42,0.36,0.0,8.03896103896104,20240305,2880.0,31962.0,11800000.0,-2.37
014100,메디앙스,619.0,7700.0,4.42,0.36,0.0,8.03896103896104,20240306,2900.0,6241.0,11800000.0,0.69
014100,메디앙스,619.0,7700.0,4.42,0.36,0.0,8.03896103896104,20240307,2870.0,11860.0,11800000.0,-1.03
014100,메디앙스,619.0,7700.0,4.42,0.36,0.0,8.03896103896104,20240308,2815.0,20336.0,11800000.0,-1.92
