종목코드,종목명,EPS,BPS,PER,PBR,배당수익률,ROE,날짜,종가,거래량,상장주식수,등락률
086900,메디톡스,1311.0,65468.0,133.18,2.67,0.63,2.002505040630537,20240304,152600.0,126455.0,7298468.0,-3.42
086900,메디톡스,1311.0,65468.0,133.18,2.67,0.63,2.002505040630537,20240305,153800.0,88219.0,7298468.0,0.79
086900,메디톡스,1311.0,65468.0,133.18,2.67,0.63,2.002505040630537,20240306,152500.0,58050.0,7298468.0,-0.85
086900,메디톡스,1311.0,65468.0,133.18,2.67,0.63,2.002505040630537,20240307,147500.0,192341.0,7298468.0,-3.28
086900,메디톡스,1311.0,65468.0,133.18,2.67,0.63,2.002505040630537,20240308,145500.0,104461.0,7298468.0,-1.36
