종목코드,종목명,EPS,BPS,PER,PBR,배당수익률,ROE,날짜,종가,거래량,상장주식수,등락률
408920,메쎄이상,126.0,1373.0,18.21,1.67,2.18,9.176984705025491,20240304,2405.0,42725.0,43232455.0,-0.62
408920,메쎄이상,126.0,1373.0,18.21,1.67,2.18,9.176984705025491,20240305,2405.0,53620.0,43232455.0,0.0
408920,메쎄이상,126.0,1373.0,18.21,1.67,2.18,9.176984705025491,20240306,2335.0,55349.0,43232455.0,-2.91
408920,메쎄이상,126.0,1373.0,18.21,1.67,2.18,9.176984705025491,20240307,2320.0,72986.0,43232455.0,-0.64
408920,메쎄이상,126.0,1373.0,18.21,1.67,2.18,9.176984705025491,20240308,2365.0,57778.0,43232455.0,1.94
