종목코드,종목명,EPS,BPS,PER,PBR,배당수익률,ROE,날짜,종가,거래량,상장주식수,등락률
059210,메타바이오메드,429.0,3063.0,10.42,1.46,0.45,14.005876591576886,20240304,4765.0,860847.0,23862351.0,-0.94
059210,메타바이오메드,429.0,3063.0,10.42,1.46,0.45,14.005876591576886,20240305,4625.0,539964.0,23862351.0,-2.94
059210,메타바이오메드,429.0,3063.0,10.42,1.46,0.45,14.005876591576886,20240306,4760.0,754685.0,23862351.0,2.92
059210,메타바이오메드,429.0,3063.0,10.42,1.46,0.45,14.005876591576886,20240307,4700.0,569305.0,23862351.0,-1.26
059210,메타바이오메드,429.0,3063.0,10.42,1.46,0.45,14.005876591576886,20240308,5150.0,3084360.0,23862351.0,9.57
