종목코드,종목명,EPS,BPS,PER,PBR,배당수익률,ROE,날짜,종가,거래량,상장주식수,등락률
012860,모베이스전자,128.0,2807.0,14.94,0.68,0.0,4.5600285001781256,20240304,1955.0,263052.0,73233457.0,0.72
012860,모베이스전자,128.0,2807.0,14.94,0.68,0.0,4.5600285001781256,20240305,1919.0,407016.0,73233457.0,-1.84
012860,모베이스전자,128.0,2807.0,14.94,0.68,0.0,4.5600285001781256,20240306,1907.0,200938.0,73233457.0,-0.63
012860,모베이스전자,128.0,2807.0,14.94,0.68,0.0,4.5600285001781256,20240307,1896.0,297929.0,73233457.0,-0.58
012860,모베이스전자,128.0,2807.0,14.94,0.68,0.0,4.5600285001781256,20240308,1927.0,252598.0,73233457.0,1.64
