종목코드,종목명,EPS,BPS,PER,PBR,배당수익률,ROE,날짜,종가,거래량,상장주식수,등락률
417970,모델솔루션,167.0,9618.0,65.57,1.14,0.37,1.7363277188604702,20240304,15000.0,38498.0,6396700.0,-3.16
417970,모델솔루션,167.0,9618.0,65.57,1.14,0.37,1.7363277188604702,20240305,14670.0,26943.0,6396700.0,-2.2
417970,모델솔루션,167.0,9618.0,65.57,1.14,0.37,1.7363277188604702,20240306,14670.0,12399.0,6396700.0,0.0
417970,모델솔루션,167.0,9618.0,65.57,1.14,0.37,1.7363277188604702,20240307,14550.0,12185.0,6396700.0,-0.82
417970,모델솔루션,167.0,9618.0,65.57,1.14,0.37,1.7363277188604702,20240308,14590.0,7983.0,6396700.0,0.27
