종목코드,종목명,EPS,BPS,PER,PBR,배당수익률,ROE,날짜,종가,거래량,상장주식수,등락률
009200,무림페이퍼,83.0,9962.0,25.84,0.22,3.5,0.8331660309174864,20240304,2200.0,126363.0,41609310.0,-1.12
009200,무림페이퍼,83.0,9962.0,25.84,0.22,3.5,0.8331660309174864,20240305,2170.0,151166.0,41609310.0,-1.36
009200,무림페이퍼,83.0,9962.0,25.84,0.22,3.5,0.8331660309174864,20240306,2150.0,153071.0,41609310.0,-0.92
009200,무림페이퍼,83.0,9962.0,25.84,0.22,3.5,0.8331660309174864,20240307,2130.0,103323.0,41609310.0,-0.93
009200,무림페이퍼,83.0,9962.0,25.84,0.22,3.5,0.8331660309174864,20240308,2130.0,98298.0,41609310.0,0.0
