종목코드,종목명,EPS,BPS,PER,PBR,배당수익률,ROE,날짜,종가,거래량,상장주식수,등락률
033920,무학,2470.0,20374.0,2.45,0.3,3.81,12.123294394816924,20240304,5100.0,20459.0,28500000.0,0.2
033920,무학,2470.0,20374.0,2.45,0.3,3.81,12.123294394816924,20240305,5050.0,12403.0,28500000.0,-0.98
033920,무학,2470.0,20374.0,2.45,0.3,3.81,12.123294394816924,20240306,5040.0,27939.0,28500000.0,-0.2
033920,무학,2470.0,20374.0,2.45,0.3,3.81,12.123294394816924,20240307,5010.0,18775.0,28500000.0,-0.6
033920,무학,2470.0,20374.0,2.45,0.3,3.81,12.123294394816924,20240308,5040.0,7401.0,28500000.0,0.6
