종목코드,종목명,EPS,BPS,PER,PBR,배당수익률,ROE,날짜,종가,거래량,상장주식수,등락률
049950,미래컴퍼니,449.0,16810.0,45.1,1.2,0.49,2.6710291493158835,20240304,28150.0,54362.0,8817884.0,2.18
049950,미래컴퍼니,449.0,16810.0,45.1,1.2,0.49,2.6710291493158835,20240305,28350.0,55564.0,8817884.0,0.71
049950,미래컴퍼니,449.0,16810.0,45.1,1.2,0.49,2.6710291493158835,20240306,27800.0,67267.0,8817884.0,-1.94
049950,미래컴퍼니,449.0,16810.0,45.1,1.2,0.49,2.6710291493158835,20240307,32400.0,3576084.0,8817884.0,16.55
049950,미래컴퍼니,449.0,16810.0,45.1,1.2,0.49,2.6710291493158835,20240308,31650.0,551782.0,8817884.0,-2.31
