종목코드,종목명,EPS,BPS,PER,PBR,배당수익률,ROE,날짜,종가,거래량,상장주식수,등락률
006800,미래에셋증권,531.0,18281.0,14.5,0.42,1.95,2.9046551063946175,20240304,9000.0,1210854.0,605316408.0,-0.22
006800,미래에셋증권,531.0,18281.0,14.5,0.42,1.95,2.9046551063946175,20240305,8660.0,1448984.0,605316408.0,-3.78
006800,미래에셋증권,531.0,18281.0,14.5,0.42,1.95,2.9046551063946175,20240306,8310.0,2070771.0,605316408.0,-4.04
006800,미래에셋증권,531.0,18281.0,14.5,0.42,1.95,2.9046551063946175,20240307,8260.0,932278.0,605316408.0,-0.6
006800,미래에셋증권,531.0,18281.0,14.5,0.42,1.95,2.9046551063946175,20240308,8300.0,997019.0,605316408.0,0.48
