종목코드,종목명,EPS,BPS,PER,PBR,배당수익률,ROE,날짜,종가,거래량,상장주식수,등락률
100790,미래에셋벤처투자,467.0,6489.0,11.26,0.81,0.0,7.1967945754353515,20240304,6030.0,267004.0,54527350.0,-2.74
100790,미래에셋벤처투자,467.0,6489.0,11.26,0.81,0.0,7.1967945754353515,20240305,6030.0,134574.0,54527350.0,0.0
100790,미래에셋벤처투자,467.0,6489.0,11.26,0.81,0.0,7.1967945754353515,20240306,6200.0,142653.0,54527350.0,2.82
100790,미래에셋벤처투자,467.0,6489.0,11.26,0.81,0.0,7.1967945754353515,20240307,6020.0,191726.0,54527350.0,-2.9
100790,미래에셋벤처투자,467.0,6489.0,11.26,0.81,0.0,7.1967945754353515,20240308,6030.0,663879.0,54527350.0,0.17
