종목코드,종목명,EPS,BPS,PER,PBR,배당수익률,ROE,날짜,종가,거래량,상장주식수,등락률
268280,미원에스씨,3758.0,75776.0,37.81,1.88,1.48,4.959353885135135,20240304,134200.0,2446.0,5000000.0,0.52
268280,미원에스씨,3758.0,75776.0,37.81,1.88,1.48,4.959353885135135,20240305,133800.0,1177.0,5000000.0,-0.3
268280,미원에스씨,3758.0,75776.0,37.81,1.88,1.48,4.959353885135135,20240306,133700.0,1082.0,5000000.0,-0.07
268280,미원에스씨,3758.0,75776.0,37.81,1.88,1.48,4.959353885135135,20240307,133100.0,850.0,5000000.0,-0.45
268280,미원에스씨,3758.0,75776.0,37.81,1.88,1.48,4.959353885135135,20240308,132400.0,1306.0,5000000.0,-0.53
