종목코드,종목명,EPS,BPS,PER,PBR,배당수익률,ROE,날짜,종가,거래량,상장주식수,등락률
107590,미원홀딩스,5708.0,100783.0,14.52,0.82,0.84,5.6636535923717295,20240304,79000.0,363.0,2320000.0,0.25
107590,미원홀딩스,5708.0,100783.0,14.52,0.82,0.84,5.6636535923717295,20240305,78700.0,203.0,2320000.0,-0.38
107590,미원홀딩스,5708.0,100783.0,14.52,0.82,0.84,5.6636535923717295,20240306,78600.0,350.0,2320000.0,-0.13
107590,미원홀딩스,5708.0,100783.0,14.52,0.82,0.84,5.6636535923717295,20240307,78200.0,89.0,2320000.0,-0.51
107590,미원홀딩스,5708.0,100783.0,14.52,0.82,0.84,5.6636535923717295,20240308,78200.0,142.0,2320000.0,0.0
