종목코드,종목명,EPS,BPS,PER,PBR,배당수익률,ROE,날짜,종가,거래량,상장주식수,등락률
002840,미원상사,12771.0,79711.0,16.17,2.59,0.97,16.021628131625498,20240304,168100.0,6663.0,4750000.0,2.19
002840,미원상사,12771.0,79711.0,16.17,2.59,0.97,16.021628131625498,20240305,170500.0,2610.0,4750000.0,1.43
002840,미원상사,12771.0,79711.0,16.17,2.59,0.97,16.021628131625498,20240306,172000.0,2006.0,4750000.0,0.88
002840,미원상사,12771.0,79711.0,16.17,2.59,0.97,16.021628131625498,20240307,170200.0,1177.0,4750000.0,-1.05
002840,미원상사,12771.0,79711.0,16.17,2.59,0.97,16.021628131625498,20240308,170400.0,1212.0,4750000.0,0.12
