종목코드,종목명,EPS,BPS,PER,PBR,배당수익률,ROE,날짜,종가,거래량,상장주식수,등락률
134380,미원화학,10763.0,72153.0,7.49,1.12,4.34,14.916912671683782,20240304,70100.0,218.0,2199268.0,-0.57
134380,미원화학,10763.0,72153.0,7.49,1.12,4.34,14.916912671683782,20240305,70000.0,201.0,2199268.0,-0.14
134380,미원화학,10763.0,72153.0,7.49,1.12,4.34,14.916912671683782,20240306,70500.0,41.0,2199268.0,0.71
134380,미원화학,10763.0,72153.0,7.49,1.12,4.34,14.916912671683782,20240307,70600.0,18.0,2199268.0,0.14
134380,미원화학,10763.0,72153.0,7.49,1.12,4.34,14.916912671683782,20240308,71000.0,301.0,2199268.0,0.57
