종목코드,종목명,EPS,BPS,PER,PBR,배당수익률,ROE,날짜,종가,거래량,상장주식수,등락률
301300,바이브컴퍼니,2677.0,5462.0,1.68,0.82,0.0,49.011351153423654,20240304,7110.0,71620.0,12340206.0,0.14
301300,바이브컴퍼니,2677.0,5462.0,1.68,0.82,0.0,49.011351153423654,20240305,7000.0,36266.0,12340206.0,-1.55
301300,바이브컴퍼니,2677.0,5462.0,1.68,0.82,0.0,49.011351153423654,20240306,7020.0,39085.0,12340206.0,0.29
301300,바이브컴퍼니,2677.0,5462.0,1.68,0.82,0.0,49.011351153423654,20240307,7110.0,50439.0,12340206.0,1.28
301300,바이브컴퍼니,2677.0,5462.0,1.68,0.82,0.0,49.011351153423654,20240308,7250.0,42621.0,12340206.0,1.97
