종목코드,종목명,EPS,BPS,PER,PBR,배당수익률,ROE,날짜,종가,거래량,상장주식수,등락률
251120,바이오에프디엔씨,655.0,6873.0,24.87,2.37,0.0,9.530045104030263,20240304,12170.0,40227.0,8695700.0,-2.8
251120,바이오에프디엔씨,655.0,6873.0,24.87,2.37,0.0,9.530045104030263,20240305,12640.0,19322.0,8695700.0,3.86
251120,바이오에프디엔씨,655.0,6873.0,24.87,2.37,0.0,9.530045104030263,20240306,12800.0,22142.0,8695700.0,1.27
251120,바이오에프디엔씨,655.0,6873.0,24.87,2.37,0.0,9.530045104030263,20240307,12620.0,13114.0,8695700.0,-1.41
251120,바이오에프디엔씨,655.0,6873.0,24.87,2.37,0.0,9.530045104030263,20240308,12880.0,10013.0,8695700.0,2.06
