종목코드,종목명,EPS,BPS,PER,PBR,배당수익률,ROE,날짜,종가,거래량,상장주식수,등락률
038460,바이오스마트,915.0,5473.0,4.45,0.74,0.0,16.718435958340947,20240304,3230.0,78614.0,21296893.0,3.86
038460,바이오스마트,915.0,5473.0,4.45,0.74,0.0,16.718435958340947,20240305,3280.0,86889.0,21296893.0,1.55
038460,바이오스마트,915.0,5473.0,4.45,0.74,0.0,16.718435958340947,20240306,3310.0,30411.0,21296893.0,0.91
038460,바이오스마트,915.0,5473.0,4.45,0.74,0.0,16.718435958340947,20240307,3295.0,25276.0,21296893.0,-0.45
038460,바이오스마트,915.0,5473.0,4.45,0.74,0.0,16.718435958340947,20240308,3310.0,61882.0,21296893.0,0.46
