종목코드,종목명,EPS,BPS,PER,PBR,배당수익률,ROE,날짜,종가,거래량,상장주식수,등락률
043150,바텍,3483.0,26837.0,7.35,0.95,0.39,12.97835078436487,20240304,30200.0,32522.0,14854256.0,-0.66
043150,바텍,3483.0,26837.0,7.35,0.95,0.39,12.97835078436487,20240305,30200.0,27753.0,14854256.0,0.0
043150,바텍,3483.0,26837.0,7.35,0.95,0.39,12.97835078436487,20240306,30200.0,25169.0,14854256.0,0.0
043150,바텍,3483.0,26837.0,7.35,0.95,0.39,12.97835078436487,20240307,30100.0,19164.0,14854256.0,-0.33
043150,바텍,3483.0,26837.0,7.35,0.95,0.39,12.97835078436487,20240308,30800.0,33044.0,14854256.0,2.33
