종목코드,종목명,EPS,BPS,PER,PBR,배당수익률,ROE,날짜,종가,거래량,상장주식수,등락률
267790,배럴,865.0,4295.0,6.46,1.3,0.89,20.13969732246799,20240304,7240.0,52315.0,7888500.0,0.56
267790,배럴,865.0,4295.0,6.46,1.3,0.89,20.13969732246799,20240305,7310.0,16719.0,7888500.0,0.97
267790,배럴,865.0,4295.0,6.46,1.3,0.89,20.13969732246799,20240306,7290.0,15146.0,7888500.0,-0.27
267790,배럴,865.0,4295.0,6.46,1.3,0.89,20.13969732246799,20240307,7280.0,13689.0,7888500.0,-0.14
267790,배럴,865.0,4295.0,6.46,1.3,0.89,20.13969732246799,20240308,7190.0,10340.0,7888500.0,-1.24
