종목코드,종목명,EPS,BPS,PER,PBR,배당수익률,ROE,날짜,종가,거래량,상장주식수,등락률
001340,백광산업,175.0,4839.0,55.2,2.0,0.62,3.6164496796858856,20240304,7790.0,0.0,44918407.0,0.0
001340,백광산업,175.0,4839.0,55.2,2.0,0.62,3.6164496796858856,20240305,7790.0,0.0,44918407.0,0.0
001340,백광산업,175.0,4839.0,55.2,2.0,0.62,3.6164496796858856,20240306,7790.0,0.0,44918407.0,0.0
001340,백광산업,175.0,4839.0,55.2,2.0,0.62,3.6164496796858856,20240307,7790.0,0.0,44918407.0,0.0
001340,백광산업,175.0,4839.0,55.2,2.0,0.62,3.6164496796858856,20240308,7790.0,0.0,44918407.0,0.0
