종목코드,종목명,EPS,BPS,PER,PBR,배당수익률,ROE,날짜,종가,거래량,상장주식수,등락률
225530,보광산업,459.0,2619.0,11.09,1.94,5.89,17.525773195876287,20240304,5530.0,293105.0,36338727.0,1.47
225530,보광산업,459.0,2619.0,11.09,1.94,5.89,17.525773195876287,20240305,5620.0,66319.0,36338727.0,1.63
225530,보광산업,459.0,2619.0,11.09,1.94,5.89,17.525773195876287,20240306,5610.0,37249.0,36338727.0,-0.18
225530,보광산업,459.0,2619.0,11.09,1.94,5.89,17.525773195876287,20240307,5510.0,45843.0,36338727.0,-1.78
225530,보광산업,459.0,2619.0,11.09,1.94,5.89,17.525773195876287,20240308,5560.0,20584.0,36338727.0,0.91
