종목코드,종목명,EPS,BPS,PER,PBR,배당수익률,ROE,날짜,종가,거래량,상장주식수,등락률
002760,보락,14.0,814.0,83.07,1.43,0.43,1.71990171990172,20240304,1233.0,90912.0,59900000.0,0.08
002760,보락,14.0,814.0,83.07,1.43,0.43,1.71990171990172,20240305,1219.0,141118.0,59900000.0,-1.14
002760,보락,14.0,814.0,83.07,1.43,0.43,1.71990171990172,20240306,1215.0,97588.0,59900000.0,-0.33
002760,보락,14.0,814.0,83.07,1.43,0.43,1.71990171990172,20240307,1213.0,192248.0,59900000.0,-0.16
002760,보락,14.0,814.0,83.07,1.43,0.43,1.71990171990172,20240308,1210.0,149150.0,59900000.0,-0.25
