종목코드,종목명,EPS,BPS,PER,PBR,배당수익률,ROE,날짜,종가,거래량,상장주식수,등락률
250000,보라티알,1444.0,12811.0,7.53,0.85,2.3,11.271563500117086,20240304,10750.0,23664.0,6750733.0,-0.37
250000,보라티알,1444.0,12811.0,7.53,0.85,2.3,11.271563500117086,20240305,10750.0,51710.0,6750733.0,0.0
250000,보라티알,1444.0,12811.0,7.53,0.85,2.3,11.271563500117086,20240306,10800.0,25529.0,6750733.0,0.47
250000,보라티알,1444.0,12811.0,7.53,0.85,2.3,11.271563500117086,20240307,10870.0,26019.0,6750733.0,0.65
250000,보라티알,1444.0,12811.0,7.53,0.85,2.3,11.271563500117086,20240308,10980.0,24588.0,6750733.0,1.01
