종목코드,종목명,EPS,BPS,PER,PBR,배당수익률,ROE,날짜,종가,거래량,상장주식수,등락률
001270,부국증권,6420.0,85122.0,3.88,0.29,6.02,7.542116021710016,20240304,26650.0,2425.0,10369886.0,0.57
001270,부국증권,6420.0,85122.0,3.88,0.29,6.02,7.542116021710016,20240305,26950.0,10399.0,10369886.0,1.13
001270,부국증권,6420.0,85122.0,3.88,0.29,6.02,7.542116021710016,20240306,27050.0,3302.0,10369886.0,0.37
001270,부국증권,6420.0,85122.0,3.88,0.29,6.02,7.542116021710016,20240307,27250.0,2767.0,10369886.0,0.74
001270,부국증권,6420.0,85122.0,3.88,0.29,6.02,7.542116021710016,20240308,26200.0,16491.0,10369886.0,-3.85
