종목코드,종목명,EPS,BPS,PER,PBR,배당수익률,ROE,날짜,종가,거래량,상장주식수,등락률
008470,부스타,179.0,9572.0,21.65,0.4,1.55,1.8700376096949436,20240304,4555.0,5449.0,8404800.0,-1.19
008470,부스타,179.0,9572.0,21.65,0.4,1.55,1.8700376096949436,20240305,4565.0,5191.0,8404800.0,0.22
008470,부스타,179.0,9572.0,21.65,0.4,1.55,1.8700376096949436,20240306,4540.0,1636.0,8404800.0,-0.55
008470,부스타,179.0,9572.0,21.65,0.4,1.55,1.8700376096949436,20240307,4530.0,16014.0,8404800.0,-0.22
008470,부스타,179.0,9572.0,21.65,0.4,1.55,1.8700376096949436,20240308,4500.0,3987.0,8404800.0,-0.66
