종목코드,종목명,EPS,BPS,PER,PBR,배당수익률,ROE,날짜,종가,거래량,상장주식수,등락률
099390,브레인즈컴퍼니,620.0,5909.0,10.66,1.12,0.91,10.49246911490946,20240304,7610.0,13890.0,8208283.0,-1.42
099390,브레인즈컴퍼니,620.0,5909.0,10.66,1.12,0.91,10.49246911490946,20240305,7740.0,29654.0,8208283.0,1.71
099390,브레인즈컴퍼니,620.0,5909.0,10.66,1.12,0.91,10.49246911490946,20240306,7700.0,21433.0,8208283.0,-0.52
099390,브레인즈컴퍼니,620.0,5909.0,10.66,1.12,0.91,10.49246911490946,20240307,7420.0,23120.0,8208283.0,-3.64
099390,브레인즈컴퍼니,620.0,5909.0,10.66,1.12,0.91,10.49246911490946,20240308,7600.0,26818.0,8208283.0,2.43
