종목코드,종목명,EPS,BPS,PER,PBR,배당수익률,ROE,날짜,종가,거래량,상장주식수,등락률
064480,브리지텍,308.0,4361.0,20.23,1.43,2.41,7.062600321027287,20240304,8370.0,286096.0,11952500.0,2.2
064480,브리지텍,308.0,4361.0,20.23,1.43,2.41,7.062600321027287,20240305,8250.0,236700.0,11952500.0,-1.43
064480,브리지텍,308.0,4361.0,20.23,1.43,2.41,7.062600321027287,20240306,8130.0,202149.0,11952500.0,-1.45
064480,브리지텍,308.0,4361.0,20.23,1.43,2.41,7.062600321027287,20240307,7960.0,156247.0,11952500.0,-2.09
064480,브리지텍,308.0,4361.0,20.23,1.43,2.41,7.062600321027287,20240308,7860.0,188122.0,11952500.0,-1.26
