종목코드,종목명,EPS,BPS,PER,PBR,배당수익률,ROE,날짜,종가,거래량,상장주식수,등락률
251630,브이원텍,201.0,7775.0,29.35,0.76,1.69,2.585209003215434,20240304,9150.0,35286.0,15942886.0,2.35
251630,브이원텍,201.0,7775.0,29.35,0.76,1.69,2.585209003215434,20240305,9030.0,74062.0,15942886.0,-1.31
251630,브이원텍,201.0,7775.0,29.35,0.76,1.69,2.585209003215434,20240306,9070.0,48928.0,15942886.0,0.44
251630,브이원텍,201.0,7775.0,29.35,0.76,1.69,2.585209003215434,20240307,8850.0,100248.0,15942886.0,-2.43
251630,브이원텍,201.0,7775.0,29.35,0.76,1.69,2.585209003215434,20240308,8970.0,88900.0,15942886.0,1.36
