종목코드,종목명,EPS,BPS,PER,PBR,배당수익률,ROE,날짜,종가,거래량,상장주식수,등락률
018290,브이티,799.0,3297.0,44.99,10.9,0.0,24.23415225962997,20240304,15440.0,2233577.0,35798007.0,-7.1
018290,브이티,799.0,3297.0,44.99,10.9,0.0,24.23415225962997,20240305,15260.0,1214280.0,35798007.0,-1.17
018290,브이티,799.0,3297.0,44.99,10.9,0.0,24.23415225962997,20240306,15610.0,623755.0,35798007.0,2.29
018290,브이티,799.0,3297.0,44.99,10.9,0.0,24.23415225962997,20240307,15520.0,620013.0,35798007.0,-0.58
018290,브이티,799.0,3297.0,44.99,10.9,0.0,24.23415225962997,20240308,15450.0,463260.0,35798007.0,-0.45
