종목코드,종목명,EPS,BPS,PER,PBR,배당수익률,ROE,날짜,종가,거래량,상장주식수,등락률
318410,비비씨,966.0,13924.0,9.34,0.65,4.43,6.937661591496696,20240304,11250.0,35823.0,5555243.0,4.17
318410,비비씨,966.0,13924.0,9.34,0.65,4.43,6.937661591496696,20240305,10950.0,25699.0,5555243.0,-2.67
318410,비비씨,966.0,13924.0,9.34,0.65,4.43,6.937661591496696,20240306,11270.0,24663.0,5555243.0,2.92
318410,비비씨,966.0,13924.0,9.34,0.65,4.43,6.937661591496696,20240307,11460.0,18028.0,5555243.0,1.69
318410,비비씨,966.0,13924.0,9.34,0.65,4.43,6.937661591496696,20240308,11550.0,20900.0,5555243.0,0.79
