종목코드,종목명,EPS,BPS,PER,PBR,배당수익률,ROE,날짜,종가,거래량,상장주식수,등락률
086670,비엠티,1846.0,13281.0,6.51,0.9,2.08,13.899555756343648,20240304,12600.0,22804.0,9125174.0,0.24
086670,비엠티,1846.0,13281.0,6.51,0.9,2.08,13.899555756343648,20240305,12240.0,34240.0,9125174.0,-2.86
086670,비엠티,1846.0,13281.0,6.51,0.9,2.08,13.899555756343648,20240306,11990.0,34425.0,9125174.0,-2.04
086670,비엠티,1846.0,13281.0,6.51,0.9,2.08,13.899555756343648,20240307,11880.0,36856.0,9125174.0,-0.92
086670,비엠티,1846.0,13281.0,6.51,0.9,2.08,13.899555756343648,20240308,11900.0,8739.0,9125174.0,0.17
