종목코드,종목명,EPS,BPS,PER,PBR,배당수익률,ROE,날짜,종가,거래량,상장주식수,등락률
090460,비에이치,2863.0,20195.0,7.37,1.04,1.18,14.17677642980936,20240304,17100.0,366938.0,34464379.0,0.18
090460,비에이치,2863.0,20195.0,7.37,1.04,1.18,14.17677642980936,20240305,16940.0,252830.0,34464379.0,-0.94
090460,비에이치,2863.0,20195.0,7.37,1.04,1.18,14.17677642980936,20240306,16710.0,307730.0,34464379.0,-1.36
090460,비에이치,2863.0,20195.0,7.37,1.04,1.18,14.17677642980936,20240307,16760.0,331058.0,34464379.0,0.3
090460,비에이치,2863.0,20195.0,7.37,1.04,1.18,14.17677642980936,20240308,17090.0,287042.0,34464379.0,1.97
