종목코드,종목명,EPS,BPS,PER,PBR,배당수익률,ROE,날짜,종가,거래량,상장주식수,등락률
200780,비씨월드제약,312.0,9675.0,18.69,0.6,1.72,3.2248062015503876,20240304,6610.0,10241.0,8892384.0,0.76
200780,비씨월드제약,312.0,9675.0,18.69,0.6,1.72,3.2248062015503876,20240305,6630.0,9477.0,8892384.0,0.3
200780,비씨월드제약,312.0,9675.0,18.69,0.6,1.72,3.2248062015503876,20240306,6670.0,11825.0,8892384.0,0.6
200780,비씨월드제약,312.0,9675.0,18.69,0.6,1.72,3.2248062015503876,20240307,6700.0,19694.0,8892384.0,0.45
200780,비씨월드제약,312.0,9675.0,18.69,0.6,1.72,3.2248062015503876,20240308,6760.0,11919.0,8892384.0,0.9
