종목코드,종목명,EPS,BPS,PER,PBR,배당수익률,ROE,날짜,종가,거래량,상장주식수,등락률
419540,비스토스,35.0,806.0,60.29,2.62,0.0,4.3424317617866,20240304,2175.0,182744.0,22992511.0,1.87
419540,비스토스,35.0,806.0,60.29,2.62,0.0,4.3424317617866,20240305,2145.0,224293.0,22992511.0,-1.38
419540,비스토스,35.0,806.0,60.29,2.62,0.0,4.3424317617866,20240306,2140.0,151783.0,22992511.0,-0.23
419540,비스토스,35.0,806.0,60.29,2.62,0.0,4.3424317617866,20240307,2130.0,152287.0,22992511.0,-0.47
419540,비스토스,35.0,806.0,60.29,2.62,0.0,4.3424317617866,20240308,2135.0,272985.0,22992511.0,0.23
