종목코드,종목명,EPS,BPS,PER,PBR,배당수익률,ROE,날짜,종가,거래량,상장주식수,등락률
335890,비올,370.0,991.0,27.46,10.25,0.18,37.33602421796166,20240304,7560.0,2065926.0,58333152.0,3.28
335890,비올,370.0,991.0,27.46,10.25,0.18,37.33602421796166,20240305,7560.0,903228.0,58333152.0,0.0
335890,비올,370.0,991.0,27.46,10.25,0.18,37.33602421796166,20240306,7650.0,895418.0,58333152.0,1.19
335890,비올,370.0,991.0,27.46,10.25,0.18,37.33602421796166,20240307,7200.0,1288364.0,58333152.0,-5.88
335890,비올,370.0,991.0,27.46,10.25,0.18,37.33602421796166,20240308,7200.0,1114910.0,58419125.0,0.0
