종목코드,종목명,EPS,BPS,PER,PBR,배당수익률,ROE,날짜,종가,거래량,상장주식수,등락률
138580,비즈니스온,462.0,3156.0,29.68,4.34,0.0,14.638783269961978,20240304,12670.0,23656.0,22556163.0,0.96
138580,비즈니스온,462.0,3156.0,29.68,4.34,0.0,14.638783269961978,20240305,12690.0,58394.0,22556163.0,0.16
138580,비즈니스온,462.0,3156.0,29.68,4.34,0.0,14.638783269961978,20240306,12870.0,26835.0,22556163.0,1.42
138580,비즈니스온,462.0,3156.0,29.68,4.34,0.0,14.638783269961978,20240307,12600.0,36337.0,22556163.0,-2.1
138580,비즈니스온,462.0,3156.0,29.68,4.34,0.0,14.638783269961978,20240308,12740.0,24978.0,22556163.0,1.11
