종목코드,종목명,EPS,BPS,PER,PBR,배당수익률,ROE,날짜,종가,거래량,상장주식수,등락률
032850,비트컴퓨터,338.0,4041.0,16.51,1.38,1.11,8.364266270725068,20240304,7090.0,603715.0,16623293.0,3.05
032850,비트컴퓨터,338.0,4041.0,16.51,1.38,1.11,8.364266270725068,20240305,7270.0,1616553.0,16623293.0,2.54
032850,비트컴퓨터,338.0,4041.0,16.51,1.38,1.11,8.364266270725068,20240306,7660.0,6583648.0,16623293.0,5.36
032850,비트컴퓨터,338.0,4041.0,16.51,1.38,1.11,8.364266270725068,20240307,7150.0,812331.0,16623293.0,-6.66
032850,비트컴퓨터,338.0,4041.0,16.51,1.38,1.11,8.364266270725068,20240308,7120.0,535664.0,16623293.0,-0.42
