종목코드,종목명,EPS,BPS,PER,PBR,배당수익률,ROE,날짜,종가,거래량,상장주식수,등락률
005180,빙그레,9751.0,72564.0,8.99,1.21,2.96,13.437792844936883,20240304,54600.0,40477.0,9851241.0,3.21
005180,빙그레,9751.0,72564.0,8.99,1.21,2.96,13.437792844936883,20240305,54500.0,17179.0,9851241.0,-0.18
005180,빙그레,9751.0,72564.0,8.99,1.21,2.96,13.437792844936883,20240306,54000.0,14658.0,9851241.0,-0.92
005180,빙그레,9751.0,72564.0,8.99,1.21,2.96,13.437792844936883,20240307,52900.0,22971.0,9851241.0,-2.04
005180,빙그레,9751.0,72564.0,8.99,1.21,2.96,13.437792844936883,20240308,53100.0,12154.0,9851241.0,0.38
