종목코드,종목명,EPS,BPS,PER,PBR,배당수익률,ROE,날짜,종가,거래량,상장주식수,등락률
072950,빛샘전자,504.0,8847.0,9.66,0.55,1.44,5.696846388606307,20240304,6220.0,394492.0,8052610.0,2.13
072950,빛샘전자,504.0,8847.0,9.66,0.55,1.44,5.696846388606307,20240305,6210.0,287810.0,8052610.0,-0.16
072950,빛샘전자,504.0,8847.0,9.66,0.55,1.44,5.696846388606307,20240306,6210.0,257692.0,8052610.0,0.0
072950,빛샘전자,504.0,8847.0,9.66,0.55,1.44,5.696846388606307,20240307,6070.0,288482.0,8052610.0,-2.25
072950,빛샘전자,504.0,8847.0,9.66,0.55,1.44,5.696846388606307,20240308,6070.0,388133.0,8052610.0,0.0
