종목코드,종목명,EPS,BPS,PER,PBR,배당수익률,ROE,날짜,종가,거래량,상장주식수,등락률
003960,사조대림,12123.0,75466.0,5.53,0.89,0.52,16.06418784618239,20240304,36650.0,19919.0,9164467.0,1.95
003960,사조대림,12123.0,75466.0,5.53,0.89,0.52,16.06418784618239,20240305,37900.0,37389.0,9164467.0,3.41
003960,사조대림,12123.0,75466.0,5.53,0.89,0.52,16.06418784618239,20240306,37600.0,14172.0,9164467.0,-0.79
003960,사조대림,12123.0,75466.0,5.53,0.89,0.52,16.06418784618239,20240307,37250.0,24201.0,9164467.0,-0.93
003960,사조대림,12123.0,75466.0,5.53,0.89,0.52,16.06418784618239,20240308,38350.0,46743.0,9164467.0,2.95
