종목코드,종목명,EPS,BPS,PER,PBR,배당수익률,ROE,날짜,종가,거래량,상장주식수,등락률
006090,사조오양,2154.0,23432.0,4.84,0.45,1.92,9.19255718675316,20240304,8670.0,11361.0,9422739.0,0.93
006090,사조오양,2154.0,23432.0,4.84,0.45,1.92,9.19255718675316,20240305,8580.0,6861.0,9422739.0,-1.04
006090,사조오양,2154.0,23432.0,4.84,0.45,1.92,9.19255718675316,20240306,8560.0,10335.0,9422739.0,-0.23
006090,사조오양,2154.0,23432.0,4.84,0.45,1.92,9.19255718675316,20240307,8620.0,5634.0,9422739.0,0.7
006090,사조오양,2154.0,23432.0,4.84,0.45,1.92,9.19255718675316,20240308,8670.0,4865.0,9422739.0,0.58
