종목코드,종목명,EPS,BPS,PER,PBR,배당수익률,ROE,날짜,종가,거래량,상장주식수,등락률
419050,삼기이브이,84.0,1262.0,25.12,1.67,0.0,6.656101426307448,20240304,2795.0,472640.0,57196240.0,0.54
419050,삼기이브이,84.0,1262.0,25.12,1.67,0.0,6.656101426307448,20240305,2730.0,412861.0,57196240.0,-2.33
419050,삼기이브이,84.0,1262.0,25.12,1.67,0.0,6.656101426307448,20240306,2685.0,510275.0,57196240.0,-1.65
419050,삼기이브이,84.0,1262.0,25.12,1.67,0.0,6.656101426307448,20240307,2750.0,542391.0,57196240.0,2.42
419050,삼기이브이,84.0,1262.0,25.12,1.67,0.0,6.656101426307448,20240308,2760.0,301335.0,57196240.0,0.36
