종목코드,종목명,EPS,BPS,PER,PBR,배당수익률,ROE,날짜,종가,거래량,상장주식수,등락률
023600,삼보판지,3355.0,34747.0,2.86,0.28,3.23,9.655509828186606,20240304,11400.0,8487.0,16170000.0,0.09
023600,삼보판지,3355.0,34747.0,2.86,0.28,3.23,9.655509828186606,20240305,11380.0,10739.0,16170000.0,-0.18
023600,삼보판지,3355.0,34747.0,2.86,0.28,3.23,9.655509828186606,20240306,11240.0,18730.0,16170000.0,-1.23
023600,삼보판지,3355.0,34747.0,2.86,0.28,3.23,9.655509828186606,20240307,11200.0,23287.0,16170000.0,-0.36
023600,삼보판지,3355.0,34747.0,2.86,0.28,3.23,9.655509828186606,20240308,10750.0,50578.0,16170000.0,-4.02
