종목코드,종목명,EPS,BPS,PER,PBR,배당수익률,ROE,날짜,종가,거래량,상장주식수,등락률
037460,삼지전자,2061.0,22651.0,4.18,0.38,5.22,9.098936029314379,20240304,8560.0,39870.0,16318522.0,0.0
037460,삼지전자,2061.0,22651.0,4.18,0.38,5.22,9.098936029314379,20240305,8470.0,25469.0,16318522.0,-1.05
037460,삼지전자,2061.0,22651.0,4.18,0.38,5.22,9.098936029314379,20240306,8450.0,24878.0,16318522.0,-0.24
037460,삼지전자,2061.0,22651.0,4.18,0.38,5.22,9.098936029314379,20240307,8320.0,36068.0,16318522.0,-1.54
037460,삼지전자,2061.0,22651.0,4.18,0.38,5.22,9.098936029314379,20240308,8320.0,22515.0,16318522.0,0.0
