종목코드,종목명,EPS,BPS,PER,PBR,배당수익률,ROE,날짜,종가,거래량,상장주식수,등락률
054540,삼영엠텍,497.0,5534.0,10.58,0.95,1.9,8.980845681243224,20240304,3970.0,56512.0,13000000.0,1.28
054540,삼영엠텍,497.0,5534.0,10.58,0.95,1.9,8.980845681243224,20240305,3940.0,26267.0,13000000.0,-0.76
054540,삼영엠텍,497.0,5534.0,10.58,0.95,1.9,8.980845681243224,20240306,3940.0,22819.0,13000000.0,0.0
054540,삼영엠텍,497.0,5534.0,10.58,0.95,1.9,8.980845681243224,20240307,3925.0,31566.0,13000000.0,-0.38
054540,삼영엠텍,497.0,5534.0,10.58,0.95,1.9,8.980845681243224,20240308,3895.0,56238.0,13000000.0,-0.76
