종목코드,종목명,EPS,BPS,PER,PBR,배당수익률,ROE,날짜,종가,거래량,상장주식수,등락률
004440,삼일씨엔에스,160.0,21133.0,27.06,0.2,0.0,0.7571097335920125,20240304,4405.0,33433.0,12731947.0,0.0
004440,삼일씨엔에스,160.0,21133.0,27.06,0.2,0.0,0.7571097335920125,20240305,4330.0,33138.0,12731947.0,-1.7
004440,삼일씨엔에스,160.0,21133.0,27.06,0.2,0.0,0.7571097335920125,20240306,4310.0,20380.0,12731947.0,-0.46
004440,삼일씨엔에스,160.0,21133.0,27.06,0.2,0.0,0.7571097335920125,20240307,4245.0,34390.0,12731947.0,-1.51
004440,삼일씨엔에스,160.0,21133.0,27.06,0.2,0.0,0.7571097335920125,20240308,4305.0,30418.0,12731947.0,1.41
