종목코드,종목명,EPS,BPS,PER,PBR,배당수익률,ROE,날짜,종가,거래량,상장주식수,등락률
023000,삼원강재,418.0,6102.0,6.44,0.44,4.09,6.850213044903311,20240304,2925.0,12159.0,40000000.0,-0.85
023000,삼원강재,418.0,6102.0,6.44,0.44,4.09,6.850213044903311,20240305,2875.0,30215.0,40000000.0,-1.71
023000,삼원강재,418.0,6102.0,6.44,0.44,4.09,6.850213044903311,20240306,2870.0,10370.0,40000000.0,-0.17
023000,삼원강재,418.0,6102.0,6.44,0.44,4.09,6.850213044903311,20240307,2890.0,12465.0,40000000.0,0.7
023000,삼원강재,418.0,6102.0,6.44,0.44,4.09,6.850213044903311,20240308,2875.0,13767.0,40000000.0,-0.52
