종목코드,종목명,EPS,BPS,PER,PBR,배당수익률,ROE,날짜,종가,거래량,상장주식수,등락률
032830,삼성생명,10554.0,236324.0,9.34,0.42,3.75,4.465902743690865,20240304,103900.0,831903.0,200000000.0,7.22
032830,삼성생명,10554.0,236324.0,9.34,0.42,3.75,4.465902743690865,20240305,104500.0,980345.0,200000000.0,0.58
032830,삼성생명,10554.0,236324.0,9.34,0.42,3.75,4.465902743690865,20240306,103400.0,431226.0,200000000.0,-1.05
032830,삼성생명,10554.0,236324.0,9.34,0.42,3.75,4.465902743690865,20240307,106000.0,494554.0,200000000.0,2.51
032830,삼성생명,10554.0,236324.0,9.34,0.42,3.75,4.465902743690865,20240308,105100.0,415426.0,200000000.0,-0.85
