종목코드,종목명,EPS,BPS,PER,PBR,배당수익률,ROE,날짜,종가,거래량,상장주식수,등락률
024950,삼천리자전거,430.0,7621.0,10.76,0.61,0.0,5.642304159559113,20240304,5530.0,80532.0,13273577.0,1.47
024950,삼천리자전거,430.0,7621.0,10.76,0.61,0.0,5.642304159559113,20240305,5480.0,51347.0,13273577.0,-0.9
024950,삼천리자전거,430.0,7621.0,10.76,0.61,0.0,5.642304159559113,20240306,5470.0,40678.0,13273577.0,-0.18
024950,삼천리자전거,430.0,7621.0,10.76,0.61,0.0,5.642304159559113,20240307,5470.0,22350.0,13273577.0,0.0
024950,삼천리자전거,430.0,7621.0,10.76,0.61,0.0,5.642304159559113,20240308,5440.0,22693.0,13273577.0,-0.55
