종목코드,종목명,EPS,BPS,PER,PBR,배당수익률,ROE,날짜,종가,거래량,상장주식수,등락률
003720,삼영,567.0,2011.0,6.58,1.85,0.54,28.19492789656887,20240304,4340.0,255540.0,34000000.0,1.64
003720,삼영,567.0,2011.0,6.58,1.85,0.54,28.19492789656887,20240305,4290.0,147939.0,34000000.0,-1.15
003720,삼영,567.0,2011.0,6.58,1.85,0.54,28.19492789656887,20240306,4220.0,115364.0,34000000.0,-1.63
003720,삼영,567.0,2011.0,6.58,1.85,0.54,28.19492789656887,20240307,4115.0,297287.0,34000000.0,-2.49
003720,삼영,567.0,2011.0,6.58,1.85,0.54,28.19492789656887,20240308,4155.0,254791.0,34000000.0,0.97
