종목코드,종목명,EPS,BPS,PER,PBR,배당수익률,ROE,날짜,종가,거래량,상장주식수,등락률
002290,삼일기업공사,310.0,5262.0,10.19,0.6,5.54,5.89129608513873,20240304,3610.0,25207.0,12400000.0,-0.69
002290,삼일기업공사,310.0,5262.0,10.19,0.6,5.54,5.89129608513873,20240305,3545.0,50946.0,12400000.0,-1.8
002290,삼일기업공사,310.0,5262.0,10.19,0.6,5.54,5.89129608513873,20240306,3540.0,32793.0,12400000.0,-0.14
002290,삼일기업공사,310.0,5262.0,10.19,0.6,5.54,5.89129608513873,20240307,3520.0,17997.0,12400000.0,-0.56
002290,삼일기업공사,310.0,5262.0,10.19,0.6,5.54,5.89129608513873,20240308,3445.0,53461.0,12400000.0,-2.13
