종목코드,종목명,EPS,BPS,PER,PBR,배당수익률,ROE,날짜,종가,거래량,상장주식수,등락률
002810,삼영무역,2840.0,28483.0,4.55,0.45,4.65,9.970859811115403,20240304,14400.0,55057.0,18466948.0,3.37
002810,삼영무역,2840.0,28483.0,4.55,0.45,4.65,9.970859811115403,20240305,14800.0,54363.0,18466948.0,2.78
002810,삼영무역,2840.0,28483.0,4.55,0.45,4.65,9.970859811115403,20240306,14830.0,56162.0,18466948.0,0.2
002810,삼영무역,2840.0,28483.0,4.55,0.45,4.65,9.970859811115403,20240307,14830.0,27672.0,18466948.0,0.0
002810,삼영무역,2840.0,28483.0,4.55,0.45,4.65,9.970859811115403,20240308,14760.0,24319.0,18466948.0,-0.47
