종목코드,종목명,EPS,BPS,PER,PBR,배당수익률,ROE,날짜,종가,거래량,상장주식수,등락률
000810,삼성화재,42777.0,379073.0,8.65,0.98,4.32,11.284633830423164,20240304,305000.0,126402.0,47374837.0,2.35
000810,삼성화재,42777.0,379073.0,8.65,0.98,4.32,11.284633830423164,20240305,303500.0,151407.0,47374837.0,-0.49
000810,삼성화재,42777.0,379073.0,8.65,0.98,4.32,11.284633830423164,20240306,299000.0,100177.0,47374837.0,-1.48
000810,삼성화재,42777.0,379073.0,8.65,0.98,4.32,11.284633830423164,20240307,306500.0,89914.0,47374837.0,2.51
000810,삼성화재,42777.0,379073.0,8.65,0.98,4.32,11.284633830423164,20240308,310000.0,165143.0,47374837.0,1.14
