종목코드,종목명,EPS,BPS,PER,PBR,배당수익률,ROE,날짜,종가,거래량,상장주식수,등락률
068290,삼성출판사,875.0,16613.0,19.21,1.01,1.19,5.26695960994402,20240304,23300.0,95498.0,10000000.0,0.65
068290,삼성출판사,875.0,16613.0,19.21,1.01,1.19,5.26695960994402,20240305,22850.0,74218.0,10000000.0,-1.93
068290,삼성출판사,875.0,16613.0,19.21,1.01,1.19,5.26695960994402,20240306,22600.0,68512.0,10000000.0,-1.09
068290,삼성출판사,875.0,16613.0,19.21,1.01,1.19,5.26695960994402,20240307,22100.0,66687.0,10000000.0,-2.21
068290,삼성출판사,875.0,16613.0,19.21,1.01,1.19,5.26695960994402,20240308,22200.0,40318.0,10000000.0,0.45
