종목코드,종목명,EPS,BPS,PER,PBR,배당수익률,ROE,날짜,종가,거래량,상장주식수,등락률
018260,삼성에스디에스,8965.0,111933.0,16.45,1.32,1.83,8.009255536794333,20240304,158500.0,96422.0,77377800.0,-0.94
018260,삼성에스디에스,8965.0,111933.0,16.45,1.32,1.83,8.009255536794333,20240305,158000.0,76940.0,77377800.0,-0.32
018260,삼성에스디에스,8965.0,111933.0,16.45,1.32,1.83,8.009255536794333,20240306,155800.0,100906.0,77377800.0,-1.39
018260,삼성에스디에스,8965.0,111933.0,16.45,1.32,1.83,8.009255536794333,20240307,156500.0,88114.0,77377800.0,0.45
018260,삼성에스디에스,8965.0,111933.0,16.45,1.32,1.83,8.009255536794333,20240308,161700.0,181398.0,77377800.0,3.32
