종목코드,종목명,EPS,BPS,PER,PBR,배당수익률,ROE,날짜,종가,거래량,상장주식수,등락률
032280,삼일,182.0,4039.0,9.08,0.41,1.81,4.506065857885615,20240304,1828.0,50769.0,16213590.0,-0.22
032280,삼일,182.0,4039.0,9.08,0.41,1.81,4.506065857885615,20240305,1830.0,41601.0,16213590.0,0.11
032280,삼일,182.0,4039.0,9.08,0.41,1.81,4.506065857885615,20240306,1807.0,26811.0,16213590.0,-1.26
032280,삼일,182.0,4039.0,9.08,0.41,1.81,4.506065857885615,20240307,1807.0,45529.0,16213590.0,0.0
032280,삼일,182.0,4039.0,9.08,0.41,1.81,4.506065857885615,20240308,1788.0,25656.0,16213590.0,-1.05
