종목코드,종목명,EPS,BPS,PER,PBR,배당수익률,ROE,날짜,종가,거래량,상장주식수,등락률
009300,삼아제약,3502.0,32846.0,10.48,1.12,2.04,10.661876636424527,20240304,16520.0,44643.0,6370000.0,-3.39
009300,삼아제약,3502.0,32846.0,10.48,1.12,2.04,10.661876636424527,20240305,16710.0,21902.0,6370000.0,1.15
009300,삼아제약,3502.0,32846.0,10.48,1.12,2.04,10.661876636424527,20240306,16530.0,4359.0,6370000.0,-1.08
009300,삼아제약,3502.0,32846.0,10.48,1.12,2.04,10.661876636424527,20240307,16460.0,7582.0,6370000.0,-0.42
009300,삼아제약,3502.0,32846.0,10.48,1.12,2.04,10.661876636424527,20240308,16770.0,13305.0,6370000.0,1.88
