종목코드,종목명,EPS,BPS,PER,PBR,배당수익률,ROE,날짜,종가,거래량,상장주식수,등락률
006110,삼아알미늄,235.0,17332.0,217.02,2.94,0.2,1.3558735287329795,20240304,96500.0,75129.0,14711916.0,-2.43
006110,삼아알미늄,235.0,17332.0,217.02,2.94,0.2,1.3558735287329795,20240305,93500.0,75827.0,14711916.0,-3.11
006110,삼아알미늄,235.0,17332.0,217.02,2.94,0.2,1.3558735287329795,20240306,93200.0,46395.0,14711916.0,-0.32
006110,삼아알미늄,235.0,17332.0,217.02,2.94,0.2,1.3558735287329795,20240307,96400.0,60975.0,14711916.0,3.43
006110,삼아알미늄,235.0,17332.0,217.02,2.94,0.2,1.3558735287329795,20240308,92500.0,84043.0,14711916.0,-4.05
