종목코드,종목명,EPS,BPS,PER,PBR,배당수익률,ROE,날짜,종가,거래량,상장주식수,등락률
145990,삼양사,10647.0,149069.0,4.57,0.33,3.59,7.142330061917636,20240304,48750.0,8053.0,10313449.0,0.93
145990,삼양사,10647.0,149069.0,4.57,0.33,3.59,7.142330061917636,20240305,47650.0,12491.0,10313449.0,-2.26
145990,삼양사,10647.0,149069.0,4.57,0.33,3.59,7.142330061917636,20240306,47050.0,10561.0,10313449.0,-1.26
145990,삼양사,10647.0,149069.0,4.57,0.33,3.59,7.142330061917636,20240307,46150.0,11380.0,10313449.0,-1.91
145990,삼양사,10647.0,149069.0,4.57,0.33,3.59,7.142330061917636,20240308,46000.0,13050.0,10313449.0,-0.33
