종목코드,종목명,EPS,BPS,PER,PBR,배당수익률,ROE,날짜,종가,거래량,상장주식수,등락률
001820,삼화콘덴서,2028.0,23733.0,20.88,1.78,1.18,8.545063835166223,20240304,32550.0,52022.0,10395000.0,-1.06
001820,삼화콘덴서,2028.0,23733.0,20.88,1.78,1.18,8.545063835166223,20240305,32050.0,45208.0,10395000.0,-1.54
001820,삼화콘덴서,2028.0,23733.0,20.88,1.78,1.18,8.545063835166223,20240306,31600.0,40291.0,10395000.0,-1.4
001820,삼화콘덴서,2028.0,23733.0,20.88,1.78,1.18,8.545063835166223,20240307,30950.0,61061.0,10395000.0,-2.06
001820,삼화콘덴서,2028.0,23733.0,20.88,1.78,1.18,8.545063835166223,20240308,32050.0,57952.0,10395000.0,3.55
