종목코드,종목명,EPS,BPS,PER,PBR,배당수익률,ROE,날짜,종가,거래량,상장주식수,등락률
038500,삼표시멘트,315.0,6575.0,12.06,0.58,2.63,4.790874524714829,20240304,3045.0,87711.0,107916306.0,-0.65
038500,삼표시멘트,315.0,6575.0,12.06,0.58,2.63,4.790874524714829,20240305,3035.0,53490.0,107916306.0,-0.33
038500,삼표시멘트,315.0,6575.0,12.06,0.58,2.63,4.790874524714829,20240306,3025.0,87949.0,107916306.0,-0.33
038500,삼표시멘트,315.0,6575.0,12.06,0.58,2.63,4.790874524714829,20240307,3005.0,66323.0,107916306.0,-0.66
038500,삼표시멘트,315.0,6575.0,12.06,0.58,2.63,4.790874524714829,20240308,3055.0,60410.0,107916306.0,1.66
