종목코드,종목명,EPS,BPS,PER,PBR,배당수익률,ROE,날짜,종가,거래량,상장주식수,등락률
009470,삼화전기,840.0,10981.0,57.38,4.39,0.62,7.6495765412986065,20240304,17590.0,74333.0,6613820.0,2.03
009470,삼화전기,840.0,10981.0,57.38,4.39,0.62,7.6495765412986065,20240305,18270.0,182648.0,6613820.0,3.87
009470,삼화전기,840.0,10981.0,57.38,4.39,0.62,7.6495765412986065,20240306,18390.0,131360.0,6613820.0,0.66
009470,삼화전기,840.0,10981.0,57.38,4.39,0.62,7.6495765412986065,20240307,18700.0,221970.0,6613820.0,1.69
009470,삼화전기,840.0,10981.0,57.38,4.39,0.62,7.6495765412986065,20240308,21650.0,2229648.0,6613820.0,15.78
