종목코드,종목명,EPS,BPS,PER,PBR,배당수익률,ROE,날짜,종가,거래량,상장주식수,등락률
027580,상보,8.0,1092.0,184.0,1.35,0.0,0.7326007326007326,20240304,1865.0,1701679.0,59181279.0,-2.97
027580,상보,8.0,1092.0,184.0,1.35,0.0,0.7326007326007326,20240305,1862.0,1019598.0,59181279.0,-0.16
027580,상보,8.0,1092.0,184.0,1.35,0.0,0.7326007326007326,20240306,1831.0,1252181.0,59181279.0,-1.66
027580,상보,8.0,1092.0,184.0,1.35,0.0,0.7326007326007326,20240307,1833.0,7105320.0,59181279.0,0.11
027580,상보,8.0,1092.0,184.0,1.35,0.0,0.7326007326007326,20240308,1814.0,1381384.0,59181279.0,-1.04
