종목코드,종목명,EPS,BPS,PER,PBR,배당수익률,ROE,날짜,종가,거래량,상장주식수,등락률
041650,상신브레이크,726.0,10590.0,5.07,0.35,2.99,6.855524079320113,20240304,3780.0,48037.0,21471450.0,2.44
041650,상신브레이크,726.0,10590.0,5.07,0.35,2.99,6.855524079320113,20240305,3660.0,45221.0,21471450.0,-3.17
041650,상신브레이크,726.0,10590.0,5.07,0.35,2.99,6.855524079320113,20240306,3800.0,124912.0,21471450.0,3.83
041650,상신브레이크,726.0,10590.0,5.07,0.35,2.99,6.855524079320113,20240307,3705.0,52232.0,21471450.0,-2.5
041650,상신브레이크,726.0,10590.0,5.07,0.35,2.99,6.855524079320113,20240308,3705.0,46461.0,21471450.0,0.0
