종목코드,종목명,EPS,BPS,PER,PBR,배당수익률,ROE,날짜,종가,거래량,상장주식수,등락률
089980,상아프론테크,769.0,12381.0,27.05,1.68,0.96,6.2111299571924725,20240304,20100.0,60269.0,15989037.0,0.55
089980,상아프론테크,769.0,12381.0,27.05,1.68,0.96,6.2111299571924725,20240305,19580.0,96778.0,15989037.0,-2.59
089980,상아프론테크,769.0,12381.0,27.05,1.68,0.96,6.2111299571924725,20240306,19250.0,66078.0,15989037.0,-1.69
089980,상아프론테크,769.0,12381.0,27.05,1.68,0.96,6.2111299571924725,20240307,19140.0,45508.0,15989037.0,-0.57
089980,상아프론테크,769.0,12381.0,27.05,1.68,0.96,6.2111299571924725,20240308,19130.0,50285.0,15989037.0,-0.05
