종목코드,종목명,EPS,BPS,PER,PBR,배당수익률,ROE,날짜,종가,거래량,상장주식수,등락률
075180,새론오토모티브,173.0,11995.0,22.11,0.32,3.66,1.4422676115047937,20240304,3985.0,2527.0,19200000.0,-0.13
075180,새론오토모티브,173.0,11995.0,22.11,0.32,3.66,1.4422676115047937,20240305,3970.0,812.0,19200000.0,-0.38
075180,새론오토모티브,173.0,11995.0,22.11,0.32,3.66,1.4422676115047937,20240306,3980.0,1980.0,19200000.0,0.25
075180,새론오토모티브,173.0,11995.0,22.11,0.32,3.66,1.4422676115047937,20240307,3980.0,315.0,19200000.0,0.0
075180,새론오토모티브,173.0,11995.0,22.11,0.32,3.66,1.4422676115047937,20240308,4000.0,1567.0,19200000.0,0.5
