종목코드,종목명,EPS,BPS,PER,PBR,배당수익률,ROE,날짜,종가,거래량,상장주식수,등락률
007540,샘표,5210.0,98187.0,9.42,0.5,0.41,5.306201431961461,20240304,50100.0,4219.0,2875800.0,-0.79
007540,샘표,5210.0,98187.0,9.42,0.5,0.41,5.306201431961461,20240305,49500.0,10258.0,2875800.0,-1.2
007540,샘표,5210.0,98187.0,9.42,0.5,0.41,5.306201431961461,20240306,49050.0,3663.0,2875800.0,-0.91
007540,샘표,5210.0,98187.0,9.42,0.5,0.41,5.306201431961461,20240307,48800.0,6092.0,2875800.0,-0.51
007540,샘표,5210.0,98187.0,9.42,0.5,0.41,5.306201431961461,20240308,48800.0,2458.0,2875800.0,0.0
