종목코드,종목명,EPS,BPS,PER,PBR,배당수익률,ROE,날짜,종가,거래량,상장주식수,등락률
248170,샘표식품,2284.0,51784.0,13.7,0.6,0.64,4.4106287656418965,20240304,27600.0,10002.0,4568286.0,0.0
248170,샘표식품,2284.0,51784.0,13.7,0.6,0.64,4.4106287656418965,20240305,27600.0,5609.0,4568286.0,0.0
248170,샘표식품,2284.0,51784.0,13.7,0.6,0.64,4.4106287656418965,20240306,27500.0,8501.0,4568286.0,-0.36
248170,샘표식품,2284.0,51784.0,13.7,0.6,0.64,4.4106287656418965,20240307,27100.0,16078.0,4568286.0,-1.45
248170,샘표식품,2284.0,51784.0,13.7,0.6,0.64,4.4106287656418965,20240308,27200.0,7310.0,4568286.0,0.37
