종목코드,종목명,EPS,BPS,PER,PBR,배당수익률,ROE,날짜,종가,거래량,상장주식수,등락률
006730,서부T&D,2134.0,13386.0,3.09,0.49,0.76,15.942028985507244,20240304,7640.0,73124.0,61563241.0,2.0
006730,서부T&D,2134.0,13386.0,3.09,0.49,0.76,15.942028985507244,20240305,7590.0,67727.0,61563241.0,-0.65
006730,서부T&D,2134.0,13386.0,3.09,0.49,0.76,15.942028985507244,20240306,7480.0,69298.0,61563241.0,-1.45
006730,서부T&D,2134.0,13386.0,3.09,0.49,0.76,15.942028985507244,20240307,7440.0,113083.0,61563241.0,-0.53
006730,서부T&D,2134.0,13386.0,3.09,0.49,0.76,15.942028985507244,20240308,7400.0,97879.0,61563241.0,-0.54
