종목코드,종목명,EPS,BPS,PER,PBR,배당수익률,ROE,날짜,종가,거래량,상장주식수,등락률
079650,서산,78.0,3524.0,16.12,0.36,0.0,2.213393870601589,20240304,1557.0,10716.0,20000000.0,1.83
079650,서산,78.0,3524.0,16.12,0.36,0.0,2.213393870601589,20240305,1515.0,14425.0,20000000.0,-2.7
079650,서산,78.0,3524.0,16.12,0.36,0.0,2.213393870601589,20240306,1510.0,18849.0,20000000.0,-0.33
079650,서산,78.0,3524.0,16.12,0.36,0.0,2.213393870601589,20240307,1502.0,7773.0,20000000.0,-0.53
079650,서산,78.0,3524.0,16.12,0.36,0.0,2.213393870601589,20240308,1476.0,14413.0,20000000.0,-1.73
