종목코드,종목명,EPS,BPS,PER,PBR,배당수익률,ROE,날짜,종가,거래량,상장주식수,등락률
093920,서원인텍,775.0,11013.0,7.28,0.51,7.09,7.0371379279033865,20240304,5790.0,25201.0,18600000.0,1.05
093920,서원인텍,775.0,11013.0,7.28,0.51,7.09,7.0371379279033865,20240305,5770.0,14918.0,18600000.0,-0.35
093920,서원인텍,775.0,11013.0,7.28,0.51,7.09,7.0371379279033865,20240306,5790.0,19111.0,18600000.0,0.35
093920,서원인텍,775.0,11013.0,7.28,0.51,7.09,7.0371379279033865,20240307,5770.0,36624.0,18600000.0,-0.35
093920,서원인텍,775.0,11013.0,7.28,0.51,7.09,7.0371379279033865,20240308,5780.0,25272.0,18600000.0,0.17
