종목코드,종목명,EPS,BPS,PER,PBR,배당수익률,ROE,날짜,종가,거래량,상장주식수,등락률
017390,서울가스,5188.0,273495.0,10.68,0.2,4.06,1.8969268176749117,20240304,59300.0,10660.0,5000000.0,-0.67
017390,서울가스,5188.0,273495.0,10.68,0.2,4.06,1.8969268176749117,20240305,58700.0,15393.0,5000000.0,-1.01
017390,서울가스,5188.0,273495.0,10.68,0.2,4.06,1.8969268176749117,20240306,57900.0,13690.0,5000000.0,-1.36
017390,서울가스,5188.0,273495.0,10.68,0.2,4.06,1.8969268176749117,20240307,57800.0,6496.0,5000000.0,-0.17
017390,서울가스,5188.0,273495.0,10.68,0.2,4.06,1.8969268176749117,20240308,57900.0,7606.0,5000000.0,0.17
