종목코드,종목명,EPS,BPS,PER,PBR,배당수익률,ROE,날짜,종가,거래량,상장주식수,등락률
122690,서진오토모티브,417.0,4197.0,6.26,0.62,0.0,9.93566833452466,20240304,3710.0,279023.0,21228131.0,3.2
122690,서진오토모티브,417.0,4197.0,6.26,0.62,0.0,9.93566833452466,20240305,3625.0,121060.0,21228131.0,-2.29
122690,서진오토모티브,417.0,4197.0,6.26,0.62,0.0,9.93566833452466,20240306,3635.0,76066.0,21228131.0,0.28
122690,서진오토모티브,417.0,4197.0,6.26,0.62,0.0,9.93566833452466,20240307,3545.0,62503.0,21228131.0,-2.48
122690,서진오토모티브,417.0,4197.0,6.26,0.62,0.0,9.93566833452466,20240308,3760.0,274795.0,21228131.0,6.06
