종목코드,종목명,EPS,BPS,PER,PBR,배당수익률,ROE,날짜,종가,거래량,상장주식수,등락률
019770,서연탑메탈,727.0,7208.0,5.63,0.57,1.59,10.086015538290788,20240304,4460.0,154558.0,11650000.0,0.0
019770,서연탑메탈,727.0,7208.0,5.63,0.57,1.59,10.086015538290788,20240305,4360.0,108411.0,11650000.0,-2.24
019770,서연탑메탈,727.0,7208.0,5.63,0.57,1.59,10.086015538290788,20240306,4325.0,70539.0,11650000.0,-0.8
019770,서연탑메탈,727.0,7208.0,5.63,0.57,1.59,10.086015538290788,20240307,4290.0,81039.0,11650000.0,-0.81
019770,서연탑메탈,727.0,7208.0,5.63,0.57,1.59,10.086015538290788,20240308,4325.0,64726.0,11650000.0,0.82
