종목코드,종목명,EPS,BPS,PER,PBR,배당수익률,ROE,날짜,종가,거래량,상장주식수,등락률
018680,서울제약,302.0,3308.0,13.03,1.19,0.0,9.12938331318017,20240304,3540.0,2969.0,11659319.0,-0.84
018680,서울제약,302.0,3308.0,13.03,1.19,0.0,9.12938331318017,20240305,3530.0,4972.0,11659319.0,-0.28
018680,서울제약,302.0,3308.0,13.03,1.19,0.0,9.12938331318017,20240306,3520.0,1286.0,11659319.0,-0.28
018680,서울제약,302.0,3308.0,13.03,1.19,0.0,9.12938331318017,20240307,3500.0,3489.0,11659319.0,-0.57
018680,서울제약,302.0,3308.0,13.03,1.19,0.0,9.12938331318017,20240308,3490.0,3689.0,11659319.0,-0.29
