종목코드,종목명,EPS,BPS,PER,PBR,배당수익률,ROE,날짜,종가,거래량,상장주식수,등락률
035890,서희건설,683.0,4222.0,1.95,0.32,3.38,16.17716721932733,20240304,1270.0,217567.0,229808457.0,-0.47
035890,서희건설,683.0,4222.0,1.95,0.32,3.38,16.17716721932733,20240305,1285.0,247597.0,229808457.0,1.18
035890,서희건설,683.0,4222.0,1.95,0.32,3.38,16.17716721932733,20240306,1281.0,169514.0,229808457.0,-0.31
035890,서희건설,683.0,4222.0,1.95,0.32,3.38,16.17716721932733,20240307,1284.0,270123.0,229808457.0,0.23
035890,서희건설,683.0,4222.0,1.95,0.32,3.38,16.17716721932733,20240308,1320.0,1060979.0,229808457.0,2.8
