종목코드,종목명,EPS,BPS,PER,PBR,배당수익률,ROE,날짜,종가,거래량,상장주식수,등락률
011370,서한,85.0,3976.0,10.06,0.22,3.51,2.137826961770624,20240304,876.0,224838.0,100894865.0,0.69
011370,서한,85.0,3976.0,10.06,0.22,3.51,2.137826961770624,20240305,880.0,142647.0,100894865.0,0.46
011370,서한,85.0,3976.0,10.06,0.22,3.51,2.137826961770624,20240306,877.0,260363.0,100894865.0,-0.34
011370,서한,85.0,3976.0,10.06,0.22,3.51,2.137826961770624,20240307,888.0,212778.0,100894865.0,1.25
011370,서한,85.0,3976.0,10.06,0.22,3.51,2.137826961770624,20240308,886.0,70637.0,100894865.0,-0.23
