종목코드,종목명,EPS,BPS,PER,PBR,배당수익률,ROE,날짜,종가,거래량,상장주식수,등락률
008490,서흥,550.0,38283.0,34.85,0.5,0.52,1.4366690175796046,20240304,25650.0,12346.0,11569113.0,-1.35
008490,서흥,550.0,38283.0,34.85,0.5,0.52,1.4366690175796046,20240305,25350.0,12753.0,11569113.0,-1.17
008490,서흥,550.0,38283.0,34.85,0.5,0.52,1.4366690175796046,20240306,24900.0,13379.0,11569113.0,-1.78
008490,서흥,550.0,38283.0,34.85,0.5,0.52,1.4366690175796046,20240307,24500.0,11547.0,11569113.0,-1.61
008490,서흥,550.0,38283.0,34.85,0.5,0.52,1.4366690175796046,20240308,24550.0,9210.0,11569113.0,0.2
