종목코드,종목명,EPS,BPS,PER,PBR,배당수익률,ROE,날짜,종가,거래량,상장주식수,등락률
140070,서플러스글로벌,166.0,5402.0,18.61,0.57,0.97,3.0729359496482784,20240304,4085.0,253482.0,36988000.0,3.94
140070,서플러스글로벌,166.0,5402.0,18.61,0.57,0.97,3.0729359496482784,20240305,4090.0,261670.0,36988000.0,0.12
140070,서플러스글로벌,166.0,5402.0,18.61,0.57,0.97,3.0729359496482784,20240306,4040.0,275309.0,36988000.0,-1.22
140070,서플러스글로벌,166.0,5402.0,18.61,0.57,0.97,3.0729359496482784,20240307,4075.0,163335.0,36988000.0,0.87
140070,서플러스글로벌,166.0,5402.0,18.61,0.57,0.97,3.0729359496482784,20240308,3990.0,206604.0,36988000.0,-2.09
