종목코드,종목명,EPS,BPS,PER,PBR,배당수익률,ROE,날짜,종가,거래량,상장주식수,등락률
003100,선광,5163.0,62479.0,3.25,0.27,2.39,8.26357656172474,20240304,19590.0,13221.0,6600000.0,0.41
003100,선광,5163.0,62479.0,3.25,0.27,2.39,8.26357656172474,20240305,19150.0,17880.0,6600000.0,-2.25
003100,선광,5163.0,62479.0,3.25,0.27,2.39,8.26357656172474,20240306,18850.0,14993.0,6600000.0,-1.57
003100,선광,5163.0,62479.0,3.25,0.27,2.39,8.26357656172474,20240307,19020.0,9810.0,6600000.0,0.9
003100,선광,5163.0,62479.0,3.25,0.27,2.39,8.26357656172474,20240308,18770.0,11072.0,6600000.0,-1.31
