종목코드,종목명,EPS,BPS,PER,PBR,배당수익률,ROE,날짜,종가,거래량,상장주식수,등락률
067370,선바이오,374.0,2284.0,21.18,3.47,0.95,16.374781085814362,20240304,9270.0,12178.0,12313555.0,0.0
067370,선바이오,374.0,2284.0,21.18,3.47,0.95,16.374781085814362,20240305,9270.0,9350.0,12313555.0,0.0
067370,선바이오,374.0,2284.0,21.18,3.47,0.95,16.374781085814362,20240306,9500.0,11688.0,12313555.0,2.48
067370,선바이오,374.0,2284.0,21.18,3.47,0.95,16.374781085814362,20240307,9690.0,23053.0,12313555.0,2.0
067370,선바이오,374.0,2284.0,21.18,3.47,0.95,16.374781085814362,20240308,9690.0,9843.0,12313555.0,0.0
