종목코드,종목명,EPS,BPS,PER,PBR,배당수익률,ROE,날짜,종가,거래량,상장주식수,등락률
136490,선진,585.0,18088.0,11.57,0.37,1.48,3.234188412206988,20240304,7160.0,30385.0,23779604.0,-0.14
136490,선진,585.0,18088.0,11.57,0.37,1.48,3.234188412206988,20240305,7140.0,27318.0,23779604.0,-0.28
136490,선진,585.0,18088.0,11.57,0.37,1.48,3.234188412206988,20240306,7060.0,13735.0,23779604.0,-1.12
136490,선진,585.0,18088.0,11.57,0.37,1.48,3.234188412206988,20240307,7230.0,90834.0,23779604.0,2.41
136490,선진,585.0,18088.0,11.57,0.37,1.48,3.234188412206988,20240308,7320.0,73453.0,23779604.0,1.24
