종목코드,종목명,EPS,BPS,PER,PBR,배당수익률,ROE,날짜,종가,거래량,상장주식수,등락률
014620,성광벤드,1402.0,18097.0,10.47,0.81,1.02,7.74714041001271,20240304,11300.0,244300.0,28600000.0,-2.08
014620,성광벤드,1402.0,18097.0,10.47,0.81,1.02,7.74714041001271,20240305,10950.0,236245.0,28600000.0,-3.1
014620,성광벤드,1402.0,18097.0,10.47,0.81,1.02,7.74714041001271,20240306,10720.0,224517.0,28600000.0,-2.1
014620,성광벤드,1402.0,18097.0,10.47,0.81,1.02,7.74714041001271,20240307,10410.0,287305.0,28600000.0,-2.89
014620,성광벤드,1402.0,18097.0,10.47,0.81,1.02,7.74714041001271,20240308,10400.0,158308.0,28600000.0,-0.1
