종목코드,종목명,EPS,BPS,PER,PBR,배당수익률,ROE,날짜,종가,거래량,상장주식수,등락률
003080,성보화학,65.0,6779.0,43.31,0.42,4.8,0.9588434872400058,20240304,2895.0,16591.0,20020000.0,-0.17
003080,성보화학,65.0,6779.0,43.31,0.42,4.8,0.9588434872400058,20240305,2910.0,60836.0,20020000.0,0.52
003080,성보화학,65.0,6779.0,43.31,0.42,4.8,0.9588434872400058,20240306,2930.0,31410.0,20020000.0,0.69
003080,성보화학,65.0,6779.0,43.31,0.42,4.8,0.9588434872400058,20240307,2910.0,18437.0,20020000.0,-0.68
003080,성보화학,65.0,6779.0,43.31,0.42,4.8,0.9588434872400058,20240308,2920.0,14812.0,20020000.0,0.34
