종목코드,종목명,EPS,BPS,PER,PBR,배당수익률,ROE,날짜,종가,거래량,상장주식수,등락률
365340,성일하이텍,2068.0,25675.0,29.93,2.41,0.0,8.054527750730282,20240304,97800.0,58531.0,12104890.0,-0.2
365340,성일하이텍,2068.0,25675.0,29.93,2.41,0.0,8.054527750730282,20240305,93600.0,70619.0,12104890.0,-4.29
365340,성일하이텍,2068.0,25675.0,29.93,2.41,0.0,8.054527750730282,20240306,92600.0,31121.0,12104890.0,-1.07
365340,성일하이텍,2068.0,25675.0,29.93,2.41,0.0,8.054527750730282,20240307,93800.0,38438.0,12104890.0,1.3
365340,성일하이텍,2068.0,25675.0,29.93,2.41,0.0,8.054527750730282,20240308,92900.0,35716.0,12104890.0,-0.96
