종목코드,종목명,EPS,BPS,PER,PBR,배당수익률,ROE,날짜,종가,거래량,상장주식수,등락률
043260,성호전자,364.0,2086.0,4.31,0.75,0.0,17.449664429530202,20240304,1529.0,524556.0,53405384.0,-0.84
043260,성호전자,364.0,2086.0,4.31,0.75,0.0,17.449664429530202,20240305,1499.0,469603.0,53405384.0,-1.96
043260,성호전자,364.0,2086.0,4.31,0.75,0.0,17.449664429530202,20240306,1476.0,422206.0,53405384.0,-1.53
043260,성호전자,364.0,2086.0,4.31,0.75,0.0,17.449664429530202,20240307,1451.0,312317.0,53405384.0,-1.69
043260,성호전자,364.0,2086.0,4.31,0.75,0.0,17.449664429530202,20240308,1490.0,258850.0,53405384.0,2.69
