종목코드,종목명,EPS,BPS,PER,PBR,배당수익률,ROE,날짜,종가,거래량,상장주식수,등락률
148150,세경하이테크,988.0,4101.0,7.47,1.8,4.07,24.09168495488905,20240304,8420.0,715597.0,35352843.0,-1.29
148150,세경하이테크,988.0,4101.0,7.47,1.8,4.07,24.09168495488905,20240305,8480.0,461037.0,35352843.0,0.71
148150,세경하이테크,988.0,4101.0,7.47,1.8,4.07,24.09168495488905,20240306,8500.0,458895.0,35352843.0,0.24
148150,세경하이테크,988.0,4101.0,7.47,1.8,4.07,24.09168495488905,20240307,8580.0,416979.0,35352843.0,0.94
148150,세경하이테크,988.0,4101.0,7.47,1.8,4.07,24.09168495488905,20240308,8550.0,409293.0,35352843.0,-0.35
