종목코드,종목명,EPS,BPS,PER,PBR,배당수익률,ROE,날짜,종가,거래량,상장주식수,등락률
053060,세동,557.0,2120.0,2.28,0.6,0.0,26.27358490566038,20240304,1777.0,123979.0,17657419.0,0.85
053060,세동,557.0,2120.0,2.28,0.6,0.0,26.27358490566038,20240305,1731.0,149872.0,17657419.0,-2.59
053060,세동,557.0,2120.0,2.28,0.6,0.0,26.27358490566038,20240306,1719.0,139994.0,17657419.0,-0.69
053060,세동,557.0,2120.0,2.28,0.6,0.0,26.27358490566038,20240307,1680.0,146781.0,17657419.0,-2.27
053060,세동,557.0,2120.0,2.28,0.6,0.0,26.27358490566038,20240308,1689.0,88170.0,17657419.0,0.54
