종목코드,종목명,EPS,BPS,PER,PBR,배당수익률,ROE,날짜,종가,거래량,상장주식수,등락률
017510,세명전기,86.0,4917.0,72.79,1.27,1.12,1.7490339637990644,20240304,2815.0,56894.0,15246000.0,1.81
017510,세명전기,86.0,4917.0,72.79,1.27,1.12,1.7490339637990644,20240305,2760.0,197081.0,15246000.0,-1.95
017510,세명전기,86.0,4917.0,72.79,1.27,1.12,1.7490339637990644,20240306,2820.0,29794.0,15246000.0,2.17
017510,세명전기,86.0,4917.0,72.79,1.27,1.12,1.7490339637990644,20240307,2765.0,14320.0,15246000.0,-1.95
017510,세명전기,86.0,4917.0,72.79,1.27,1.12,1.7490339637990644,20240308,2850.0,28200.0,15246000.0,3.07
