종목코드,종목명,EPS,BPS,PER,PBR,배당수익률,ROE,날짜,종가,거래량,상장주식수,등락률
011560,세보엠이씨,3014.0,21017.0,3.57,0.51,5.11,14.340771756197364,20240304,8900.0,37506.0,10530000.0,0.0
011560,세보엠이씨,3014.0,21017.0,3.57,0.51,5.11,14.340771756197364,20240305,9000.0,85245.0,10530000.0,1.12
011560,세보엠이씨,3014.0,21017.0,3.57,0.51,5.11,14.340771756197364,20240306,9010.0,45090.0,10530000.0,0.11
011560,세보엠이씨,3014.0,21017.0,3.57,0.51,5.11,14.340771756197364,20240307,8930.0,62607.0,10530000.0,-0.89
011560,세보엠이씨,3014.0,21017.0,3.57,0.51,5.11,14.340771756197364,20240308,9110.0,78134.0,10530000.0,2.02
