종목코드,종목명,EPS,BPS,PER,PBR,배당수익률,ROE,날짜,종가,거래량,상장주식수,등락률
075580,세진중공업,312.0,3292.0,29.52,2.8,2.17,9.477521263669502,20240304,5950.0,344049.0,56849456.0,-1.33
075580,세진중공업,312.0,3292.0,29.52,2.8,2.17,9.477521263669502,20240305,6180.0,486262.0,56849456.0,3.87
075580,세진중공업,312.0,3292.0,29.52,2.8,2.17,9.477521263669502,20240306,6020.0,242497.0,56849456.0,-2.59
075580,세진중공업,312.0,3292.0,29.52,2.8,2.17,9.477521263669502,20240307,5920.0,258606.0,56849456.0,-1.66
075580,세진중공업,312.0,3292.0,29.52,2.8,2.17,9.477521263669502,20240308,5760.0,369677.0,56849456.0,-2.7
