종목코드,종목명,EPS,BPS,PER,PBR,배당수익률,ROE,날짜,종가,거래량,상장주식수,등락률
053450,세코닉스,778.0,8414.0,7.48,0.69,1.72,9.24649393867364,20240304,8220.0,544395.0,14792803.0,2.37
053450,세코닉스,778.0,8414.0,7.48,0.69,1.72,9.24649393867364,20240305,7990.0,298941.0,14792803.0,-2.8
053450,세코닉스,778.0,8414.0,7.48,0.69,1.72,9.24649393867364,20240306,8060.0,301927.0,14792803.0,0.88
053450,세코닉스,778.0,8414.0,7.48,0.69,1.72,9.24649393867364,20240307,7860.0,180438.0,14792803.0,-2.48
053450,세코닉스,778.0,8414.0,7.48,0.69,1.72,9.24649393867364,20240308,7900.0,179878.0,14792803.0,0.51
