종목코드,종목명,EPS,BPS,PER,PBR,배당수익률,ROE,날짜,종가,거래량,상장주식수,등락률
001430,세아베스틸지주,3576.0,54525.0,5.27,0.35,6.37,6.558459422283357,20240304,24150.0,347148.0,35862119.0,-6.4
001430,세아베스틸지주,3576.0,54525.0,5.27,0.35,6.37,6.558459422283357,20240305,23850.0,141120.0,35862119.0,-1.24
001430,세아베스틸지주,3576.0,54525.0,5.27,0.35,6.37,6.558459422283357,20240306,24200.0,454462.0,35862119.0,1.47
001430,세아베스틸지주,3576.0,54525.0,5.27,0.35,6.37,6.558459422283357,20240307,22950.0,476470.0,35862119.0,-5.17
001430,세아베스틸지주,3576.0,54525.0,5.27,0.35,6.37,6.558459422283357,20240308,23500.0,226930.0,35862119.0,2.4
