종목코드,종목명,EPS,BPS,PER,PBR,배당수익률,ROE,날짜,종가,거래량,상장주식수,등락률
067830,세이브존I&C,361.0,12561.0,6.18,0.18,1.35,2.873975001990287,20240304,2560.0,87457.0,41040895.0,1.59
067830,세이브존I&C,361.0,12561.0,6.18,0.18,1.35,2.873975001990287,20240305,2560.0,46967.0,41040895.0,0.0
067830,세이브존I&C,361.0,12561.0,6.18,0.18,1.35,2.873975001990287,20240306,2580.0,55560.0,41040895.0,0.78
067830,세이브존I&C,361.0,12561.0,6.18,0.18,1.35,2.873975001990287,20240307,2550.0,70209.0,41040895.0,-1.16
067830,세이브존I&C,361.0,12561.0,6.18,0.18,1.35,2.873975001990287,20240308,2565.0,56656.0,41040895.0,0.59
