종목코드,종목명,EPS,BPS,PER,PBR,배당수익률,ROE,날짜,종가,거래량,상장주식수,등락률
036630,세종텔레콤,169.0,1447.0,3.26,0.38,0.0,11.679336558396683,20240304,632.0,487392.0,220000000.0,-1.56
036630,세종텔레콤,169.0,1447.0,3.26,0.38,0.0,11.679336558396683,20240305,620.0,882502.0,220000000.0,-1.9
036630,세종텔레콤,169.0,1447.0,3.26,0.38,0.0,11.679336558396683,20240306,617.0,304985.0,220000000.0,-0.48
036630,세종텔레콤,169.0,1447.0,3.26,0.38,0.0,11.679336558396683,20240307,607.0,384441.0,220000000.0,-1.62
036630,세종텔레콤,169.0,1447.0,3.26,0.38,0.0,11.679336558396683,20240308,602.0,534908.0,220000000.0,-0.82
