종목코드,종목명,EPS,BPS,PER,PBR,배당수익률,ROE,날짜,종가,거래량,상장주식수,등락률
208370,셀바스헬스케어,215.0,2342.0,25.16,2.31,0.0,9.180187873612297,20240304,6150.0,176448.0,25680564.0,-0.16
208370,셀바스헬스케어,215.0,2342.0,25.16,2.31,0.0,9.180187873612297,20240305,6050.0,249969.0,25680564.0,-1.63
208370,셀바스헬스케어,215.0,2342.0,25.16,2.31,0.0,9.180187873612297,20240306,6060.0,115097.0,25680564.0,0.17
208370,셀바스헬스케어,215.0,2342.0,25.16,2.31,0.0,9.180187873612297,20240307,5990.0,210516.0,25680564.0,-1.16
208370,셀바스헬스케어,215.0,2342.0,25.16,2.31,0.0,9.180187873612297,20240308,6050.0,158388.0,25680564.0,1.0
