종목코드,종목명,EPS,BPS,PER,PBR,배당수익률,ROE,날짜,종가,거래량,상장주식수,등락률
068270,셀트리온,3759.0,81950.0,54.0,2.48,0.25,4.586943258084197,20240304,176100.0,916608.0,218049762.0,-2.0
068270,셀트리온,3759.0,81950.0,54.0,2.48,0.25,4.586943258084197,20240305,175800.0,988461.0,218049762.0,-0.17
068270,셀트리온,3759.0,81950.0,54.0,2.48,0.25,4.586943258084197,20240306,180600.0,659660.0,218049762.0,2.73
068270,셀트리온,3759.0,81950.0,54.0,2.48,0.25,4.586943258084197,20240307,177100.0,539907.0,218049762.0,-1.94
068270,셀트리온,3759.0,81950.0,54.0,2.48,0.25,4.586943258084197,20240308,180300.0,519400.0,218049762.0,1.81
