종목코드,종목명,EPS,BPS,PER,PBR,배당수익률,ROE,날짜,종가,거래량,상장주식수,등락률
357780,솔브레인,16832.0,115118.0,15.09,2.21,0.79,14.621518789416077,20240304,276000.0,61712.0,7778566.0,1.47
357780,솔브레인,16832.0,115118.0,15.09,2.21,0.79,14.621518789416077,20240305,277500.0,26830.0,7778566.0,0.54
357780,솔브레인,16832.0,115118.0,15.09,2.21,0.79,14.621518789416077,20240306,286000.0,35422.0,7778566.0,3.06
357780,솔브레인,16832.0,115118.0,15.09,2.21,0.79,14.621518789416077,20240307,278500.0,52469.0,7778566.0,-2.62
357780,솔브레인,16832.0,115118.0,15.09,2.21,0.79,14.621518789416077,20240308,278000.0,37178.0,7778566.0,-0.18
