종목코드,종목명,EPS,BPS,PER,PBR,배당수익률,ROE,날짜,종가,거래량,상장주식수,등락률
248070,솔루엠,2464.0,8195.0,7.32,2.2,0.0,30.06711409395973,20240304,28500.0,434012.0,50005551.0,-1.55
248070,솔루엠,2464.0,8195.0,7.32,2.2,0.0,30.06711409395973,20240305,28100.0,307349.0,50005551.0,-1.4
248070,솔루엠,2464.0,8195.0,7.32,2.2,0.0,30.06711409395973,20240306,27800.0,281194.0,50005551.0,-1.07
248070,솔루엠,2464.0,8195.0,7.32,2.2,0.0,30.06711409395973,20240307,27850.0,331468.0,50005551.0,0.18
248070,솔루엠,2464.0,8195.0,7.32,2.2,0.0,30.06711409395973,20240308,27150.0,472085.0,50005551.0,-2.51
