종목코드,종목명,EPS,BPS,PER,PBR,배당수익률,ROE,날짜,종가,거래량,상장주식수,등락률
328380,솔트웨어,22.0,670.0,50.68,1.66,0.0,3.2835820895522385,20240304,1366.0,223634.0,34262778.0,-0.73
328380,솔트웨어,22.0,670.0,50.68,1.66,0.0,3.2835820895522385,20240305,1328.0,348849.0,34262778.0,-2.78
328380,솔트웨어,22.0,670.0,50.68,1.66,0.0,3.2835820895522385,20240306,1381.0,223603.0,34262778.0,3.99
328380,솔트웨어,22.0,670.0,50.68,1.66,0.0,3.2835820895522385,20240307,1366.0,192733.0,34262778.0,-1.09
328380,솔트웨어,22.0,670.0,50.68,1.66,0.0,3.2835820895522385,20240308,1345.0,152949.0,34262778.0,-1.54
