종목코드,종목명,EPS,BPS,PER,PBR,배당수익률,ROE,날짜,종가,거래량,상장주식수,등락률
050960,수산아이앤티,825.0,12522.0,12.68,0.84,1.2,6.588404408241495,20240304,10490.0,16565.0,6751000.0,0.0
050960,수산아이앤티,825.0,12522.0,12.68,0.84,1.2,6.588404408241495,20240305,10500.0,13163.0,6751000.0,0.1
050960,수산아이앤티,825.0,12522.0,12.68,0.84,1.2,6.588404408241495,20240306,10710.0,16334.0,6751000.0,2.0
050960,수산아이앤티,825.0,12522.0,12.68,0.84,1.2,6.588404408241495,20240307,10580.0,8976.0,6751000.0,-1.21
050960,수산아이앤티,825.0,12522.0,12.68,0.84,1.2,6.588404408241495,20240308,10560.0,11692.0,6751000.0,-0.19
