종목코드,종목명,EPS,BPS,PER,PBR,배당수익률,ROE,날짜,종가,거래량,상장주식수,등락률
126720,수산인더스트리,3414.0,34768.0,6.3,0.62,3.72,9.819374137137597,20240304,20850.0,26402.0,14286000.0,0.0
126720,수산인더스트리,3414.0,34768.0,6.3,0.62,3.72,9.819374137137597,20240305,20500.0,21820.0,14286000.0,-1.68
126720,수산인더스트리,3414.0,34768.0,6.3,0.62,3.72,9.819374137137597,20240306,20600.0,38455.0,14286000.0,0.49
126720,수산인더스트리,3414.0,34768.0,6.3,0.62,3.72,9.819374137137597,20240307,21150.0,76991.0,14286000.0,2.67
126720,수산인더스트리,3414.0,34768.0,6.3,0.62,3.72,9.819374137137597,20240308,21150.0,53596.0,14286000.0,0.0
