종목코드,종목명,EPS,BPS,PER,PBR,배당수익률,ROE,날짜,종가,거래량,상장주식수,등락률
298830,슈어소프트테크,100.0,1567.0,48.05,3.07,0.0,6.381620931716656,20240304,6100.0,303698.0,52619061.0,-0.49
298830,슈어소프트테크,100.0,1567.0,48.05,3.07,0.0,6.381620931716656,20240305,6180.0,417237.0,52619061.0,1.31
298830,슈어소프트테크,100.0,1567.0,48.05,3.07,0.0,6.381620931716656,20240306,6200.0,355638.0,52619061.0,0.32
298830,슈어소프트테크,100.0,1567.0,48.05,3.07,0.0,6.381620931716656,20240307,5700.0,1078305.0,52619061.0,-8.06
298830,슈어소프트테크,100.0,1567.0,48.05,3.07,0.0,6.381620931716656,20240308,5700.0,456947.0,52619061.0,0.0
