종목코드,종목명,EPS,BPS,PER,PBR,배당수익률,ROE,날짜,종가,거래량,상장주식수,등락률
236200,슈프리마,3316.0,29583.0,7.8,0.87,0.0,11.20914038468039,20240304,24350.0,68482.0,7193273.0,-0.41
236200,슈프리마,3316.0,29583.0,7.8,0.87,0.0,11.20914038468039,20240305,24100.0,43296.0,7193273.0,-1.03
236200,슈프리마,3316.0,29583.0,7.8,0.87,0.0,11.20914038468039,20240306,24200.0,44484.0,7193273.0,0.41
236200,슈프리마,3316.0,29583.0,7.8,0.87,0.0,11.20914038468039,20240307,24050.0,94922.0,7193273.0,-0.62
236200,슈프리마,3316.0,29583.0,7.8,0.87,0.0,11.20914038468039,20240308,23650.0,58185.0,7193273.0,-1.66
