종목코드,종목명,EPS,BPS,PER,PBR,배당수익률,ROE,날짜,종가,거래량,상장주식수,등락률
094840,슈프리마에이치큐,3989.0,22636.0,1.62,0.29,0.0,17.62237144371797,20240304,7550.0,91777.0,10471840.0,0.67
094840,슈프리마에이치큐,3989.0,22636.0,1.62,0.29,0.0,17.62237144371797,20240305,7320.0,79714.0,10471840.0,-3.05
094840,슈프리마에이치큐,3989.0,22636.0,1.62,0.29,0.0,17.62237144371797,20240306,7290.0,63857.0,10471840.0,-0.41
094840,슈프리마에이치큐,3989.0,22636.0,1.62,0.29,0.0,17.62237144371797,20240307,7250.0,68072.0,10471840.0,-0.55
094840,슈프리마에이치큐,3989.0,22636.0,1.62,0.29,0.0,17.62237144371797,20240308,7370.0,64333.0,10471840.0,1.66
