종목코드,종목명,EPS,BPS,PER,PBR,배당수익률,ROE,날짜,종가,거래량,상장주식수,등락률
192440,슈피겐코리아,7073.0,77532.0,3.99,0.36,2.46,9.122684826910179,20240304,31150.0,6593.0,6216363.0,-0.8
192440,슈피겐코리아,7073.0,77532.0,3.99,0.36,2.46,9.122684826910179,20240305,31000.0,5071.0,6216363.0,-0.48
192440,슈피겐코리아,7073.0,77532.0,3.99,0.36,2.46,9.122684826910179,20240306,30550.0,5471.0,6216363.0,-1.45
192440,슈피겐코리아,7073.0,77532.0,3.99,0.36,2.46,9.122684826910179,20240307,30600.0,8855.0,6216363.0,0.16
192440,슈피겐코리아,7073.0,77532.0,3.99,0.36,2.46,9.122684826910179,20240308,30650.0,11958.0,6216363.0,0.16
