종목코드,종목명,EPS,BPS,PER,PBR,배당수익률,ROE,날짜,종가,거래량,상장주식수,등락률
099440,스맥,476.0,2865.0,6.83,1.13,0.0,16.61431064572426,20240304,4015.0,501902.0,40243394.0,1.26
099440,스맥,476.0,2865.0,6.83,1.13,0.0,16.61431064572426,20240305,3900.0,599247.0,40243394.0,-2.86
099440,스맥,476.0,2865.0,6.83,1.13,0.0,16.61431064572426,20240306,3915.0,332678.0,40243394.0,0.38
099440,스맥,476.0,2865.0,6.83,1.13,0.0,16.61431064572426,20240307,3780.0,721189.0,40243394.0,-3.45
099440,스맥,476.0,2865.0,6.83,1.13,0.0,16.61431064572426,20240308,3790.0,572017.0,40243394.0,0.26
