종목코드,종목명,EPS,BPS,PER,PBR,배당수익률,ROE,날짜,종가,거래량,상장주식수,등락률
253450,스튜디오드래곤,1001.0,23546.0,37.56,1.6,0.0,4.251252866728956,20240304,45300.0,55323.0,30058498.0,0.22
253450,스튜디오드래곤,1001.0,23546.0,37.56,1.6,0.0,4.251252866728956,20240305,44750.0,79272.0,30058498.0,-1.21
253450,스튜디오드래곤,1001.0,23546.0,37.56,1.6,0.0,4.251252866728956,20240306,42900.0,214016.0,30058498.0,-4.13
253450,스튜디오드래곤,1001.0,23546.0,37.56,1.6,0.0,4.251252866728956,20240307,42050.0,125792.0,30058498.0,-1.98
253450,스튜디오드래곤,1001.0,23546.0,37.56,1.6,0.0,4.251252866728956,20240308,44100.0,121491.0,30058498.0,4.88
