종목코드,종목명,EPS,BPS,PER,PBR,배당수익률,ROE,날짜,종가,거래량,상장주식수,등락률
408900,스튜디오미르,80.0,1170.0,37.81,2.59,0.0,6.837606837606838,20240304,35500.0,28931.0,5360550.0,-5.33
408900,스튜디오미르,80.0,1170.0,37.81,2.59,0.0,6.837606837606838,20240305,36000.0,22880.0,5360550.0,1.41
408900,스튜디오미르,80.0,1170.0,37.81,2.59,0.0,6.837606837606838,20240306,37500.0,30188.0,5360550.0,4.17
408900,스튜디오미르,80.0,1170.0,37.81,2.59,0.0,6.837606837606838,20240307,37400.0,25917.0,5360550.0,-0.27
408900,스튜디오미르,80.0,1170.0,37.81,2.59,0.0,6.837606837606838,20240308,36050.0,33029.0,5360550.0,-3.61
