종목코드,종목명,EPS,BPS,PER,PBR,배당수익률,ROE,날짜,종가,거래량,상장주식수,등락률
352090,스톰테크,936.0,6093.0,7.87,1.21,4.07,15.36189069423929,20240304,8420.0,73901.0,13436499.0,5.38
352090,스톰테크,936.0,6093.0,7.87,1.21,4.07,15.36189069423929,20240305,8200.0,27958.0,13436499.0,-2.61
352090,스톰테크,936.0,6093.0,7.87,1.21,4.07,15.36189069423929,20240306,8110.0,24652.0,13436499.0,-1.1
352090,스톰테크,936.0,6093.0,7.87,1.21,4.07,15.36189069423929,20240307,8070.0,40036.0,13436499.0,-0.49
352090,스톰테크,936.0,6093.0,7.87,1.21,4.07,15.36189069423929,20240308,8020.0,33672.0,13436499.0,-0.62
