종목코드,종목명,EPS,BPS,PER,PBR,배당수익률,ROE,날짜,종가,거래량,상장주식수,등락률
330730,스톤브릿지벤처스,356.0,5094.0,10.88,0.76,7.74,6.9886140557518655,20240304,5480.0,4801970.0,18150830.0,-4.53
330730,스톤브릿지벤처스,356.0,5094.0,10.88,0.76,7.74,6.9886140557518655,20240305,5220.0,1050681.0,18150830.0,-4.74
330730,스톤브릿지벤처스,356.0,5094.0,10.88,0.76,7.74,6.9886140557518655,20240306,5300.0,8873826.0,18150830.0,1.53
330730,스톤브릿지벤처스,356.0,5094.0,10.88,0.76,7.74,6.9886140557518655,20240307,5200.0,548989.0,18150830.0,-1.89
330730,스톤브릿지벤처스,356.0,5094.0,10.88,0.76,7.74,6.9886140557518655,20240308,5110.0,530670.0,18150830.0,-1.73
