종목코드,종목명,EPS,BPS,PER,PBR,배당수익률,ROE,날짜,종가,거래량,상장주식수,등락률
049830,승일,71.0,24624.0,107.04,0.31,1.12,0.2883365821962313,20240304,9340.0,4758.0,6132112.0,-1.16
049830,승일,71.0,24624.0,107.04,0.31,1.12,0.2883365821962313,20240305,9330.0,1934.0,6132112.0,-0.11
049830,승일,71.0,24624.0,107.04,0.31,1.12,0.2883365821962313,20240306,9360.0,1090.0,6132112.0,0.32
049830,승일,71.0,24624.0,107.04,0.31,1.12,0.2883365821962313,20240307,9170.0,3806.0,6132112.0,-2.03
049830,승일,71.0,24624.0,107.04,0.31,1.12,0.2883365821962313,20240308,9050.0,8374.0,6132112.0,-1.31
