종목코드,종목명,EPS,BPS,PER,PBR,배당수익률,ROE,날짜,종가,거래량,상장주식수,등락률
134790,시디즈,1456.0,38587.0,18.96,0.72,1.81,3.773291523051805,20240304,27700.0,2880.0,2000000.0,-0.72
134790,시디즈,1456.0,38587.0,18.96,0.72,1.81,3.773291523051805,20240305,26900.0,6694.0,2000000.0,-2.89
134790,시디즈,1456.0,38587.0,18.96,0.72,1.81,3.773291523051805,20240306,26850.0,2545.0,2000000.0,-0.19
134790,시디즈,1456.0,38587.0,18.96,0.72,1.81,3.773291523051805,20240307,26750.0,1554.0,2000000.0,-0.37
134790,시디즈,1456.0,38587.0,18.96,0.72,1.81,3.773291523051805,20240308,26900.0,934.0,2000000.0,0.56
