종목코드,종목명,EPS,BPS,PER,PBR,배당수익률,ROE,날짜,종가,거래량,상장주식수,등락률
004970,신라교역,1087.0,36114.0,9.57,0.29,4.81,3.0099130531095977,20240304,8920.0,13285.0,16000000.0,0.11
004970,신라교역,1087.0,36114.0,9.57,0.29,4.81,3.0099130531095977,20240305,8910.0,15265.0,16000000.0,-0.11
004970,신라교역,1087.0,36114.0,9.57,0.29,4.81,3.0099130531095977,20240306,8860.0,9828.0,16000000.0,-0.56
004970,신라교역,1087.0,36114.0,9.57,0.29,4.81,3.0099130531095977,20240307,8870.0,28323.0,16000000.0,0.11
004970,신라교역,1087.0,36114.0,9.57,0.29,4.81,3.0099130531095977,20240308,8870.0,14399.0,16000000.0,0.0
