종목코드,종목명,EPS,BPS,PER,PBR,배당수익률,ROE,날짜,종가,거래량,상장주식수,등락률
025870,신라에스지,74.0,4368.0,91.62,1.55,0.0,1.6941391941391941,20240304,7730.0,41306.0,4000000.0,1.44
025870,신라에스지,74.0,4368.0,91.62,1.55,0.0,1.6941391941391941,20240305,7560.0,82161.0,4000000.0,-2.2
025870,신라에스지,74.0,4368.0,91.62,1.55,0.0,1.6941391941391941,20240306,7370.0,28920.0,4000000.0,-2.51
025870,신라에스지,74.0,4368.0,91.62,1.55,0.0,1.6941391941391941,20240307,7400.0,17491.0,4000000.0,0.41
025870,신라에스지,74.0,4368.0,91.62,1.55,0.0,1.6941391941391941,20240308,7190.0,11249.0,4000000.0,-2.84
