종목코드,종목명,EPS,BPS,PER,PBR,배당수익률,ROE,날짜,종가,거래량,상장주식수,등락률
016590,신대양제지,1359.0,17480.0,4.02,0.31,2.75,7.774599542334096,20240304,6250.0,40042.0,40297820.0,1.3
016590,신대양제지,1359.0,17480.0,4.02,0.31,2.75,7.774599542334096,20240305,6290.0,52209.0,40297820.0,0.64
016590,신대양제지,1359.0,17480.0,4.02,0.31,2.75,7.774599542334096,20240306,6290.0,46587.0,40297820.0,0.0
016590,신대양제지,1359.0,17480.0,4.02,0.31,2.75,7.774599542334096,20240307,6230.0,173485.0,40297820.0,-0.95
016590,신대양제지,1359.0,17480.0,4.02,0.31,2.75,7.774599542334096,20240308,6190.0,104388.0,40297820.0,-0.64
