종목코드,종목명,EPS,BPS,PER,PBR,배당수익률,ROE,날짜,종가,거래량,상장주식수,등락률
012790,신일제약,1180.0,11670.0,6.43,0.65,2.24,10.11139674378749,20240304,6990.0,16913.0,11986415.0,-1.55
012790,신일제약,1180.0,11670.0,6.43,0.65,2.24,10.11139674378749,20240305,7000.0,12803.0,11986415.0,0.14
012790,신일제약,1180.0,11670.0,6.43,0.65,2.24,10.11139674378749,20240306,6960.0,14117.0,11986415.0,-0.57
012790,신일제약,1180.0,11670.0,6.43,0.65,2.24,10.11139674378749,20240307,7120.0,47226.0,11986415.0,2.3
012790,신일제약,1180.0,11670.0,6.43,0.65,2.24,10.11139674378749,20240308,7150.0,7869.0,11986415.0,0.42
