종목코드,종목명,EPS,BPS,PER,PBR,배당수익률,ROE,날짜,종가,거래량,상장주식수,등락률
031440,신세계푸드,2749.0,74863.0,13.44,0.49,2.03,3.6720409280953206,20240304,38850.0,7816.0,3872480.0,1.17
031440,신세계푸드,2749.0,74863.0,13.44,0.49,2.03,3.6720409280953206,20240305,38750.0,4864.0,3872480.0,-0.26
031440,신세계푸드,2749.0,74863.0,13.44,0.49,2.03,3.6720409280953206,20240306,38800.0,2808.0,3872480.0,0.13
031440,신세계푸드,2749.0,74863.0,13.44,0.49,2.03,3.6720409280953206,20240307,38700.0,3702.0,3872480.0,-0.26
031440,신세계푸드,2749.0,74863.0,13.44,0.49,2.03,3.6720409280953206,20240308,38850.0,3695.0,3872480.0,0.39
