종목코드,종목명,EPS,BPS,PER,PBR,배당수익률,ROE,날짜,종가,거래량,상장주식수,등락률
006880,신송홀딩스,813.0,9513.0,8.66,0.74,1.7,8.546199936928414,20240304,7230.0,136891.0,11828858.0,1.69
006880,신송홀딩스,813.0,9513.0,8.66,0.74,1.7,8.546199936928414,20240305,7370.0,130121.0,11828858.0,1.94
006880,신송홀딩스,813.0,9513.0,8.66,0.74,1.7,8.546199936928414,20240306,7280.0,90006.0,11828858.0,-1.22
006880,신송홀딩스,813.0,9513.0,8.66,0.74,1.7,8.546199936928414,20240307,7140.0,107258.0,11828858.0,-1.92
006880,신송홀딩스,813.0,9513.0,8.66,0.74,1.7,8.546199936928414,20240308,6990.0,81450.0,11828858.0,-2.1
