종목코드,종목명,EPS,BPS,PER,PBR,배당수익률,ROE,날짜,종가,거래량,상장주식수,등락률
001720,신영증권,11893.0,188226.0,6.05,0.38,5.56,6.318468224368578,20240304,66100.0,6708.0,9429160.0,0.0
001720,신영증권,11893.0,188226.0,6.05,0.38,5.56,6.318468224368578,20240305,66800.0,8281.0,9429160.0,1.06
001720,신영증권,11893.0,188226.0,6.05,0.38,5.56,6.318468224368578,20240306,66100.0,3321.0,9429160.0,-1.05
001720,신영증권,11893.0,188226.0,6.05,0.38,5.56,6.318468224368578,20240307,66000.0,3839.0,9429160.0,-0.15
001720,신영증권,11893.0,188226.0,6.05,0.38,5.56,6.318468224368578,20240308,66500.0,12403.0,9429160.0,0.76
