종목코드,종목명,EPS,BPS,PER,PBR,배당수익률,ROE,날짜,종가,거래량,상장주식수,등락률
031430,신세계인터내셔날,1098.0,23781.0,12.77,0.59,2.85,4.617131323325344,20240304,16240.0,45025.0,35700000.0,-1.58
031430,신세계인터내셔날,1098.0,23781.0,12.77,0.59,2.85,4.617131323325344,20240305,16170.0,51366.0,35700000.0,-0.43
031430,신세계인터내셔날,1098.0,23781.0,12.77,0.59,2.85,4.617131323325344,20240306,16050.0,52650.0,35700000.0,-0.74
031430,신세계인터내셔날,1098.0,23781.0,12.77,0.59,2.85,4.617131323325344,20240307,15870.0,54467.0,35700000.0,-1.12
031430,신세계인터내셔날,1098.0,23781.0,12.77,0.59,2.85,4.617131323325344,20240308,16030.0,51625.0,35700000.0,1.01
