종목코드,종목명,EPS,BPS,PER,PBR,배당수익률,ROE,날짜,종가,거래량,상장주식수,등락률
055550,신한지주,8048.0,104769.0,7.39,0.57,3.53,7.681661560194332,20240304,44200.0,3749034.0,512759471.0,1.49
055550,신한지주,8048.0,104769.0,7.39,0.57,3.53,7.681661560194332,20240305,44050.0,3116406.0,512759471.0,-0.34
055550,신한지주,8048.0,104769.0,7.39,0.57,3.53,7.681661560194332,20240306,45600.0,2459149.0,512759471.0,3.52
055550,신한지주,8048.0,104769.0,7.39,0.57,3.53,7.681661560194332,20240307,45400.0,12779531.0,512759471.0,-0.44
055550,신한지주,8048.0,104769.0,7.39,0.57,3.53,7.681661560194332,20240308,46000.0,3311443.0,512759471.0,1.32
