종목코드,종목명,EPS,BPS,PER,PBR,배당수익률,ROE,날짜,종가,거래량,상장주식수,등락률
160980,싸이맥스,1157.0,15902.0,13.17,0.96,2.3,7.275814362973211,20240304,17110.0,94050.0,10924243.0,1.85
160980,싸이맥스,1157.0,15902.0,13.17,0.96,2.3,7.275814362973211,20240305,19480.0,1729933.0,10924243.0,13.85
160980,싸이맥스,1157.0,15902.0,13.17,0.96,2.3,7.275814362973211,20240306,19810.0,213972.0,10924243.0,1.69
160980,싸이맥스,1157.0,15902.0,13.17,0.96,2.3,7.275814362973211,20240307,19420.0,182523.0,10924243.0,-1.97
160980,싸이맥스,1157.0,15902.0,13.17,0.96,2.3,7.275814362973211,20240308,19600.0,97368.0,10924243.0,0.93
