종목코드,종목명,EPS,BPS,PER,PBR,배당수익률,ROE,날짜,종가,거래량,상장주식수,등락률
356890,싸이버원,168.0,2562.0,19.32,1.27,0.62,6.557377049180328,20240304,9670.0,16975.0,4766530.0,2.65
356890,싸이버원,168.0,2562.0,19.32,1.27,0.62,6.557377049180328,20240305,9730.0,15458.0,4766530.0,0.62
356890,싸이버원,168.0,2562.0,19.32,1.27,0.62,6.557377049180328,20240306,9630.0,10718.0,4766530.0,-1.03
356890,싸이버원,168.0,2562.0,19.32,1.27,0.62,6.557377049180328,20240307,9220.0,13367.0,4766530.0,-4.26
356890,싸이버원,168.0,2562.0,19.32,1.27,0.62,6.557377049180328,20240308,9240.0,5430.0,4766530.0,0.22
