종목코드,종목명,EPS,BPS,PER,PBR,배당수익률,ROE,날짜,종가,거래량,상장주식수,등락률
010280,쌍용정보통신,84.0,977.0,7.76,0.67,0.0,8.597748208802457,20240304,961.0,356100.0,65123786.0,1.59
010280,쌍용정보통신,84.0,977.0,7.76,0.67,0.0,8.597748208802457,20240305,932.0,272851.0,65123786.0,-3.02
010280,쌍용정보통신,84.0,977.0,7.76,0.67,0.0,8.597748208802457,20240306,945.0,165113.0,65123786.0,1.39
010280,쌍용정보통신,84.0,977.0,7.76,0.67,0.0,8.597748208802457,20240307,926.0,169519.0,65123786.0,-2.01
010280,쌍용정보통신,84.0,977.0,7.76,0.67,0.0,8.597748208802457,20240308,911.0,175233.0,65123786.0,-1.62
