종목코드,종목명,EPS,BPS,PER,PBR,배당수익률,ROE,날짜,종가,거래량,상장주식수,등락률
037760,쎄니트,90.0,2914.0,17.5,0.54,2.54,3.088538091969801,20240304,1336.0,318677.0,33832921.0,-3.88
037760,쎄니트,90.0,2914.0,17.5,0.54,2.54,3.088538091969801,20240305,1336.0,37755.0,33832921.0,0.0
037760,쎄니트,90.0,2914.0,17.5,0.54,2.54,3.088538091969801,20240306,1329.0,80512.0,33832921.0,-0.52
037760,쎄니트,90.0,2914.0,17.5,0.54,2.54,3.088538091969801,20240307,1328.0,30579.0,33832921.0,-0.08
037760,쎄니트,90.0,2914.0,17.5,0.54,2.54,3.088538091969801,20240308,1327.0,26969.0,33832921.0,-0.08
