종목코드,종목명,EPS,BPS,PER,PBR,배당수익률,ROE,날짜,종가,거래량,상장주식수,등락률
099320,쎄트렉아이,4784.0,19893.0,9.5,2.28,0.33,24.048660332780376,20240304,31850.0,43940.0,10951278.0,-2.3
099320,쎄트렉아이,4784.0,19893.0,9.5,2.28,0.33,24.048660332780376,20240305,31550.0,19405.0,10951278.0,-0.94
099320,쎄트렉아이,4784.0,19893.0,9.5,2.28,0.33,24.048660332780376,20240306,33750.0,61708.0,10951278.0,6.97
099320,쎄트렉아이,4784.0,19893.0,9.5,2.28,0.33,24.048660332780376,20240307,34200.0,89881.0,10951278.0,1.33
099320,쎄트렉아이,4784.0,19893.0,9.5,2.28,0.33,24.048660332780376,20240308,33800.0,46740.0,10951278.0,-1.17
