종목코드,종목명,EPS,BPS,PER,PBR,배당수익률,ROE,날짜,종가,거래량,상장주식수,등락률
359090,씨엔알리서치,102.0,770.0,12.01,1.59,0.0,13.246753246753245,20240304,1275.0,183744.0,54852263.0,-0.78
359090,씨엔알리서치,102.0,770.0,12.01,1.59,0.0,13.246753246753245,20240305,1255.0,195752.0,54852263.0,-1.57
359090,씨엔알리서치,102.0,770.0,12.01,1.59,0.0,13.246753246753245,20240306,1215.0,221781.0,54852263.0,-3.19
359090,씨엔알리서치,102.0,770.0,12.01,1.59,0.0,13.246753246753245,20240307,1215.0,148735.0,54922263.0,0.0
359090,씨엔알리서치,102.0,770.0,12.01,1.59,0.0,13.246753246753245,20240308,1211.0,158742.0,54922263.0,-0.33
