종목코드,종목명,EPS,BPS,PER,PBR,배당수익률,ROE,날짜,종가,거래량,상장주식수,등락률
222080,씨아이에스,434.0,3747.0,21.66,2.51,0.0,11.582599412863624,20240304,10990.0,345462.0,70257612.0,-0.99
222080,씨아이에스,434.0,3747.0,21.66,2.51,0.0,11.582599412863624,20240305,13150.0,14218962.0,70257612.0,19.65
222080,씨아이에스,434.0,3747.0,21.66,2.51,0.0,11.582599412863624,20240306,13290.0,9426232.0,70257612.0,1.06
222080,씨아이에스,434.0,3747.0,21.66,2.51,0.0,11.582599412863624,20240307,13310.0,6698475.0,70257612.0,0.15
222080,씨아이에스,434.0,3747.0,21.66,2.51,0.0,11.582599412863624,20240308,13600.0,8957833.0,70257612.0,2.18
