종목코드,종목명,EPS,BPS,PER,PBR,배당수익률,ROE,날짜,종가,거래량,상장주식수,등락률
112610,씨에스윈드,480.0,21647.0,101.67,2.25,1.02,2.2173973298840486,20240304,52000.0,188627.0,42171403.0,0.58
112610,씨에스윈드,480.0,21647.0,101.67,2.25,1.02,2.2173973298840486,20240305,51000.0,157188.0,42171403.0,-1.92
112610,씨에스윈드,480.0,21647.0,101.67,2.25,1.02,2.2173973298840486,20240306,51300.0,145795.0,42171403.0,0.59
112610,씨에스윈드,480.0,21647.0,101.67,2.25,1.02,2.2173973298840486,20240307,51400.0,163824.0,42171403.0,0.19
112610,씨에스윈드,480.0,21647.0,101.67,2.25,1.02,2.2173973298840486,20240308,51600.0,133194.0,42171403.0,0.39
