종목코드,종목명,EPS,BPS,PER,PBR,배당수익률,ROE,날짜,종가,거래량,상장주식수,등락률
264660,씨앤지하이테크,1507.0,12448.0,8.6,1.04,3.09,12.106362467866324,20240304,12930.0,28976.0,9316935.0,1.02
264660,씨앤지하이테크,1507.0,12448.0,8.6,1.04,3.09,12.106362467866324,20240305,12920.0,10162.0,9316935.0,-0.08
264660,씨앤지하이테크,1507.0,12448.0,8.6,1.04,3.09,12.106362467866324,20240306,12900.0,2066.0,9316935.0,-0.15
264660,씨앤지하이테크,1507.0,12448.0,8.6,1.04,3.09,12.106362467866324,20240307,12800.0,10075.0,9316935.0,-0.78
264660,씨앤지하이테크,1507.0,12448.0,8.6,1.04,3.09,12.106362467866324,20240308,12850.0,5925.0,9316935.0,0.39
