종목코드,종목명,EPS,BPS,PER,PBR,배당수익률,ROE,날짜,종가,거래량,상장주식수,등락률
352700,씨앤투스,123.0,6133.0,24.31,0.49,1.67,2.0055437795532365,20240304,2750.0,55565.0,27276899.0,0.0
352700,씨앤투스,123.0,6133.0,24.31,0.49,1.67,2.0055437795532365,20240305,2760.0,34524.0,27276899.0,0.36
352700,씨앤투스,123.0,6133.0,24.31,0.49,1.67,2.0055437795532365,20240306,2730.0,24342.0,27276899.0,-1.09
352700,씨앤투스,123.0,6133.0,24.31,0.49,1.67,2.0055437795532365,20240307,2880.0,119918.0,27276899.0,5.49
352700,씨앤투스,123.0,6133.0,24.31,0.49,1.67,2.0055437795532365,20240308,2885.0,37864.0,27276899.0,0.17
