종목코드,종목명,EPS,BPS,PER,PBR,배당수익률,ROE,날짜,종가,거래량,상장주식수,등락률
115530,씨엔플러스,6.0,166.0,91.0,3.29,0.0,3.614457831325301,20240304,314.0,218868.0,67963000.0,0.0
115530,씨엔플러스,6.0,166.0,91.0,3.29,0.0,3.614457831325301,20240305,306.0,236436.0,67963000.0,-2.55
115530,씨엔플러스,6.0,166.0,91.0,3.29,0.0,3.614457831325301,20240306,278.0,816869.0,67963000.0,-9.15
115530,씨엔플러스,6.0,166.0,91.0,3.29,0.0,3.614457831325301,20240307,239.0,2796906.0,67963000.0,-14.03
115530,씨엔플러스,6.0,166.0,91.0,3.29,0.0,3.614457831325301,20240308,310.0,21519786.0,67963000.0,29.71
