종목코드,종목명,EPS,BPS,PER,PBR,배당수익률,ROE,날짜,종가,거래량,상장주식수,등락률
260930,씨티케이,369.0,8448.0,17.21,0.75,1.57,4.3678977272727275,20240304,4990.0,36944.0,19341591.0,-0.2
260930,씨티케이,369.0,8448.0,17.21,0.75,1.57,4.3678977272727275,20240305,4850.0,72150.0,19341591.0,-2.81
260930,씨티케이,369.0,8448.0,17.21,0.75,1.57,4.3678977272727275,20240306,4800.0,96126.0,19341591.0,-1.03
260930,씨티케이,369.0,8448.0,17.21,0.75,1.57,4.3678977272727275,20240307,4775.0,20220.0,19341591.0,-0.52
260930,씨티케이,369.0,8448.0,17.21,0.75,1.57,4.3678977272727275,20240308,4940.0,31283.0,19341591.0,3.46
