종목코드,종목명,EPS,BPS,PER,PBR,배당수익률,ROE,날짜,종가,거래량,상장주식수,등락률
101240,씨큐브,358.0,7455.0,13.51,0.65,0.0,4.8021462105969155,20240304,4765.0,32328.0,10138184.0,-0.94
101240,씨큐브,358.0,7455.0,13.51,0.65,0.0,4.8021462105969155,20240305,4645.0,62877.0,10138184.0,-2.52
101240,씨큐브,358.0,7455.0,13.51,0.65,0.0,4.8021462105969155,20240306,4670.0,38405.0,10138184.0,0.54
101240,씨큐브,358.0,7455.0,13.51,0.65,0.0,4.8021462105969155,20240307,4580.0,32030.0,10138184.0,-1.93
101240,씨큐브,358.0,7455.0,13.51,0.65,0.0,4.8021462105969155,20240308,4605.0,15082.0,10138184.0,0.55
