종목코드,종목명,EPS,BPS,PER,PBR,배당수익률,ROE,날짜,종가,거래량,상장주식수,등락률
013990,아가방컴퍼니,410.0,5439.0,10.17,0.77,0.0,7.538150395293252,20240304,6450.0,2535825.0,32887536.0,0.0
013990,아가방컴퍼니,410.0,5439.0,10.17,0.77,0.0,7.538150395293252,20240305,6030.0,3234312.0,32887536.0,-6.51
013990,아가방컴퍼니,410.0,5439.0,10.17,0.77,0.0,7.538150395293252,20240306,6020.0,1802547.0,32887536.0,-0.17
013990,아가방컴퍼니,410.0,5439.0,10.17,0.77,0.0,7.538150395293252,20240307,5690.0,2109696.0,32887536.0,-5.48
013990,아가방컴퍼니,410.0,5439.0,10.17,0.77,0.0,7.538150395293252,20240308,5730.0,1152886.0,32887536.0,0.7
