종목코드,종목명,EPS,BPS,PER,PBR,배당수익률,ROE,날짜,종가,거래량,상장주식수,등락률
025980,아난티,1127.0,7054.0,4.98,0.8,0.0,15.976750779699461,20240304,6310.0,446102.0,90629478.0,0.32
025980,아난티,1127.0,7054.0,4.98,0.8,0.0,15.976750779699461,20240305,6500.0,1307438.0,90629478.0,3.01
025980,아난티,1127.0,7054.0,4.98,0.8,0.0,15.976750779699461,20240306,6430.0,628116.0,90629478.0,-1.08
025980,아난티,1127.0,7054.0,4.98,0.8,0.0,15.976750779699461,20240307,6390.0,763660.0,90629478.0,-0.62
025980,아난티,1127.0,7054.0,4.98,0.8,0.0,15.976750779699461,20240308,6390.0,452877.0,90629478.0,0.0
