종목코드,종목명,EPS,BPS,PER,PBR,배당수익률,ROE,날짜,종가,거래량,상장주식수,등락률
090430,아모레퍼시픽,2609.0,70961.0,68.57,2.52,0.51,3.676667465227378,20240304,118100.0,149221.0,58492759.0,-1.25
090430,아모레퍼시픽,2609.0,70961.0,68.57,2.52,0.51,3.676667465227378,20240305,113700.0,241048.0,58492759.0,-3.73
090430,아모레퍼시픽,2609.0,70961.0,68.57,2.52,0.51,3.676667465227378,20240306,114500.0,102167.0,58492759.0,0.7
090430,아모레퍼시픽,2609.0,70961.0,68.57,2.52,0.51,3.676667465227378,20240307,112700.0,169994.0,58492759.0,-1.57
090430,아모레퍼시픽,2609.0,70961.0,68.57,2.52,0.51,3.676667465227378,20240308,112000.0,150524.0,58492759.0,-0.62
