종목코드,종목명,EPS,BPS,PER,PBR,배당수익률,ROE,날짜,종가,거래량,상장주식수,등락률
149950,아바텍,346.0,10274.0,31.94,1.08,0.9,3.3677243527350598,20240304,12380.0,10064.0,15607500.0,-0.48
149950,아바텍,346.0,10274.0,31.94,1.08,0.9,3.3677243527350598,20240305,12300.0,7014.0,15607500.0,-0.65
149950,아바텍,346.0,10274.0,31.94,1.08,0.9,3.3677243527350598,20240306,12100.0,5003.0,15607500.0,-1.63
149950,아바텍,346.0,10274.0,31.94,1.08,0.9,3.3677243527350598,20240307,12210.0,15070.0,15607500.0,0.91
149950,아바텍,346.0,10274.0,31.94,1.08,0.9,3.3677243527350598,20240308,12230.0,3727.0,15607500.0,0.16
