종목코드,종목명,EPS,BPS,PER,PBR,배당수익률,ROE,날짜,종가,거래량,상장주식수,등락률
123860,아나패스,230.0,4438.0,104.35,5.41,0.0,5.182514646237044,20240304,25700.0,34613.0,12123415.0,-0.39
123860,아나패스,230.0,4438.0,104.35,5.41,0.0,5.182514646237044,20240305,26300.0,76885.0,12123415.0,2.33
123860,아나패스,230.0,4438.0,104.35,5.41,0.0,5.182514646237044,20240306,26700.0,63827.0,12123415.0,1.52
123860,아나패스,230.0,4438.0,104.35,5.41,0.0,5.182514646237044,20240307,25450.0,64350.0,12123415.0,-4.68
123860,아나패스,230.0,4438.0,104.35,5.41,0.0,5.182514646237044,20240308,25050.0,57065.0,12123415.0,-1.57
