종목코드,종목명,EPS,BPS,PER,PBR,배당수익률,ROE,날짜,종가,거래량,상장주식수,등락률
083930,아바코,306.0,12784.0,46.37,1.11,1.41,2.393617021276596,20240304,13370.0,41448.0,15412798.0,1.44
083930,아바코,306.0,12784.0,46.37,1.11,1.41,2.393617021276596,20240305,13280.0,223017.0,15412798.0,-0.67
083930,아바코,306.0,12784.0,46.37,1.11,1.41,2.393617021276596,20240306,13110.0,88075.0,15412798.0,-1.28
083930,아바코,306.0,12784.0,46.37,1.11,1.41,2.393617021276596,20240307,13740.0,130581.0,15412798.0,4.81
083930,아바코,306.0,12784.0,46.37,1.11,1.41,2.393617021276596,20240308,14420.0,234384.0,15412798.0,4.95
