종목코드,종목명,EPS,BPS,PER,PBR,배당수익률,ROE,날짜,종가,거래량,상장주식수,등락률
008700,아남전자,91.0,1381.0,16.24,1.07,0.0,6.589427950760318,20240304,2070.0,513967.0,77124820.0,-0.24
008700,아남전자,91.0,1381.0,16.24,1.07,0.0,6.589427950760318,20240305,2050.0,520665.0,77124820.0,-0.97
008700,아남전자,91.0,1381.0,16.24,1.07,0.0,6.589427950760318,20240306,2020.0,469903.0,77124820.0,-1.46
008700,아남전자,91.0,1381.0,16.24,1.07,0.0,6.589427950760318,20240307,1954.0,1146145.0,77124820.0,-3.27
008700,아남전자,91.0,1381.0,16.24,1.07,0.0,6.589427950760318,20240308,1952.0,487464.0,77124820.0,-0.1
