종목코드,종목명,EPS,BPS,PER,PBR,배당수익률,ROE,날짜,종가,거래량,상장주식수,등락률
267850,아시아나IDT,987.0,14847.0,16.38,1.09,3.09,6.647807637906649,20240304,17770.0,35708.0,11100000.0,-0.67
267850,아시아나IDT,987.0,14847.0,16.38,1.09,3.09,6.647807637906649,20240305,17410.0,53366.0,11100000.0,-2.03
267850,아시아나IDT,987.0,14847.0,16.38,1.09,3.09,6.647807637906649,20240306,17160.0,43044.0,11100000.0,-1.44
267850,아시아나IDT,987.0,14847.0,16.38,1.09,3.09,6.647807637906649,20240307,17280.0,68030.0,11100000.0,0.7
267850,아시아나IDT,987.0,14847.0,16.38,1.09,3.09,6.647807637906649,20240308,17300.0,25446.0,11100000.0,0.12
