종목코드,종목명,EPS,BPS,PER,PBR,배당수익률,ROE,날짜,종가,거래량,상장주식수,등락률
050860,아세아텍,451.0,6134.0,5.0,0.37,2.22,7.352461688946854,20240304,2400.0,21845.0,22500000.0,-1.03
050860,아세아텍,451.0,6134.0,5.0,0.37,2.22,7.352461688946854,20240305,2385.0,78555.0,22500000.0,-0.63
050860,아세아텍,451.0,6134.0,5.0,0.37,2.22,7.352461688946854,20240306,2370.0,36164.0,22500000.0,-0.63
050860,아세아텍,451.0,6134.0,5.0,0.37,2.22,7.352461688946854,20240307,2350.0,42791.0,22500000.0,-0.84
050860,아세아텍,451.0,6134.0,5.0,0.37,2.22,7.352461688946854,20240308,2350.0,50565.0,22500000.0,0.0
