종목코드,종목명,EPS,BPS,PER,PBR,배당수익률,ROE,날짜,종가,거래량,상장주식수,등락률
183190,아세아시멘트,2312.0,27147.0,5.06,0.43,2.18,8.516594835525105,20240304,11370.0,60124.0,38958090.0,1.7
183190,아세아시멘트,2312.0,27147.0,5.06,0.43,2.18,8.516594835525105,20240305,11600.0,87576.0,38958090.0,2.02
183190,아세아시멘트,2312.0,27147.0,5.06,0.43,2.18,8.516594835525105,20240306,11370.0,50325.0,38958090.0,-1.98
183190,아세아시멘트,2312.0,27147.0,5.06,0.43,2.18,8.516594835525105,20240307,11140.0,30710.0,38958090.0,-2.02
183190,아세아시멘트,2312.0,27147.0,5.06,0.43,2.18,8.516594835525105,20240308,11140.0,32651.0,38958090.0,0.0
