종목코드,종목명,EPS,BPS,PER,PBR,배당수익률,ROE,날짜,종가,거래량,상장주식수,등락률
332370,아이디피,451.0,4127.0,7.48,0.82,3.56,10.928034892173491,20240304,3700.0,15819.0,13273726.0,-0.4
332370,아이디피,451.0,4127.0,7.48,0.82,3.56,10.928034892173491,20240305,3730.0,11134.0,13273726.0,0.81
332370,아이디피,451.0,4127.0,7.48,0.82,3.56,10.928034892173491,20240306,3700.0,18008.0,13273726.0,-0.8
332370,아이디피,451.0,4127.0,7.48,0.82,3.56,10.928034892173491,20240307,3720.0,11348.0,13273726.0,0.54
332370,아이디피,451.0,4127.0,7.48,0.82,3.56,10.928034892173491,20240308,3740.0,19562.0,13273726.0,0.54
