종목코드,종목명,EPS,BPS,PER,PBR,배당수익률,ROE,날짜,종가,거래량,상장주식수,등락률
013310,아진산업,1315.0,7523.0,2.34,0.41,3.25,17.479728831583145,20240304,4315.0,1179941.0,38806582.0,0.58
013310,아진산업,1315.0,7523.0,2.34,0.41,3.25,17.479728831583145,20240305,4125.0,719079.0,38806582.0,-4.4
013310,아진산업,1315.0,7523.0,2.34,0.41,3.25,17.479728831583145,20240306,4115.0,228289.0,38806582.0,-0.24
013310,아진산업,1315.0,7523.0,2.34,0.41,3.25,17.479728831583145,20240307,4020.0,288386.0,38806582.0,-2.31
013310,아진산업,1315.0,7523.0,2.34,0.41,3.25,17.479728831583145,20240308,4090.0,309532.0,38806582.0,1.74
