종목코드,종목명,EPS,BPS,PER,PBR,배당수익률,ROE,날짜,종가,거래량,상장주식수,등락률
010780,아이에스동서,5338.0,51629.0,4.44,0.46,6.33,10.339150477444846,20240304,26700.0,72927.0,30892606.0,-3.44
010780,아이에스동서,5338.0,51629.0,4.44,0.46,6.33,10.339150477444846,20240305,26850.0,29169.0,30892606.0,0.56
010780,아이에스동서,5338.0,51629.0,4.44,0.46,6.33,10.339150477444846,20240306,26300.0,37525.0,30892606.0,-2.05
010780,아이에스동서,5338.0,51629.0,4.44,0.46,6.33,10.339150477444846,20240307,26850.0,37863.0,30892606.0,2.09
010780,아이에스동서,5338.0,51629.0,4.44,0.46,6.33,10.339150477444846,20240308,30100.0,591578.0,30892606.0,12.1
