종목코드,종목명,EPS,BPS,PER,PBR,배당수익률,ROE,날짜,종가,거래량,상장주식수,등락률
124500,아이티센,32.0,3038.0,134.69,1.42,0.0,1.053324555628703,20240304,11130.0,765873.0,22983277.0,3.06
124500,아이티센,32.0,3038.0,134.69,1.42,0.0,1.053324555628703,20240305,10700.0,2127726.0,22983277.0,-3.86
124500,아이티센,32.0,3038.0,134.69,1.42,0.0,1.053324555628703,20240306,10030.0,1160803.0,22983277.0,-6.26
124500,아이티센,32.0,3038.0,134.69,1.42,0.0,1.053324555628703,20240307,9510.0,803275.0,22983277.0,-5.18
124500,아이티센,32.0,3038.0,134.69,1.42,0.0,1.053324555628703,20240308,9020.0,1002202.0,22983277.0,-5.15
