종목코드,종목명,EPS,BPS,PER,PBR,배당수익률,ROE,날짜,종가,거래량,상장주식수,등락률
143160,아이디스,1951.0,21214.0,8.45,0.78,1.82,9.196756858678231,20240304,19390.0,33481.0,10716390.0,-0.31
143160,아이디스,1951.0,21214.0,8.45,0.78,1.82,9.196756858678231,20240305,19350.0,32958.0,10716390.0,-0.21
143160,아이디스,1951.0,21214.0,8.45,0.78,1.82,9.196756858678231,20240306,19030.0,24343.0,10716390.0,-1.65
143160,아이디스,1951.0,21214.0,8.45,0.78,1.82,9.196756858678231,20240307,18850.0,30615.0,10716390.0,-0.95
143160,아이디스,1951.0,21214.0,8.45,0.78,1.82,9.196756858678231,20240308,19390.0,22906.0,10716390.0,2.86
