종목코드,종목명,EPS,BPS,PER,PBR,배당수익률,ROE,날짜,종가,거래량,상장주식수,등락률
027360,아주IB투자,141.0,2185.0,17.2,1.11,2.06,6.453089244851258,20240304,2765.0,535366.0,120845406.0,-0.18
027360,아주IB투자,141.0,2185.0,17.2,1.11,2.06,6.453089244851258,20240305,2725.0,491315.0,120845406.0,-1.45
027360,아주IB투자,141.0,2185.0,17.2,1.11,2.06,6.453089244851258,20240306,2670.0,573126.0,120845406.0,-2.02
027360,아주IB투자,141.0,2185.0,17.2,1.11,2.06,6.453089244851258,20240307,2630.0,446086.0,120845406.0,-1.5
027360,아주IB투자,141.0,2185.0,17.2,1.11,2.06,6.453089244851258,20240308,2605.0,467341.0,120845406.0,-0.95
