종목코드,종목명,EPS,BPS,PER,PBR,배당수익률,ROE,날짜,종가,거래량,상장주식수,등락률
054800,아이디스홀딩스,2624.0,29473.0,3.7,0.33,2.57,8.903063821124418,20240304,11240.0,27712.0,10347756.0,-0.09
054800,아이디스홀딩스,2624.0,29473.0,3.7,0.33,2.57,8.903063821124418,20240305,11160.0,9072.0,10347756.0,-0.71
054800,아이디스홀딩스,2624.0,29473.0,3.7,0.33,2.57,8.903063821124418,20240306,11200.0,2729.0,10347756.0,0.36
054800,아이디스홀딩스,2624.0,29473.0,3.7,0.33,2.57,8.903063821124418,20240307,11100.0,22075.0,10347756.0,-0.89
054800,아이디스홀딩스,2624.0,29473.0,3.7,0.33,2.57,8.903063821124418,20240308,11130.0,1771.0,10347756.0,0.27
