종목코드,종목명,EPS,BPS,PER,PBR,배당수익률,ROE,날짜,종가,거래량,상장주식수,등락률
099190,아이센스,135.0,10337.0,137.11,1.79,0.54,1.3059881977362873,20240304,21450.0,691004.0,27518273.0,-6.54
099190,아이센스,135.0,10337.0,137.11,1.79,0.54,1.3059881977362873,20240305,22000.0,283705.0,27518273.0,2.56
099190,아이센스,135.0,10337.0,137.11,1.79,0.54,1.3059881977362873,20240306,21650.0,213071.0,27518273.0,-1.59
099190,아이센스,135.0,10337.0,137.11,1.79,0.54,1.3059881977362873,20240307,21850.0,240153.0,27518273.0,0.92
099190,아이센스,135.0,10337.0,137.11,1.79,0.54,1.3059881977362873,20240308,21650.0,262016.0,27518273.0,-0.92
