종목코드,종목명,EPS,BPS,PER,PBR,배당수익률,ROE,날짜,종가,거래량,상장주식수,등락률
214430,아이쓰리시스템,1810.0,12937.0,17.62,2.47,1.1,13.990878874545876,20240304,33700.0,66971.0,7106760.0,2.74
214430,아이쓰리시스템,1810.0,12937.0,17.62,2.47,1.1,13.990878874545876,20240305,33400.0,47859.0,7106760.0,-0.89
214430,아이쓰리시스템,1810.0,12937.0,17.62,2.47,1.1,13.990878874545876,20240306,34850.0,166561.0,7106760.0,4.34
214430,아이쓰리시스템,1810.0,12937.0,17.62,2.47,1.1,13.990878874545876,20240307,34600.0,92546.0,7106760.0,-0.72
214430,아이쓰리시스템,1810.0,12937.0,17.62,2.47,1.1,13.990878874545876,20240308,33050.0,128656.0,7106760.0,-4.48
