종목코드,종목명,EPS,BPS,PER,PBR,배당수익률,ROE,날짜,종가,거래량,상장주식수,등락률
002030,아세아,54991.0,626202.0,4.64,0.41,1.96,8.781671090159406,20240304,207500.0,1330.0,2136004.0,0.0
002030,아세아,54991.0,626202.0,4.64,0.41,1.96,8.781671090159406,20240305,203500.0,2057.0,2136004.0,-1.93
002030,아세아,54991.0,626202.0,4.64,0.41,1.96,8.781671090159406,20240306,204500.0,3351.0,2136004.0,0.49
002030,아세아,54991.0,626202.0,4.64,0.41,1.96,8.781671090159406,20240307,204500.0,4920.0,2136004.0,0.0
002030,아세아,54991.0,626202.0,4.64,0.41,1.96,8.781671090159406,20240308,210000.0,941.0,2136004.0,2.69
