종목코드,종목명,EPS,BPS,PER,PBR,배당수익률,ROE,날짜,종가,거래량,상장주식수,등락률
001540,안국약품,114.0,13382.0,67.37,0.57,2.86,0.8518905993125093,20240304,7870.0,59641.0,13042420.0,-1.5
001540,안국약품,114.0,13382.0,67.37,0.57,2.86,0.8518905993125093,20240305,7830.0,1224419.0,13042420.0,-0.51
001540,안국약품,114.0,13382.0,67.37,0.57,2.86,0.8518905993125093,20240306,7980.0,69241.0,13042420.0,1.92
001540,안국약품,114.0,13382.0,67.37,0.57,2.86,0.8518905993125093,20240307,7760.0,67510.0,13042420.0,-2.76
001540,안국약품,114.0,13382.0,67.37,0.57,2.86,0.8518905993125093,20240308,7960.0,85617.0,13042420.0,2.58
