종목코드,종목명,EPS,BPS,PER,PBR,배당수익률,ROE,날짜,종가,거래량,상장주식수,등락률
053800,안랩,4125.0,32433.0,13.99,1.78,2.25,12.718527425770048,20240304,70900.0,56710.0,10013855.0,-0.84
053800,안랩,4125.0,32433.0,13.99,1.78,2.25,12.718527425770048,20240305,69500.0,84568.0,10013855.0,-1.97
053800,안랩,4125.0,32433.0,13.99,1.78,2.25,12.718527425770048,20240306,69300.0,32742.0,10013855.0,-0.29
053800,안랩,4125.0,32433.0,13.99,1.78,2.25,12.718527425770048,20240307,67300.0,93346.0,10013855.0,-2.89
053800,안랩,4125.0,32433.0,13.99,1.78,2.25,12.718527425770048,20240308,67700.0,32849.0,10013855.0,0.59
