종목코드,종목명,EPS,BPS,PER,PBR,배당수익률,ROE,날짜,종가,거래량,상장주식수,등락률
260660,알리코제약,204.0,5933.0,22.01,0.76,2.9,3.4383954154727796,20240304,5260.0,8426.0,15327021.0,-0.75
260660,알리코제약,204.0,5933.0,22.01,0.76,2.9,3.4383954154727796,20240305,5240.0,15734.0,15327021.0,-0.38
260660,알리코제약,204.0,5933.0,22.01,0.76,2.9,3.4383954154727796,20240306,5230.0,5179.0,15327021.0,-0.19
260660,알리코제약,204.0,5933.0,22.01,0.76,2.9,3.4383954154727796,20240307,5170.0,15705.0,15327021.0,-1.15
260660,알리코제약,204.0,5933.0,22.01,0.76,2.9,3.4383954154727796,20240308,5150.0,29470.0,15327021.0,-0.39
