종목코드,종목명,EPS,BPS,PER,PBR,배당수익률,ROE,날짜,종가,거래량,상장주식수,등락률
131370,알서포트,139.0,1777.0,23.42,1.83,0.31,7.822172200337647,20240304,4640.0,1111650.0,53267083.0,-0.96
131370,알서포트,139.0,1777.0,23.42,1.83,0.31,7.822172200337647,20240305,4520.0,1082011.0,53267083.0,-2.59
131370,알서포트,139.0,1777.0,23.42,1.83,0.31,7.822172200337647,20240306,4445.0,643433.0,53267083.0,-1.66
131370,알서포트,139.0,1777.0,23.42,1.83,0.31,7.822172200337647,20240307,4265.0,511055.0,53267083.0,-4.05
131370,알서포트,139.0,1777.0,23.42,1.83,0.31,7.822172200337647,20240308,4230.0,308233.0,53267083.0,-0.82
