종목코드,종목명,EPS,BPS,PER,PBR,배당수익률,ROE,날짜,종가,거래량,상장주식수,등락률
061040,알에프텍,128.0,7406.0,26.21,0.45,0.0,1.7283283823926545,20240304,3880.0,53255.0,32089259.0,-1.4
061040,알에프텍,128.0,7406.0,26.21,0.45,0.0,1.7283283823926545,20240305,3870.0,70167.0,32089259.0,-0.26
061040,알에프텍,128.0,7406.0,26.21,0.45,0.0,1.7283283823926545,20240306,3865.0,36965.0,32089259.0,-0.13
061040,알에프텍,128.0,7406.0,26.21,0.45,0.0,1.7283283823926545,20240307,3830.0,29571.0,32089259.0,-0.91
061040,알에프텍,128.0,7406.0,26.21,0.45,0.0,1.7283283823926545,20240308,3835.0,59234.0,32089259.0,0.13
