종목코드,종목명,EPS,BPS,PER,PBR,배당수익률,ROE,날짜,종가,거래량,상장주식수,등락률
314140,알피바이오,630.0,11878.0,11.49,0.61,0.69,5.3039232193972055,20240304,9140.0,35918.0,8666361.0,-2.97
314140,알피바이오,630.0,11878.0,11.49,0.61,0.69,5.3039232193972055,20240305,9310.0,19901.0,8666361.0,1.86
314140,알피바이오,630.0,11878.0,11.49,0.61,0.69,5.3039232193972055,20240306,9260.0,32763.0,8666361.0,-0.54
314140,알피바이오,630.0,11878.0,11.49,0.61,0.69,5.3039232193972055,20240307,9420.0,75187.0,8666361.0,1.73
314140,알피바이오,630.0,11878.0,11.49,0.61,0.69,5.3039232193972055,20240308,9500.0,12396.0,8666361.0,0.85
