종목코드,종목명,EPS,BPS,PER,PBR,배당수익률,ROE,날짜,종가,거래량,상장주식수,등락률
018250,애경산업,1897.0,14771.0,10.25,1.32,2.98,12.842732381016859,20240304,15780.0,99080.0,26409935.0,-2.05
018250,애경산업,1897.0,14771.0,10.25,1.32,2.98,12.842732381016859,20240305,15750.0,35997.0,26409935.0,-0.19
018250,애경산업,1897.0,14771.0,10.25,1.32,2.98,12.842732381016859,20240306,15540.0,49027.0,26409935.0,-1.33
018250,애경산업,1897.0,14771.0,10.25,1.32,2.98,12.842732381016859,20240307,15250.0,52292.0,26409935.0,-1.87
018250,애경산업,1897.0,14771.0,10.25,1.32,2.98,12.842732381016859,20240308,15420.0,41029.0,26409935.0,1.11
