종목코드,종목명,EPS,BPS,PER,PBR,배당수익률,ROE,날짜,종가,거래량,상장주식수,등락률
161000,애경케미칼,686.0,15256.0,16.34,0.73,2.23,4.496591504981646,20240304,13440.0,353114.0,48648709.0,-1.03
161000,애경케미칼,686.0,15256.0,16.34,0.73,2.23,4.496591504981646,20240305,14060.0,478718.0,48648709.0,4.61
161000,애경케미칼,686.0,15256.0,16.34,0.73,2.23,4.496591504981646,20240306,13800.0,302788.0,48648709.0,-1.85
161000,애경케미칼,686.0,15256.0,16.34,0.73,2.23,4.496591504981646,20240307,14480.0,1043582.0,48648709.0,4.93
161000,애경케미칼,686.0,15256.0,16.34,0.73,2.23,4.496591504981646,20240308,14380.0,541150.0,48648709.0,-0.69
