종목코드,종목명,EPS,BPS,PER,PBR,배당수익률,ROE,날짜,종가,거래량,상장주식수,등락률
290740,액트로,616.0,7315.0,11.28,0.95,1.44,8.421052631578947,20240304,7390.0,21552.0,10065011.0,-0.27
290740,액트로,616.0,7315.0,11.28,0.95,1.44,8.421052631578947,20240305,7320.0,8873.0,10065011.0,-0.95
290740,액트로,616.0,7315.0,11.28,0.95,1.44,8.421052631578947,20240306,7410.0,11842.0,10065011.0,1.23
290740,액트로,616.0,7315.0,11.28,0.95,1.44,8.421052631578947,20240307,7330.0,23378.0,10065011.0,-1.08
290740,액트로,616.0,7315.0,11.28,0.95,1.44,8.421052631578947,20240308,7260.0,22692.0,10065011.0,-0.95
