종목코드,종목명,EPS,BPS,PER,PBR,배당수익률,ROE,날짜,종가,거래량,상장주식수,등락률
238120,얼라인드,225.0,2178.0,15.58,1.61,0.0,10.330578512396695,20240304,4150.0,105848.0,14378896.0,-2.7
238120,얼라인드,225.0,2178.0,15.58,1.61,0.0,10.330578512396695,20240305,4145.0,44687.0,14378896.0,-0.12
238120,얼라인드,225.0,2178.0,15.58,1.61,0.0,10.330578512396695,20240306,4170.0,219753.0,14378896.0,0.6
238120,얼라인드,225.0,2178.0,15.58,1.61,0.0,10.330578512396695,20240307,4205.0,103974.0,14378896.0,0.84
238120,얼라인드,225.0,2178.0,15.58,1.61,0.0,10.330578512396695,20240308,4255.0,90293.0,14378896.0,1.19
