종목코드,종목명,EPS,BPS,PER,PBR,배당수익률,ROE,날짜,종가,거래량,상장주식수,등락률
270660,에브리봇,231.0,5342.0,84.11,3.64,0.0,4.324223137401722,20240304,27450.0,1948600.0,12191342.0,-2.66
270660,에브리봇,231.0,5342.0,84.11,3.64,0.0,4.324223137401722,20240305,26000.0,1633629.0,12191342.0,-5.28
270660,에브리봇,231.0,5342.0,84.11,3.64,0.0,4.324223137401722,20240306,27300.0,1936575.0,12191342.0,5.0
270660,에브리봇,231.0,5342.0,84.11,3.64,0.0,4.324223137401722,20240307,26200.0,1035253.0,12191342.0,-4.03
270660,에브리봇,231.0,5342.0,84.11,3.64,0.0,4.324223137401722,20240308,26950.0,966928.0,12191342.0,2.86
