종목코드,종목명,EPS,BPS,PER,PBR,배당수익률,ROE,날짜,종가,거래량,상장주식수,등락률
448280,에코아이,1955.0,13274.0,10.79,1.59,2.37,14.728039777007684,20240304,34900.0,38554.0,9877043.0,-0.14
448280,에코아이,1955.0,13274.0,10.79,1.59,2.37,14.728039777007684,20240305,34900.0,55772.0,9877043.0,0.0
448280,에코아이,1955.0,13274.0,10.79,1.59,2.37,14.728039777007684,20240306,35050.0,41905.0,9877043.0,0.43
448280,에코아이,1955.0,13274.0,10.79,1.59,2.37,14.728039777007684,20240307,33850.0,64623.0,9877043.0,-3.42
448280,에코아이,1955.0,13274.0,10.79,1.59,2.37,14.728039777007684,20240308,31850.0,145694.0,9877043.0,-5.91
