종목코드,종목명,EPS,BPS,PER,PBR,배당수익률,ROE,날짜,종가,거래량,상장주식수,등락률
445090,에이직랜드,469.0,9158.0,90.94,4.66,0.0,5.121205503385019,20240304,71800.0,2039020.0,10678404.0,8.3
445090,에이직랜드,469.0,9158.0,90.94,4.66,0.0,5.121205503385019,20240305,69000.0,774320.0,10678404.0,-3.9
445090,에이직랜드,469.0,9158.0,90.94,4.66,0.0,5.121205503385019,20240306,68700.0,903165.0,10678404.0,-0.43
445090,에이직랜드,469.0,9158.0,90.94,4.66,0.0,5.121205503385019,20240307,75500.0,4744006.0,10678404.0,9.9
445090,에이직랜드,469.0,9158.0,90.94,4.66,0.0,5.121205503385019,20240308,72500.0,2063331.0,10678404.0,-3.97
