종목코드,종목명,EPS,BPS,PER,PBR,배당수익률,ROE,날짜,종가,거래량,상장주식수,등락률
038680,에스넷,1187.0,5419.0,3.72,0.81,2.72,21.904410407824322,20240304,5280.0,132115.0,19549677.0,1.93
038680,에스넷,1187.0,5419.0,3.72,0.81,2.72,21.904410407824322,20240305,5270.0,93678.0,19549677.0,-0.19
038680,에스넷,1187.0,5419.0,3.72,0.81,2.72,21.904410407824322,20240306,5130.0,188253.0,19549677.0,-2.66
038680,에스넷,1187.0,5419.0,3.72,0.81,2.72,21.904410407824322,20240307,5330.0,344346.0,19549677.0,3.9
038680,에스넷,1187.0,5419.0,3.72,0.81,2.72,21.904410407824322,20240308,5570.0,417086.0,19549677.0,4.5
