종목코드,종목명,EPS,BPS,PER,PBR,배당수익률,ROE,날짜,종가,거래량,상장주식수,등락률
069510,에스텍,2576.0,18523.0,3.79,0.53,5.12,13.90703449765157,20240304,8590.0,4562.0,10910000.0,0.12
069510,에스텍,2576.0,18523.0,3.79,0.53,5.12,13.90703449765157,20240305,8660.0,5355.0,10910000.0,0.81
069510,에스텍,2576.0,18523.0,3.79,0.53,5.12,13.90703449765157,20240306,8550.0,5885.0,10910000.0,-1.27
069510,에스텍,2576.0,18523.0,3.79,0.53,5.12,13.90703449765157,20240307,8550.0,1194.0,10910000.0,0.0
069510,에스텍,2576.0,18523.0,3.79,0.53,5.12,13.90703449765157,20240308,8550.0,634.0,10910000.0,0.0
