종목코드,종목명,EPS,BPS,PER,PBR,배당수익률,ROE,날짜,종가,거래량,상장주식수,등락률
071670,에이테크솔루션,160.0,8574.0,47.69,0.89,0.0,1.8661068346162817,20240304,11070.0,91644.0,10000000.0,0.09
071670,에이테크솔루션,160.0,8574.0,47.69,0.89,0.0,1.8661068346162817,20240305,10780.0,68156.0,10000000.0,-2.62
071670,에이테크솔루션,160.0,8574.0,47.69,0.89,0.0,1.8661068346162817,20240306,10540.0,69228.0,10000000.0,-2.23
071670,에이테크솔루션,160.0,8574.0,47.69,0.89,0.0,1.8661068346162817,20240307,10350.0,62420.0,10000000.0,-1.8
071670,에이테크솔루션,160.0,8574.0,47.69,0.89,0.0,1.8661068346162817,20240308,10380.0,30262.0,10000000.0,0.29
