종목코드,종목명,EPS,BPS,PER,PBR,배당수익률,ROE,날짜,종가,거래량,상장주식수,등락률
080000,에스엔유,207.0,4200.0,10.27,0.51,0.0,4.928571428571429,20240304,3060.0,215796.0,34322870.0,3.38
080000,에스엔유,207.0,4200.0,10.27,0.51,0.0,4.928571428571429,20240305,2965.0,220694.0,34322870.0,-3.1
080000,에스엔유,207.0,4200.0,10.27,0.51,0.0,4.928571428571429,20240306,2875.0,420984.0,34322870.0,-3.04
080000,에스엔유,207.0,4200.0,10.27,0.51,0.0,4.928571428571429,20240307,2785.0,240871.0,34322870.0,-3.13
080000,에스엔유,207.0,4200.0,10.27,0.51,0.0,4.928571428571429,20240308,2830.0,182354.0,34322870.0,1.62
