종목코드,종목명,EPS,BPS,PER,PBR,배당수익률,ROE,날짜,종가,거래량,상장주식수,등락률
230240,에치에프알,139.0,13053.0,82.16,0.87,1.93,1.0648892974795066,20240304,15470.0,42355.0,13489026.0,-0.19
230240,에치에프알,139.0,13053.0,82.16,0.87,1.93,1.0648892974795066,20240305,15020.0,86914.0,13489026.0,-2.91
230240,에치에프알,139.0,13053.0,82.16,0.87,1.93,1.0648892974795066,20240306,14800.0,90615.0,13489026.0,-1.46
230240,에치에프알,139.0,13053.0,82.16,0.87,1.93,1.0648892974795066,20240307,14690.0,68596.0,13489026.0,-0.74
230240,에치에프알,139.0,13053.0,82.16,0.87,1.93,1.0648892974795066,20240308,14700.0,39011.0,13489026.0,0.07
