종목코드,종목명,EPS,BPS,PER,PBR,배당수익률,ROE,날짜,종가,거래량,상장주식수,등락률
003800,에이스침대,4871.0,61828.0,5.38,0.42,5.34,7.878307562916478,20240304,26450.0,4330.0,11090000.0,0.38
003800,에이스침대,4871.0,61828.0,5.38,0.42,5.34,7.878307562916478,20240305,26450.0,2054.0,11090000.0,0.0
003800,에이스침대,4871.0,61828.0,5.38,0.42,5.34,7.878307562916478,20240306,26800.0,1811.0,11090000.0,1.32
003800,에이스침대,4871.0,61828.0,5.38,0.42,5.34,7.878307562916478,20240307,26100.0,6585.0,11090000.0,-2.61
003800,에이스침대,4871.0,61828.0,5.38,0.42,5.34,7.878307562916478,20240308,26100.0,3988.0,11090000.0,0.0
