종목코드,종목명,EPS,BPS,PER,PBR,배당수익률,ROE,날짜,종가,거래량,상장주식수,등락률
244920,에이플러스에셋,451.0,6651.0,8.81,0.6,5.03,6.78093519771463,20240304,4040.0,17721.0,22607693.0,0.0
244920,에이플러스에셋,451.0,6651.0,8.81,0.6,5.03,6.78093519771463,20240305,4025.0,19131.0,22607693.0,-0.37
244920,에이플러스에셋,451.0,6651.0,8.81,0.6,5.03,6.78093519771463,20240306,4005.0,31014.0,22607693.0,-0.5
244920,에이플러스에셋,451.0,6651.0,8.81,0.6,5.03,6.78093519771463,20240307,4005.0,25724.0,22607693.0,0.0
244920,에이플러스에셋,451.0,6651.0,8.81,0.6,5.03,6.78093519771463,20240308,4030.0,20186.0,22607693.0,0.62
