종목코드,종목명,EPS,BPS,PER,PBR,배당수익률,ROE,날짜,종가,거래량,상장주식수,등락률
383310,에코프로에이치엔,2201.0,7254.0,23.44,7.11,1.16,30.34188034188034,20240304,60300.0,76257.0,15304932.0,0.67
383310,에코프로에이치엔,2201.0,7254.0,23.44,7.11,1.16,30.34188034188034,20240305,59000.0,100977.0,15304932.0,-2.16
383310,에코프로에이치엔,2201.0,7254.0,23.44,7.11,1.16,30.34188034188034,20240306,58200.0,94399.0,15304932.0,-1.36
383310,에코프로에이치엔,2201.0,7254.0,23.44,7.11,1.16,30.34188034188034,20240307,61800.0,241482.0,15304932.0,6.19
383310,에코프로에이치엔,2201.0,7254.0,23.44,7.11,1.16,30.34188034188034,20240308,60000.0,105562.0,15304932.0,-2.91
