종목코드,종목명,EPS,BPS,PER,PBR,배당수익률,ROE,날짜,종가,거래량,상장주식수,등락률
148930,에이치와이티씨,556.0,6017.0,9.28,0.86,0.0,9.240485291673592,20240304,7020.0,79472.0,10175213.0,-1.13
148930,에이치와이티씨,556.0,6017.0,9.28,0.86,0.0,9.240485291673592,20240305,6940.0,71227.0,10175213.0,-1.14
148930,에이치와이티씨,556.0,6017.0,9.28,0.86,0.0,9.240485291673592,20240306,7200.0,102049.0,10175213.0,3.75
148930,에이치와이티씨,556.0,6017.0,9.28,0.86,0.0,9.240485291673592,20240307,7470.0,210475.0,10175213.0,3.75
148930,에이치와이티씨,556.0,6017.0,9.28,0.86,0.0,9.240485291673592,20240308,7270.0,89933.0,10175213.0,-2.68
