종목코드,종목명,EPS,BPS,PER,PBR,배당수익률,ROE,날짜,종가,거래량,상장주식수,등락률
365330,에스와이스틸텍,444.0,1510.0,10.03,2.95,1.12,29.403973509933774,20240304,2915.0,255096.0,30610000.0,-0.51
365330,에스와이스틸텍,444.0,1510.0,10.03,2.95,1.12,29.403973509933774,20240305,2860.0,226063.0,30610000.0,-1.89
365330,에스와이스틸텍,444.0,1510.0,10.03,2.95,1.12,29.403973509933774,20240306,2830.0,196020.0,30610000.0,-1.05
365330,에스와이스틸텍,444.0,1510.0,10.03,2.95,1.12,29.403973509933774,20240307,2780.0,269274.0,30610000.0,-1.77
365330,에스와이스틸텍,444.0,1510.0,10.03,2.95,1.12,29.403973509933774,20240308,2800.0,163335.0,30610000.0,0.72
