종목코드,종목명,EPS,BPS,PER,PBR,배당수익률,ROE,날짜,종가,거래량,상장주식수,등락률
078520,에이블씨엔씨,236.0,3371.0,36.19,2.53,16.71,7.000889943636903,20240304,6690.0,42412.0,26014161.0,-0.15
078520,에이블씨엔씨,236.0,3371.0,36.19,2.53,16.71,7.000889943636903,20240305,6450.0,137453.0,26014161.0,-3.59
078520,에이블씨엔씨,236.0,3371.0,36.19,2.53,16.71,7.000889943636903,20240306,6510.0,71701.0,26014161.0,0.93
078520,에이블씨엔씨,236.0,3371.0,36.19,2.53,16.71,7.000889943636903,20240307,6420.0,53431.0,26014161.0,-1.38
078520,에이블씨엔씨,236.0,3371.0,36.19,2.53,16.71,7.000889943636903,20240308,6490.0,24400.0,26014161.0,1.09
