종목코드,종목명,EPS,BPS,PER,PBR,배당수익률,ROE,날짜,종가,거래량,상장주식수,등락률
224110,에이텍모빌리티,1277.0,12209.0,10.78,1.13,1.45,10.459497092308952,20240304,14050.0,12168.0,5340000.0,0.0
224110,에이텍모빌리티,1277.0,12209.0,10.78,1.13,1.45,10.459497092308952,20240305,14060.0,26644.0,5340000.0,0.07
224110,에이텍모빌리티,1277.0,12209.0,10.78,1.13,1.45,10.459497092308952,20240306,14540.0,29175.0,5340000.0,3.41
224110,에이텍모빌리티,1277.0,12209.0,10.78,1.13,1.45,10.459497092308952,20240307,14540.0,20275.0,5340000.0,0.0
224110,에이텍모빌리티,1277.0,12209.0,10.78,1.13,1.45,10.459497092308952,20240308,14410.0,22678.0,5340000.0,-0.89
