종목코드,종목명,EPS,BPS,PER,PBR,배당수익률,ROE,날짜,종가,거래량,상장주식수,등락률
039440,에스티아이,1631.0,16128.0,16.16,1.63,0.76,10.112847222222223,20240304,34350.0,583025.0,15830000.0,4.73
039440,에스티아이,1631.0,16128.0,16.16,1.63,0.76,10.112847222222223,20240305,35750.0,900744.0,15830000.0,4.08
039440,에스티아이,1631.0,16128.0,16.16,1.63,0.76,10.112847222222223,20240306,35850.0,922394.0,15830000.0,0.28
039440,에스티아이,1631.0,16128.0,16.16,1.63,0.76,10.112847222222223,20240307,35500.0,730530.0,15830000.0,-0.98
039440,에스티아이,1631.0,16128.0,16.16,1.63,0.76,10.112847222222223,20240308,37000.0,2502464.0,15830000.0,4.23
