종목코드,종목명,EPS,BPS,PER,PBR,배당수익률,ROE,날짜,종가,거래량,상장주식수,등락률
086520,에코프로,388.0,12678.0,247.68,7.58,0.0,3.060419624546458,20240304,633000.0,423966.0,26627668.0,2.43
086520,에코프로,388.0,12678.0,247.68,7.58,0.0,3.060419624546458,20240305,605000.0,349425.0,26627668.0,-4.42
086520,에코프로,388.0,12678.0,247.68,7.58,0.0,3.060419624546458,20240306,598000.0,221010.0,26627668.0,-1.16
086520,에코프로,388.0,12678.0,247.68,7.58,0.0,3.060419624546458,20240307,600000.0,199481.0,26627668.0,0.33
086520,에코프로,388.0,12678.0,247.68,7.58,0.0,3.060419624546458,20240308,591000.0,253037.0,26627668.0,-1.5
