종목코드,종목명,EPS,BPS,PER,PBR,배당수익률,ROE,날짜,종가,거래량,상장주식수,등락률
128540,에코캡,80.0,3461.0,22.69,0.52,0.0,2.3114706732158337,20240304,2495.0,63467.0,26690460.0,1.22
128540,에코캡,80.0,3461.0,22.69,0.52,0.0,2.3114706732158337,20240305,2400.0,159205.0,26690460.0,-3.81
128540,에코캡,80.0,3461.0,22.69,0.52,0.0,2.3114706732158337,20240306,2465.0,51903.0,26690460.0,2.71
128540,에코캡,80.0,3461.0,22.69,0.52,0.0,2.3114706732158337,20240307,2450.0,48176.0,26690460.0,-0.61
128540,에코캡,80.0,3461.0,22.69,0.52,0.0,2.3114706732158337,20240308,2455.0,93224.0,26690460.0,0.2
