종목코드,종목명,EPS,BPS,PER,PBR,배당수익률,ROE,날짜,종가,거래량,상장주식수,등락률
056190,에스에프에이,1193.0,31572.0,20.83,0.79,1.13,3.778664639554035,20240304,25100.0,212672.0,35908760.0,0.6
056190,에스에프에이,1193.0,31572.0,20.83,0.79,1.13,3.778664639554035,20240305,25500.0,279455.0,35908760.0,1.59
056190,에스에프에이,1193.0,31572.0,20.83,0.79,1.13,3.778664639554035,20240306,25500.0,151060.0,35908760.0,0.0
056190,에스에프에이,1193.0,31572.0,20.83,0.79,1.13,3.778664639554035,20240307,25800.0,265467.0,35908760.0,1.18
056190,에스에프에이,1193.0,31572.0,20.83,0.79,1.13,3.778664639554035,20240308,25700.0,114937.0,35908760.0,-0.39
