종목코드,종목명,EPS,BPS,PER,PBR,배당수익률,ROE,날짜,종가,거래량,상장주식수,등락률
058610,에스피지,496.0,9871.0,46.37,2.33,0.87,5.024820180326208,20240304,29700.0,201118.0,22177360.0,2.77
058610,에스피지,496.0,9871.0,46.37,2.33,0.87,5.024820180326208,20240305,29400.0,302327.0,22177360.0,-1.01
058610,에스피지,496.0,9871.0,46.37,2.33,0.87,5.024820180326208,20240306,29700.0,146747.0,22177360.0,1.02
058610,에스피지,496.0,9871.0,46.37,2.33,0.87,5.024820180326208,20240307,28950.0,208539.0,22177360.0,-2.53
058610,에스피지,496.0,9871.0,46.37,2.33,0.87,5.024820180326208,20240308,29100.0,308254.0,22177360.0,0.52
