종목코드,종목명,EPS,BPS,PER,PBR,배당수익률,ROE,날짜,종가,거래량,상장주식수,등락률
246250,에스엘에스바이오,102.0,878.0,33.24,3.86,1.47,11.617312072892938,20240304,4950.0,8397.0,7674103.0,-1.39
246250,에스엘에스바이오,102.0,878.0,33.24,3.86,1.47,11.617312072892938,20240305,4895.0,9812.0,7674103.0,-1.11
246250,에스엘에스바이오,102.0,878.0,33.24,3.86,1.47,11.617312072892938,20240306,4835.0,14566.0,7674103.0,-1.23
246250,에스엘에스바이오,102.0,878.0,33.24,3.86,1.47,11.617312072892938,20240307,4845.0,18162.0,7674103.0,0.21
246250,에스엘에스바이오,102.0,878.0,33.24,3.86,1.47,11.617312072892938,20240308,4900.0,18235.0,7674103.0,1.14
