종목코드,종목명,EPS,BPS,PER,PBR,배당수익률,ROE,날짜,종가,거래량,상장주식수,등락률
357230,에이치피오,384.0,3440.0,8.78,0.98,2.97,11.162790697674419,20240304,9150.0,85045.0,21149725.0,-1.19
357230,에이치피오,384.0,3440.0,8.78,0.98,2.97,11.162790697674419,20240305,9300.0,231758.0,21149725.0,1.64
357230,에이치피오,384.0,3440.0,8.78,0.98,2.97,11.162790697674419,20240306,4520.0,450035.0,21149725.0,-4.74
357230,에이치피오,384.0,3440.0,8.78,0.98,2.97,11.162790697674419,20240307,4530.0,65778.0,21149725.0,0.22
357230,에이치피오,384.0,3440.0,8.78,0.98,2.97,11.162790697674419,20240308,4565.0,166166.0,21149725.0,0.77
