종목코드,종목명,EPS,BPS,PER,PBR,배당수익률,ROE,날짜,종가,거래량,상장주식수,등락률
453860,에이에스텍,1551.0,8305.0,20.34,3.8,0.0,18.67549668874172,20240304,30600.0,57625.0,5657215.0,5.15
453860,에이에스텍,1551.0,8305.0,20.34,3.8,0.0,18.67549668874172,20240305,29350.0,33020.0,5657215.0,-4.08
453860,에이에스텍,1551.0,8305.0,20.34,3.8,0.0,18.67549668874172,20240306,29800.0,14458.0,5657215.0,1.53
453860,에이에스텍,1551.0,8305.0,20.34,3.8,0.0,18.67549668874172,20240307,30450.0,37924.0,5657215.0,2.18
453860,에이에스텍,1551.0,8305.0,20.34,3.8,0.0,18.67549668874172,20240308,30950.0,35416.0,5657215.0,1.64
