종목코드,종목명,EPS,BPS,PER,PBR,배당수익률,ROE,날짜,종가,거래량,상장주식수,등락률
275630,에스에스알,293.0,4952.0,11.96,0.71,0.0,5.916801292407108,20240304,4450.0,28096.0,6017989.0,-2.63
275630,에스에스알,293.0,4952.0,11.96,0.71,0.0,5.916801292407108,20240305,4490.0,13911.0,6017989.0,0.9
275630,에스에스알,293.0,4952.0,11.96,0.71,0.0,5.916801292407108,20240306,4450.0,12665.0,6017989.0,-0.89
275630,에스에스알,293.0,4952.0,11.96,0.71,0.0,5.916801292407108,20240307,4320.0,16175.0,6017989.0,-2.92
275630,에스에스알,293.0,4952.0,11.96,0.71,0.0,5.916801292407108,20240308,4340.0,17723.0,6017989.0,0.46
