종목코드,종목명,EPS,BPS,PER,PBR,배당수익률,ROE,날짜,종가,거래량,상장주식수,등락률
060540,에스에이티,62.0,3831.0,30.08,0.49,2.68,1.61837640302793,20240304,2765.0,1705238.0,26133306.0,8.01
060540,에스에이티,62.0,3831.0,30.08,0.49,2.68,1.61837640302793,20240305,2735.0,378475.0,26133306.0,-1.08
060540,에스에이티,62.0,3831.0,30.08,0.49,2.68,1.61837640302793,20240306,2645.0,394416.0,26133306.0,-3.29
060540,에스에이티,62.0,3831.0,30.08,0.49,2.68,1.61837640302793,20240307,2495.0,569634.0,26133306.0,-5.67
060540,에스에이티,62.0,3831.0,30.08,0.49,2.68,1.61837640302793,20240308,2555.0,336259.0,26133306.0,2.4
