종목코드,종목명,EPS,BPS,PER,PBR,배당수익률,ROE,날짜,종가,거래량,상장주식수,등락률
443670,에스피소프트,243.0,1816.0,38.07,5.09,0.0,13.381057268722468,20240304,18990.0,9304266.0,21197026.0,29.98
443670,에스피소프트,243.0,1816.0,38.07,5.09,0.0,13.381057268722468,20240305,23450.0,12163792.0,21197026.0,23.49
443670,에스피소프트,243.0,1816.0,38.07,5.09,0.0,13.381057268722468,20240306,24100.0,2963922.0,21197026.0,2.77
443670,에스피소프트,243.0,1816.0,38.07,5.09,0.0,13.381057268722468,20240307,25950.0,4607730.0,21197026.0,7.68
443670,에스피소프트,243.0,1816.0,38.07,5.09,0.0,13.381057268722468,20240308,23600.0,1743813.0,21197026.0,-9.06
