종목코드,종목명,EPS,BPS,PER,PBR,배당수익률,ROE,날짜,종가,거래량,상장주식수,등락률
241840,에이스토리,529.0,6723.0,15.14,1.19,0.0,7.868511081362486,20240304,11310.0,40601.0,9539994.0,-1.57
241840,에이스토리,529.0,6723.0,15.14,1.19,0.0,7.868511081362486,20240305,11170.0,16246.0,9539994.0,-1.24
241840,에이스토리,529.0,6723.0,15.14,1.19,0.0,7.868511081362486,20240306,11100.0,15650.0,9539994.0,-0.63
241840,에이스토리,529.0,6723.0,15.14,1.19,0.0,7.868511081362486,20240307,11110.0,38300.0,9539994.0,0.09
241840,에이스토리,529.0,6723.0,15.14,1.19,0.0,7.868511081362486,20240308,11210.0,11053.0,9539994.0,0.9
