종목코드,종목명,EPS,BPS,PER,PBR,배당수익률,ROE,날짜,종가,거래량,상장주식수,등락률
356680,엑스게이트,11.0,1418.0,363.64,2.82,0.0,0.7757404795486601,20240304,6080.0,267854.0,28543492.0,1.84
356680,엑스게이트,11.0,1418.0,363.64,2.82,0.0,0.7757404795486601,20240305,6380.0,668520.0,28543492.0,4.93
356680,엑스게이트,11.0,1418.0,363.64,2.82,0.0,0.7757404795486601,20240306,6290.0,438824.0,28543492.0,-1.41
356680,엑스게이트,11.0,1418.0,363.64,2.82,0.0,0.7757404795486601,20240307,6200.0,429813.0,28543492.0,-1.43
356680,엑스게이트,11.0,1418.0,363.64,2.82,0.0,0.7757404795486601,20240308,6080.0,390357.0,28543492.0,-1.94
