종목코드,종목명,EPS,BPS,PER,PBR,배당수익률,ROE,날짜,종가,거래량,상장주식수,등락률
092870,엑시콘,454.0,13557.0,39.3,1.32,0.56,3.348823486021981,20240304,18410.0,502061.0,10848797.0,4.13
092870,엑시콘,454.0,13557.0,39.3,1.32,0.56,3.348823486021981,20240305,18350.0,821203.0,10848797.0,-0.33
092870,엑시콘,454.0,13557.0,39.3,1.32,0.56,3.348823486021981,20240306,19470.0,1834512.0,10848797.0,6.1
092870,엑시콘,454.0,13557.0,39.3,1.32,0.56,3.348823486021981,20240307,22600.0,13712974.0,10848797.0,16.08
092870,엑시콘,454.0,13557.0,39.3,1.32,0.56,3.348823486021981,20240308,22950.0,2958815.0,10848797.0,1.55
