종목코드,종목명,EPS,BPS,PER,PBR,배당수익률,ROE,날짜,종가,거래량,상장주식수,등락률
333620,엔시스,218.0,5588.0,49.08,1.91,0.37,3.9012168933428777,20240304,9030.0,22006.0,10556344.0,-0.77
333620,엔시스,218.0,5588.0,49.08,1.91,0.37,3.9012168933428777,20240305,8960.0,32907.0,10556344.0,-0.78
333620,엔시스,218.0,5588.0,49.08,1.91,0.37,3.9012168933428777,20240306,8960.0,32335.0,10556344.0,0.0
333620,엔시스,218.0,5588.0,49.08,1.91,0.37,3.9012168933428777,20240307,9580.0,466607.0,10556344.0,6.92
333620,엔시스,218.0,5588.0,49.08,1.91,0.37,3.9012168933428777,20240308,9570.0,92446.0,10556344.0,-0.1
