종목코드,종목명,EPS,BPS,PER,PBR,배당수익률,ROE,날짜,종가,거래량,상장주식수,등락률
182400,엔케이맥스,65.0,1353.0,31.08,1.49,0.0,4.804138950480414,20240304,1705.0,5221949.0,85518831.0,4.47
182400,엔케이맥스,65.0,1353.0,31.08,1.49,0.0,4.804138950480414,20240305,1782.0,4641267.0,85518831.0,4.52
182400,엔케이맥스,65.0,1353.0,31.08,1.49,0.0,4.804138950480414,20240306,1898.0,12866110.0,85518831.0,6.51
182400,엔케이맥스,65.0,1353.0,31.08,1.49,0.0,4.804138950480414,20240307,2295.0,18492315.0,85518831.0,20.92
182400,엔케이맥스,65.0,1353.0,31.08,1.49,0.0,4.804138950480414,20240308,2120.0,5594877.0,85518831.0,-7.63
