종목코드,종목명,EPS,BPS,PER,PBR,배당수익률,ROE,날짜,종가,거래량,상장주식수,등락률
085310,엔케이,754.0,2202.0,1.22,0.42,0.0,34.241598546775656,20240304,920.0,371340.0,79983352.0,-3.46
085310,엔케이,754.0,2202.0,1.22,0.42,0.0,34.241598546775656,20240305,899.0,308714.0,79983352.0,-2.28
085310,엔케이,754.0,2202.0,1.22,0.42,0.0,34.241598546775656,20240306,900.0,155002.0,79983352.0,0.11
085310,엔케이,754.0,2202.0,1.22,0.42,0.0,34.241598546775656,20240307,901.0,116200.0,79983352.0,0.11
085310,엔케이,754.0,2202.0,1.22,0.42,0.0,34.241598546775656,20240308,901.0,45890.0,79983352.0,0.0
