종목코드,종목명,EPS,BPS,PER,PBR,배당수익률,ROE,날짜,종가,거래량,상장주식수,등락률
101400,엔시트론,19.0,631.0,24.32,0.73,0.0,3.011093502377179,20240304,615.0,207447.0,59186224.0,0.33
101400,엔시트론,19.0,631.0,24.32,0.73,0.0,3.011093502377179,20240305,614.0,91799.0,59186224.0,-0.16
101400,엔시트론,19.0,631.0,24.32,0.73,0.0,3.011093502377179,20240306,611.0,101338.0,59186224.0,-0.49
101400,엔시트론,19.0,631.0,24.32,0.73,0.0,3.011093502377179,20240307,608.0,199856.0,59186224.0,-0.49
101400,엔시트론,19.0,631.0,24.32,0.73,0.0,3.011093502377179,20240308,607.0,89376.0,59186224.0,-0.16
