종목코드,종목명,EPS,BPS,PER,PBR,배당수익률,ROE,날짜,종가,거래량,상장주식수,등락률
048830,엔피케이,91.0,2378.0,13.82,0.53,2.38,3.8267451640033645,20240304,1786.0,59019.0,18723923.0,-0.61
048830,엔피케이,91.0,2378.0,13.82,0.53,2.38,3.8267451640033645,20240305,1785.0,29651.0,18723923.0,-0.06
048830,엔피케이,91.0,2378.0,13.82,0.53,2.38,3.8267451640033645,20240306,1759.0,19360.0,18723923.0,-1.46
048830,엔피케이,91.0,2378.0,13.82,0.53,2.38,3.8267451640033645,20240307,1757.0,42821.0,18723923.0,-0.11
048830,엔피케이,91.0,2378.0,13.82,0.53,2.38,3.8267451640033645,20240308,1760.0,39823.0,18723923.0,0.17
