종목코드,종목명,EPS,BPS,PER,PBR,배당수익률,ROE,날짜,종가,거래량,상장주식수,등락률
227950,엔투텍,105.0,1074.0,5.79,0.57,0.0,9.776536312849162,20240304,699.0,1466955.0,103575530.0,-0.57
227950,엔투텍,105.0,1074.0,5.79,0.57,0.0,9.776536312849162,20240305,684.0,888104.0,103575530.0,-2.15
227950,엔투텍,105.0,1074.0,5.79,0.57,0.0,9.776536312849162,20240306,705.0,964613.0,103575530.0,3.07
227950,엔투텍,105.0,1074.0,5.79,0.57,0.0,9.776536312849162,20240307,708.0,579818.0,103575530.0,0.43
227950,엔투텍,105.0,1074.0,5.79,0.57,0.0,9.776536312849162,20240308,820.0,11419365.0,103575530.0,15.82
