종목코드,종목명,EPS,BPS,PER,PBR,배당수익률,ROE,날짜,종가,거래량,상장주식수,등락률
083310,엘오티베큠,3273.0,15723.0,3.78,0.79,1.62,20.816638046174393,20240304,23100.0,742534.0,17810033.0,4.05
083310,엘오티베큠,3273.0,15723.0,3.78,0.79,1.62,20.816638046174393,20240305,22100.0,628132.0,17810033.0,-4.33
083310,엘오티베큠,3273.0,15723.0,3.78,0.79,1.62,20.816638046174393,20240306,22650.0,324598.0,17810033.0,2.49
083310,엘오티베큠,3273.0,15723.0,3.78,0.79,1.62,20.816638046174393,20240307,21900.0,548079.0,17810033.0,-3.31
083310,엘오티베큠,3273.0,15723.0,3.78,0.79,1.62,20.816638046174393,20240308,23500.0,1365115.0,17810033.0,7.31
