종목코드,종목명,EPS,BPS,PER,PBR,배당수익률,ROE,날짜,종가,거래량,상장주식수,등락률
037950,엘컴텍,30.0,888.0,37.4,1.26,0.0,3.3783783783783785,20240304,1275.0,1315420.0,84447519.0,3.74
037950,엘컴텍,30.0,888.0,37.4,1.26,0.0,3.3783783783783785,20240305,1315.0,9616256.0,84447519.0,3.14
037950,엘컴텍,30.0,888.0,37.4,1.26,0.0,3.3783783783783785,20240306,1305.0,7199096.0,84447519.0,-0.76
037950,엘컴텍,30.0,888.0,37.4,1.26,0.0,3.3783783783783785,20240307,1416.0,49543822.0,84447519.0,8.51
037950,엘컴텍,30.0,888.0,37.4,1.26,0.0,3.3783783783783785,20240308,1378.0,6874376.0,84447519.0,-2.68
