종목코드,종목명,EPS,BPS,PER,PBR,배당수익률,ROE,날짜,종가,거래량,상장주식수,등락률
290650,엘앤씨바이오,2132.0,6478.0,9.52,3.13,0.49,32.91139240506329,20240304,24450.0,79479.0,22684891.0,2.95
290650,엘앤씨바이오,2132.0,6478.0,9.52,3.13,0.49,32.91139240506329,20240305,24150.0,104731.0,22684891.0,-1.23
290650,엘앤씨바이오,2132.0,6478.0,9.52,3.13,0.49,32.91139240506329,20240306,23950.0,105535.0,22684891.0,-0.83
290650,엘앤씨바이오,2132.0,6478.0,9.52,3.13,0.49,32.91139240506329,20240307,23400.0,173789.0,22684891.0,-2.3
290650,엘앤씨바이오,2132.0,6478.0,9.52,3.13,0.49,32.91139240506329,20240308,23700.0,153223.0,22684891.0,1.28
