종목코드,종목명,EPS,BPS,PER,PBR,배당수익률,ROE,날짜,종가,거래량,상장주식수,등락률
058630,엠게임,1144.0,5957.0,4.96,0.95,2.65,19.20429746516703,20240304,5780.0,111295.0,19543877.0,-1.7
058630,엠게임,1144.0,5957.0,4.96,0.95,2.65,19.20429746516703,20240305,5610.0,111657.0,19543877.0,-2.94
058630,엠게임,1144.0,5957.0,4.96,0.95,2.65,19.20429746516703,20240306,5530.0,117977.0,19543877.0,-1.43
058630,엠게임,1144.0,5957.0,4.96,0.95,2.65,19.20429746516703,20240307,5380.0,89218.0,19543877.0,-2.71
058630,엠게임,1144.0,5957.0,4.96,0.95,2.65,19.20429746516703,20240308,5650.0,148753.0,19543877.0,5.02
