종목코드,종목명,EPS,BPS,PER,PBR,배당수익률,ROE,날짜,종가,거래량,상장주식수,등락률
373170,엠아이큐브솔루션,602.0,4626.0,16.06,2.09,2.07,13.013402507565933,20240304,13940.0,9769.0,4987730.0,0.29
373170,엠아이큐브솔루션,602.0,4626.0,16.06,2.09,2.07,13.013402507565933,20240305,13740.0,24092.0,4987730.0,-1.43
373170,엠아이큐브솔루션,602.0,4626.0,16.06,2.09,2.07,13.013402507565933,20240306,13540.0,12647.0,4987730.0,-1.46
373170,엠아이큐브솔루션,602.0,4626.0,16.06,2.09,2.07,13.013402507565933,20240307,13420.0,22341.0,4987730.0,-0.89
373170,엠아이큐브솔루션,602.0,4626.0,16.06,2.09,2.07,13.013402507565933,20240308,13220.0,26167.0,4987730.0,-1.49
