종목코드,종목명,EPS,BPS,PER,PBR,배당수익률,ROE,날짜,종가,거래량,상장주식수,등락률
014440,영보화학,306.0,8403.0,11.39,0.41,1.43,3.641556586933238,20240304,3515.0,34034.0,20000000.0,-0.14
014440,영보화학,306.0,8403.0,11.39,0.41,1.43,3.641556586933238,20240305,3450.0,24263.0,20000000.0,-1.85
014440,영보화학,306.0,8403.0,11.39,0.41,1.43,3.641556586933238,20240306,3455.0,8801.0,20000000.0,0.14
014440,영보화학,306.0,8403.0,11.39,0.41,1.43,3.641556586933238,20240307,3350.0,47349.0,20000000.0,-3.04
014440,영보화학,306.0,8403.0,11.39,0.41,1.43,3.641556586933238,20240308,3395.0,26023.0,20000000.0,1.34
