종목코드,종목명,EPS,BPS,PER,PBR,배당수익률,ROE,날짜,종가,거래량,상장주식수,등락률
036560,영풍정밀,1855.0,21362.0,5.64,0.49,5.74,8.683643853571763,20240304,12240.0,55734.0,15750000.0,-1.84
036560,영풍정밀,1855.0,21362.0,5.64,0.49,5.74,8.683643853571763,20240305,12190.0,35706.0,15750000.0,-0.41
036560,영풍정밀,1855.0,21362.0,5.64,0.49,5.74,8.683643853571763,20240306,12100.0,27592.0,15750000.0,-0.74
036560,영풍정밀,1855.0,21362.0,5.64,0.49,5.74,8.683643853571763,20240307,12190.0,47070.0,15750000.0,0.74
036560,영풍정밀,1855.0,21362.0,5.64,0.49,5.74,8.683643853571763,20240308,12180.0,31298.0,15750000.0,-0.08
