종목코드,종목명,EPS,BPS,PER,PBR,배당수익률,ROE,날짜,종가,거래량,상장주식수,등락률
265560,영화테크,570.0,5860.0,13.82,1.34,1.02,9.726962457337883,20240304,9040.0,15276.0,10690180.0,0.67
265560,영화테크,570.0,5860.0,13.82,1.34,1.02,9.726962457337883,20240305,8940.0,21768.0,10690180.0,-1.11
265560,영화테크,570.0,5860.0,13.82,1.34,1.02,9.726962457337883,20240306,8860.0,11486.0,10690180.0,-0.89
265560,영화테크,570.0,5860.0,13.82,1.34,1.02,9.726962457337883,20240307,8860.0,11487.0,10690180.0,0.0
265560,영화테크,570.0,5860.0,13.82,1.34,1.02,9.726962457337883,20240308,8890.0,9404.0,10690180.0,0.34
