종목코드,종목명,EPS,BPS,PER,PBR,배당수익률,ROE,날짜,종가,거래량,상장주식수,등락률
015360,예스코홀딩스,5541.0,109369.0,7.72,0.39,20.44,5.066335067523704,20240304,38400.0,8343.0,6000000.0,0.66
015360,예스코홀딩스,5541.0,109369.0,7.72,0.39,20.44,5.066335067523704,20240305,38450.0,6316.0,6000000.0,0.13
015360,예스코홀딩스,5541.0,109369.0,7.72,0.39,20.44,5.066335067523704,20240306,38800.0,5797.0,6000000.0,0.91
015360,예스코홀딩스,5541.0,109369.0,7.72,0.39,20.44,5.066335067523704,20240307,38950.0,3013.0,6000000.0,0.39
015360,예스코홀딩스,5541.0,109369.0,7.72,0.39,20.44,5.066335067523704,20240308,39000.0,6629.0,6000000.0,0.13
