종목코드,종목명,EPS,BPS,PER,PBR,배당수익률,ROE,날짜,종가,거래량,상장주식수,등락률
271560,오리온,9528.0,72413.0,9.16,1.21,1.43,13.157858395591951,20240304,92800.0,174894.0,39536132.0,-0.11
271560,오리온,9528.0,72413.0,9.16,1.21,1.43,13.157858395591951,20240305,92100.0,181772.0,39536132.0,-0.75
271560,오리온,9528.0,72413.0,9.16,1.21,1.43,13.157858395591951,20240306,94100.0,585546.0,39536132.0,2.17
271560,오리온,9528.0,72413.0,9.16,1.21,1.43,13.157858395591951,20240307,91900.0,435759.0,39536132.0,-2.34
271560,오리온,9528.0,72413.0,9.16,1.21,1.43,13.157858395591951,20240308,92000.0,385671.0,39536132.0,0.11
