종목코드,종목명,EPS,BPS,PER,PBR,배당수익률,ROE,날짜,종가,거래량,상장주식수,등락률
039830,오로라,703.0,13422.0,9.05,0.47,2.36,5.237669497839368,20240304,7160.0,25414.0,10762890.0,1.99
039830,오로라,703.0,13422.0,9.05,0.47,2.36,5.237669497839368,20240305,7020.0,18532.0,10762890.0,-1.96
039830,오로라,703.0,13422.0,9.05,0.47,2.36,5.237669497839368,20240306,6970.0,15318.0,10762890.0,-0.71
039830,오로라,703.0,13422.0,9.05,0.47,2.36,5.237669497839368,20240307,6800.0,22515.0,10762890.0,-2.44
039830,오로라,703.0,13422.0,9.05,0.47,2.36,5.237669497839368,20240308,6780.0,18883.0,10762890.0,-0.29
