종목코드,종목명,EPS,BPS,PER,PBR,배당수익률,ROE,날짜,종가,거래량,상장주식수,등락률
322310,오로스테크놀로지,363.0,6729.0,61.16,3.3,0.0,5.394560855996433,20240304,37000.0,386348.0,9366542.0,-1.46
322310,오로스테크놀로지,363.0,6729.0,61.16,3.3,0.0,5.394560855996433,20240305,36650.0,286190.0,9366542.0,-0.95
322310,오로스테크놀로지,363.0,6729.0,61.16,3.3,0.0,5.394560855996433,20240306,36950.0,315552.0,9366542.0,0.82
322310,오로스테크놀로지,363.0,6729.0,61.16,3.3,0.0,5.394560855996433,20240307,36800.0,314283.0,9366542.0,-0.41
322310,오로스테크놀로지,363.0,6729.0,61.16,3.3,0.0,5.394560855996433,20240308,36400.0,391739.0,9366542.0,-1.09
