종목코드,종목명,EPS,BPS,PER,PBR,배당수익률,ROE,날짜,종가,거래량,상장주식수,등락률
007310,오뚜기,46617.0,562474.0,9.18,0.76,2.1,8.287849749499532,20240304,403000.0,2278.0,4007830.0,0.5
007310,오뚜기,46617.0,562474.0,9.18,0.76,2.1,8.287849749499532,20240305,404500.0,1739.0,4007830.0,0.37
007310,오뚜기,46617.0,562474.0,9.18,0.76,2.1,8.287849749499532,20240306,402000.0,1428.0,4007830.0,-0.62
007310,오뚜기,46617.0,562474.0,9.18,0.76,2.1,8.287849749499532,20240307,392000.0,5150.0,4007830.0,-2.49
007310,오뚜기,46617.0,562474.0,9.18,0.76,2.1,8.287849749499532,20240308,394500.0,2718.0,4007830.0,0.64
