종목코드,종목명,EPS,BPS,PER,PBR,배당수익률,ROE,날짜,종가,거래량,상장주식수,등락률
014940,오리엔탈정공,196.0,1908.0,22.6,2.32,1.13,10.272536687631026,20240304,2990.0,559355.0,45573661.0,-4.17
014940,오리엔탈정공,196.0,1908.0,22.6,2.32,1.13,10.272536687631026,20240305,2990.0,321456.0,45573661.0,0.0
014940,오리엔탈정공,196.0,1908.0,22.6,2.32,1.13,10.272536687631026,20240306,2990.0,192799.0,45573661.0,0.0
014940,오리엔탈정공,196.0,1908.0,22.6,2.32,1.13,10.272536687631026,20240307,2955.0,277457.0,45573661.0,-1.17
014940,오리엔탈정공,196.0,1908.0,22.6,2.32,1.13,10.272536687631026,20240308,2965.0,146408.0,45573661.0,0.34
