종목코드,종목명,EPS,BPS,PER,PBR,배당수익률,ROE,날짜,종가,거래량,상장주식수,등락률
080520,오디텍,279.0,11630.0,14.55,0.35,2.46,2.3989681857265692,20240304,4835.0,59628.0,11746609.0,2.44
080520,오디텍,279.0,11630.0,14.55,0.35,2.46,2.3989681857265692,20240305,4810.0,31620.0,11746609.0,-0.52
080520,오디텍,279.0,11630.0,14.55,0.35,2.46,2.3989681857265692,20240306,4765.0,52248.0,11746609.0,-0.94
080520,오디텍,279.0,11630.0,14.55,0.35,2.46,2.3989681857265692,20240307,4705.0,33229.0,11746609.0,-1.26
080520,오디텍,279.0,11630.0,14.55,0.35,2.46,2.3989681857265692,20240308,4700.0,32410.0,11746609.0,-0.11
