종목코드,종목명,EPS,BPS,PER,PBR,배당수익률,ROE,날짜,종가,거래량,상장주식수,등락률
052420,오성첨단소재,167.0,2791.0,13.65,0.82,0.0,5.983518452167682,20240304,1412.0,207700.0,84002651.0,0.14
052420,오성첨단소재,167.0,2791.0,13.65,0.82,0.0,5.983518452167682,20240305,1394.0,300781.0,84002651.0,-1.27
052420,오성첨단소재,167.0,2791.0,13.65,0.82,0.0,5.983518452167682,20240306,1391.0,135737.0,84002651.0,-0.22
052420,오성첨단소재,167.0,2791.0,13.65,0.82,0.0,5.983518452167682,20240307,1393.0,306635.0,84002651.0,0.14
052420,오성첨단소재,167.0,2791.0,13.65,0.82,0.0,5.983518452167682,20240308,1395.0,235877.0,84002651.0,0.14
