종목코드,종목명,EPS,BPS,PER,PBR,배당수익률,ROE,날짜,종가,거래량,상장주식수,등락률
053980,오상자이엘,1265.0,5083.0,3.24,0.81,0.0,24.8868778280543,20240304,5700.0,100467.0,18982783.0,3.83
053980,오상자이엘,1265.0,5083.0,3.24,0.81,0.0,24.8868778280543,20240305,5700.0,70671.0,18982783.0,0.0
053980,오상자이엘,1265.0,5083.0,3.24,0.81,0.0,24.8868778280543,20240306,5980.0,382463.0,18982783.0,4.91
053980,오상자이엘,1265.0,5083.0,3.24,0.81,0.0,24.8868778280543,20240307,5990.0,152909.0,18982783.0,0.17
053980,오상자이엘,1265.0,5083.0,3.24,0.81,0.0,24.8868778280543,20240308,5890.0,91267.0,18982783.0,-1.67
