종목코드,종목명,EPS,BPS,PER,PBR,배당수익률,ROE,날짜,종가,거래량,상장주식수,등락률
049480,오픈베이스,166.0,2588.0,14.52,0.93,1.04,6.414219474497681,20240304,2555.0,224364.0,31422383.0,2.61
049480,오픈베이스,166.0,2588.0,14.52,0.93,1.04,6.414219474497681,20240305,2510.0,279069.0,31422383.0,-1.76
049480,오픈베이스,166.0,2588.0,14.52,0.93,1.04,6.414219474497681,20240306,2465.0,258149.0,31422383.0,-1.79
049480,오픈베이스,166.0,2588.0,14.52,0.93,1.04,6.414219474497681,20240307,2440.0,192778.0,31422383.0,-1.01
049480,오픈베이스,166.0,2588.0,14.52,0.93,1.04,6.414219474497681,20240308,2425.0,149758.0,31422383.0,-0.61
