종목코드,종목명,EPS,BPS,PER,PBR,배당수익률,ROE,날짜,종가,거래량,상장주식수,등락률
080580,오킨스전자,62.0,2077.0,104.52,3.12,0.0,2.9850746268656714,20240304,11250.0,649045.0,17679298.0,7.45
080580,오킨스전자,62.0,2077.0,104.52,3.12,0.0,2.9850746268656714,20240305,11340.0,842101.0,17679298.0,0.8
080580,오킨스전자,62.0,2077.0,104.52,3.12,0.0,2.9850746268656714,20240306,11990.0,1421021.0,17679298.0,5.73
080580,오킨스전자,62.0,2077.0,104.52,3.12,0.0,2.9850746268656714,20240307,12020.0,1710593.0,17679298.0,0.25
080580,오킨스전자,62.0,2077.0,104.52,3.12,0.0,2.9850746268656714,20240308,11310.0,688518.0,17679298.0,-5.91
