종목코드,종목명,EPS,BPS,PER,PBR,배당수익률,ROE,날짜,종가,거래량,상장주식수,등락률
131030,옵투스제약,708.0,8811.0,10.42,0.84,1.36,8.035410282601294,20240304,5650.0,233581.0,16153162.0,0.89
131030,옵투스제약,708.0,8811.0,10.42,0.84,1.36,8.035410282601294,20240305,5750.0,194783.0,16153162.0,1.77
131030,옵투스제약,708.0,8811.0,10.42,0.84,1.36,8.035410282601294,20240306,5630.0,94818.0,16153162.0,-2.09
131030,옵투스제약,708.0,8811.0,10.42,0.84,1.36,8.035410282601294,20240307,5690.0,77665.0,16153162.0,1.07
131030,옵투스제약,708.0,8811.0,10.42,0.84,1.36,8.035410282601294,20240308,5910.0,329166.0,16153162.0,3.87
