종목코드,종목명,EPS,BPS,PER,PBR,배당수익률,ROE,날짜,종가,거래량,상장주식수,등락률
122990,와이솔,477.0,12573.0,14.86,0.56,3.53,3.7938439513242663,20240304,7070.0,18105.0,28186941.0,-0.14
122990,와이솔,477.0,12573.0,14.86,0.56,3.53,3.7938439513242663,20240305,7120.0,32773.0,28186941.0,0.71
122990,와이솔,477.0,12573.0,14.86,0.56,3.53,3.7938439513242663,20240306,7150.0,41201.0,28186941.0,0.42
122990,와이솔,477.0,12573.0,14.86,0.56,3.53,3.7938439513242663,20240307,7080.0,39254.0,28186941.0,-0.98
122990,와이솔,477.0,12573.0,14.86,0.56,3.53,3.7938439513242663,20240308,7440.0,158780.0,28186941.0,5.08
