종목코드,종목명,EPS,BPS,PER,PBR,배당수익률,ROE,날짜,종가,거래량,상장주식수,등락률
273640,와이엠텍,609.0,5505.0,23.37,2.58,1.26,11.06267029972752,20240304,13460.0,22556.0,10966000.0,-1.39
273640,와이엠텍,609.0,5505.0,23.37,2.58,1.26,11.06267029972752,20240305,13390.0,14417.0,10966000.0,-0.52
273640,와이엠텍,609.0,5505.0,23.37,2.58,1.26,11.06267029972752,20240306,13300.0,20652.0,10966000.0,-0.67
273640,와이엠텍,609.0,5505.0,23.37,2.58,1.26,11.06267029972752,20240307,13050.0,30027.0,10966000.0,-1.88
273640,와이엠텍,609.0,5505.0,23.37,2.58,1.26,11.06267029972752,20240308,13180.0,37330.0,10966000.0,1.0
