종목코드,종목명,EPS,BPS,PER,PBR,배당수익률,ROE,날짜,종가,거래량,상장주식수,등락률
067900,와이엔텍,1330.0,13859.0,5.33,0.51,0.71,9.596651995093442,20240304,7210.0,50434.0,18199659.0,0.0
067900,와이엔텍,1330.0,13859.0,5.33,0.51,0.71,9.596651995093442,20240305,7180.0,48302.0,18199659.0,-0.42
067900,와이엔텍,1330.0,13859.0,5.33,0.51,0.71,9.596651995093442,20240306,7110.0,62421.0,18199659.0,-0.97
067900,와이엔텍,1330.0,13859.0,5.33,0.51,0.71,9.596651995093442,20240307,7010.0,107087.0,18199659.0,-1.41
067900,와이엔텍,1330.0,13859.0,5.33,0.51,0.71,9.596651995093442,20240308,7050.0,64582.0,18199659.0,0.57
