종목코드,종목명,EPS,BPS,PER,PBR,배당수익률,ROE,날짜,종가,거래량,상장주식수,등락률
122870,와이지엔터테인먼트,3310.0,25166.0,11.57,1.52,0.78,13.152666295795914,20240304,40400.0,179325.0,18690719.0,-1.22
122870,와이지엔터테인먼트,3310.0,25166.0,11.57,1.52,0.78,13.152666295795914,20240305,40100.0,143620.0,18690719.0,-0.74
122870,와이지엔터테인먼트,3310.0,25166.0,11.57,1.52,0.78,13.152666295795914,20240306,40000.0,95136.0,18690719.0,-0.25
122870,와이지엔터테인먼트,3310.0,25166.0,11.57,1.52,0.78,13.152666295795914,20240307,39500.0,166328.0,18690719.0,-1.25
122870,와이지엔터테인먼트,3310.0,25166.0,11.57,1.52,0.78,13.152666295795914,20240308,40500.0,140917.0,18690719.0,2.53
