종목코드,종목명,EPS,BPS,PER,PBR,배당수익률,ROE,날짜,종가,거래량,상장주식수,등락률
115440,우리넷,636.0,7071.0,9.7,0.87,0.0,8.994484514212983,20240304,7020.0,21981.0,10754239.0,0.14
115440,우리넷,636.0,7071.0,9.7,0.87,0.0,8.994484514212983,20240305,6930.0,57077.0,10754239.0,-1.28
115440,우리넷,636.0,7071.0,9.7,0.87,0.0,8.994484514212983,20240306,6950.0,24618.0,10754239.0,0.29
115440,우리넷,636.0,7071.0,9.7,0.87,0.0,8.994484514212983,20240307,6870.0,36474.0,10754239.0,-1.15
115440,우리넷,636.0,7071.0,9.7,0.87,0.0,8.994484514212983,20240308,6810.0,45466.0,10754239.0,-0.87
