종목코드,종목명,EPS,BPS,PER,PBR,배당수익률,ROE,날짜,종가,거래량,상장주식수,등락률
316140,우리금융지주,3231.0,42116.0,4.89,0.37,6.33,7.671668724475259,20240304,14640.0,19050010.0,751949461.0,-1.74
316140,우리금융지주,3231.0,42116.0,4.89,0.37,6.33,7.671668724475259,20240305,14470.0,5231984.0,751949461.0,-1.16
316140,우리금융지주,3231.0,42116.0,4.89,0.37,6.33,7.671668724475259,20240306,14500.0,2439972.0,751949461.0,0.21
316140,우리금융지주,3231.0,42116.0,4.89,0.37,6.33,7.671668724475259,20240307,14470.0,2322735.0,751949461.0,-0.21
316140,우리금융지주,3231.0,42116.0,4.89,0.37,6.33,7.671668724475259,20240308,14290.0,2853431.0,751949461.0,-1.24
