종목코드,종목명,EPS,BPS,PER,PBR,배당수익률,ROE,날짜,종가,거래량,상장주식수,등락률
037400,우리엔터프라이즈,208.0,5536.0,7.75,0.29,0.0,3.7572254335260116,20240304,1756.0,96060.0,26223346.0,2.57
037400,우리엔터프라이즈,208.0,5536.0,7.75,0.29,0.0,3.7572254335260116,20240305,1697.0,51097.0,26223346.0,-3.36
037400,우리엔터프라이즈,208.0,5536.0,7.75,0.29,0.0,3.7572254335260116,20240306,1652.0,51226.0,26223346.0,-2.65
037400,우리엔터프라이즈,208.0,5536.0,7.75,0.29,0.0,3.7572254335260116,20240307,1603.0,75766.0,26223346.0,-2.97
037400,우리엔터프라이즈,208.0,5536.0,7.75,0.29,0.0,3.7572254335260116,20240308,1661.0,125013.0,26223346.0,3.62
