종목코드,종목명,EPS,BPS,PER,PBR,배당수익률,ROE,날짜,종가,거래량,상장주식수,등락률
101170,우림피티에스,381.0,6775.0,18.58,1.05,0.71,5.623616236162362,20240304,6400.0,79887.0,13500000.0,1.43
101170,우림피티에스,381.0,6775.0,18.58,1.05,0.71,5.623616236162362,20240305,6300.0,67217.0,13500000.0,-1.56
101170,우림피티에스,381.0,6775.0,18.58,1.05,0.71,5.623616236162362,20240306,6310.0,58417.0,13500000.0,0.16
101170,우림피티에스,381.0,6775.0,18.58,1.05,0.71,5.623616236162362,20240307,6110.0,91973.0,13500000.0,-3.17
101170,우림피티에스,381.0,6775.0,18.58,1.05,0.71,5.623616236162362,20240308,6080.0,82015.0,13500000.0,-0.49
