종목코드,종목명,EPS,BPS,PER,PBR,배당수익률,ROE,날짜,종가,거래량,상장주식수,등락률
082850,우리바이오,331.0,4227.0,15.56,1.22,0.0,7.830612727702863,20240304,2815.0,335197.0,48436578.0,1.81
082850,우리바이오,331.0,4227.0,15.56,1.22,0.0,7.830612727702863,20240305,2740.0,269444.0,48436578.0,-2.66
082850,우리바이오,331.0,4227.0,15.56,1.22,0.0,7.830612727702863,20240306,2735.0,259612.0,48436578.0,-0.18
082850,우리바이오,331.0,4227.0,15.56,1.22,0.0,7.830612727702863,20240307,2745.0,288180.0,48436578.0,0.37
082850,우리바이오,331.0,4227.0,15.56,1.22,0.0,7.830612727702863,20240308,2660.0,351056.0,48436578.0,-3.1
