종목코드,종목명,EPS,BPS,PER,PBR,배당수익률,ROE,날짜,종가,거래량,상장주식수,등락률
215360,우리산업,1939.0,10771.0,6.91,1.24,1.23,18.00204252158574,20240304,13840.0,31798.0,9132163.0,-0.07
215360,우리산업,1939.0,10771.0,6.91,1.24,1.23,18.00204252158574,20240305,13720.0,29199.0,9132163.0,-0.87
215360,우리산업,1939.0,10771.0,6.91,1.24,1.23,18.00204252158574,20240306,13750.0,17764.0,9132163.0,0.22
215360,우리산업,1939.0,10771.0,6.91,1.24,1.23,18.00204252158574,20240307,13570.0,25983.0,9132163.0,-1.31
215360,우리산업,1939.0,10771.0,6.91,1.24,1.23,18.00204252158574,20240308,13400.0,82784.0,9132163.0,-1.25
