종목코드,종목명,EPS,BPS,PER,PBR,배당수익률,ROE,날짜,종가,거래량,상장주식수,등락률
073560,우리손에프앤지,22.0,3625.0,61.95,0.38,1.83,0.6068965517241379,20240304,1468.0,71534.0,69237643.0,-0.47
073560,우리손에프앤지,22.0,3625.0,61.95,0.38,1.83,0.6068965517241379,20240305,1464.0,69673.0,69237643.0,-0.27
073560,우리손에프앤지,22.0,3625.0,61.95,0.38,1.83,0.6068965517241379,20240306,1449.0,113455.0,69237643.0,-1.02
073560,우리손에프앤지,22.0,3625.0,61.95,0.38,1.83,0.6068965517241379,20240307,1444.0,108438.0,69237643.0,-0.35
073560,우리손에프앤지,22.0,3625.0,61.95,0.38,1.83,0.6068965517241379,20240308,1440.0,139333.0,69237643.0,-0.28
