종목코드,종목명,EPS,BPS,PER,PBR,배당수익률,ROE,날짜,종가,거래량,상장주식수,등락률
072470,우리산업홀딩스,410.0,6930.0,8.34,0.49,1.46,5.916305916305916,20240304,4245.0,430559.0,18887341.0,0.83
072470,우리산업홀딩스,410.0,6930.0,8.34,0.49,1.46,5.916305916305916,20240305,4270.0,277180.0,18887341.0,0.59
072470,우리산업홀딩스,410.0,6930.0,8.34,0.49,1.46,5.916305916305916,20240306,4310.0,230227.0,18887341.0,0.94
072470,우리산업홀딩스,410.0,6930.0,8.34,0.49,1.46,5.916305916305916,20240307,4205.0,292483.0,18887341.0,-2.44
072470,우리산업홀딩스,410.0,6930.0,8.34,0.49,1.46,5.916305916305916,20240308,4100.0,149951.0,18887341.0,-2.5
