종목코드,종목명,EPS,BPS,PER,PBR,배당수익률,ROE,날짜,종가,거래량,상장주식수,등락률
457550,우진엔텍,830.0,4701.0,26.99,4.76,1.47,17.65581791108275,20240304,20000.0,269340.0,9271339.0,-0.25
457550,우진엔텍,830.0,4701.0,26.99,4.76,1.47,17.65581791108275,20240305,20600.0,655446.0,9271339.0,3.0
457550,우진엔텍,830.0,4701.0,26.99,4.76,1.47,17.65581791108275,20240306,19950.0,219267.0,9271339.0,-3.16
457550,우진엔텍,830.0,4701.0,26.99,4.76,1.47,17.65581791108275,20240307,18830.0,259544.0,9271339.0,-5.61
457550,우진엔텍,830.0,4701.0,26.99,4.76,1.47,17.65581791108275,20240308,18350.0,148910.0,9271339.0,-2.55
