종목코드,종목명,EPS,BPS,PER,PBR,배당수익률,ROE,날짜,종가,거래량,상장주식수,등락률
046940,우원개발,82.0,5712.0,43.11,0.62,0.0,1.4355742296918768,20240304,3120.0,34852.0,18074350.0,-0.32
046940,우원개발,82.0,5712.0,43.11,0.62,0.0,1.4355742296918768,20240305,3125.0,40033.0,18074350.0,0.16
046940,우원개발,82.0,5712.0,43.11,0.62,0.0,1.4355742296918768,20240306,3080.0,50308.0,18074350.0,-1.44
046940,우원개발,82.0,5712.0,43.11,0.62,0.0,1.4355742296918768,20240307,3075.0,67790.0,18074350.0,-0.16
046940,우원개발,82.0,5712.0,43.11,0.62,0.0,1.4355742296918768,20240308,3045.0,54055.0,18074350.0,-0.98
