종목코드,종목명,EPS,BPS,PER,PBR,배당수익률,ROE,날짜,종가,거래량,상장주식수,등락률
017370,우신시스템,477.0,6200.0,14.44,1.11,0.73,7.693548387096774,20240304,8370.0,94652.0,18314054.0,0.0
017370,우신시스템,477.0,6200.0,14.44,1.11,0.73,7.693548387096774,20240305,8510.0,119057.0,18314054.0,1.67
017370,우신시스템,477.0,6200.0,14.44,1.11,0.73,7.693548387096774,20240306,8070.0,308080.0,18314054.0,-5.17
017370,우신시스템,477.0,6200.0,14.44,1.11,0.73,7.693548387096774,20240307,8130.0,90612.0,18314054.0,0.74
017370,우신시스템,477.0,6200.0,14.44,1.11,0.73,7.693548387096774,20240308,8130.0,68588.0,18314054.0,0.0
