종목코드,종목명,EPS,BPS,PER,PBR,배당수익률,ROE,날짜,종가,거래량,상장주식수,등락률
049800,우진플라임,303.0,5321.0,7.76,0.44,2.13,5.694418342416839,20240304,3030.0,14834.0,20000000.0,1.17
049800,우진플라임,303.0,5321.0,7.76,0.44,2.13,5.694418342416839,20240305,2980.0,15511.0,20000000.0,-1.65
049800,우진플라임,303.0,5321.0,7.76,0.44,2.13,5.694418342416839,20240306,2975.0,14985.0,20000000.0,-0.17
049800,우진플라임,303.0,5321.0,7.76,0.44,2.13,5.694418342416839,20240307,2650.0,269775.0,20000000.0,-10.92
049800,우진플라임,303.0,5321.0,7.76,0.44,2.13,5.694418342416839,20240308,2855.0,83974.0,20000000.0,7.74
