종목코드,종목명,EPS,BPS,PER,PBR,배당수익률,ROE,날짜,종가,거래량,상장주식수,등락률
066590,우수AMS,261.0,2109.0,11.28,1.4,0.0,12.375533428165006,20240304,3115.0,374186.0,39073104.0,-0.8
066590,우수AMS,261.0,2109.0,11.28,1.4,0.0,12.375533428165006,20240305,3140.0,235963.0,39073104.0,0.8
066590,우수AMS,261.0,2109.0,11.28,1.4,0.0,12.375533428165006,20240306,3170.0,197511.0,39073104.0,0.96
066590,우수AMS,261.0,2109.0,11.28,1.4,0.0,12.375533428165006,20240307,3200.0,301271.0,39073104.0,0.95
066590,우수AMS,261.0,2109.0,11.28,1.4,0.0,12.375533428165006,20240308,3150.0,266043.0,39073104.0,-1.56
