종목코드,종목명,EPS,BPS,PER,PBR,배당수익률,ROE,날짜,종가,거래량,상장주식수,등락률
006980,우성,4307.0,71109.0,4.07,0.25,1.71,6.056898564176124,20240304,19930.0,3541.0,3090000.0,-0.35
006980,우성,4307.0,71109.0,4.07,0.25,1.71,6.056898564176124,20240305,19860.0,3242.0,3090000.0,-0.35
006980,우성,4307.0,71109.0,4.07,0.25,1.71,6.056898564176124,20240306,19830.0,9126.0,3090000.0,-0.15
006980,우성,4307.0,71109.0,4.07,0.25,1.71,6.056898564176124,20240307,19760.0,6548.0,3090000.0,-0.35
006980,우성,4307.0,71109.0,4.07,0.25,1.71,6.056898564176124,20240308,19820.0,2131.0,3090000.0,0.3
