종목코드,종목명,EPS,BPS,PER,PBR,배당수익률,ROE,날짜,종가,거래량,상장주식수,등락률
010400,우진아이엔에스,288.0,14230.0,13.06,0.26,0.0,2.0238931834153195,20240304,5060.0,8861.0,7622000.0,-0.59
010400,우진아이엔에스,288.0,14230.0,13.06,0.26,0.0,2.0238931834153195,20240305,5080.0,3329.0,7622000.0,0.4
010400,우진아이엔에스,288.0,14230.0,13.06,0.26,0.0,2.0238931834153195,20240306,5050.0,3963.0,7622000.0,-0.59
010400,우진아이엔에스,288.0,14230.0,13.06,0.26,0.0,2.0238931834153195,20240307,5040.0,3683.0,7622000.0,-0.2
010400,우진아이엔에스,288.0,14230.0,13.06,0.26,0.0,2.0238931834153195,20240308,5030.0,7441.0,7622000.0,-0.2
