종목코드,종목명,EPS,BPS,PER,PBR,배당수익률,ROE,날짜,종가,거래량,상장주식수,등락률
005820,원림,3577.0,58550.0,4.55,0.28,3.07,6.10930828351836,20240304,18700.0,8528.0,2297970.0,2.86
005820,원림,3577.0,58550.0,4.55,0.28,3.07,6.10930828351836,20240305,19000.0,7160.0,2297970.0,1.6
005820,원림,3577.0,58550.0,4.55,0.28,3.07,6.10930828351836,20240306,18630.0,4133.0,2297970.0,-1.95
005820,원림,3577.0,58550.0,4.55,0.28,3.07,6.10930828351836,20240307,18680.0,866.0,2297970.0,0.27
005820,원림,3577.0,58550.0,4.55,0.28,3.07,6.10930828351836,20240308,19020.0,9370.0,2297970.0,1.82
