종목코드,종목명,EPS,BPS,PER,PBR,배당수익률,ROE,날짜,종가,거래량,상장주식수,등락률
014190,원익큐브,140.0,2944.0,12.21,0.58,0.0,4.755434782608696,20240304,2400.0,3100808.0,35399906.0,0.84
014190,원익큐브,140.0,2944.0,12.21,0.58,0.0,4.755434782608696,20240305,2320.0,816116.0,35399906.0,-3.33
014190,원익큐브,140.0,2944.0,12.21,0.58,0.0,4.755434782608696,20240306,2290.0,565659.0,35399906.0,-1.29
014190,원익큐브,140.0,2944.0,12.21,0.58,0.0,4.755434782608696,20240307,2160.0,748450.0,35399906.0,-5.68
014190,원익큐브,140.0,2944.0,12.21,0.58,0.0,4.755434782608696,20240308,2105.0,445369.0,35399906.0,-2.55
