종목코드,종목명,EPS,BPS,PER,PBR,배당수익률,ROE,날짜,종가,거래량,상장주식수,등락률
074600,원익QnC,1451.0,15504.0,20.4,1.91,0.19,9.35887512899897,20240304,28850.0,486331.0,26288000.0,2.85
074600,원익QnC,1451.0,15504.0,20.4,1.91,0.19,9.35887512899897,20240305,28250.0,188833.0,26288000.0,-2.08
074600,원익QnC,1451.0,15504.0,20.4,1.91,0.19,9.35887512899897,20240306,29200.0,312887.0,26288000.0,3.36
074600,원익QnC,1451.0,15504.0,20.4,1.91,0.19,9.35887512899897,20240307,30300.0,1216258.0,26288000.0,3.77
074600,원익QnC,1451.0,15504.0,20.4,1.91,0.19,9.35887512899897,20240308,30600.0,547530.0,26288000.0,0.99
