종목코드,종목명,EPS,BPS,PER,PBR,배당수익률,ROE,날짜,종가,거래량,상장주식수,등락률
382840,원준,369.0,7851.0,29.32,1.38,1.85,4.700038211692778,20240304,18290.0,38913.0,15271581.0,0.99
382840,원준,369.0,7851.0,29.32,1.38,1.85,4.700038211692778,20240305,18300.0,69793.0,15271581.0,0.05
382840,원준,369.0,7851.0,29.32,1.38,1.85,4.700038211692778,20240306,18170.0,55729.0,15271581.0,-0.71
382840,원준,369.0,7851.0,29.32,1.38,1.85,4.700038211692778,20240307,19210.0,520437.0,15271581.0,5.72
382840,원준,369.0,7851.0,29.32,1.38,1.85,4.700038211692778,20240308,19120.0,267926.0,15271581.0,-0.47
