종목코드,종목명,EPS,BPS,PER,PBR,배당수익률,ROE,날짜,종가,거래량,상장주식수,등락률
336060,웨이버스,148.0,732.0,11.13,2.25,0.0,20.21857923497268,20240304,1545.0,531934.0,48155200.0,6.92
336060,웨이버스,148.0,732.0,11.13,2.25,0.0,20.21857923497268,20240305,1487.0,255626.0,48155200.0,-3.75
336060,웨이버스,148.0,732.0,11.13,2.25,0.0,20.21857923497268,20240306,1470.0,119509.0,48155200.0,-1.14
336060,웨이버스,148.0,732.0,11.13,2.25,0.0,20.21857923497268,20240307,1464.0,195824.0,48155200.0,-0.41
336060,웨이버스,148.0,732.0,11.13,2.25,0.0,20.21857923497268,20240308,1459.0,93537.0,48155200.0,-0.34
