종목코드,종목명,EPS,BPS,PER,PBR,배당수익률,ROE,날짜,종가,거래량,상장주식수,등락률
043590,웰킵스하이텍,343.0,1598.0,2.63,0.56,0.0,21.46433041301627,20240304,1216.0,67944.0,27121387.0,-0.41
043590,웰킵스하이텍,343.0,1598.0,2.63,0.56,0.0,21.46433041301627,20240305,1181.0,97506.0,27121387.0,-2.88
043590,웰킵스하이텍,343.0,1598.0,2.63,0.56,0.0,21.46433041301627,20240306,1124.0,150502.0,27121387.0,-4.83
043590,웰킵스하이텍,343.0,1598.0,2.63,0.56,0.0,21.46433041301627,20240307,1132.0,77786.0,27121387.0,0.71
043590,웰킵스하이텍,343.0,1598.0,2.63,0.56,0.0,21.46433041301627,20240308,1145.0,71478.0,27121387.0,1.15
