종목코드,종목명,EPS,BPS,PER,PBR,배당수익률,ROE,날짜,종가,거래량,상장주식수,등락률
069080,웹젠,1955.0,21098.0,8.88,0.82,1.73,9.266281164091383,20240304,16950.0,96313.0,34950884.0,1.74
069080,웹젠,1955.0,21098.0,8.88,0.82,1.73,9.266281164091383,20240305,16860.0,42423.0,34950884.0,-0.53
069080,웹젠,1955.0,21098.0,8.88,0.82,1.73,9.266281164091383,20240306,16650.0,78512.0,34950884.0,-1.25
069080,웹젠,1955.0,21098.0,8.88,0.82,1.73,9.266281164091383,20240307,16240.0,71173.0,34950884.0,-2.46
069080,웹젠,1955.0,21098.0,8.88,0.82,1.73,9.266281164091383,20240308,15930.0,37635.0,34950884.0,-1.91
