종목코드,종목명,EPS,BPS,PER,PBR,배당수익률,ROE,날짜,종가,거래량,상장주식수,등락률
196700,웹스,70.0,2378.0,23.57,0.69,0.0,2.943650126156434,20240304,1728.0,40826.0,14364144.0,-1.26
196700,웹스,70.0,2378.0,23.57,0.69,0.0,2.943650126156434,20240305,1712.0,41721.0,14364144.0,-0.93
196700,웹스,70.0,2378.0,23.57,0.69,0.0,2.943650126156434,20240306,1698.0,23661.0,14364144.0,-0.82
196700,웹스,70.0,2378.0,23.57,0.69,0.0,2.943650126156434,20240307,1692.0,25151.0,14364144.0,-0.35
196700,웹스,70.0,2378.0,23.57,0.69,0.0,2.943650126156434,20240308,1671.0,34427.0,14364144.0,-1.24
