종목코드,종목명,EPS,BPS,PER,PBR,배당수익률,ROE,날짜,종가,거래량,상장주식수,등락률
053580,웹케시,416.0,7720.0,18.99,1.02,1.27,5.3886010362694305,20240304,10010.0,49169.0,13636248.0,-1.96
053580,웹케시,416.0,7720.0,18.99,1.02,1.27,5.3886010362694305,20240305,10220.0,29493.0,13636248.0,2.1
053580,웹케시,416.0,7720.0,18.99,1.02,1.27,5.3886010362694305,20240306,10330.0,47278.0,13636248.0,1.08
053580,웹케시,416.0,7720.0,18.99,1.02,1.27,5.3886010362694305,20240307,9940.0,51323.0,13636248.0,-3.78
053580,웹케시,416.0,7720.0,18.99,1.02,1.27,5.3886010362694305,20240308,10180.0,34065.0,13636248.0,2.41
