종목코드,종목명,EPS,BPS,PER,PBR,배당수익률,ROE,날짜,종가,거래량,상장주식수,등락률
348350,위드텍,630.0,11469.0,13.57,0.75,0.0,5.493068270991368,20240304,9660.0,9466.0,10183600.0,-0.1
348350,위드텍,630.0,11469.0,13.57,0.75,0.0,5.493068270991368,20240305,9500.0,23417.0,10183600.0,-1.66
348350,위드텍,630.0,11469.0,13.57,0.75,0.0,5.493068270991368,20240306,9250.0,35113.0,10183600.0,-2.63
348350,위드텍,630.0,11469.0,13.57,0.75,0.0,5.493068270991368,20240307,9140.0,15887.0,10183600.0,-1.19
348350,위드텍,630.0,11469.0,13.57,0.75,0.0,5.493068270991368,20240308,9230.0,11422.0,10183600.0,0.98
