종목코드,종목명,EPS,BPS,PER,PBR,배당수익률,ROE,날짜,종가,거래량,상장주식수,등락률
044340,위닉스,633.0,13257.0,11.17,0.53,4.24,4.774835935732066,20240304,9300.0,21496.0,17873425.0,1.42
044340,위닉스,633.0,13257.0,11.17,0.53,4.24,4.774835935732066,20240305,9160.0,24529.0,17873425.0,-1.51
044340,위닉스,633.0,13257.0,11.17,0.53,4.24,4.774835935732066,20240306,9120.0,7830.0,17873425.0,-0.44
044340,위닉스,633.0,13257.0,11.17,0.53,4.24,4.774835935732066,20240307,9030.0,14363.0,17873425.0,-0.99
044340,위닉스,633.0,13257.0,11.17,0.53,4.24,4.774835935732066,20240308,9070.0,20817.0,17873425.0,0.44
