종목코드,종목명,EPS,BPS,PER,PBR,배당수익률,ROE,날짜,종가,거래량,상장주식수,등락률
038620,위즈코프,23.0,1277.0,29.3,0.53,0.0,1.8010963194988252,20240304,819.0,229549.0,66546465.0,0.49
038620,위즈코프,23.0,1277.0,29.3,0.53,0.0,1.8010963194988252,20240305,818.0,455664.0,66546465.0,-0.12
038620,위즈코프,23.0,1277.0,29.3,0.53,0.0,1.8010963194988252,20240306,806.0,854512.0,66546465.0,-1.47
038620,위즈코프,23.0,1277.0,29.3,0.53,0.0,1.8010963194988252,20240307,797.0,271373.0,66546465.0,-1.12
038620,위즈코프,23.0,1277.0,29.3,0.53,0.0,1.8010963194988252,20240308,800.0,187904.0,66546465.0,0.38
