종목코드,종목명,EPS,BPS,PER,PBR,배당수익률,ROE,날짜,종가,거래량,상장주식수,등락률
299900,위지윅스튜디오,299.0,1311.0,5.18,1.18,0.0,22.807017543859647,20240304,2650.0,1928776.0,171048884.0,-3.81
299900,위지윅스튜디오,299.0,1311.0,5.18,1.18,0.0,22.807017543859647,20240305,2605.0,735859.0,171048884.0,-1.7
299900,위지윅스튜디오,299.0,1311.0,5.18,1.18,0.0,22.807017543859647,20240306,2490.0,2184999.0,171048884.0,-4.41
299900,위지윅스튜디오,299.0,1311.0,5.18,1.18,0.0,22.807017543859647,20240307,2410.0,1781615.0,171048884.0,-3.21
299900,위지윅스튜디오,299.0,1311.0,5.18,1.18,0.0,22.807017543859647,20240308,2395.0,1096154.0,171048884.0,-0.62
