종목코드,종목명,EPS,BPS,PER,PBR,배당수익률,ROE,날짜,종가,거래량,상장주식수,등락률
036200,유니셈,620.0,7288.0,13.53,1.15,0.95,8.507135016465423,20240304,8500.0,1138484.0,30664223.0,5.99
036200,유니셈,620.0,7288.0,13.53,1.15,0.95,8.507135016465423,20240305,8520.0,637430.0,30664223.0,0.24
036200,유니셈,620.0,7288.0,13.53,1.15,0.95,8.507135016465423,20240306,8750.0,677483.0,30664223.0,2.7
036200,유니셈,620.0,7288.0,13.53,1.15,0.95,8.507135016465423,20240307,8720.0,615345.0,30664223.0,-0.34
036200,유니셈,620.0,7288.0,13.53,1.15,0.95,8.507135016465423,20240308,8670.0,439763.0,30664223.0,-0.57
