종목코드,종목명,EPS,BPS,PER,PBR,배당수익률,ROE,날짜,종가,거래량,상장주식수,등락률
086390,유니테스트,332.0,7270.0,35.42,1.62,1.28,4.566712517193948,20240304,13540.0,133989.0,21134126.0,2.65
086390,유니테스트,332.0,7270.0,35.42,1.62,1.28,4.566712517193948,20240305,13900.0,207889.0,21134126.0,2.66
086390,유니테스트,332.0,7270.0,35.42,1.62,1.28,4.566712517193948,20240306,14050.0,184540.0,21134126.0,1.08
086390,유니테스트,332.0,7270.0,35.42,1.62,1.28,4.566712517193948,20240307,14130.0,296467.0,21134126.0,0.57
086390,유니테스트,332.0,7270.0,35.42,1.62,1.28,4.566712517193948,20240308,15420.0,1556539.0,21134126.0,9.13
