종목코드,종목명,EPS,BPS,PER,PBR,배당수익률,ROE,날짜,종가,거래량,상장주식수,등락률
203450,유니온커뮤니티,238.0,3087.0,12.39,0.96,2.37,7.709750566893423,20240304,3295.0,70743.0,14679007.0,0.76
203450,유니온커뮤니티,238.0,3087.0,12.39,0.96,2.37,7.709750566893423,20240305,3335.0,80147.0,14679007.0,1.21
203450,유니온커뮤니티,238.0,3087.0,12.39,0.96,2.37,7.709750566893423,20240306,3305.0,76711.0,14679007.0,-0.9
203450,유니온커뮤니티,238.0,3087.0,12.39,0.96,2.37,7.709750566893423,20240307,3220.0,46321.0,14679007.0,-2.57
203450,유니온커뮤니티,238.0,3087.0,12.39,0.96,2.37,7.709750566893423,20240308,3320.0,127837.0,14679007.0,3.11
