종목코드,종목명,EPS,BPS,PER,PBR,배당수익률,ROE,날짜,종가,거래량,상장주식수,등락률
000910,유니온,468.0,8302.0,10.34,0.58,2.58,5.63719585642014,20240304,5550.0,98462.0,15611619.0,0.73
000910,유니온,468.0,8302.0,10.34,0.58,2.58,5.63719585642014,20240305,5590.0,138097.0,15611619.0,0.72
000910,유니온,468.0,8302.0,10.34,0.58,2.58,5.63719585642014,20240306,5490.0,110934.0,15611619.0,-1.79
000910,유니온,468.0,8302.0,10.34,0.58,2.58,5.63719585642014,20240307,5350.0,155731.0,15611619.0,-2.55
000910,유니온,468.0,8302.0,10.34,0.58,2.58,5.63719585642014,20240308,5310.0,79340.0,15611619.0,-0.75
