종목코드,종목명,EPS,BPS,PER,PBR,배당수익률,ROE,날짜,종가,거래량,상장주식수,등락률
048430,유라테크,1507.0,11693.0,4.67,0.6,2.7,12.88805268109125,20240304,8010.0,23053.0,11520000.0,-0.74
048430,유라테크,1507.0,11693.0,4.67,0.6,2.7,12.88805268109125,20240305,7960.0,15143.0,11520000.0,-0.62
048430,유라테크,1507.0,11693.0,4.67,0.6,2.7,12.88805268109125,20240306,7900.0,18063.0,11520000.0,-0.75
048430,유라테크,1507.0,11693.0,4.67,0.6,2.7,12.88805268109125,20240307,8030.0,27194.0,11520000.0,1.65
048430,유라테크,1507.0,11693.0,4.67,0.6,2.7,12.88805268109125,20240308,8080.0,34197.0,11520000.0,0.62
