종목코드,종목명,EPS,BPS,PER,PBR,배당수익률,ROE,날짜,종가,거래량,상장주식수,등락률
014830,유니드,2450.0,136033.0,35.43,0.64,1.84,1.8010335727360272,20240304,77500.0,20992.0,6767600.0,-0.39
014830,유니드,2450.0,136033.0,35.43,0.64,1.84,1.8010335727360272,20240305,82000.0,65241.0,6767600.0,5.81
014830,유니드,2450.0,136033.0,35.43,0.64,1.84,1.8010335727360272,20240306,81900.0,49414.0,6767600.0,-0.12
014830,유니드,2450.0,136033.0,35.43,0.64,1.84,1.8010335727360272,20240307,78700.0,37879.0,6767600.0,-3.91
014830,유니드,2450.0,136033.0,35.43,0.64,1.84,1.8010335727360272,20240308,74200.0,99315.0,6767600.0,-5.72
