종목코드,종목명,EPS,BPS,PER,PBR,배당수익률,ROE,날짜,종가,거래량,상장주식수,등락률
446070,유니드비티플러스,81.0,18099.0,54.75,0.25,0.0,0.44753853804077576,20240304,5700.0,56799.0,10611215.0,1.24
446070,유니드비티플러스,81.0,18099.0,54.75,0.25,0.0,0.44753853804077576,20240305,5590.0,48495.0,10611215.0,-1.93
446070,유니드비티플러스,81.0,18099.0,54.75,0.25,0.0,0.44753853804077576,20240306,5550.0,23530.0,10611215.0,-0.72
446070,유니드비티플러스,81.0,18099.0,54.75,0.25,0.0,0.44753853804077576,20240307,5460.0,45434.0,10611215.0,-1.62
446070,유니드비티플러스,81.0,18099.0,54.75,0.25,0.0,0.44753853804077576,20240308,5420.0,32236.0,10611215.0,-0.73
