종목코드,종목명,EPS,BPS,PER,PBR,배당수익률,ROE,날짜,종가,거래량,상장주식수,등락률
000700,유수홀딩스,417.0,13687.0,12.93,0.39,6.49,3.0466866369547745,20240304,5700.0,29306.0,26041812.0,-0.35
000700,유수홀딩스,417.0,13687.0,12.93,0.39,6.49,3.0466866369547745,20240305,5530.0,105877.0,26041812.0,-2.98
000700,유수홀딩스,417.0,13687.0,12.93,0.39,6.49,3.0466866369547745,20240306,5540.0,18145.0,26041812.0,0.18
000700,유수홀딩스,417.0,13687.0,12.93,0.39,6.49,3.0466866369547745,20240307,5550.0,16222.0,26041812.0,0.18
000700,유수홀딩스,417.0,13687.0,12.93,0.39,6.49,3.0466866369547745,20240308,5550.0,28087.0,26041812.0,0.0
