종목코드,종목명,EPS,BPS,PER,PBR,배당수익률,ROE,날짜,종가,거래량,상장주식수,등락률
054930,유신,6698.0,42319.0,4.55,0.72,2.46,15.827406129634443,20240304,29200.0,19568.0,3000000.0,-1.18
054930,유신,6698.0,42319.0,4.55,0.72,2.46,15.827406129634443,20240305,29050.0,20175.0,3000000.0,-0.51
054930,유신,6698.0,42319.0,4.55,0.72,2.46,15.827406129634443,20240306,29100.0,12476.0,3000000.0,0.17
054930,유신,6698.0,42319.0,4.55,0.72,2.46,15.827406129634443,20240307,28950.0,11401.0,3000000.0,-0.52
054930,유신,6698.0,42319.0,4.55,0.72,2.46,15.827406129634443,20240308,28600.0,14741.0,3000000.0,-1.21
