종목코드,종목명,EPS,BPS,PER,PBR,배당수익률,ROE,날짜,종가,거래량,상장주식수,등락률
003470,유안타증권,299.0,7793.0,10.0,0.38,6.02,3.8367765943795713,20240304,2710.0,131300.0,199596576.0,0.93
003470,유안타증권,299.0,7793.0,10.0,0.38,6.02,3.8367765943795713,20240305,2685.0,223531.0,199596576.0,-0.92
003470,유안타증권,299.0,7793.0,10.0,0.38,6.02,3.8367765943795713,20240306,2640.0,161826.0,199596576.0,-1.68
003470,유안타증권,299.0,7793.0,10.0,0.38,6.02,3.8367765943795713,20240307,2645.0,71100.0,199596576.0,0.19
003470,유안타증권,299.0,7793.0,10.0,0.38,6.02,3.8367765943795713,20240308,2650.0,73894.0,199596576.0,0.19
