종목코드,종목명,EPS,BPS,PER,PBR,배당수익률,ROE,날짜,종가,거래량,상장주식수,등락률
002920,유성기업,381.0,11627.0,6.43,0.21,2.45,3.2768555947363893,20240304,2910.0,12595.0,25947500.0,-0.34
002920,유성기업,381.0,11627.0,6.43,0.21,2.45,3.2768555947363893,20240305,2870.0,19821.0,25947500.0,-1.37
002920,유성기업,381.0,11627.0,6.43,0.21,2.45,3.2768555947363893,20240306,2860.0,15354.0,25947500.0,-0.35
002920,유성기업,381.0,11627.0,6.43,0.21,2.45,3.2768555947363893,20240307,2830.0,21288.0,25947500.0,-1.05
002920,유성기업,381.0,11627.0,6.43,0.21,2.45,3.2768555947363893,20240308,2810.0,32990.0,25947500.0,-0.71
