종목코드,종목명,EPS,BPS,PER,PBR,배당수익률,ROE,날짜,종가,거래량,상장주식수,등락률
001200,유진투자증권,334.0,11018.0,13.98,0.42,1.28,3.0314031584679615,20240304,4170.0,802387.0,96866418.0,-2.34
001200,유진투자증권,334.0,11018.0,13.98,0.42,1.28,3.0314031584679615,20240305,4165.0,828124.0,96866418.0,-0.12
001200,유진투자증권,334.0,11018.0,13.98,0.42,1.28,3.0314031584679615,20240306,4180.0,397507.0,96866418.0,0.36
001200,유진투자증권,334.0,11018.0,13.98,0.42,1.28,3.0314031584679615,20240307,4065.0,565877.0,96866418.0,-2.75
001200,유진투자증권,334.0,11018.0,13.98,0.42,1.28,3.0314031584679615,20240308,4080.0,628366.0,96866418.0,0.37
