종목코드,종목명,EPS,BPS,PER,PBR,배당수익률,ROE,날짜,종가,거래량,상장주식수,등락률
084370,유진테크,1099.0,15517.0,39.17,2.77,0.46,7.082554617516272,20240304,38250.0,212267.0,22916042.0,1.59
084370,유진테크,1099.0,15517.0,39.17,2.77,0.46,7.082554617516272,20240305,35700.0,411078.0,22916042.0,-6.67
084370,유진테크,1099.0,15517.0,39.17,2.77,0.46,7.082554617516272,20240306,36250.0,229189.0,22916042.0,1.54
084370,유진테크,1099.0,15517.0,39.17,2.77,0.46,7.082554617516272,20240307,37000.0,373057.0,22916042.0,2.07
084370,유진테크,1099.0,15517.0,39.17,2.77,0.46,7.082554617516272,20240308,36500.0,215258.0,22916042.0,-1.35
