종목코드,종목명,EPS,BPS,PER,PBR,배당수익률,ROE,날짜,종가,거래량,상장주식수,등락률
049520,유아이엘,540.0,7593.0,10.63,0.76,0.0,7.111813512445673,20240304,4710.0,42258.0,21784936.0,0.21
049520,유아이엘,540.0,7593.0,10.63,0.76,0.0,7.111813512445673,20240305,4710.0,19886.0,21784936.0,0.0
049520,유아이엘,540.0,7593.0,10.63,0.76,0.0,7.111813512445673,20240306,4735.0,21397.0,21784936.0,0.53
049520,유아이엘,540.0,7593.0,10.63,0.76,0.0,7.111813512445673,20240307,4805.0,67155.0,21784936.0,1.48
049520,유아이엘,540.0,7593.0,10.63,0.76,0.0,7.111813512445673,20240308,4700.0,24463.0,21784936.0,-2.19
