종목코드,종목명,EPS,BPS,PER,PBR,배당수익률,ROE,날짜,종가,거래량,상장주식수,등락률
023410,유진기업,959.0,14368.0,3.76,0.25,4.72,6.674554565701558,20240304,3785.0,376018.0,77310863.0,-1.05
023410,유진기업,959.0,14368.0,3.76,0.25,4.72,6.674554565701558,20240305,3840.0,346369.0,77310863.0,1.45
023410,유진기업,959.0,14368.0,3.76,0.25,4.72,6.674554565701558,20240306,3755.0,368319.0,77310863.0,-2.21
023410,유진기업,959.0,14368.0,3.76,0.25,4.72,6.674554565701558,20240307,3755.0,267439.0,77310863.0,0.0
023410,유진기업,959.0,14368.0,3.76,0.25,4.72,6.674554565701558,20240308,3710.0,321287.0,77310863.0,-1.2
