종목코드,종목명,EPS,BPS,PER,PBR,배당수익률,ROE,날짜,종가,거래량,상장주식수,등락률
003460,유화증권,119.0,8346.0,18.66,0.27,5.41,1.4258327342439492,20240304,2270.0,6079.0,56702415.0,0.0
003460,유화증권,119.0,8346.0,18.66,0.27,5.41,1.4258327342439492,20240305,2265.0,12654.0,56702415.0,-0.22
003460,유화증권,119.0,8346.0,18.66,0.27,5.41,1.4258327342439492,20240306,2270.0,8927.0,56702415.0,0.22
003460,유화증권,119.0,8346.0,18.66,0.27,5.41,1.4258327342439492,20240307,2290.0,1853.0,56702415.0,0.88
003460,유화증권,119.0,8346.0,18.66,0.27,5.41,1.4258327342439492,20240308,2290.0,3110.0,56702415.0,0.0
