종목코드,종목명,EPS,BPS,PER,PBR,배당수익률,ROE,날짜,종가,거래량,상장주식수,등락률
067920,이글루,835.0,7291.0,6.54,0.75,3.3,11.452475654917022,20240304,6620.0,69551.0,10996119.0,-0.75
067920,이글루,835.0,7291.0,6.54,0.75,3.3,11.452475654917022,20240305,6670.0,86377.0,10996119.0,0.76
067920,이글루,835.0,7291.0,6.54,0.75,3.3,11.452475654917022,20240306,6580.0,53246.0,10996119.0,-1.35
067920,이글루,835.0,7291.0,6.54,0.75,3.3,11.452475654917022,20240307,6630.0,86936.0,10996119.0,0.76
067920,이글루,835.0,7291.0,6.54,0.75,3.3,11.452475654917022,20240308,6540.0,71432.0,10996119.0,-1.36
