종목코드,종목명,EPS,BPS,PER,PBR,배당수익률,ROE,날짜,종가,거래량,상장주식수,등락률
452400,이닉스,1837.0,13452.0,6.19,0.85,3.66,13.655961938745168,20240304,21550.0,362113.0,9071428.0,-6.3
452400,이닉스,1837.0,13452.0,6.19,0.85,3.66,13.655961938745168,20240305,22150.0,510386.0,9071428.0,2.78
452400,이닉스,1837.0,13452.0,6.19,0.85,3.66,13.655961938745168,20240306,22700.0,281379.0,9071428.0,2.48
452400,이닉스,1837.0,13452.0,6.19,0.85,3.66,13.655961938745168,20240307,21750.0,173336.0,9071428.0,-4.19
452400,이닉스,1837.0,13452.0,6.19,0.85,3.66,13.655961938745168,20240308,23450.0,1033435.0,9071428.0,7.82
