종목코드,종목명,EPS,BPS,PER,PBR,배당수익률,ROE,날짜,종가,거래량,상장주식수,등락률
344860,이노진,120.0,1340.0,16.75,1.5,1.49,8.955223880597014,20240304,2425.0,101438.0,12030000.0,3.63
344860,이노진,120.0,1340.0,16.75,1.5,1.49,8.955223880597014,20240305,2370.0,250706.0,12030000.0,-2.27
344860,이노진,120.0,1340.0,16.75,1.5,1.49,8.955223880597014,20240306,2345.0,48946.0,12030000.0,-1.05
344860,이노진,120.0,1340.0,16.75,1.5,1.49,8.955223880597014,20240307,2320.0,40775.0,12030000.0,-1.07
344860,이노진,120.0,1340.0,16.75,1.5,1.49,8.955223880597014,20240308,2320.0,40698.0,12030000.0,0.0
