종목코드,종목명,EPS,BPS,PER,PBR,배당수익률,ROE,날짜,종가,거래량,상장주식수,등락률
214320,이노션,2544.0,22771.0,7.81,0.87,5.91,11.172104870229678,20240304,21900.0,40250.0,40000000.0,0.0
214320,이노션,2544.0,22771.0,7.81,0.87,5.91,11.172104870229678,20240305,21900.0,42701.0,40000000.0,0.0
214320,이노션,2544.0,22771.0,7.81,0.87,5.91,11.172104870229678,20240306,21800.0,57554.0,40000000.0,-0.46
214320,이노션,2544.0,22771.0,7.81,0.87,5.91,11.172104870229678,20240307,21650.0,73639.0,40000000.0,-0.69
214320,이노션,2544.0,22771.0,7.81,0.87,5.91,11.172104870229678,20240308,21750.0,42695.0,40000000.0,0.46
