종목코드,종목명,EPS,BPS,PER,PBR,배당수익률,ROE,날짜,종가,거래량,상장주식수,등락률
065440,이루온,141.0,1706.0,9.99,0.83,0.0,8.264947245017586,20240304,1836.0,104824.0,27275020.0,0.16
065440,이루온,141.0,1706.0,9.99,0.83,0.0,8.264947245017586,20240305,1810.0,220572.0,27275020.0,-1.42
065440,이루온,141.0,1706.0,9.99,0.83,0.0,8.264947245017586,20240306,1812.0,120988.0,27275020.0,0.11
065440,이루온,141.0,1706.0,9.99,0.83,0.0,8.264947245017586,20240307,1814.0,96195.0,27275020.0,0.11
065440,이루온,141.0,1706.0,9.99,0.83,0.0,8.264947245017586,20240308,1785.0,127843.0,27275020.0,-1.6
