종목코드,종목명,EPS,BPS,PER,PBR,배당수익률,ROE,날짜,종가,거래량,상장주식수,등락률
272290,이녹스첨단소재,1673.0,20702.0,18.23,1.47,0.82,8.081344797604096,20240304,31800.0,291959.0,20201658.0,0.47
272290,이녹스첨단소재,1673.0,20702.0,18.23,1.47,0.82,8.081344797604096,20240305,30350.0,176468.0,20201658.0,-4.56
272290,이녹스첨단소재,1673.0,20702.0,18.23,1.47,0.82,8.081344797604096,20240306,31800.0,795200.0,20201658.0,4.78
272290,이녹스첨단소재,1673.0,20702.0,18.23,1.47,0.82,8.081344797604096,20240307,33100.0,685355.0,20201658.0,4.09
272290,이녹스첨단소재,1673.0,20702.0,18.23,1.47,0.82,8.081344797604096,20240308,32800.0,245242.0,20201658.0,-0.91
