종목코드,종목명,EPS,BPS,PER,PBR,배당수익률,ROE,날짜,종가,거래량,상장주식수,등락률
303530,이노뎁,144.0,5510.0,58.4,1.53,0.0,2.613430127041742,20240304,13100.0,181176.0,7339299.0,-0.46
303530,이노뎁,144.0,5510.0,58.4,1.53,0.0,2.613430127041742,20240305,12970.0,157456.0,7339299.0,-0.99
303530,이노뎁,144.0,5510.0,58.4,1.53,0.0,2.613430127041742,20240306,12750.0,114835.0,7339299.0,-1.7
303530,이노뎁,144.0,5510.0,58.4,1.53,0.0,2.613430127041742,20240307,12570.0,91121.0,7339299.0,-1.41
303530,이노뎁,144.0,5510.0,58.4,1.53,0.0,2.613430127041742,20240308,12400.0,94590.0,7339299.0,-1.35
