종목코드,종목명,EPS,BPS,PER,PBR,배당수익률,ROE,날짜,종가,거래량,상장주식수,등락률
054210,이랜텍,659.0,9538.0,11.47,0.79,1.06,6.909205284126651,20240304,8820.0,71440.0,25291210.0,-1.12
054210,이랜텍,659.0,9538.0,11.47,0.79,1.06,6.909205284126651,20240305,8700.0,100872.0,25291210.0,-1.36
054210,이랜텍,659.0,9538.0,11.47,0.79,1.06,6.909205284126651,20240306,8700.0,60517.0,25291210.0,0.0
054210,이랜텍,659.0,9538.0,11.47,0.79,1.06,6.909205284126651,20240307,8600.0,105951.0,25291210.0,-1.15
054210,이랜텍,659.0,9538.0,11.47,0.79,1.06,6.909205284126651,20240308,8750.0,53765.0,25291210.0,1.74
