종목코드,종목명,EPS,BPS,PER,PBR,배당수익률,ROE,날짜,종가,거래량,상장주식수,등락률
102460,이연제약,195.0,13556.0,72.15,1.04,1.07,1.4384774269696077,20240304,14800.0,19379.0,18586811.0,-1.0
102460,이연제약,195.0,13556.0,72.15,1.04,1.07,1.4384774269696077,20240305,15180.0,26573.0,18586811.0,2.57
102460,이연제약,195.0,13556.0,72.15,1.04,1.07,1.4384774269696077,20240306,15140.0,30543.0,18586811.0,-0.26
102460,이연제약,195.0,13556.0,72.15,1.04,1.07,1.4384774269696077,20240307,15120.0,21225.0,18586811.0,-0.13
102460,이연제약,195.0,13556.0,72.15,1.04,1.07,1.4384774269696077,20240308,15700.0,54756.0,18586811.0,3.84
