종목코드,종목명,EPS,BPS,PER,PBR,배당수익률,ROE,날짜,종가,거래량,상장주식수,등락률
007660,이수페타시스,755.0,4218.0,57.68,10.32,0.23,17.899478425794214,20240304,36700.0,17615376.0,63246419.0,20.13
007660,이수페타시스,755.0,4218.0,57.68,10.32,0.23,17.899478425794214,20240305,38500.0,17697441.0,63246419.0,4.9
007660,이수페타시스,755.0,4218.0,57.68,10.32,0.23,17.899478425794214,20240306,39200.0,9913885.0,63246419.0,1.82
007660,이수페타시스,755.0,4218.0,57.68,10.32,0.23,17.899478425794214,20240307,38100.0,11692679.0,63246419.0,-2.81
007660,이수페타시스,755.0,4218.0,57.68,10.32,0.23,17.899478425794214,20240308,39200.0,9922697.0,63246419.0,2.89
