종목코드,종목명,EPS,BPS,PER,PBR,배당수익률,ROE,날짜,종가,거래량,상장주식수,등락률
080010,이상네트웍스,620.0,12329.0,8.89,0.45,13.97,5.0287939005596565,20240304,5470.0,19907.0,10000000.0,0.18
080010,이상네트웍스,620.0,12329.0,8.89,0.45,13.97,5.0287939005596565,20240305,5470.0,17572.0,10000000.0,0.0
080010,이상네트웍스,620.0,12329.0,8.89,0.45,13.97,5.0287939005596565,20240306,5460.0,15748.0,10000000.0,-0.18
080010,이상네트웍스,620.0,12329.0,8.89,0.45,13.97,5.0287939005596565,20240307,5440.0,15540.0,10000000.0,-0.37
080010,이상네트웍스,620.0,12329.0,8.89,0.45,13.97,5.0287939005596565,20240308,5440.0,20309.0,10000000.0,0.0
