종목코드,종목명,EPS,BPS,PER,PBR,배당수익률,ROE,날짜,종가,거래량,상장주식수,등락률
067010,이씨에스,378.0,4538.0,8.15,0.68,3.9,8.329660643455266,20240304,3745.0,30409.0,12294000.0,0.0
067010,이씨에스,378.0,4538.0,8.15,0.68,3.9,8.329660643455266,20240305,3710.0,32168.0,12294000.0,-0.93
067010,이씨에스,378.0,4538.0,8.15,0.68,3.9,8.329660643455266,20240306,3700.0,23050.0,12294000.0,-0.27
067010,이씨에스,378.0,4538.0,8.15,0.68,3.9,8.329660643455266,20240307,3630.0,48205.0,12294000.0,-1.89
067010,이씨에스,378.0,4538.0,8.15,0.68,3.9,8.329660643455266,20240308,3665.0,19873.0,12294000.0,0.96
