종목코드,종목명,EPS,BPS,PER,PBR,배당수익률,ROE,날짜,종가,거래량,상장주식수,등락률
086890,이수앱지스,108.0,2230.0,63.06,3.05,0.0,4.843049327354261,20240304,5810.0,67725.0,34611239.0,0.35
086890,이수앱지스,108.0,2230.0,63.06,3.05,0.0,4.843049327354261,20240305,5800.0,61618.0,34611239.0,-0.17
086890,이수앱지스,108.0,2230.0,63.06,3.05,0.0,4.843049327354261,20240306,6020.0,252879.0,34611239.0,3.79
086890,이수앱지스,108.0,2230.0,63.06,3.05,0.0,4.843049327354261,20240307,5990.0,134569.0,34611239.0,-0.5
086890,이수앱지스,108.0,2230.0,63.06,3.05,0.0,4.843049327354261,20240308,6110.0,126510.0,34611239.0,2.0
