종목코드,종목명,EPS,BPS,PER,PBR,배당수익률,ROE,날짜,종가,거래량,상장주식수,등락률
039030,이오테크닉스,3026.0,45930.0,54.86,3.61,0.27,6.588286522969737,20240304,205500.0,295571.0,12319550.0,0.49
039030,이오테크닉스,3026.0,45930.0,54.86,3.61,0.27,6.588286522969737,20240305,204500.0,146355.0,12319550.0,-0.49
039030,이오테크닉스,3026.0,45930.0,54.86,3.61,0.27,6.588286522969737,20240306,206000.0,101924.0,12319550.0,0.73
039030,이오테크닉스,3026.0,45930.0,54.86,3.61,0.27,6.588286522969737,20240307,197100.0,176425.0,12319550.0,-4.32
039030,이오테크닉스,3026.0,45930.0,54.86,3.61,0.27,6.588286522969737,20240308,198100.0,148393.0,12319550.0,0.51
