종목코드,종목명,EPS,BPS,PER,PBR,배당수익률,ROE,날짜,종가,거래량,상장주식수,등락률
134060,이퓨쳐,337.0,5461.0,14.11,0.87,0.0,6.171030946713056,20240304,5180.0,8051.0,4769250.0,-1.15
134060,이퓨쳐,337.0,5461.0,14.11,0.87,0.0,6.171030946713056,20240305,5070.0,4081.0,4769250.0,-2.12
134060,이퓨쳐,337.0,5461.0,14.11,0.87,0.0,6.171030946713056,20240306,5110.0,2377.0,4769250.0,0.79
134060,이퓨쳐,337.0,5461.0,14.11,0.87,0.0,6.171030946713056,20240307,5000.0,5872.0,4769250.0,-2.15
134060,이퓨쳐,337.0,5461.0,14.11,0.87,0.0,6.171030946713056,20240308,5050.0,5994.0,4769250.0,1.0
