종목코드,종목명,EPS,BPS,PER,PBR,배당수익률,ROE,날짜,종가,거래량,상장주식수,등락률
037330,인지디스플레,370.0,4618.0,4.61,0.37,2.93,8.012126461671718,20240304,2145.0,915432.0,43885224.0,0.94
037330,인지디스플레,370.0,4618.0,4.61,0.37,2.93,8.012126461671718,20240305,2065.0,660205.0,43885224.0,-3.73
037330,인지디스플레,370.0,4618.0,4.61,0.37,2.93,8.012126461671718,20240306,2065.0,320442.0,43885224.0,0.0
037330,인지디스플레,370.0,4618.0,4.61,0.37,2.93,8.012126461671718,20240307,2000.0,531301.0,43885224.0,-3.15
037330,인지디스플레,370.0,4618.0,4.61,0.37,2.93,8.012126461671718,20240308,2045.0,300418.0,43885224.0,2.25
