종목코드,종목명,EPS,BPS,PER,PBR,배당수익률,ROE,날짜,종가,거래량,상장주식수,등락률
023800,인지컨트롤스,922.0,13906.0,7.45,0.49,2.91,6.630231554724579,20240304,8320.0,147814.0,15809197.0,0.73
023800,인지컨트롤스,922.0,13906.0,7.45,0.49,2.91,6.630231554724579,20240305,8090.0,110242.0,15809197.0,-2.76
023800,인지컨트롤스,922.0,13906.0,7.45,0.49,2.91,6.630231554724579,20240306,8110.0,83775.0,15809197.0,0.25
023800,인지컨트롤스,922.0,13906.0,7.45,0.49,2.91,6.630231554724579,20240307,7900.0,110697.0,15809197.0,-2.59
023800,인지컨트롤스,922.0,13906.0,7.45,0.49,2.91,6.630231554724579,20240308,7960.0,72459.0,15809197.0,0.76
