종목코드,종목명,EPS,BPS,PER,PBR,배당수익률,ROE,날짜,종가,거래량,상장주식수,등락률
129260,인터지스,475.0,9198.0,4.79,0.25,4.4,5.164166123070232,20240304,2380.0,68598.0,29747874.0,-0.42
129260,인터지스,475.0,9198.0,4.79,0.25,4.4,5.164166123070232,20240305,2350.0,77354.0,29747874.0,-1.26
129260,인터지스,475.0,9198.0,4.79,0.25,4.4,5.164166123070232,20240306,2340.0,79864.0,29747874.0,-0.43
129260,인터지스,475.0,9198.0,4.79,0.25,4.4,5.164166123070232,20240307,2345.0,46908.0,29747874.0,0.21
129260,인터지스,475.0,9198.0,4.79,0.25,4.4,5.164166123070232,20240308,2345.0,54486.0,29747874.0,0.0
