종목코드,종목명,EPS,BPS,PER,PBR,배당수익률,ROE,날짜,종가,거래량,상장주식수,등락률
115310,인포바인,3341.0,49587.0,6.0,0.4,4.49,6.737653013894771,20240304,22250.0,3156.0,3192883.0,0.0
115310,인포바인,3341.0,49587.0,6.0,0.4,4.49,6.737653013894771,20240305,22250.0,5783.0,3192883.0,0.0
115310,인포바인,3341.0,49587.0,6.0,0.4,4.49,6.737653013894771,20240306,22200.0,1841.0,3192883.0,-0.22
115310,인포바인,3341.0,49587.0,6.0,0.4,4.49,6.737653013894771,20240307,22150.0,2321.0,3192883.0,-0.23
115310,인포바인,3341.0,49587.0,6.0,0.4,4.49,6.737653013894771,20240308,22350.0,16346.0,3192883.0,0.9
