종목코드,종목명,EPS,BPS,PER,PBR,배당수익률,ROE,날짜,종가,거래량,상장주식수,등락률
019540,일지테크,2444.0,9284.0,1.78,0.47,2.29,26.324859974149074,20240304,4455.0,84261.0,13513500.0,-0.56
019540,일지테크,2444.0,9284.0,1.78,0.47,2.29,26.324859974149074,20240305,4460.0,36127.0,13513500.0,0.11
019540,일지테크,2444.0,9284.0,1.78,0.47,2.29,26.324859974149074,20240306,4585.0,72326.0,13513500.0,2.8
019540,일지테크,2444.0,9284.0,1.78,0.47,2.29,26.324859974149074,20240307,4705.0,269015.0,13513500.0,2.62
019540,일지테크,2444.0,9284.0,1.78,0.47,2.29,26.324859974149074,20240308,4920.0,4648301.0,13513500.0,4.57
