종목코드,종목명,EPS,BPS,PER,PBR,배당수익률,ROE,날짜,종가,거래량,상장주식수,등락률
333430,일승,125.0,1237.0,31.44,3.18,0.0,10.105092966855295,20240304,2840.0,90747.0,30726747.0,1.25
333430,일승,125.0,1237.0,31.44,3.18,0.0,10.105092966855295,20240305,2810.0,77274.0,30726747.0,-1.06
333430,일승,125.0,1237.0,31.44,3.18,0.0,10.105092966855295,20240306,2765.0,49729.0,30726747.0,-1.6
333430,일승,125.0,1237.0,31.44,3.18,0.0,10.105092966855295,20240307,2810.0,60428.0,30726747.0,1.63
333430,일승,125.0,1237.0,31.44,3.18,0.0,10.105092966855295,20240308,2780.0,56932.0,30726747.0,-1.07
