종목코드,종목명,EPS,BPS,PER,PBR,배당수익률,ROE,날짜,종가,거래량,상장주식수,등락률
103590,일진전기,881.0,9465.0,26.22,2.44,0.95,9.30797675647121,20240304,11960.0,5439980.0,47685390.0,14.45
103590,일진전기,881.0,9465.0,26.22,2.44,0.95,9.30797675647121,20240305,12300.0,1743096.0,47685390.0,2.84
103590,일진전기,881.0,9465.0,26.22,2.44,0.95,9.30797675647121,20240306,12930.0,3284585.0,47685390.0,5.12
103590,일진전기,881.0,9465.0,26.22,2.44,0.95,9.30797675647121,20240307,12050.0,1243502.0,47685390.0,-6.81
103590,일진전기,881.0,9465.0,26.22,2.44,0.95,9.30797675647121,20240308,12750.0,1542759.0,47685390.0,5.81
