종목코드,종목명,EPS,BPS,PER,PBR,배당수익률,ROE,날짜,종가,거래량,상장주식수,등락률
094820,일진파워,635.0,8668.0,17.37,1.27,2.99,7.325796031379787,20240304,11550.0,69808.0,15078709.0,-0.69
094820,일진파워,635.0,8668.0,17.37,1.27,2.99,7.325796031379787,20240305,11490.0,62869.0,15078709.0,-0.52
094820,일진파워,635.0,8668.0,17.37,1.27,2.99,7.325796031379787,20240306,11520.0,70378.0,15078709.0,0.26
094820,일진파워,635.0,8668.0,17.37,1.27,2.99,7.325796031379787,20240307,11090.0,119629.0,15078709.0,-3.73
094820,일진파워,635.0,8668.0,17.37,1.27,2.99,7.325796031379787,20240308,11230.0,894081.0,15078709.0,1.26
