종목코드,종목명,EPS,BPS,PER,PBR,배당수익률,ROE,날짜,종가,거래량,상장주식수,등락률
013360,일성건설,57.0,2309.0,26.67,0.66,0.0,2.468601126028584,20240304,1225.0,65265.0,54024880.0,-0.08
013360,일성건설,57.0,2309.0,26.67,0.66,0.0,2.468601126028584,20240305,1197.0,119679.0,54024880.0,-2.29
013360,일성건설,57.0,2309.0,26.67,0.66,0.0,2.468601126028584,20240306,1187.0,185650.0,54024880.0,-0.84
013360,일성건설,57.0,2309.0,26.67,0.66,0.0,2.468601126028584,20240307,1176.0,143411.0,54024880.0,-0.93
013360,일성건설,57.0,2309.0,26.67,0.66,0.0,2.468601126028584,20240308,1173.0,80314.0,54024880.0,-0.26
