종목코드,종목명,EPS,BPS,PER,PBR,배당수익률,ROE,날짜,종가,거래량,상장주식수,등락률
068330,일신바이오,148.0,1369.0,8.65,0.93,0.55,10.81081081081081,20240304,1377.0,36324.0,44216140.0,0.22
068330,일신바이오,148.0,1369.0,8.65,0.93,0.55,10.81081081081081,20240305,1360.0,27316.0,44216140.0,-1.23
068330,일신바이오,148.0,1369.0,8.65,0.93,0.55,10.81081081081081,20240306,1352.0,31749.0,44216140.0,-0.59
068330,일신바이오,148.0,1369.0,8.65,0.93,0.55,10.81081081081081,20240307,1353.0,48637.0,44216140.0,0.07
068330,일신바이오,148.0,1369.0,8.65,0.93,0.55,10.81081081081081,20240308,1349.0,75167.0,44216140.0,-0.3
