종목코드,종목명,EPS,BPS,PER,PBR,배당수익률,ROE,날짜,종가,거래량,상장주식수,등락률
226320,잇츠한불,193.0,20949.0,67.56,0.62,1.15,0.9212850255382118,20240304,11700.0,17464.0,21929315.0,0.26
226320,잇츠한불,193.0,20949.0,67.56,0.62,1.15,0.9212850255382118,20240305,11680.0,16342.0,21929315.0,-0.17
226320,잇츠한불,193.0,20949.0,67.56,0.62,1.15,0.9212850255382118,20240306,11670.0,18477.0,21929315.0,-0.09
226320,잇츠한불,193.0,20949.0,67.56,0.62,1.15,0.9212850255382118,20240307,11600.0,22466.0,21929315.0,-0.6
226320,잇츠한불,193.0,20949.0,67.56,0.62,1.15,0.9212850255382118,20240308,11620.0,12346.0,21929315.0,0.17
