종목코드,종목명,EPS,BPS,PER,PBR,배당수익률,ROE,날짜,종가,거래량,상장주식수,등락률
043910,자연과환경,48.0,811.0,16.52,0.98,0.0,5.9186189889025895,20240304,1052.0,201261.0,81391457.0,-0.09
043910,자연과환경,48.0,811.0,16.52,0.98,0.0,5.9186189889025895,20240305,1053.0,348882.0,81391457.0,0.1
043910,자연과환경,48.0,811.0,16.52,0.98,0.0,5.9186189889025895,20240306,1047.0,209256.0,81391457.0,-0.57
043910,자연과환경,48.0,811.0,16.52,0.98,0.0,5.9186189889025895,20240307,1035.0,519396.0,81391457.0,-1.15
043910,자연과환경,48.0,811.0,16.52,0.98,0.0,5.9186189889025895,20240308,1032.0,373855.0,81391457.0,-0.29
