종목코드,종목명,EPS,BPS,PER,PBR,배당수익률,ROE,날짜,종가,거래량,상장주식수,등락률
045510,정원엔시스,54.0,1367.0,20.28,0.8,0.0,3.9502560351133873,20240304,1163.0,14458.0,32209292.0,-4.36
045510,정원엔시스,54.0,1367.0,20.28,0.8,0.0,3.9502560351133873,20240305,1185.0,45060.0,32209292.0,1.89
045510,정원엔시스,54.0,1367.0,20.28,0.8,0.0,3.9502560351133873,20240306,1220.0,54827.0,32209292.0,2.95
045510,정원엔시스,54.0,1367.0,20.28,0.8,0.0,3.9502560351133873,20240307,1246.0,23774.0,32209292.0,2.13
045510,정원엔시스,54.0,1367.0,20.28,0.8,0.0,3.9502560351133873,20240308,1260.0,21206.0,32209292.0,1.12
