종목코드,종목명,EPS,BPS,PER,PBR,배당수익률,ROE,날짜,종가,거래량,상장주식수,등락률
040420,정상제이엘에스,891.0,5619.0,7.41,1.17,8.03,15.856914041644421,20240304,6920.0,12306.0,15677552.0,0.14
040420,정상제이엘에스,891.0,5619.0,7.41,1.17,8.03,15.856914041644421,20240305,6920.0,12283.0,15677552.0,0.0
040420,정상제이엘에스,891.0,5619.0,7.41,1.17,8.03,15.856914041644421,20240306,6930.0,11410.0,15677552.0,0.14
040420,정상제이엘에스,891.0,5619.0,7.41,1.17,8.03,15.856914041644421,20240307,6930.0,10993.0,15677552.0,0.0
040420,정상제이엘에스,891.0,5619.0,7.41,1.17,8.03,15.856914041644421,20240308,6920.0,9806.0,15677552.0,-0.14
