종목코드,종목명,EPS,BPS,PER,PBR,배당수익률,ROE,날짜,종가,거래량,상장주식수,등락률
122310,제노레이,912.0,6982.0,6.91,0.9,2.54,13.062159839587512,20240304,6660.0,50550.0,14553844.0,-0.89
122310,제노레이,912.0,6982.0,6.91,0.9,2.54,13.062159839587512,20240305,6600.0,80645.0,14553844.0,-0.9
122310,제노레이,912.0,6982.0,6.91,0.9,2.54,13.062159839587512,20240306,6620.0,53247.0,14553844.0,0.3
122310,제노레이,912.0,6982.0,6.91,0.9,2.54,13.062159839587512,20240307,6550.0,30120.0,14553844.0,-1.06
122310,제노레이,912.0,6982.0,6.91,0.9,2.54,13.062159839587512,20240308,6700.0,36724.0,14553844.0,2.29
