종목코드,종목명,EPS,BPS,PER,PBR,배당수익률,ROE,날짜,종가,거래량,상장주식수,등락률
361390,제노코,221.0,4645.0,72.94,3.47,0.31,4.757804090419807,20240304,15530.0,52979.0,7500789.0,-2.08
361390,제노코,221.0,4645.0,72.94,3.47,0.31,4.757804090419807,20240305,15400.0,22964.0,7500789.0,-0.84
361390,제노코,221.0,4645.0,72.94,3.47,0.31,4.757804090419807,20240306,15770.0,26267.0,7500789.0,2.4
361390,제노코,221.0,4645.0,72.94,3.47,0.31,4.757804090419807,20240307,15500.0,20249.0,7500789.0,-1.71
361390,제노코,221.0,4645.0,72.94,3.47,0.31,4.757804090419807,20240308,15790.0,19623.0,7500789.0,1.87
