종목코드,종목명,EPS,BPS,PER,PBR,배당수익률,ROE,날짜,종가,거래량,상장주식수,등락률
418550,제이오,608.0,4585.0,29.11,3.86,0.0,13.26063249727372,20240304,28200.0,588824.0,31565773.0,-0.7
418550,제이오,608.0,4585.0,29.11,3.86,0.0,13.26063249727372,20240305,26850.0,413485.0,31565773.0,-4.79
418550,제이오,608.0,4585.0,29.11,3.86,0.0,13.26063249727372,20240306,28350.0,943501.0,31565773.0,5.59
418550,제이오,608.0,4585.0,29.11,3.86,0.0,13.26063249727372,20240307,29650.0,921443.0,31565773.0,4.59
418550,제이오,608.0,4585.0,29.11,3.86,0.0,13.26063249727372,20240308,28500.0,742279.0,31565773.0,-3.88
