종목코드,종목명,EPS,BPS,PER,PBR,배당수익률,ROE,날짜,종가,거래량,상장주식수,등락률
089590,제주항공,1650.0,3862.0,5.85,2.5,0.0,42.72397721387882,20240304,10690.0,379829.0,80640985.0,-3.95
089590,제주항공,1650.0,3862.0,5.85,2.5,0.0,42.72397721387882,20240305,10720.0,167943.0,80640985.0,0.28
089590,제주항공,1650.0,3862.0,5.85,2.5,0.0,42.72397721387882,20240306,10650.0,125219.0,80640985.0,-0.65
089590,제주항공,1650.0,3862.0,5.85,2.5,0.0,42.72397721387882,20240307,10640.0,142582.0,80640985.0,-0.09
089590,제주항공,1650.0,3862.0,5.85,2.5,0.0,42.72397721387882,20240308,10770.0,174524.0,80640985.0,1.22
