종목코드,종목명,EPS,BPS,PER,PBR,배당수익률,ROE,날짜,종가,거래량,상장주식수,등락률
137950,제이씨케미칼,946.0,7504.0,5.62,0.71,2.82,12.606609808102345,20240304,6830.0,42765.0,22267814.0,-0.73
137950,제이씨케미칼,946.0,7504.0,5.62,0.71,2.82,12.606609808102345,20240305,6770.0,46881.0,22267814.0,-0.88
137950,제이씨케미칼,946.0,7504.0,5.62,0.71,2.82,12.606609808102345,20240306,6760.0,56332.0,22267814.0,-0.15
137950,제이씨케미칼,946.0,7504.0,5.62,0.71,2.82,12.606609808102345,20240307,6740.0,31924.0,22267814.0,-0.3
137950,제이씨케미칼,946.0,7504.0,5.62,0.71,2.82,12.606609808102345,20240308,6730.0,32861.0,22267814.0,-0.15
