종목코드,종목명,EPS,BPS,PER,PBR,배당수익률,ROE,날짜,종가,거래량,상장주식수,등락률
006220,제주은행,66.0,16678.0,148.79,0.59,1.02,0.3957309029859695,20240304,12100.0,1312876.0,32128774.0,0.08
006220,제주은행,66.0,16678.0,148.79,0.59,1.02,0.3957309029859695,20240305,12100.0,2930372.0,32128774.0,0.0
006220,제주은행,66.0,16678.0,148.79,0.59,1.02,0.3957309029859695,20240306,12400.0,3045161.0,32128774.0,2.48
006220,제주은행,66.0,16678.0,148.79,0.59,1.02,0.3957309029859695,20240307,12360.0,2905436.0,32128774.0,-0.32
006220,제주은행,66.0,16678.0,148.79,0.59,1.02,0.3957309029859695,20240308,12030.0,1232557.0,32128774.0,-2.67
