종목코드,종목명,EPS,BPS,PER,PBR,배당수익률,ROE,날짜,종가,거래량,상장주식수,등락률
054950,제이브이엠,2278.0,15584.0,10.03,1.47,1.75,14.617556468172484,20240304,26400.0,236285.0,12089892.0,-3.3
054950,제이브이엠,2278.0,15584.0,10.03,1.47,1.75,14.617556468172484,20240305,26150.0,53489.0,12089892.0,-0.95
054950,제이브이엠,2278.0,15584.0,10.03,1.47,1.75,14.617556468172484,20240306,26950.0,130013.0,12089892.0,3.06
054950,제이브이엠,2278.0,15584.0,10.03,1.47,1.75,14.617556468172484,20240307,26250.0,71452.0,12089892.0,-2.6
054950,제이브이엠,2278.0,15584.0,10.03,1.47,1.75,14.617556468172484,20240308,26200.0,78794.0,12089892.0,-0.19
