종목코드,종목명,EPS,BPS,PER,PBR,배당수익률,ROE,날짜,종가,거래량,상장주식수,등락률
089790,제이티,601.0,6552.0,10.85,1.0,0.0,9.172771672771672,20240304,10040.0,237767.0,10315513.0,3.19
089790,제이티,601.0,6552.0,10.85,1.0,0.0,9.172771672771672,20240305,10070.0,118909.0,10315513.0,0.3
089790,제이티,601.0,6552.0,10.85,1.0,0.0,9.172771672771672,20240306,10180.0,177300.0,10315513.0,1.09
089790,제이티,601.0,6552.0,10.85,1.0,0.0,9.172771672771672,20240307,10150.0,242394.0,10315513.0,-0.29
089790,제이티,601.0,6552.0,10.85,1.0,0.0,9.172771672771672,20240308,10170.0,213333.0,10315513.0,0.2
