종목코드,종목명,EPS,BPS,PER,PBR,배당수익률,ROE,날짜,종가,거래량,상장주식수,등락률
079370,제우스,324.0,9813.0,41.57,1.37,0.74,3.301742586365026,20240304,21000.0,1951995.0,31016990.0,1.94
079370,제우스,324.0,9813.0,41.57,1.37,0.74,3.301742586365026,20240305,20650.0,1100202.0,31016990.0,-1.67
079370,제우스,324.0,9813.0,41.57,1.37,0.74,3.301742586365026,20240306,20400.0,1745549.0,31016990.0,-1.21
079370,제우스,324.0,9813.0,41.57,1.37,0.74,3.301742586365026,20240307,20250.0,1854989.0,31016990.0,-0.74
079370,제우스,324.0,9813.0,41.57,1.37,0.74,3.301742586365026,20240308,20500.0,1423157.0,31016990.0,1.23
