종목코드,종목명,EPS,BPS,PER,PBR,배당수익률,ROE,날짜,종가,거래량,상장주식수,등락률
026040,제이에스티나,54.0,3018.0,35.41,0.63,5.23,1.7892644135188867,20240304,2050.0,22005.0,16503790.0,0.99
026040,제이에스티나,54.0,3018.0,35.41,0.63,5.23,1.7892644135188867,20240305,2035.0,51216.0,16503790.0,-0.73
026040,제이에스티나,54.0,3018.0,35.41,0.63,5.23,1.7892644135188867,20240306,2050.0,14859.0,16503790.0,0.74
026040,제이에스티나,54.0,3018.0,35.41,0.63,5.23,1.7892644135188867,20240307,2070.0,12319.0,16503790.0,0.98
026040,제이에스티나,54.0,3018.0,35.41,0.63,5.23,1.7892644135188867,20240308,2060.0,11115.0,16503790.0,-0.48
