종목코드,종목명,EPS,BPS,PER,PBR,배당수익률,ROE,날짜,종가,거래량,상장주식수,등락률
002600,조흥,592.0,249400.0,289.36,0.69,3.5,0.23736968724939858,20240304,168100.0,14.0,600000.0,0.0
002600,조흥,592.0,249400.0,289.36,0.69,3.5,0.23736968724939858,20240305,169600.0,22.0,600000.0,0.89
002600,조흥,592.0,249400.0,289.36,0.69,3.5,0.23736968724939858,20240306,171800.0,70.0,600000.0,1.3
002600,조흥,592.0,249400.0,289.36,0.69,3.5,0.23736968724939858,20240307,172000.0,43.0,600000.0,0.12
002600,조흥,592.0,249400.0,289.36,0.69,3.5,0.23736968724939858,20240308,172000.0,23.0,600000.0,0.0
