종목코드,종목명,EPS,BPS,PER,PBR,배당수익률,ROE,날짜,종가,거래량,상장주식수,등락률
036930,주성엔지니어링,716.0,10890.0,37.85,2.49,0.18,6.574839302112029,20240304,38050.0,2773989.0,48249212.0,3.54
036930,주성엔지니어링,716.0,10890.0,37.85,2.49,0.18,6.574839302112029,20240305,37450.0,1212439.0,48249212.0,-1.58
036930,주성엔지니어링,716.0,10890.0,37.85,2.49,0.18,6.574839302112029,20240306,37350.0,955225.0,48249212.0,-0.27
036930,주성엔지니어링,716.0,10890.0,37.85,2.49,0.18,6.574839302112029,20240307,36650.0,1380217.0,48249212.0,-1.87
036930,주성엔지니어링,716.0,10890.0,37.85,2.49,0.18,6.574839302112029,20240308,36750.0,1013671.0,48249212.0,0.27
