종목코드,종목명,EPS,BPS,PER,PBR,배당수익률,ROE,날짜,종가,거래량,상장주식수,등락률
072020,중앙백신,621.0,10333.0,17.13,1.03,1.41,6.009871286170522,20240304,10460.0,28374.0,9658687.0,0.0
072020,중앙백신,621.0,10333.0,17.13,1.03,1.41,6.009871286170522,20240305,10470.0,23806.0,9658687.0,0.1
072020,중앙백신,621.0,10333.0,17.13,1.03,1.41,6.009871286170522,20240306,10420.0,25557.0,9658687.0,-0.48
072020,중앙백신,621.0,10333.0,17.13,1.03,1.41,6.009871286170522,20240307,10410.0,35982.0,9658687.0,-0.1
072020,중앙백신,621.0,10333.0,17.13,1.03,1.41,6.009871286170522,20240308,10480.0,24882.0,9658687.0,0.67
