종목코드,종목명,EPS,BPS,PER,PBR,배당수익률,ROE,날짜,종가,거래량,상장주식수,등락률
382480,지아이텍,152.0,2006.0,15.72,1.19,1.51,7.577268195413758,20240304,3080.0,198048.0,39357140.0,0.16
382480,지아이텍,152.0,2006.0,15.72,1.19,1.51,7.577268195413758,20240305,3035.0,241815.0,39357140.0,-1.46
382480,지아이텍,152.0,2006.0,15.72,1.19,1.51,7.577268195413758,20240306,3015.0,162983.0,39357140.0,-0.66
382480,지아이텍,152.0,2006.0,15.72,1.19,1.51,7.577268195413758,20240307,3100.0,461822.0,39357140.0,2.82
382480,지아이텍,152.0,2006.0,15.72,1.19,1.51,7.577268195413758,20240308,3150.0,624402.0,39357140.0,1.61
