종목코드,종목명,EPS,BPS,PER,PBR,배당수익률,ROE,날짜,종가,거래량,상장주식수,등락률
382800,지앤비에스 에코,588.0,3047.0,6.79,1.31,0.0,19.297669839186085,20240304,5870.0,249372.0,30104012.0,1.03
382800,지앤비에스 에코,588.0,3047.0,6.79,1.31,0.0,19.297669839186085,20240305,5680.0,203031.0,30104012.0,-3.24
382800,지앤비에스 에코,588.0,3047.0,6.79,1.31,0.0,19.297669839186085,20240306,5480.0,335065.0,30104012.0,-3.52
382800,지앤비에스 에코,588.0,3047.0,6.79,1.31,0.0,19.297669839186085,20240307,5330.0,458399.0,30104012.0,-2.74
382800,지앤비에스 에코,588.0,3047.0,6.79,1.31,0.0,19.297669839186085,20240308,5580.0,332290.0,30104012.0,4.69
