종목코드,종목명,EPS,BPS,PER,PBR,배당수익률,ROE,날짜,종가,거래량,상장주식수,등락률
119850,지엔씨에너지,739.0,8114.0,8.06,0.73,1.17,9.10771506038945,20240304,4580.0,175500.0,16448909.0,2.0
119850,지엔씨에너지,739.0,8114.0,8.06,0.73,1.17,9.10771506038945,20240305,4510.0,91410.0,16448909.0,-1.53
119850,지엔씨에너지,739.0,8114.0,8.06,0.73,1.17,9.10771506038945,20240306,4460.0,62649.0,16448909.0,-1.11
119850,지엔씨에너지,739.0,8114.0,8.06,0.73,1.17,9.10771506038945,20240307,4510.0,129417.0,16448909.0,1.12
119850,지엔씨에너지,739.0,8114.0,8.06,0.73,1.17,9.10771506038945,20240308,4580.0,93023.0,16448909.0,1.55
