종목코드,종목명,EPS,BPS,PER,PBR,배당수익률,ROE,날짜,종가,거래량,상장주식수,등락률
018120,진로발효,923.0,11554.0,17.58,1.4,4.0,7.988575385148,20240304,15580.0,1953.0,6621120.0,-0.13
018120,진로발효,923.0,11554.0,17.58,1.4,4.0,7.988575385148,20240305,15550.0,2386.0,6621120.0,-0.19
018120,진로발효,923.0,11554.0,17.58,1.4,4.0,7.988575385148,20240306,15580.0,6413.0,6621120.0,0.19
018120,진로발효,923.0,11554.0,17.58,1.4,4.0,7.988575385148,20240307,15550.0,3697.0,6621120.0,-0.19
018120,진로발효,923.0,11554.0,17.58,1.4,4.0,7.988575385148,20240308,15580.0,1072.0,6621120.0,0.19
