종목코드,종목명,EPS,BPS,PER,PBR,배당수익률,ROE,날짜,종가,거래량,상장주식수,등락률
088790,진도,353.0,8626.0,5.41,0.22,2.62,4.092279156039879,20240304,2180.0,30416.0,12447744.0,2.83
088790,진도,353.0,8626.0,5.41,0.22,2.62,4.092279156039879,20240305,2180.0,42934.0,12447744.0,0.0
088790,진도,353.0,8626.0,5.41,0.22,2.62,4.092279156039879,20240306,2150.0,17689.0,12447744.0,-1.38
088790,진도,353.0,8626.0,5.41,0.22,2.62,4.092279156039879,20240307,2120.0,24578.0,12447744.0,-1.4
088790,진도,353.0,8626.0,5.41,0.22,2.62,4.092279156039879,20240308,2085.0,15508.0,12447744.0,-1.65
