종목코드,종목명,EPS,BPS,PER,PBR,배당수익률,ROE,날짜,종가,거래량,상장주식수,등락률
086060,진바이오텍,301.0,5610.0,12.96,0.7,0.0,5.36541889483066,20240304,4145.0,47164.0,8610587.0,-0.24
086060,진바이오텍,301.0,5610.0,12.96,0.7,0.0,5.36541889483066,20240305,4125.0,35306.0,8610587.0,-0.48
086060,진바이오텍,301.0,5610.0,12.96,0.7,0.0,5.36541889483066,20240306,4095.0,33036.0,8610587.0,-0.73
086060,진바이오텍,301.0,5610.0,12.96,0.7,0.0,5.36541889483066,20240307,4100.0,19922.0,8610587.0,0.12
086060,진바이오텍,301.0,5610.0,12.96,0.7,0.0,5.36541889483066,20240308,4110.0,24291.0,8610587.0,0.24
