종목코드,종목명,EPS,BPS,PER,PBR,배당수익률,ROE,날짜,종가,거래량,상장주식수,등락률
036890,진성티이씨,1422.0,11615.0,6.67,0.82,2.11,12.242789496340938,20240304,9330.0,65625.0,22482268.0,-0.64
036890,진성티이씨,1422.0,11615.0,6.67,0.82,2.11,12.242789496340938,20240305,9350.0,47960.0,22482268.0,0.21
036890,진성티이씨,1422.0,11615.0,6.67,0.82,2.11,12.242789496340938,20240306,9370.0,42356.0,22482268.0,0.21
036890,진성티이씨,1422.0,11615.0,6.67,0.82,2.11,12.242789496340938,20240307,9250.0,42119.0,22482268.0,-1.28
036890,진성티이씨,1422.0,11615.0,6.67,0.82,2.11,12.242789496340938,20240308,9270.0,35909.0,22482268.0,0.22
