종목코드,종목명,EPS,BPS,PER,PBR,배당수익률,ROE,날짜,종가,거래량,상장주식수,등락률
272450,진에어,2494.0,2775.0,4.22,3.79,0.0,89.87387387387388,20240304,11930.0,169177.0,52200000.0,-4.56
272450,진에어,2494.0,2775.0,4.22,3.79,0.0,89.87387387387388,20240305,11960.0,118121.0,52200000.0,0.25
272450,진에어,2494.0,2775.0,4.22,3.79,0.0,89.87387387387388,20240306,12300.0,149730.0,52200000.0,2.84
272450,진에어,2494.0,2775.0,4.22,3.79,0.0,89.87387387387388,20240307,12140.0,89266.0,52200000.0,-1.3
272450,진에어,2494.0,2775.0,4.22,3.79,0.0,89.87387387387388,20240308,11830.0,112714.0,52200000.0,-2.55
