종목코드,종목명,EPS,BPS,PER,PBR,배당수익률,ROE,날짜,종가,거래량,상장주식수,등락률
100250,진양홀딩스,675.0,6703.0,4.69,0.47,6.32,10.070117857675667,20240304,3270.0,51623.0,55895292.0,1.24
100250,진양홀딩스,675.0,6703.0,4.69,0.47,6.32,10.070117857675667,20240305,3285.0,61554.0,55895292.0,0.46
100250,진양홀딩스,675.0,6703.0,4.69,0.47,6.32,10.070117857675667,20240306,3285.0,27962.0,55895292.0,0.0
100250,진양홀딩스,675.0,6703.0,4.69,0.47,6.32,10.070117857675667,20240307,3285.0,17733.0,55895292.0,0.0
100250,진양홀딩스,675.0,6703.0,4.69,0.47,6.32,10.070117857675667,20240308,3275.0,55021.0,55895292.0,-0.3
