종목코드,종목명,EPS,BPS,PER,PBR,배당수익률,ROE,날짜,종가,거래량,상장주식수,등락률
033250,체시스,103.0,1039.0,12.78,1.27,0.0,9.913378248315688,20240304,1721.0,1169542.0,32000000.0,4.3
033250,체시스,103.0,1039.0,12.78,1.27,0.0,9.913378248315688,20240305,1690.0,776519.0,32000000.0,-1.8
033250,체시스,103.0,1039.0,12.78,1.27,0.0,9.913378248315688,20240306,1676.0,603554.0,32000000.0,-0.83
033250,체시스,103.0,1039.0,12.78,1.27,0.0,9.913378248315688,20240307,1606.0,650994.0,32000000.0,-4.18
033250,체시스,103.0,1039.0,12.78,1.27,0.0,9.913378248315688,20240308,1582.0,452038.0,32000000.0,-1.49
