종목코드,종목명,EPS,BPS,PER,PBR,배당수익률,ROE,날짜,종가,거래량,상장주식수,등락률
377300,카카오페이,19.0,13981.0,1307.89,1.78,0.0,0.13589871969100922,20240304,44150.0,124627.0,134294080.0,0.23
377300,카카오페이,19.0,13981.0,1307.89,1.78,0.0,0.13589871969100922,20240305,42550.0,247999.0,134294080.0,-3.62
377300,카카오페이,19.0,13981.0,1307.89,1.78,0.0,0.13589871969100922,20240306,40150.0,3668299.0,134294080.0,-5.64
377300,카카오페이,19.0,13981.0,1307.89,1.78,0.0,0.13589871969100922,20240307,40300.0,261763.0,134294080.0,0.37
377300,카카오페이,19.0,13981.0,1307.89,1.78,0.0,0.13589871969100922,20240308,40850.0,292034.0,134294080.0,1.36
