종목코드,종목명,EPS,BPS,PER,PBR,배당수익률,ROE,날짜,종가,거래량,상장주식수,등락률
323410,카카오뱅크,745.0,12843.0,28.46,1.65,0.71,5.8008253523320095,20240304,28400.0,789277.0,476872137.0,-0.18
323410,카카오뱅크,745.0,12843.0,28.46,1.65,0.71,5.8008253523320095,20240305,27550.0,1025607.0,476872137.0,-2.99
323410,카카오뱅크,745.0,12843.0,28.46,1.65,0.71,5.8008253523320095,20240306,27650.0,562052.0,476916137.0,0.36
323410,카카오뱅크,745.0,12843.0,28.46,1.65,0.71,5.8008253523320095,20240307,28700.0,802632.0,476916137.0,3.8
323410,카카오뱅크,745.0,12843.0,28.46,1.65,0.71,5.8008253523320095,20240308,28750.0,706479.0,476916137.0,0.17
