종목코드,종목명,EPS,BPS,PER,PBR,배당수익률,ROE,날짜,종가,거래량,상장주식수,등락률
016920,카스,71.0,2627.0,18.34,0.5,0.77,2.7027027027027026,20240304,1499.0,71131.0,26493538.0,0.81
016920,카스,71.0,2627.0,18.34,0.5,0.77,2.7027027027027026,20240305,1493.0,43682.0,26493538.0,-0.4
016920,카스,71.0,2627.0,18.34,0.5,0.77,2.7027027027027026,20240306,1497.0,32185.0,26493538.0,0.27
016920,카스,71.0,2627.0,18.34,0.5,0.77,2.7027027027027026,20240307,1470.0,21619.0,26493538.0,-1.8
016920,카스,71.0,2627.0,18.34,0.5,0.77,2.7027027027027026,20240308,1479.0,38070.0,26493538.0,0.61
