종목코드,종목명,EPS,BPS,PER,PBR,배당수익률,ROE,날짜,종가,거래량,상장주식수,등락률
119860,커넥트웨이브,42.0,14407.0,427.62,1.25,0.0,0.2915249531477754,20240304,13580.0,46152.0,46747183.0,-0.59
119860,커넥트웨이브,42.0,14407.0,427.62,1.25,0.0,0.2915249531477754,20240305,13710.0,57347.0,46747183.0,0.96
119860,커넥트웨이브,42.0,14407.0,427.62,1.25,0.0,0.2915249531477754,20240306,13680.0,51014.0,46747183.0,-0.22
119860,커넥트웨이브,42.0,14407.0,427.62,1.25,0.0,0.2915249531477754,20240307,13390.0,115690.0,46747183.0,-2.12
119860,커넥트웨이브,42.0,14407.0,427.62,1.25,0.0,0.2915249531477754,20240308,12950.0,98467.0,46747183.0,-3.29
