종목코드,종목명,EPS,BPS,PER,PBR,배당수익률,ROE,날짜,종가,거래량,상장주식수,등락률
001620,케이비아이동국실업,71.0,1726.0,8.7,0.36,0.0,4.113557358053303,20240304,597.0,398089.0,111293031.0,-0.33
001620,케이비아이동국실업,71.0,1726.0,8.7,0.36,0.0,4.113557358053303,20240305,600.0,216014.0,111293031.0,0.5
001620,케이비아이동국실업,71.0,1726.0,8.7,0.36,0.0,4.113557358053303,20240306,591.0,229971.0,111293031.0,-1.5
001620,케이비아이동국실업,71.0,1726.0,8.7,0.36,0.0,4.113557358053303,20240307,585.0,77831.0,111293031.0,-1.02
001620,케이비아이동국실업,71.0,1726.0,8.7,0.36,0.0,4.113557358053303,20240308,583.0,171713.0,111293031.0,-0.34
