종목코드,종목명,EPS,BPS,PER,PBR,배당수익률,ROE,날짜,종가,거래량,상장주식수,등락률
025880,케이씨피드,420.0,4159.0,6.05,0.61,2.95,10.098581389757152,20240304,2485.0,76813.0,16715858.0,-0.4
025880,케이씨피드,420.0,4159.0,6.05,0.61,2.95,10.098581389757152,20240305,2480.0,35705.0,16715858.0,-0.2
025880,케이씨피드,420.0,4159.0,6.05,0.61,2.95,10.098581389757152,20240306,2475.0,45496.0,16715858.0,-0.2
025880,케이씨피드,420.0,4159.0,6.05,0.61,2.95,10.098581389757152,20240307,2500.0,60587.0,16715858.0,1.01
025880,케이씨피드,420.0,4159.0,6.05,0.61,2.95,10.098581389757152,20240308,2485.0,25177.0,16715858.0,-0.6
