종목코드,종목명,EPS,BPS,PER,PBR,배당수익률,ROE,날짜,종가,거래량,상장주식수,등락률
281820,케이씨텍,1562.0,22307.0,26.12,1.83,0.44,7.002286277850002,20240304,40400.0,585147.0,20861556.0,7.59
281820,케이씨텍,1562.0,22307.0,26.12,1.83,0.44,7.002286277850002,20240305,38850.0,230511.0,20861556.0,-3.84
281820,케이씨텍,1562.0,22307.0,26.12,1.83,0.44,7.002286277850002,20240306,47600.0,1602406.0,20861556.0,22.52
281820,케이씨텍,1562.0,22307.0,26.12,1.83,0.44,7.002286277850002,20240307,46750.0,729797.0,20861556.0,-1.79
281820,케이씨텍,1562.0,22307.0,26.12,1.83,0.44,7.002286277850002,20240308,50500.0,1513524.0,20861556.0,8.02
