종목코드,종목명,EPS,BPS,PER,PBR,배당수익률,ROE,날짜,종가,거래량,상장주식수,등락률
089150,케이씨티,67.0,1989.0,35.67,1.2,2.51,3.3685268979386627,20240304,2990.0,33001.0,17150000.0,-0.33
089150,케이씨티,67.0,1989.0,35.67,1.2,2.51,3.3685268979386627,20240305,2940.0,50035.0,17150000.0,-1.67
089150,케이씨티,67.0,1989.0,35.67,1.2,2.51,3.3685268979386627,20240306,2970.0,34257.0,17150000.0,1.02
089150,케이씨티,67.0,1989.0,35.67,1.2,2.51,3.3685268979386627,20240307,2995.0,57562.0,17150000.0,0.84
089150,케이씨티,67.0,1989.0,35.67,1.2,2.51,3.3685268979386627,20240308,2995.0,23830.0,17150000.0,0.0
