종목코드,종목명,EPS,BPS,PER,PBR,배당수익률,ROE,날짜,종가,거래량,상장주식수,등락률
221980,케이디켐,1391.0,26053.0,9.25,0.49,3.89,5.339116416535523,20240304,12300.0,1903.0,4034800.0,-0.81
221980,케이디켐,1391.0,26053.0,9.25,0.49,3.89,5.339116416535523,20240305,12360.0,2988.0,4034800.0,0.49
221980,케이디켐,1391.0,26053.0,9.25,0.49,3.89,5.339116416535523,20240306,12340.0,1244.0,4034800.0,-0.16
221980,케이디켐,1391.0,26053.0,9.25,0.49,3.89,5.339116416535523,20240307,12280.0,1361.0,4034800.0,-0.49
221980,케이디켐,1391.0,26053.0,9.25,0.49,3.89,5.339116416535523,20240308,12290.0,1759.0,4034800.0,0.08
