종목코드,종목명,EPS,BPS,PER,PBR,배당수익률,ROE,날짜,종가,거래량,상장주식수,등락률
042040,케이피엠테크,29.0,618.0,10.97,0.51,0.0,4.692556634304207,20240304,394.0,343782.0,174460917.0,-0.51
042040,케이피엠테크,29.0,618.0,10.97,0.51,0.0,4.692556634304207,20240305,388.0,456008.0,174460917.0,-1.52
042040,케이피엠테크,29.0,618.0,10.97,0.51,0.0,4.692556634304207,20240306,381.0,434744.0,174460917.0,-1.8
042040,케이피엠테크,29.0,618.0,10.97,0.51,0.0,4.692556634304207,20240307,381.0,414943.0,174460917.0,0.0
042040,케이피엠테크,29.0,618.0,10.97,0.51,0.0,4.692556634304207,20240308,378.0,394560.0,174460917.0,-0.79
