종목코드,종목명,EPS,BPS,PER,PBR,배당수익률,ROE,날짜,종가,거래량,상장주식수,등락률
105330,케이엔더블유,154.0,7883.0,39.48,0.77,0.0,1.9535709755169353,20240304,8290.0,48562.0,16060028.0,-0.12
105330,케이엔더블유,154.0,7883.0,39.48,0.77,0.0,1.9535709755169353,20240305,8020.0,46381.0,16060028.0,-3.26
105330,케이엔더블유,154.0,7883.0,39.48,0.77,0.0,1.9535709755169353,20240306,8000.0,31438.0,16060028.0,-0.25
105330,케이엔더블유,154.0,7883.0,39.48,0.77,0.0,1.9535709755169353,20240307,8200.0,37066.0,16060028.0,2.5
105330,케이엔더블유,154.0,7883.0,39.48,0.77,0.0,1.9535709755169353,20240308,8210.0,19902.0,16060028.0,0.12
