종목코드,종목명,EPS,BPS,PER,PBR,배당수익률,ROE,날짜,종가,거래량,상장주식수,등락률
214370,케어젠,813.0,4626.0,27.06,4.76,2.91,17.5745784695201,20240304,22550.0,151204.0,53715000.0,-3.01
214370,케어젠,813.0,4626.0,27.06,4.76,2.91,17.5745784695201,20240305,22500.0,153799.0,53715000.0,-0.22
214370,케어젠,813.0,4626.0,27.06,4.76,2.91,17.5745784695201,20240306,21650.0,167592.0,53715000.0,-3.78
214370,케어젠,813.0,4626.0,27.06,4.76,2.91,17.5745784695201,20240307,21100.0,147373.0,53715000.0,-2.54
214370,케어젠,813.0,4626.0,27.06,4.76,2.91,17.5745784695201,20240308,21600.0,81113.0,53715000.0,2.37
