종목코드,종목명,EPS,BPS,PER,PBR,배당수익률,ROE,날짜,종가,거래량,상장주식수,등락률
381970,케이카,590.0,4876.0,21.31,2.58,6.05,12.10008203445447,20240304,12350.0,114708.0,48182073.0,0.73
381970,케이카,590.0,4876.0,21.31,2.58,6.05,12.10008203445447,20240305,12420.0,118811.0,48182073.0,0.57
381970,케이카,590.0,4876.0,21.31,2.58,6.05,12.10008203445447,20240306,13290.0,536545.0,48182073.0,7.0
381970,케이카,590.0,4876.0,21.31,2.58,6.05,12.10008203445447,20240307,12860.0,138892.0,48182073.0,-3.24
381970,케이카,590.0,4876.0,21.31,2.58,6.05,12.10008203445447,20240308,12950.0,89155.0,48182073.0,0.7
