종목코드,종목명,EPS,BPS,PER,PBR,배당수익률,ROE,날짜,종가,거래량,상장주식수,등락률
024880,케이피에프,1066.0,10850.0,5.18,0.51,2.72,9.824884792626728,20240304,4685.0,28644.0,20682798.0,-0.21
024880,케이피에프,1066.0,10850.0,5.18,0.51,2.72,9.824884792626728,20240305,4670.0,59192.0,20682798.0,-0.32
024880,케이피에프,1066.0,10850.0,5.18,0.51,2.72,9.824884792626728,20240306,4650.0,59897.0,20682798.0,-0.43
024880,케이피에프,1066.0,10850.0,5.18,0.51,2.72,9.824884792626728,20240307,4595.0,60059.0,20682798.0,-1.18
024880,케이피에프,1066.0,10850.0,5.18,0.51,2.72,9.824884792626728,20240308,4595.0,79854.0,20682798.0,0.0
