종목코드,종목명,EPS,BPS,PER,PBR,배당수익률,ROE,날짜,종가,거래량,상장주식수,등락률
093320,케이아이엔엑스,5104.0,34638.0,14.91,2.2,0.79,14.73526185114614,20240304,90700.0,44172.0,4880000.0,-1.63
093320,케이아이엔엑스,5104.0,34638.0,14.91,2.2,0.79,14.73526185114614,20240305,90000.0,52844.0,4880000.0,-0.77
093320,케이아이엔엑스,5104.0,34638.0,14.91,2.2,0.79,14.73526185114614,20240306,88300.0,51369.0,4880000.0,-1.89
093320,케이아이엔엑스,5104.0,34638.0,14.91,2.2,0.79,14.73526185114614,20240307,87000.0,31396.0,4880000.0,-1.47
093320,케이아이엔엑스,5104.0,34638.0,14.91,2.2,0.79,14.73526185114614,20240308,86800.0,22960.0,4880000.0,-0.23
