종목코드,종목명,EPS,BPS,PER,PBR,배당수익률,ROE,날짜,종가,거래량,상장주식수,등락률
115500,케이씨에스,231.0,1619.0,26.41,3.77,2.95,14.268066707844348,20240304,8250.0,187345.0,12000000.0,1.6
115500,케이씨에스,231.0,1619.0,26.41,3.77,2.95,14.268066707844348,20240305,8090.0,156663.0,12000000.0,-1.94
115500,케이씨에스,231.0,1619.0,26.41,3.77,2.95,14.268066707844348,20240306,8280.0,335101.0,12000000.0,2.35
115500,케이씨에스,231.0,1619.0,26.41,3.77,2.95,14.268066707844348,20240307,8230.0,118587.0,12000000.0,-0.6
115500,케이씨에스,231.0,1619.0,26.41,3.77,2.95,14.268066707844348,20240308,8210.0,124701.0,12000000.0,-0.24
