종목코드,종목명,EPS,BPS,PER,PBR,배당수익률,ROE,날짜,종가,거래량,상장주식수,등락률
029460,케이씨,3907.0,63264.0,5.06,0.31,1.31,6.175708143651998,20240304,22200.0,86863.0,13554044.0,1.6
029460,케이씨,3907.0,63264.0,5.06,0.31,1.31,6.175708143651998,20240305,21500.0,45054.0,13554044.0,-3.15
029460,케이씨,3907.0,63264.0,5.06,0.31,1.31,6.175708143651998,20240306,22000.0,57221.0,13554044.0,2.33
029460,케이씨,3907.0,63264.0,5.06,0.31,1.31,6.175708143651998,20240307,21700.0,50792.0,13554044.0,-1.36
029460,케이씨,3907.0,63264.0,5.06,0.31,1.31,6.175708143651998,20240308,22200.0,64552.0,13554044.0,2.3
