종목코드,종목명,EPS,BPS,PER,PBR,배당수익률,ROE,날짜,종가,거래량,상장주식수,등락률
123410,코리아에프티,1097.0,6188.0,4.63,0.82,2.36,17.7278603749192,20240304,5850.0,5415361.0,27841064.0,3.17
123410,코리아에프티,1097.0,6188.0,4.63,0.82,2.36,17.7278603749192,20240305,5390.0,2391268.0,27841064.0,-7.86
123410,코리아에프티,1097.0,6188.0,4.63,0.82,2.36,17.7278603749192,20240306,5830.0,8793242.0,27841064.0,8.16
123410,코리아에프티,1097.0,6188.0,4.63,0.82,2.36,17.7278603749192,20240307,5620.0,2116782.0,27841064.0,-3.6
123410,코리아에프티,1097.0,6188.0,4.63,0.82,2.36,17.7278603749192,20240308,5570.0,1344567.0,27841064.0,-0.89
