종목코드,종목명,EPS,BPS,PER,PBR,배당수익률,ROE,날짜,종가,거래량,상장주식수,등락률
049430,코메론,1705.0,23064.0,5.43,0.4,2.7,7.39247311827957,20240304,9350.0,28328.0,9048000.0,1.63
049430,코메론,1705.0,23064.0,5.43,0.4,2.7,7.39247311827957,20240305,9250.0,12675.0,9048000.0,-1.07
049430,코메론,1705.0,23064.0,5.43,0.4,2.7,7.39247311827957,20240306,9130.0,25414.0,9048000.0,-1.3
049430,코메론,1705.0,23064.0,5.43,0.4,2.7,7.39247311827957,20240307,9090.0,12538.0,9048000.0,-0.44
049430,코메론,1705.0,23064.0,5.43,0.4,2.7,7.39247311827957,20240308,9200.0,5360.0,9048000.0,1.21
