종목코드,종목명,EPS,BPS,PER,PBR,배당수익률,ROE,날짜,종가,거래량,상장주식수,등락률
360350,코셈,337.0,2530.0,28.1,3.74,0.0,13.320158102766799,20240304,35750.0,9864856.0,5661970.0,18.38
360350,코셈,337.0,2530.0,28.1,3.74,0.0,13.320158102766799,20240305,33550.0,5989258.0,5661970.0,-6.15
360350,코셈,337.0,2530.0,28.1,3.74,0.0,13.320158102766799,20240306,33950.0,3245110.0,5661970.0,1.19
360350,코셈,337.0,2530.0,28.1,3.74,0.0,13.320158102766799,20240307,33050.0,1908037.0,5661970.0,-2.65
360350,코셈,337.0,2530.0,28.1,3.74,0.0,13.320158102766799,20240308,31600.0,976586.0,5661970.0,-4.39
