종목코드,종목명,EPS,BPS,PER,PBR,배당수익률,ROE,날짜,종가,거래량,상장주식수,등락률
044820,코스맥스비티아이,948.0,24263.0,9.78,0.38,3.78,3.907183777768619,20240304,9920.0,5698.0,9603921.0,-0.2
044820,코스맥스비티아이,948.0,24263.0,9.78,0.38,3.78,3.907183777768619,20240305,9800.0,2083.0,9603921.0,-1.21
044820,코스맥스비티아이,948.0,24263.0,9.78,0.38,3.78,3.907183777768619,20240306,9850.0,4746.0,9603921.0,0.51
044820,코스맥스비티아이,948.0,24263.0,9.78,0.38,3.78,3.907183777768619,20240307,9830.0,2696.0,9603921.0,-0.2
044820,코스맥스비티아이,948.0,24263.0,9.78,0.38,3.78,3.907183777768619,20240308,9860.0,11336.0,9603921.0,0.31
