종목코드,종목명,EPS,BPS,PER,PBR,배당수익률,ROE,날짜,종가,거래량,상장주식수,등락률
450140,코오롱모빌리티그룹,196.0,2993.0,14.13,0.93,1.44,6.548613431339794,20240304,3815.0,3264689.0,62777250.0,0.39
450140,코오롱모빌리티그룹,196.0,2993.0,14.13,0.93,1.44,6.548613431339794,20240305,3670.0,1117183.0,62777250.0,-3.8
450140,코오롱모빌리티그룹,196.0,2993.0,14.13,0.93,1.44,6.548613431339794,20240306,3685.0,1059462.0,62777250.0,0.41
450140,코오롱모빌리티그룹,196.0,2993.0,14.13,0.93,1.44,6.548613431339794,20240307,3605.0,3364116.0,62777250.0,-2.17
450140,코오롱모빌리티그룹,196.0,2993.0,14.13,0.93,1.44,6.548613431339794,20240308,3785.0,2427311.0,62777250.0,4.99
