종목코드,종목명,EPS,BPS,PER,PBR,배당수익률,ROE,날짜,종가,거래량,상장주식수,등락률
021240,코웨이,6495.0,36380.0,9.45,1.69,2.2,17.85321605277625,20240304,52900.0,251966.0,73799619.0,-2.4
021240,코웨이,6495.0,36380.0,9.45,1.69,2.2,17.85321605277625,20240305,51600.0,155530.0,73799619.0,-2.46
021240,코웨이,6495.0,36380.0,9.45,1.69,2.2,17.85321605277625,20240306,51400.0,142411.0,73799619.0,-0.39
021240,코웨이,6495.0,36380.0,9.45,1.69,2.2,17.85321605277625,20240307,52000.0,113637.0,73799619.0,1.17
021240,코웨이,6495.0,36380.0,9.45,1.69,2.2,17.85321605277625,20240308,54700.0,198829.0,73799619.0,5.19
