종목코드,종목명,EPS,BPS,PER,PBR,배당수익률,ROE,날짜,종가,거래량,상장주식수,등락률
002020,코오롱,621.0,78295.0,25.44,0.2,3.48,0.793154096685612,20240304,17020.0,17693.0,12626426.0,-0.76
002020,코오롱,621.0,78295.0,25.44,0.2,3.48,0.793154096685612,20240305,16990.0,17092.0,12626426.0,-0.18
002020,코오롱,621.0,78295.0,25.44,0.2,3.48,0.793154096685612,20240306,16990.0,13774.0,12626426.0,0.0
002020,코오롱,621.0,78295.0,25.44,0.2,3.48,0.793154096685612,20240307,16610.0,37127.0,12626426.0,-2.24
002020,코오롱,621.0,78295.0,25.44,0.2,3.48,0.793154096685612,20240308,16590.0,14221.0,12626426.0,-0.12
