종목코드,종목명,EPS,BPS,PER,PBR,배당수익률,ROE,날짜,종가,거래량,상장주식수,등락률
056360,코위버,85.0,14116.0,55.18,0.33,0.64,0.6021535845848682,20240304,6050.0,35450.0,9796800.0,0.17
056360,코위버,85.0,14116.0,55.18,0.33,0.64,0.6021535845848682,20240305,6000.0,36452.0,9796800.0,-0.83
056360,코위버,85.0,14116.0,55.18,0.33,0.64,0.6021535845848682,20240306,6020.0,21064.0,9796800.0,0.33
056360,코위버,85.0,14116.0,55.18,0.33,0.64,0.6021535845848682,20240307,5950.0,53941.0,9796800.0,-1.16
056360,코위버,85.0,14116.0,55.18,0.33,0.64,0.6021535845848682,20240308,5970.0,20306.0,9796800.0,0.34
