종목코드,종목명,EPS,BPS,PER,PBR,배당수익률,ROE,날짜,종가,거래량,상장주식수,등락률
015710,코콤,183.0,7417.0,20.6,0.51,1.86,2.4673048402318996,20240304,4720.0,53610.0,17530500.0,-0.32
015710,코콤,183.0,7417.0,20.6,0.51,1.86,2.4673048402318996,20240305,4685.0,53938.0,17530500.0,-0.74
015710,코콤,183.0,7417.0,20.6,0.51,1.86,2.4673048402318996,20240306,4650.0,26286.0,17530500.0,-0.75
015710,코콤,183.0,7417.0,20.6,0.51,1.86,2.4673048402318996,20240307,4605.0,38513.0,17530500.0,-0.97
015710,코콤,183.0,7417.0,20.6,0.51,1.86,2.4673048402318996,20240308,4650.0,29710.0,17530500.0,0.98
