종목코드,종목명,EPS,BPS,PER,PBR,배당수익률,ROE,날짜,종가,거래량,상장주식수,등락률
005070,코스모신소재,861.0,14732.0,149.83,8.76,0.0,5.844420309530275,20240304,174700.0,190185.0,32510756.0,-1.36
005070,코스모신소재,861.0,14732.0,149.83,8.76,0.0,5.844420309530275,20240305,170600.0,196843.0,32510756.0,-2.35
005070,코스모신소재,861.0,14732.0,149.83,8.76,0.0,5.844420309530275,20240306,168400.0,159620.0,32510756.0,-1.29
005070,코스모신소재,861.0,14732.0,149.83,8.76,0.0,5.844420309530275,20240307,171800.0,128849.0,32510756.0,2.02
005070,코스모신소재,861.0,14732.0,149.83,8.76,0.0,5.844420309530275,20240308,166900.0,251888.0,32510756.0,-2.85
