종목코드,종목명,EPS,BPS,PER,PBR,배당수익률,ROE,날짜,종가,거래량,상장주식수,등락률
192820,코스맥스,5036.0,31952.0,30.56,4.82,0.32,15.761141712568854,20240304,106000.0,81047.0,11349509.0,-1.49
192820,코스맥스,5036.0,31952.0,30.56,4.82,0.32,15.761141712568854,20240305,104800.0,95663.0,11349509.0,-1.13
192820,코스맥스,5036.0,31952.0,30.56,4.82,0.32,15.761141712568854,20240306,106300.0,111524.0,11349509.0,1.43
192820,코스맥스,5036.0,31952.0,30.56,4.82,0.32,15.761141712568854,20240307,103300.0,158377.0,11349509.0,-2.82
192820,코스맥스,5036.0,31952.0,30.56,4.82,0.32,15.761141712568854,20240308,106700.0,187768.0,11349509.0,3.29
