종목코드,종목명,EPS,BPS,PER,PBR,배당수익률,ROE,날짜,종가,거래량,상장주식수,등락률
282880,코윈테크,1142.0,15052.0,14.41,1.09,1.52,7.58703162370449,20240304,27000.0,55777.0,10665618.0,1.69
282880,코윈테크,1142.0,15052.0,14.41,1.09,1.52,7.58703162370449,20240305,26300.0,99394.0,10665618.0,-2.59
282880,코윈테크,1142.0,15052.0,14.41,1.09,1.52,7.58703162370449,20240306,26250.0,97959.0,10665618.0,-0.19
282880,코윈테크,1142.0,15052.0,14.41,1.09,1.52,7.58703162370449,20240307,26700.0,106517.0,10665618.0,1.71
282880,코윈테크,1142.0,15052.0,14.41,1.09,1.52,7.58703162370449,20240308,26800.0,117451.0,10665618.0,0.37
