종목코드,종목명,EPS,BPS,PER,PBR,배당수익률,ROE,날짜,종가,거래량,상장주식수,등락률
052330,코텍,566.0,23190.0,12.88,0.31,2.74,2.440707201379905,20240304,7070.0,13403.0,15574552.0,0.14
052330,코텍,566.0,23190.0,12.88,0.31,2.74,2.440707201379905,20240305,7100.0,24696.0,15574552.0,0.42
052330,코텍,566.0,23190.0,12.88,0.31,2.74,2.440707201379905,20240306,7130.0,14952.0,15574552.0,0.42
052330,코텍,566.0,23190.0,12.88,0.31,2.74,2.440707201379905,20240307,7240.0,31833.0,15574552.0,1.54
052330,코텍,566.0,23190.0,12.88,0.31,2.74,2.440707201379905,20240308,7220.0,26902.0,15574552.0,-0.28
