종목코드,종목명,EPS,BPS,PER,PBR,배당수익률,ROE,날짜,종가,거래량,상장주식수,등락률
200130,콜마비앤에이치,674.0,13693.0,25.22,1.24,1.81,4.922223033666837,20240304,15210.0,68247.0,29415558.0,-1.49
200130,콜마비앤에이치,674.0,13693.0,25.22,1.24,1.81,4.922223033666837,20240305,15030.0,62244.0,29415558.0,-1.18
200130,콜마비앤에이치,674.0,13693.0,25.22,1.24,1.81,4.922223033666837,20240306,14400.0,186858.0,29415558.0,-4.19
200130,콜마비앤에이치,674.0,13693.0,25.22,1.24,1.81,4.922223033666837,20240307,14320.0,66584.0,29415558.0,-0.56
200130,콜마비앤에이치,674.0,13693.0,25.22,1.24,1.81,4.922223033666837,20240308,14610.0,72034.0,29415558.0,2.03
