종목코드,종목명,EPS,BPS,PER,PBR,배당수익률,ROE,날짜,종가,거래량,상장주식수,등락률
031820,콤텍시스템,33.0,1300.0,18.52,0.47,0.0,2.5384615384615383,20240304,792.0,368830.0,121051466.0,0.76
031820,콤텍시스템,33.0,1300.0,18.52,0.47,0.0,2.5384615384615383,20240305,786.0,614930.0,121051466.0,-0.76
031820,콤텍시스템,33.0,1300.0,18.52,0.47,0.0,2.5384615384615383,20240306,774.0,502071.0,121051466.0,-1.53
031820,콤텍시스템,33.0,1300.0,18.52,0.47,0.0,2.5384615384615383,20240307,756.0,696305.0,121051466.0,-2.33
031820,콤텍시스템,33.0,1300.0,18.52,0.47,0.0,2.5384615384615383,20240308,745.0,588603.0,121051466.0,-1.46
