종목코드,종목명,EPS,BPS,PER,PBR,배당수익률,ROE,날짜,종가,거래량,상장주식수,등락률
294570,쿠콘,703.0,12713.0,20.91,1.16,0.68,5.529772673641155,20240304,18940.0,30785.0,10254685.0,-1.35
294570,쿠콘,703.0,12713.0,20.91,1.16,0.68,5.529772673641155,20240305,18790.0,20605.0,10254685.0,-0.79
294570,쿠콘,703.0,12713.0,20.91,1.16,0.68,5.529772673641155,20240306,18730.0,18116.0,10254685.0,-0.32
294570,쿠콘,703.0,12713.0,20.91,1.16,0.68,5.529772673641155,20240307,18450.0,37768.0,10254685.0,-1.49
294570,쿠콘,703.0,12713.0,20.91,1.16,0.68,5.529772673641155,20240308,18920.0,33232.0,10254685.0,2.55
