종목코드,종목명,EPS,BPS,PER,PBR,배당수익률,ROE,날짜,종가,거래량,상장주식수,등락률
192400,쿠쿠홀딩스,4187.0,34678.0,5.25,0.63,5.0,12.07393736663014,20240304,16600.0,27033.0,35562185.0,1.22
192400,쿠쿠홀딩스,4187.0,34678.0,5.25,0.63,5.0,12.07393736663014,20240305,16800.0,44422.0,35562185.0,1.2
192400,쿠쿠홀딩스,4187.0,34678.0,5.25,0.63,5.0,12.07393736663014,20240306,16650.0,19270.0,35562185.0,-0.89
192400,쿠쿠홀딩스,4187.0,34678.0,5.25,0.63,5.0,12.07393736663014,20240307,16440.0,26134.0,35562185.0,-1.26
192400,쿠쿠홀딩스,4187.0,34678.0,5.25,0.63,5.0,12.07393736663014,20240308,16530.0,26485.0,35562185.0,0.55
