종목코드,종목명,EPS,BPS,PER,PBR,배당수익률,ROE,날짜,종가,거래량,상장주식수,등락률
405100,큐알티,219.0,8347.0,70.78,1.86,3.1,2.6236971366958186,20240304,39200.0,2237917.0,11988108.0,2.62
405100,큐알티,219.0,8347.0,70.78,1.86,3.1,2.6236971366958186,20240305,41700.0,1869057.0,11988108.0,6.38
405100,큐알티,219.0,8347.0,70.78,1.86,3.1,2.6236971366958186,20240306,39750.0,915200.0,11988108.0,-4.68
405100,큐알티,219.0,8347.0,70.78,1.86,3.1,2.6236971366958186,20240307,36850.0,1149945.0,11988108.0,-7.3
405100,큐알티,219.0,8347.0,70.78,1.86,3.1,2.6236971366958186,20240308,38400.0,1160245.0,12289301.0,4.21
