종목코드,종목명,EPS,BPS,PER,PBR,배당수익률,ROE,날짜,종가,거래량,상장주식수,등락률
110790,크리스에프앤씨,1137.0,17785.0,6.66,0.43,3.96,6.39302783244307,20240304,7580.0,2914.0,23430960.0,0.93
110790,크리스에프앤씨,1137.0,17785.0,6.66,0.43,3.96,6.39302783244307,20240305,7410.0,30343.0,23430960.0,-2.24
110790,크리스에프앤씨,1137.0,17785.0,6.66,0.43,3.96,6.39302783244307,20240306,7440.0,13187.0,23430960.0,0.4
110790,크리스에프앤씨,1137.0,17785.0,6.66,0.43,3.96,6.39302783244307,20240307,7500.0,9366.0,23430960.0,0.81
110790,크리스에프앤씨,1137.0,17785.0,6.66,0.43,3.96,6.39302783244307,20240308,7400.0,6069.0,23430960.0,-1.33
