종목코드,종목명,EPS,BPS,PER,PBR,배당수익률,ROE,날짜,종가,거래량,상장주식수,등락률
264900,크라운제과,1834.0,16015.0,5.28,0.6,2.58,11.451763971276927,20240304,8350.0,43801.0,12523850.0,1.58
264900,크라운제과,1834.0,16015.0,5.28,0.6,2.58,11.451763971276927,20240305,8260.0,9703.0,12523850.0,-1.08
264900,크라운제과,1834.0,16015.0,5.28,0.6,2.58,11.451763971276927,20240306,8260.0,9576.0,12523850.0,0.0
264900,크라운제과,1834.0,16015.0,5.28,0.6,2.58,11.451763971276927,20240307,8210.0,7392.0,12523850.0,-0.61
264900,크라운제과,1834.0,16015.0,5.28,0.6,2.58,11.451763971276927,20240308,8160.0,23387.0,12523850.0,-0.61
