종목코드,종목명,EPS,BPS,PER,PBR,배당수익률,ROE,날짜,종가,거래량,상장주식수,등락률
096240,크레버스,1805.0,5272.0,9.14,3.13,12.13,34.237481031866466,20240304,17850.0,44884.0,11338180.0,0.96
096240,크레버스,1805.0,5272.0,9.14,3.13,12.13,34.237481031866466,20240305,17600.0,34782.0,11338180.0,-1.4
096240,크레버스,1805.0,5272.0,9.14,3.13,12.13,34.237481031866466,20240306,17530.0,24046.0,11338180.0,-0.4
096240,크레버스,1805.0,5272.0,9.14,3.13,12.13,34.237481031866466,20240307,17350.0,27073.0,11338180.0,-1.03
096240,크레버스,1805.0,5272.0,9.14,3.13,12.13,34.237481031866466,20240308,17400.0,13468.0,11338180.0,0.29
