종목코드,종목명,EPS,BPS,PER,PBR,배당수익률,ROE,날짜,종가,거래량,상장주식수,등락률
360070,탑머티리얼,2197.0,19491.0,18.68,2.11,0.97,11.27186906777487,20240304,83500.0,390021.0,8038343.0,1.09
360070,탑머티리얼,2197.0,19491.0,18.68,2.11,0.97,11.27186906777487,20240305,79000.0,387226.0,8038343.0,-5.39
360070,탑머티리얼,2197.0,19491.0,18.68,2.11,0.97,11.27186906777487,20240306,77900.0,225336.0,8038343.0,-1.39
360070,탑머티리얼,2197.0,19491.0,18.68,2.11,0.97,11.27186906777487,20240307,79200.0,287572.0,8038343.0,1.67
360070,탑머티리얼,2197.0,19491.0,18.68,2.11,0.97,11.27186906777487,20240308,76200.0,503614.0,8038343.0,-3.79
