종목코드,종목명,EPS,BPS,PER,PBR,배당수익률,ROE,날짜,종가,거래량,상장주식수,등락률
014580,태경비케이,871.0,7151.0,5.57,0.68,2.68,12.180114669277025,20240304,6020.0,174168.0,27583100.0,1.69
014580,태경비케이,871.0,7151.0,5.57,0.68,2.68,12.180114669277025,20240305,5960.0,162738.0,27583100.0,-1.0
014580,태경비케이,871.0,7151.0,5.57,0.68,2.68,12.180114669277025,20240306,5870.0,209593.0,27583100.0,-1.51
014580,태경비케이,871.0,7151.0,5.57,0.68,2.68,12.180114669277025,20240307,5780.0,220049.0,27583100.0,-1.53
014580,태경비케이,871.0,7151.0,5.57,0.68,2.68,12.180114669277025,20240308,5770.0,110806.0,27583100.0,-0.17
