종목코드,종목명,EPS,BPS,PER,PBR,배당수익률,ROE,날짜,종가,거래량,상장주식수,등락률
006890,태경케미컬,1537.0,14288.0,8.27,0.89,1.57,10.757278835386339,20240304,13300.0,27811.0,11600000.0,3.1
006890,태경케미컬,1537.0,14288.0,8.27,0.89,1.57,10.757278835386339,20240305,13170.0,20138.0,11600000.0,-0.98
006890,태경케미컬,1537.0,14288.0,8.27,0.89,1.57,10.757278835386339,20240306,13210.0,15281.0,11600000.0,0.3
006890,태경케미컬,1537.0,14288.0,8.27,0.89,1.57,10.757278835386339,20240307,13090.0,16947.0,11600000.0,-0.91
006890,태경케미컬,1537.0,14288.0,8.27,0.89,1.57,10.757278835386339,20240308,13160.0,40566.0,11600000.0,0.53
