종목코드,종목명,EPS,BPS,PER,PBR,배당수익률,ROE,날짜,종가,거래량,상장주식수,등락률
023160,태광,2129.0,20443.0,7.98,0.83,1.0,10.414322751063935,20240304,12790.0,263806.0,26500000.0,-2.07
023160,태광,2129.0,20443.0,7.98,0.83,1.0,10.414322751063935,20240305,12300.0,255806.0,26500000.0,-3.83
023160,태광,2129.0,20443.0,7.98,0.83,1.0,10.414322751063935,20240306,11980.0,224054.0,26500000.0,-2.6
023160,태광,2129.0,20443.0,7.98,0.83,1.0,10.414322751063935,20240307,11680.0,254930.0,26500000.0,-2.5
023160,태광,2129.0,20443.0,7.98,0.83,1.0,10.414322751063935,20240308,11510.0,206451.0,26500000.0,-1.46
