종목코드,종목명,EPS,BPS,PER,PBR,배당수익률,ROE,날짜,종가,거래량,상장주식수,등락률
053620,태양,918.0,22439.0,7.53,0.31,5.5,4.091091403360221,20240304,7170.0,2804.0,8600000.0,0.42
053620,태양,918.0,22439.0,7.53,0.31,5.5,4.091091403360221,20240305,7070.0,2879.0,8600000.0,-1.39
053620,태양,918.0,22439.0,7.53,0.31,5.5,4.091091403360221,20240306,7070.0,1060.0,8600000.0,0.0
053620,태양,918.0,22439.0,7.53,0.31,5.5,4.091091403360221,20240307,7040.0,2891.0,8600000.0,-0.42
053620,태양,918.0,22439.0,7.53,0.31,5.5,4.091091403360221,20240308,7050.0,3517.0,8600000.0,0.14
