종목코드,종목명,EPS,BPS,PER,PBR,배당수익률,ROE,날짜,종가,거래량,상장주식수,등락률
124560,태웅로직스,743.0,5269.0,4.66,0.66,2.02,14.10134750427026,20240304,3500.0,276604.0,38416584.0,1.45
124560,태웅로직스,743.0,5269.0,4.66,0.66,2.02,14.10134750427026,20240305,3425.0,207567.0,38416584.0,-2.14
124560,태웅로직스,743.0,5269.0,4.66,0.66,2.02,14.10134750427026,20240306,3425.0,152652.0,38416584.0,0.0
124560,태웅로직스,743.0,5269.0,4.66,0.66,2.02,14.10134750427026,20240307,3330.0,279290.0,38416584.0,-2.77
124560,태웅로직스,743.0,5269.0,4.66,0.66,2.02,14.10134750427026,20240308,3315.0,197984.0,38416584.0,-0.45
