종목코드,종목명,EPS,BPS,PER,PBR,배당수익률,ROE,날짜,종가,거래량,상장주식수,등락률
066700,테라젠이텍스,819.0,4240.0,4.76,0.92,0.0,19.316037735849058,20240304,4325.0,176061.0,32474435.0,-0.23
066700,테라젠이텍스,819.0,4240.0,4.76,0.92,0.0,19.316037735849058,20240305,4305.0,108218.0,32474435.0,-0.46
066700,테라젠이텍스,819.0,4240.0,4.76,0.92,0.0,19.316037735849058,20240306,4205.0,148943.0,32474435.0,-2.32
066700,테라젠이텍스,819.0,4240.0,4.76,0.92,0.0,19.316037735849058,20240307,4150.0,121492.0,32474435.0,-1.31
066700,테라젠이텍스,819.0,4240.0,4.76,0.92,0.0,19.316037735849058,20240308,4350.0,332403.0,32474435.0,4.82
