종목코드,종목명,EPS,BPS,PER,PBR,배당수익률,ROE,날짜,종가,거래량,상장주식수,등락률
055490,테이팩스,1708.0,32047.0,11.83,0.63,1.49,5.329672044185103,20240304,22950.0,21504.0,4764650.0,1.55
055490,테이팩스,1708.0,32047.0,11.83,0.63,1.49,5.329672044185103,20240305,22350.0,46785.0,4764650.0,-2.61
055490,테이팩스,1708.0,32047.0,11.83,0.63,1.49,5.329672044185103,20240306,21950.0,41612.0,4764650.0,-1.79
055490,테이팩스,1708.0,32047.0,11.83,0.63,1.49,5.329672044185103,20240307,22900.0,44376.0,4764650.0,4.33
055490,테이팩스,1708.0,32047.0,11.83,0.63,1.49,5.329672044185103,20240308,25300.0,514289.0,4764650.0,10.48
