종목코드,종목명,EPS,BPS,PER,PBR,배당수익률,ROE,날짜,종가,거래량,상장주식수,등락률
095610,테스,89.0,17040.0,220.56,1.15,2.55,0.5223004694835681,20240304,20200.0,197806.0,19768226.0,1.1
095610,테스,89.0,17040.0,220.56,1.15,2.55,0.5223004694835681,20240305,20400.0,230632.0,19768226.0,0.99
095610,테스,89.0,17040.0,220.56,1.15,2.55,0.5223004694835681,20240306,20800.0,236590.0,19768226.0,1.96
095610,테스,89.0,17040.0,220.56,1.15,2.55,0.5223004694835681,20240307,20500.0,138464.0,19768226.0,-1.44
095610,테스,89.0,17040.0,220.56,1.15,2.55,0.5223004694835681,20240308,20300.0,129936.0,19768226.0,-0.98
