종목코드,종목명,EPS,BPS,PER,PBR,배당수익률,ROE,날짜,종가,거래량,상장주식수,등락률
064520,테크엘,425.0,4850.0,7.6,0.67,0.0,8.762886597938143,20240304,4000.0,45077.0,21880651.0,-3.73
064520,테크엘,425.0,4850.0,7.6,0.67,0.0,8.762886597938143,20240305,3900.0,66673.0,21880651.0,-2.5
064520,테크엘,425.0,4850.0,7.6,0.67,0.0,8.762886597938143,20240306,3890.0,46674.0,21880651.0,-0.26
064520,테크엘,425.0,4850.0,7.6,0.67,0.0,8.762886597938143,20240307,3830.0,37235.0,21955837.0,-1.54
064520,테크엘,425.0,4850.0,7.6,0.67,0.0,8.762886597938143,20240308,3850.0,30120.0,21955837.0,0.52
