종목코드,종목명,EPS,BPS,PER,PBR,배당수익률,ROE,날짜,종가,거래량,상장주식수,등락률
051360,토비스,757.0,12449.0,25.8,1.57,0.82,6.08080970359065,20240304,16050.0,75736.0,16267058.0,2.29
051360,토비스,757.0,12449.0,25.8,1.57,0.82,6.08080970359065,20240305,15860.0,66731.0,16267058.0,-1.18
051360,토비스,757.0,12449.0,25.8,1.57,0.82,6.08080970359065,20240306,16100.0,66940.0,16267058.0,1.51
051360,토비스,757.0,12449.0,25.8,1.57,0.82,6.08080970359065,20240307,16100.0,89402.0,16267058.0,0.0
051360,토비스,757.0,12449.0,25.8,1.57,0.82,6.08080970359065,20240308,15900.0,111374.0,16267058.0,-1.24
