종목코드,종목명,EPS,BPS,PER,PBR,배당수익률,ROE,날짜,종가,거래량,상장주식수,등락률
045340,토탈소프트,442.0,2553.0,11.3,1.96,0.0,17.312965139052096,20240304,4800.0,32504.0,8558040.0,0.84
045340,토탈소프트,442.0,2553.0,11.3,1.96,0.0,17.312965139052096,20240305,5050.0,62699.0,8558040.0,5.21
045340,토탈소프트,442.0,2553.0,11.3,1.96,0.0,17.312965139052096,20240306,5050.0,67999.0,8558040.0,0.0
045340,토탈소프트,442.0,2553.0,11.3,1.96,0.0,17.312965139052096,20240307,5120.0,57660.0,8558040.0,1.39
045340,토탈소프트,442.0,2553.0,11.3,1.96,0.0,17.312965139052096,20240308,4980.0,35729.0,8558040.0,-2.73
