종목코드,종목명,EPS,BPS,PER,PBR,배당수익률,ROE,날짜,종가,거래량,상장주식수,등락률
108230,톱텍,1588.0,10408.0,4.39,0.67,4.3,15.257494235203689,20240304,7950.0,142851.0,38023245.0,1.27
108230,톱텍,1588.0,10408.0,4.39,0.67,4.3,15.257494235203689,20240305,7850.0,102798.0,38023245.0,-1.26
108230,톱텍,1588.0,10408.0,4.39,0.67,4.3,15.257494235203689,20240306,7800.0,67915.0,38023245.0,-0.64
108230,톱텍,1588.0,10408.0,4.39,0.67,4.3,15.257494235203689,20240307,7600.0,87036.0,38023245.0,-2.56
108230,톱텍,1588.0,10408.0,4.39,0.67,4.3,15.257494235203689,20240308,7920.0,115971.0,38023245.0,4.21
