종목코드,종목명,EPS,BPS,PER,PBR,배당수익률,ROE,날짜,종가,거래량,상장주식수,등락률
033830,티비씨,66.0,1337.0,12.06,0.6,2.26,4.93642483171279,20240304,921.0,77083.0,100000000.0,-0.65
033830,티비씨,66.0,1337.0,12.06,0.6,2.26,4.93642483171279,20240305,914.0,103807.0,100000000.0,-0.76
033830,티비씨,66.0,1337.0,12.06,0.6,2.26,4.93642483171279,20240306,908.0,35673.0,100000000.0,-0.66
033830,티비씨,66.0,1337.0,12.06,0.6,2.26,4.93642483171279,20240307,896.0,81010.0,100000000.0,-1.32
033830,티비씨,66.0,1337.0,12.06,0.6,2.26,4.93642483171279,20240308,889.0,75987.0,100000000.0,-0.78
