종목코드,종목명,EPS,BPS,PER,PBR,배당수익률,ROE,날짜,종가,거래량,상장주식수,등락률
019180,티에이치엔,1579.0,6196.0,2.06,0.53,1.84,25.484183344092965,20240304,3800.0,477888.0,18000000.0,-0.39
019180,티에이치엔,1579.0,6196.0,2.06,0.53,1.84,25.484183344092965,20240305,3710.0,388295.0,18000000.0,-2.37
019180,티에이치엔,1579.0,6196.0,2.06,0.53,1.84,25.484183344092965,20240306,3750.0,199986.0,18000000.0,1.08
019180,티에이치엔,1579.0,6196.0,2.06,0.53,1.84,25.484183344092965,20240307,3680.0,167349.0,18000000.0,-1.87
019180,티에이치엔,1579.0,6196.0,2.06,0.53,1.84,25.484183344092965,20240308,3760.0,168842.0,18000000.0,2.17
