종목코드,종목명,EPS,BPS,PER,PBR,배당수익률,ROE,날짜,종가,거래량,상장주식수,등락률
425420,티에프이,976.0,6259.0,22.75,3.55,0.0,15.593545294775524,20240304,34950.0,222560.0,11381000.0,9.56
425420,티에프이,976.0,6259.0,22.75,3.55,0.0,15.593545294775524,20240305,34200.0,87183.0,11381000.0,-2.15
425420,티에프이,976.0,6259.0,22.75,3.55,0.0,15.593545294775524,20240306,38000.0,442832.0,11381000.0,11.11
425420,티에프이,976.0,6259.0,22.75,3.55,0.0,15.593545294775524,20240307,36750.0,322607.0,11381000.0,-3.29
425420,티에프이,976.0,6259.0,22.75,3.55,0.0,15.593545294775524,20240308,38850.0,649178.0,11381000.0,5.71
