종목코드,종목명,EPS,BPS,PER,PBR,배당수익률,ROE,날짜,종가,거래량,상장주식수,등락률
005690,파미셀,60.0,1340.0,87.17,3.9,0.0,4.477611940298507,20240304,5450.0,210643.0,60016964.0,0.93
005690,파미셀,60.0,1340.0,87.17,3.9,0.0,4.477611940298507,20240305,5380.0,176656.0,60016964.0,-1.28
005690,파미셀,60.0,1340.0,87.17,3.9,0.0,4.477611940298507,20240306,5520.0,301419.0,60016964.0,2.6
005690,파미셀,60.0,1340.0,87.17,3.9,0.0,4.477611940298507,20240307,5400.0,170026.0,60016964.0,-2.17
005690,파미셀,60.0,1340.0,87.17,3.9,0.0,4.477611940298507,20240308,5650.0,303150.0,60016964.0,4.63
