종목코드,종목명,EPS,BPS,PER,PBR,배당수익률,ROE,날짜,종가,거래량,상장주식수,등락률
177830,파버나인,12.0,5925.0,285.42,0.58,2.04,0.20253164556962028,20240304,3395.0,24405.0,14288753.0,0.44
177830,파버나인,12.0,5925.0,285.42,0.58,2.04,0.20253164556962028,20240305,3335.0,66636.0,14288753.0,-1.77
177830,파버나인,12.0,5925.0,285.42,0.58,2.04,0.20253164556962028,20240306,3325.0,29365.0,14288753.0,-0.3
177830,파버나인,12.0,5925.0,285.42,0.58,2.04,0.20253164556962028,20240307,3395.0,22073.0,14288753.0,2.11
177830,파버나인,12.0,5925.0,285.42,0.58,2.04,0.20253164556962028,20240308,3420.0,45137.0,14288753.0,0.74
