종목코드,종목명,EPS,BPS,PER,PBR,배당수익률,ROE,날짜,종가,거래량,상장주식수,등락률
047310,파워로직스,472.0,5357.0,12.82,1.13,0.0,8.810901624043307,20240304,11400.0,2021708.0,35734843.0,3.83
047310,파워로직스,472.0,5357.0,12.82,1.13,0.0,8.810901624043307,20240305,10070.0,3454489.0,35734843.0,-11.67
047310,파워로직스,472.0,5357.0,12.82,1.13,0.0,8.810901624043307,20240306,10100.0,3371010.0,35734843.0,0.3
047310,파워로직스,472.0,5357.0,12.82,1.13,0.0,8.810901624043307,20240307,9750.0,1476534.0,35734843.0,-3.47
047310,파워로직스,472.0,5357.0,12.82,1.13,0.0,8.810901624043307,20240308,9880.0,1753216.0,35734843.0,1.33
