종목코드,종목명,EPS,BPS,PER,PBR,배당수익률,ROE,날짜,종가,거래량,상장주식수,등락률
441270,파인엠텍,299.0,4077.0,26.69,1.96,0.0,7.333823890115281,20240304,9160.0,340702.0,36886350.0,0.33
441270,파인엠텍,299.0,4077.0,26.69,1.96,0.0,7.333823890115281,20240305,9250.0,297593.0,36886350.0,0.98
441270,파인엠텍,299.0,4077.0,26.69,1.96,0.0,7.333823890115281,20240306,9070.0,289954.0,36886350.0,-1.95
441270,파인엠텍,299.0,4077.0,26.69,1.96,0.0,7.333823890115281,20240307,8920.0,414188.0,36886350.0,-1.65
441270,파인엠텍,299.0,4077.0,26.69,1.96,0.0,7.333823890115281,20240308,9340.0,2123496.0,36886350.0,4.71
