종목코드,종목명,EPS,BPS,PER,PBR,배당수익률,ROE,날짜,종가,거래량,상장주식수,등락률
091700,파트론,539.0,8929.0,13.84,0.84,3.35,6.03651024750812,20240304,7940.0,158127.0,58918214.0,1.02
091700,파트론,539.0,8929.0,13.84,0.84,3.35,6.03651024750812,20240305,7840.0,124725.0,58918214.0,-1.26
091700,파트론,539.0,8929.0,13.84,0.84,3.35,6.03651024750812,20240306,7830.0,123718.0,58918214.0,-0.13
091700,파트론,539.0,8929.0,13.84,0.84,3.35,6.03651024750812,20240307,7820.0,139634.0,58918214.0,-0.13
091700,파트론,539.0,8929.0,13.84,0.84,3.35,6.03651024750812,20240308,7800.0,153313.0,58918214.0,-0.26
