종목코드,종목명,EPS,BPS,PER,PBR,배당수익률,ROE,날짜,종가,거래량,상장주식수,등락률
004720,팜젠사이언스,352.0,12707.0,15.11,0.42,0.0,2.7701267018178957,20240304,5710.0,48353.0,18178525.0,-0.7
004720,팜젠사이언스,352.0,12707.0,15.11,0.42,0.0,2.7701267018178957,20240305,5660.0,66527.0,18178525.0,-0.88
004720,팜젠사이언스,352.0,12707.0,15.11,0.42,0.0,2.7701267018178957,20240306,5610.0,69746.0,18178525.0,-0.88
004720,팜젠사이언스,352.0,12707.0,15.11,0.42,0.0,2.7701267018178957,20240307,5590.0,66331.0,18178525.0,-0.36
004720,팜젠사이언스,352.0,12707.0,15.11,0.42,0.0,2.7701267018178957,20240308,5690.0,69088.0,18178525.0,1.79
