종목코드,종목명,EPS,BPS,PER,PBR,배당수익률,ROE,날짜,종가,거래량,상장주식수,등락률
016800,퍼시스,7470.0,59291.0,5.7,0.72,2.82,12.598876726653286,20240304,33900.0,4935.0,11500000.0,1.5
016800,퍼시스,7470.0,59291.0,5.7,0.72,2.82,12.598876726653286,20240305,33850.0,2176.0,11500000.0,-0.15
016800,퍼시스,7470.0,59291.0,5.7,0.72,2.82,12.598876726653286,20240306,33450.0,1863.0,11500000.0,-1.18
016800,퍼시스,7470.0,59291.0,5.7,0.72,2.82,12.598876726653286,20240307,34650.0,1940.0,11500000.0,3.59
016800,퍼시스,7470.0,59291.0,5.7,0.72,2.82,12.598876726653286,20240308,35600.0,3999.0,11500000.0,2.74
