종목코드,종목명,EPS,BPS,PER,PBR,배당수익률,ROE,날짜,종가,거래량,상장주식수,등락률
263750,펄어비스,248.0,11804.0,170.36,3.58,0.0,2.1009827177228058,20240304,28950.0,880991.0,64247855.0,-4.61
263750,펄어비스,248.0,11804.0,170.36,3.58,0.0,2.1009827177228058,20240305,29050.0,406643.0,64247855.0,0.35
263750,펄어비스,248.0,11804.0,170.36,3.58,0.0,2.1009827177228058,20240306,28600.0,243174.0,64247855.0,-1.55
263750,펄어비스,248.0,11804.0,170.36,3.58,0.0,2.1009827177228058,20240307,28350.0,259142.0,64247855.0,-0.87
263750,펄어비스,248.0,11804.0,170.36,3.58,0.0,2.1009827177228058,20240308,28100.0,320964.0,64247855.0,-0.88
