종목코드,종목명,EPS,BPS,PER,PBR,배당수익률,ROE,날짜,종가,거래량,상장주식수,등락률
251970,펌텍코리아,2206.0,19205.0,21.62,2.48,0.8,11.486592033324655,20240304,24100.0,40331.0,12400000.0,-0.62
251970,펌텍코리아,2206.0,19205.0,21.62,2.48,0.8,11.486592033324655,20240305,24450.0,34179.0,12400000.0,1.45
251970,펌텍코리아,2206.0,19205.0,21.62,2.48,0.8,11.486592033324655,20240306,24000.0,36466.0,12400000.0,-1.84
251970,펌텍코리아,2206.0,19205.0,21.62,2.48,0.8,11.486592033324655,20240307,23700.0,40806.0,12400000.0,-1.25
251970,펌텍코리아,2206.0,19205.0,21.62,2.48,0.8,11.486592033324655,20240308,23650.0,32705.0,12400000.0,-0.21
