종목코드,종목명,EPS,BPS,PER,PBR,배당수익률,ROE,날짜,종가,거래량,상장주식수,등락률
168360,펨트론,335.0,1523.0,14.73,3.24,0.0,21.996060407091267,20240304,10940.0,1914992.0,21288284.0,5.7
168360,펨트론,335.0,1523.0,14.73,3.24,0.0,21.996060407091267,20240305,10830.0,777076.0,21288284.0,-1.01
168360,펨트론,335.0,1523.0,14.73,3.24,0.0,21.996060407091267,20240306,11500.0,1101096.0,21288284.0,6.19
168360,펨트론,335.0,1523.0,14.73,3.24,0.0,21.996060407091267,20240307,11580.0,1946416.0,21288284.0,0.7
168360,펨트론,335.0,1523.0,14.73,3.24,0.0,21.996060407091267,20240308,11090.0,849998.0,21288284.0,-4.23
