종목코드,종목명,EPS,BPS,PER,PBR,배당수익률,ROE,날짜,종가,거래량,상장주식수,등락률
010770,평화홀딩스,569.0,7243.0,5.2,0.41,5.07,7.855860831147314,20240304,3150.0,10319.0,14625466.0,2.44
010770,평화홀딩스,569.0,7243.0,5.2,0.41,5.07,7.855860831147314,20240305,3140.0,2668.0,14625466.0,-0.32
010770,평화홀딩스,569.0,7243.0,5.2,0.41,5.07,7.855860831147314,20240306,3155.0,7094.0,14625466.0,0.48
010770,평화홀딩스,569.0,7243.0,5.2,0.41,5.07,7.855860831147314,20240307,3115.0,2176.0,14625466.0,-1.27
010770,평화홀딩스,569.0,7243.0,5.2,0.41,5.07,7.855860831147314,20240308,3200.0,13946.0,14625466.0,2.73
