종목코드,종목명,EPS,BPS,PER,PBR,배당수익률,ROE,날짜,종가,거래량,상장주식수,등락률
009520,포스코엠텍,117.0,2780.0,158.55,6.67,0.19,4.2086330935251794,20240304,25300.0,515962.0,41642703.0,3.69
009520,포스코엠텍,117.0,2780.0,158.55,6.67,0.19,4.2086330935251794,20240305,24900.0,435958.0,41642703.0,-1.58
009520,포스코엠텍,117.0,2780.0,158.55,6.67,0.19,4.2086330935251794,20240306,24150.0,331927.0,41642703.0,-3.01
009520,포스코엠텍,117.0,2780.0,158.55,6.67,0.19,4.2086330935251794,20240307,23750.0,443152.0,41642703.0,-1.66
009520,포스코엠텍,117.0,2780.0,158.55,6.67,0.19,4.2086330935251794,20240308,23450.0,388883.0,41642703.0,-1.26
