종목코드,종목명,EPS,BPS,PER,PBR,배당수익률,ROE,날짜,종가,거래량,상장주식수,등락률
047050,포스코인터내셔널,3939.0,35869.0,13.23,1.45,1.92,10.981627589283226,20240304,56800.0,500326.0,175922788.0,1.25
047050,포스코인터내셔널,3939.0,35869.0,13.23,1.45,1.92,10.981627589283226,20240305,56000.0,477797.0,175922788.0,-1.41
047050,포스코인터내셔널,3939.0,35869.0,13.23,1.45,1.92,10.981627589283226,20240306,55300.0,378159.0,175922788.0,-1.25
047050,포스코인터내셔널,3939.0,35869.0,13.23,1.45,1.92,10.981627589283226,20240307,55200.0,538607.0,175922788.0,-0.18
047050,포스코인터내셔널,3939.0,35869.0,13.23,1.45,1.92,10.981627589283226,20240308,55000.0,467439.0,175922788.0,-0.36
