종목코드,종목명,EPS,BPS,PER,PBR,배당수익률,ROE,날짜,종가,거래량,상장주식수,등락률
189690,포시에스,192.0,2585.0,13.05,0.97,3.99,7.427466150870406,20240304,3090.0,797980.0,27321969.0,0.32
189690,포시에스,192.0,2585.0,13.05,0.97,3.99,7.427466150870406,20240305,3000.0,543795.0,27321969.0,-2.91
189690,포시에스,192.0,2585.0,13.05,0.97,3.99,7.427466150870406,20240306,2980.0,388061.0,27321969.0,-0.67
189690,포시에스,192.0,2585.0,13.05,0.97,3.99,7.427466150870406,20240307,2855.0,582378.0,27321969.0,-4.19
189690,포시에스,192.0,2585.0,13.05,0.97,3.99,7.427466150870406,20240308,2850.0,294388.0,27321969.0,-0.18
