종목코드,종목명,EPS,BPS,PER,PBR,배당수익률,ROE,날짜,종가,거래량,상장주식수,등락률
331380,포커스에이치엔에스,130.0,1196.0,34.62,3.76,0.67,10.869565217391305,20240304,2205.0,106099.0,19048582.0,-1.56
331380,포커스에이치엔에스,130.0,1196.0,34.62,3.76,0.67,10.869565217391305,20240305,2195.0,104475.0,19048582.0,-0.45
331380,포커스에이치엔에스,130.0,1196.0,34.62,3.76,0.67,10.869565217391305,20240306,2205.0,99257.0,19048582.0,0.46
331380,포커스에이치엔에스,130.0,1196.0,34.62,3.76,0.67,10.869565217391305,20240307,2160.0,138621.0,19048582.0,-2.04
331380,포커스에이치엔에스,130.0,1196.0,34.62,3.76,0.67,10.869565217391305,20240308,2245.0,326739.0,19048582.0,3.94
