종목코드,종목명,EPS,BPS,PER,PBR,배당수익률,ROE,날짜,종가,거래량,상장주식수,등락률
058430,포스코스틸리온,4133.0,59872.0,10.4,0.72,3.76,6.903059861036878,20240304,50500.0,24766.0,6000000.0,2.33
058430,포스코스틸리온,4133.0,59872.0,10.4,0.72,3.76,6.903059861036878,20240305,49850.0,22661.0,6000000.0,-1.29
058430,포스코스틸리온,4133.0,59872.0,10.4,0.72,3.76,6.903059861036878,20240306,49300.0,19294.0,6000000.0,-1.1
058430,포스코스틸리온,4133.0,59872.0,10.4,0.72,3.76,6.903059861036878,20240307,48800.0,27911.0,6000000.0,-1.01
058430,포스코스틸리온,4133.0,59872.0,10.4,0.72,3.76,6.903059861036878,20240308,48650.0,17392.0,6000000.0,-0.31
