종목코드,종목명,EPS,BPS,PER,PBR,배당수익률,ROE,날짜,종가,거래량,상장주식수,등락률
318020,포인트모바일,389.0,3742.0,11.48,1.19,0.0,10.3955104222341,20240304,18100.0,0.0,12662272.0,0.0
318020,포인트모바일,389.0,3742.0,11.48,1.19,0.0,10.3955104222341,20240305,18100.0,0.0,12662272.0,0.0
318020,포인트모바일,389.0,3742.0,11.48,1.19,0.0,10.3955104222341,20240306,18100.0,0.0,12662272.0,0.0
318020,포인트모바일,389.0,3742.0,11.48,1.19,0.0,10.3955104222341,20240307,18100.0,0.0,12662272.0,0.0
318020,포인트모바일,389.0,3742.0,11.48,1.19,0.0,10.3955104222341,20240308,18100.0,0.0,12662272.0,0.0
