종목코드,종목명,EPS,BPS,PER,PBR,배당수익률,ROE,날짜,종가,거래량,상장주식수,등락률
039980,폴라리스AI,20.0,1509.0,115.75,1.53,0.0,1.325381047051027,20240304,2310.0,43382650.0,51605102.0,24.66
039980,폴라리스AI,20.0,1509.0,115.75,1.53,0.0,1.325381047051027,20240305,2180.0,12055036.0,51605102.0,-5.63
039980,폴라리스AI,20.0,1509.0,115.75,1.53,0.0,1.325381047051027,20240306,2530.0,57054943.0,51605102.0,16.06
039980,폴라리스AI,20.0,1509.0,115.75,1.53,0.0,1.325381047051027,20240307,2905.0,69756333.0,51605102.0,14.82
039980,폴라리스AI,20.0,1509.0,115.75,1.53,0.0,1.325381047051027,20240308,2830.0,13863688.0,51605102.0,-2.58
