종목코드,종목명,EPS,BPS,PER,PBR,배당수익률,ROE,날짜,종가,거래량,상장주식수,등락률
234100,폴라리스세원,83.0,2829.0,18.12,0.53,0.0,2.9338989042064334,20240304,2120.0,19297415.0,54344248.0,8.16
234100,폴라리스세원,83.0,2829.0,18.12,0.53,0.0,2.9338989042064334,20240305,2065.0,3762255.0,54344248.0,-2.59
234100,폴라리스세원,83.0,2829.0,18.12,0.53,0.0,2.9338989042064334,20240306,2065.0,8426074.0,54344248.0,0.0
234100,폴라리스세원,83.0,2829.0,18.12,0.53,0.0,2.9338989042064334,20240307,2000.0,2000881.0,54344248.0,-3.15
234100,폴라리스세원,83.0,2829.0,18.12,0.53,0.0,2.9338989042064334,20240308,1960.0,1074564.0,54344248.0,-2.0
