종목코드,종목명,EPS,BPS,PER,PBR,배당수익률,ROE,날짜,종가,거래량,상장주식수,등락률
005670,푸드웰,364.0,9701.0,15.66,0.59,1.58,3.752190495825173,20240304,4770.0,6037.0,10000000.0,0.0
005670,푸드웰,364.0,9701.0,15.66,0.59,1.58,3.752190495825173,20240305,4780.0,5767.0,10000000.0,0.21
005670,푸드웰,364.0,9701.0,15.66,0.59,1.58,3.752190495825173,20240306,4775.0,3560.0,10000000.0,-0.1
005670,푸드웰,364.0,9701.0,15.66,0.59,1.58,3.752190495825173,20240307,4770.0,4041.0,10000000.0,-0.1
005670,푸드웰,364.0,9701.0,15.66,0.59,1.58,3.752190495825173,20240308,4750.0,10214.0,10000000.0,-0.42
