종목코드,종목명,EPS,BPS,PER,PBR,배당수익률,ROE,날짜,종가,거래량,상장주식수,등락률
017810,풀무원,255.0,8638.0,53.29,1.57,0.75,2.9520722389442002,20240304,10660.0,34737.0,38120542.0,0.47
017810,풀무원,255.0,8638.0,53.29,1.57,0.75,2.9520722389442002,20240305,10710.0,52362.0,38120542.0,0.47
017810,풀무원,255.0,8638.0,53.29,1.57,0.75,2.9520722389442002,20240306,10680.0,45082.0,38120542.0,-0.28
017810,풀무원,255.0,8638.0,53.29,1.57,0.75,2.9520722389442002,20240307,10510.0,43368.0,38120542.0,-1.59
017810,풀무원,255.0,8638.0,53.29,1.57,0.75,2.9520722389442002,20240308,10520.0,23120.0,38120542.0,0.1
