종목코드,종목명,EPS,BPS,PER,PBR,배당수익률,ROE,날짜,종가,거래량,상장주식수,등락률
103140,풍산,5727.0,71975.0,10.08,0.8,2.08,7.956929489406043,20240304,42800.0,237970.0,28024278.0,-0.81
103140,풍산,5727.0,71975.0,10.08,0.8,2.08,7.956929489406043,20240305,43200.0,294217.0,28024278.0,0.93
103140,풍산,5727.0,71975.0,10.08,0.8,2.08,7.956929489406043,20240306,44450.0,415134.0,28024278.0,2.89
103140,풍산,5727.0,71975.0,10.08,0.8,2.08,7.956929489406043,20240307,46100.0,1930617.0,28024278.0,3.71
103140,풍산,5727.0,71975.0,10.08,0.8,2.08,7.956929489406043,20240308,48400.0,765449.0,28024278.0,4.99
