종목코드,종목명,EPS,BPS,PER,PBR,배당수익률,ROE,날짜,종가,거래량,상장주식수,등락률
445180,퓨릿,837.0,4965.0,11.45,1.93,0.52,16.858006042296072,20240304,13260.0,301332.0,16769188.0,0.61
445180,퓨릿,837.0,4965.0,11.45,1.93,0.52,16.858006042296072,20240305,13130.0,213389.0,16769188.0,-0.98
445180,퓨릿,837.0,4965.0,11.45,1.93,0.52,16.858006042296072,20240306,13740.0,437420.0,16769188.0,4.65
445180,퓨릿,837.0,4965.0,11.45,1.93,0.52,16.858006042296072,20240307,13300.0,332453.0,16769188.0,-3.2
445180,퓨릿,837.0,4965.0,11.45,1.93,0.52,16.858006042296072,20240308,13580.0,664953.0,16769188.0,2.11
