종목코드,종목명,EPS,BPS,PER,PBR,배당수익률,ROE,날짜,종가,거래량,상장주식수,등락률
321260,프로이천,122.0,1308.0,19.8,1.85,0.83,9.327217125382264,20240304,3120.0,311993.0,28192084.0,3.65
321260,프로이천,122.0,1308.0,19.8,1.85,0.83,9.327217125382264,20240305,3065.0,186965.0,28192084.0,-1.76
321260,프로이천,122.0,1308.0,19.8,1.85,0.83,9.327217125382264,20240306,2995.0,256894.0,28192084.0,-2.28
321260,프로이천,122.0,1308.0,19.8,1.85,0.83,9.327217125382264,20240307,2995.0,213570.0,28192084.0,0.0
321260,프로이천,122.0,1308.0,19.8,1.85,0.83,9.327217125382264,20240308,2995.0,144432.0,28192084.0,0.0
