종목코드,종목명,EPS,BPS,PER,PBR,배당수익률,ROE,날짜,종가,거래량,상장주식수,등락률
053610,프로텍,2290.0,31733.0,11.53,0.83,1.52,7.216462357797876,20240304,49100.0,214657.0,11000000.0,4.8
053610,프로텍,2290.0,31733.0,11.53,0.83,1.52,7.216462357797876,20240305,52800.0,1041066.0,11000000.0,7.54
053610,프로텍,2290.0,31733.0,11.53,0.83,1.52,7.216462357797876,20240306,52600.0,421946.0,11000000.0,-0.38
053610,프로텍,2290.0,31733.0,11.53,0.83,1.52,7.216462357797876,20240307,50500.0,310472.0,11000000.0,-3.99
053610,프로텍,2290.0,31733.0,11.53,0.83,1.52,7.216462357797876,20240308,53300.0,397878.0,11000000.0,5.54
