종목코드,종목명,EPS,BPS,PER,PBR,배당수익률,ROE,날짜,종가,거래량,상장주식수,등락률
053160,프리엠스,137.0,11112.0,73.28,0.9,0.5,1.232901367890569,20240304,20300.0,96314.0,6000000.0,1.5
053160,프리엠스,137.0,11112.0,73.28,0.9,0.5,1.232901367890569,20240305,19300.0,124734.0,6000000.0,-4.93
053160,프리엠스,137.0,11112.0,73.28,0.9,0.5,1.232901367890569,20240306,19000.0,116938.0,6000000.0,-1.55
053160,프리엠스,137.0,11112.0,73.28,0.9,0.5,1.232901367890569,20240307,19270.0,63085.0,6000000.0,1.42
053160,프리엠스,137.0,11112.0,73.28,0.9,0.5,1.232901367890569,20240308,19810.0,280617.0,6000000.0,2.8
