종목코드,종목명,EPS,BPS,PER,PBR,배당수익률,ROE,날짜,종가,거래량,상장주식수,등락률
075130,플랜티넷,101.0,4405.0,21.73,0.5,4.56,2.292849035187287,20240304,2490.0,86961.0,16622320.0,0.4
075130,플랜티넷,101.0,4405.0,21.73,0.5,4.56,2.292849035187287,20240305,2470.0,28302.0,16622320.0,-0.8
075130,플랜티넷,101.0,4405.0,21.73,0.5,4.56,2.292849035187287,20240306,2500.0,49400.0,16622320.0,1.21
075130,플랜티넷,101.0,4405.0,21.73,0.5,4.56,2.292849035187287,20240307,2470.0,50158.0,16622320.0,-1.2
075130,플랜티넷,101.0,4405.0,21.73,0.5,4.56,2.292849035187287,20240308,2500.0,44989.0,16622320.0,1.21
