종목코드,종목명,EPS,BPS,PER,PBR,배당수익률,ROE,날짜,종가,거래량,상장주식수,등락률
032580,피델릭스,32.0,1509.0,40.88,0.87,0.0,2.1206096752816435,20240304,1776.0,2257055.0,33132064.0,8.69
032580,피델릭스,32.0,1509.0,40.88,0.87,0.0,2.1206096752816435,20240305,1722.0,3703950.0,33132064.0,-3.04
032580,피델릭스,32.0,1509.0,40.88,0.87,0.0,2.1206096752816435,20240306,1680.0,826748.0,33132064.0,-2.44
032580,피델릭스,32.0,1509.0,40.88,0.87,0.0,2.1206096752816435,20240307,1661.0,838619.0,33132064.0,-1.13
032580,피델릭스,32.0,1509.0,40.88,0.87,0.0,2.1206096752816435,20240308,1669.0,627750.0,33132064.0,0.48
