종목코드,종목명,EPS,BPS,PER,PBR,배당수익률,ROE,날짜,종가,거래량,상장주식수,등락률
347740,피엔케이피부임상연구센타,160.0,2493.0,18.31,1.18,1.02,6.417970316887285,20240304,2610.0,53478.0,30010576.0,-2.25
347740,피엔케이피부임상연구센타,160.0,2493.0,18.31,1.18,1.02,6.417970316887285,20240305,2645.0,72837.0,30010576.0,1.34
347740,피엔케이피부임상연구센타,160.0,2493.0,18.31,1.18,1.02,6.417970316887285,20240306,2840.0,9227671.0,30010576.0,7.37
347740,피엔케이피부임상연구센타,160.0,2493.0,18.31,1.18,1.02,6.417970316887285,20240307,2880.0,5267634.0,30010576.0,1.41
347740,피엔케이피부임상연구센타,160.0,2493.0,18.31,1.18,1.02,6.417970316887285,20240308,2835.0,713571.0,30010576.0,-1.56
