종목코드,종목명,EPS,BPS,PER,PBR,배당수익률,ROE,날짜,종가,거래량,상장주식수,등락률
006140,피제이전자,411.0,8427.0,14.94,0.73,1.95,4.877180491278034,20240304,6730.0,208980.0,15000000.0,0.15
006140,피제이전자,411.0,8427.0,14.94,0.73,1.95,4.877180491278034,20240305,6870.0,186953.0,15000000.0,2.08
006140,피제이전자,411.0,8427.0,14.94,0.73,1.95,4.877180491278034,20240306,6870.0,171619.0,15000000.0,0.0
006140,피제이전자,411.0,8427.0,14.94,0.73,1.95,4.877180491278034,20240307,6870.0,109335.0,15000000.0,0.0
006140,피제이전자,411.0,8427.0,14.94,0.73,1.95,4.877180491278034,20240308,6820.0,90942.0,15000000.0,-0.73
