종목코드,종목명,EPS,BPS,PER,PBR,배당수익률,ROE,날짜,종가,거래량,상장주식수,등락률
128660,피제이메탈,566.0,2862.0,5.95,1.18,4.45,19.776380153738643,20240304,3380.0,36840.0,24803369.0,-0.15
128660,피제이메탈,566.0,2862.0,5.95,1.18,4.45,19.776380153738643,20240305,3385.0,17873.0,24803369.0,0.15
128660,피제이메탈,566.0,2862.0,5.95,1.18,4.45,19.776380153738643,20240306,3385.0,39335.0,24803369.0,0.0
128660,피제이메탈,566.0,2862.0,5.95,1.18,4.45,19.776380153738643,20240307,3385.0,54259.0,24803369.0,0.0
128660,피제이메탈,566.0,2862.0,5.95,1.18,4.45,19.776380153738643,20240308,3385.0,46076.0,24803369.0,0.0
