종목코드,종목명,EPS,BPS,PER,PBR,배당수익률,ROE,날짜,종가,거래량,상장주식수,등락률
002230,피에스텍,234.0,7860.0,16.92,0.5,6.31,2.9770992366412212,20240304,3620.0,16542.0,19370673.0,-1.9
002230,피에스텍,234.0,7860.0,16.92,0.5,6.31,2.9770992366412212,20240305,3610.0,17005.0,19370673.0,-0.28
002230,피에스텍,234.0,7860.0,16.92,0.5,6.31,2.9770992366412212,20240306,3555.0,23992.0,19370673.0,-1.52
002230,피에스텍,234.0,7860.0,16.92,0.5,6.31,2.9770992366412212,20240307,3555.0,11865.0,19370673.0,0.0
002230,피에스텍,234.0,7860.0,16.92,0.5,6.31,2.9770992366412212,20240308,3550.0,4448.0,19370673.0,-0.14
