종목코드,종목명,EPS,BPS,PER,PBR,배당수익률,ROE,날짜,종가,거래량,상장주식수,등락률
376180,피코그램,243.0,1956.0,13.42,1.67,0.0,12.423312883435583,20240304,4230.0,287032.0,18416858.0,2.42
376180,피코그램,243.0,1956.0,13.42,1.67,0.0,12.423312883435583,20240305,4105.0,95930.0,18416858.0,-2.96
376180,피코그램,243.0,1956.0,13.42,1.67,0.0,12.423312883435583,20240306,4065.0,75905.0,18416858.0,-0.97
376180,피코그램,243.0,1956.0,13.42,1.67,0.0,12.423312883435583,20240307,3965.0,104379.0,18416858.0,-2.46
376180,피코그램,243.0,1956.0,13.42,1.67,0.0,12.423312883435583,20240308,3985.0,121912.0,18416858.0,0.5
