종목코드,종목명,EPS,BPS,PER,PBR,배당수익률,ROE,날짜,종가,거래량,상장주식수,등락률
237750,피앤씨테크,561.0,11052.0,9.63,0.49,0.0,5.07600434310532,20240304,5380.0,38242.0,6496600.0,-1.1
237750,피앤씨테크,561.0,11052.0,9.63,0.49,0.0,5.07600434310532,20240305,5330.0,29404.0,6496600.0,-0.93
237750,피앤씨테크,561.0,11052.0,9.63,0.49,0.0,5.07600434310532,20240306,5330.0,31845.0,6496600.0,0.0
237750,피앤씨테크,561.0,11052.0,9.63,0.49,0.0,5.07600434310532,20240307,5340.0,25267.0,6496600.0,0.19
237750,피앤씨테크,561.0,11052.0,9.63,0.49,0.0,5.07600434310532,20240308,5310.0,26240.0,6496600.0,-0.56
