종목코드,종목명,EPS,BPS,PER,PBR,배당수익률,ROE,날짜,종가,거래량,상장주식수,등락률
347770,핌스,123.0,2619.0,21.95,1.03,0.0,4.696449026345934,20240304,4480.0,156758.0,22857042.0,3.82
347770,핌스,123.0,2619.0,21.95,1.03,0.0,4.696449026345934,20240305,4370.0,125733.0,22857042.0,-2.46
347770,핌스,123.0,2619.0,21.95,1.03,0.0,4.696449026345934,20240306,4290.0,109277.0,22857042.0,-1.83
347770,핌스,123.0,2619.0,21.95,1.03,0.0,4.696449026345934,20240307,4110.0,241647.0,22857042.0,-4.2
347770,핌스,123.0,2619.0,21.95,1.03,0.0,4.696449026345934,20240308,4200.0,50009.0,22857042.0,2.19
