종목코드,종목명,EPS,BPS,PER,PBR,배당수익률,ROE,날짜,종가,거래량,상장주식수,등락률
417180,핑거스토리,126.0,1439.0,22.06,1.93,0.0,8.756080611535788,20240304,3830.0,323781.0,16636999.0,2.0
417180,핑거스토리,126.0,1439.0,22.06,1.93,0.0,8.756080611535788,20240305,3765.0,188058.0,16636999.0,-1.7
417180,핑거스토리,126.0,1439.0,22.06,1.93,0.0,8.756080611535788,20240306,3680.0,172310.0,16636999.0,-2.26
417180,핑거스토리,126.0,1439.0,22.06,1.93,0.0,8.756080611535788,20240307,3665.0,191083.0,16636999.0,-0.41
417180,핑거스토리,126.0,1439.0,22.06,1.93,0.0,8.756080611535788,20240308,3590.0,185055.0,16636999.0,-2.05
