종목코드,종목명,EPS,BPS,PER,PBR,배당수익률,ROE,날짜,종가,거래량,상장주식수,등락률
086790,하나금융지주,11380.0,136601.0,5.67,0.47,5.27,8.330832131536372,20240304,60200.0,2209560.0,292356598.0,6.36
086790,하나금융지주,11380.0,136601.0,5.67,0.47,5.27,8.330832131536372,20240305,59700.0,2100112.0,292356598.0,-0.83
086790,하나금융지주,11380.0,136601.0,5.67,0.47,5.27,8.330832131536372,20240306,59200.0,1240810.0,292356598.0,-0.84
086790,하나금융지주,11380.0,136601.0,5.67,0.47,5.27,8.330832131536372,20240307,59800.0,1459156.0,292356598.0,1.01
086790,하나금융지주,11380.0,136601.0,5.67,0.47,5.27,8.330832131536372,20240308,59700.0,1041284.0,292356598.0,-0.17
