종목코드,종목명,EPS,BPS,PER,PBR,배당수익률,ROE,날짜,종가,거래량,상장주식수,등락률
293480,하나제약,1291.0,16069.0,9.79,0.79,4.03,8.03410293110959,20240304,13600.0,10393.0,17772946.0,-0.58
293480,하나제약,1291.0,16069.0,9.79,0.79,4.03,8.03410293110959,20240305,13460.0,34865.0,17772946.0,-1.03
293480,하나제약,1291.0,16069.0,9.79,0.79,4.03,8.03410293110959,20240306,13570.0,32822.0,17772946.0,0.82
293480,하나제약,1291.0,16069.0,9.79,0.79,4.03,8.03410293110959,20240307,13630.0,16242.0,17772946.0,0.44
293480,하나제약,1291.0,16069.0,9.79,0.79,4.03,8.03410293110959,20240308,13920.0,30819.0,17772946.0,2.13
