종목코드,종목명,EPS,BPS,PER,PBR,배당수익률,ROE,날짜,종가,거래량,상장주식수,등락률
106190,하이텍팜,760.0,10069.0,23.92,1.81,0.55,7.547919356440561,20240304,9060.0,18504.0,10633173.0,-2.27
106190,하이텍팜,760.0,10069.0,23.92,1.81,0.55,7.547919356440561,20240305,8990.0,36278.0,10633173.0,-0.77
106190,하이텍팜,760.0,10069.0,23.92,1.81,0.55,7.547919356440561,20240306,9120.0,11520.0,10633173.0,1.45
106190,하이텍팜,760.0,10069.0,23.92,1.81,0.55,7.547919356440561,20240307,9040.0,11013.0,10633173.0,-0.88
106190,하이텍팜,760.0,10069.0,23.92,1.81,0.55,7.547919356440561,20240308,9170.0,15328.0,10633173.0,1.44
