종목코드,종목명,EPS,BPS,PER,PBR,배당수익률,ROE,날짜,종가,거래량,상장주식수,등락률
013030,하이록코리아,3687.0,32055.0,7.61,0.88,3.74,11.502105755732336,20240304,26050.0,100723.0,12856050.0,2.56
013030,하이록코리아,3687.0,32055.0,7.61,0.88,3.74,11.502105755732336,20240305,25650.0,53548.0,12856050.0,-1.54
013030,하이록코리아,3687.0,32055.0,7.61,0.88,3.74,11.502105755732336,20240306,25200.0,15885.0,12856050.0,-1.75
013030,하이록코리아,3687.0,32055.0,7.61,0.88,3.74,11.502105755732336,20240307,25100.0,14230.0,12856050.0,-0.4
013030,하이록코리아,3687.0,32055.0,7.61,0.88,3.74,11.502105755732336,20240308,25000.0,30903.0,12856050.0,-0.4
