종목코드,종목명,EPS,BPS,PER,PBR,배당수익률,ROE,날짜,종가,거래량,상장주식수,등락률
071090,하이스틸,65.0,7393.0,56.62,0.5,0.27,0.8792100635736507,20240304,3110.0,67327.0,20191471.0,0.0
071090,하이스틸,65.0,7393.0,56.62,0.5,0.27,0.8792100635736507,20240305,3065.0,108305.0,20191471.0,-1.45
071090,하이스틸,65.0,7393.0,56.62,0.5,0.27,0.8792100635736507,20240306,3065.0,102620.0,20191471.0,0.0
071090,하이스틸,65.0,7393.0,56.62,0.5,0.27,0.8792100635736507,20240307,3030.0,67899.0,20191471.0,-1.14
071090,하이스틸,65.0,7393.0,56.62,0.5,0.27,0.8792100635736507,20240308,3040.0,67547.0,20191471.0,0.33
