종목코드,종목명,EPS,BPS,PER,PBR,배당수익률,ROE,날짜,종가,거래량,상장주식수,등락률
066130,하츠,501.0,8477.0,11.38,0.67,1.58,5.910109708623334,20240304,5040.0,36371.0,12800000.0,-1.18
066130,하츠,501.0,8477.0,11.38,0.67,1.58,5.910109708623334,20240305,4985.0,22697.0,12800000.0,-1.09
066130,하츠,501.0,8477.0,11.38,0.67,1.58,5.910109708623334,20240306,4990.0,15896.0,12800000.0,0.1
066130,하츠,501.0,8477.0,11.38,0.67,1.58,5.910109708623334,20240307,4935.0,21714.0,12800000.0,-1.1
066130,하츠,501.0,8477.0,11.38,0.67,1.58,5.910109708623334,20240308,5060.0,21063.0,12800000.0,2.53
