종목코드,종목명,EPS,BPS,PER,PBR,배당수익률,ROE,날짜,종가,거래량,상장주식수,등락률
149980,하이로닉,430.0,4380.0,19.37,1.9,0.0,9.817351598173515,20240304,7270.0,286509.0,18590363.0,-2.81
149980,하이로닉,430.0,4380.0,19.37,1.9,0.0,9.817351598173515,20240305,7290.0,136378.0,18590363.0,0.28
149980,하이로닉,430.0,4380.0,19.37,1.9,0.0,9.817351598173515,20240306,7620.0,252449.0,18590363.0,4.53
149980,하이로닉,430.0,4380.0,19.37,1.9,0.0,9.817351598173515,20240307,7300.0,212069.0,18590363.0,-4.2
149980,하이로닉,430.0,4380.0,19.37,1.9,0.0,9.817351598173515,20240308,7400.0,119095.0,18590363.0,1.37
