종목코드,종목명,EPS,BPS,PER,PBR,배당수익률,ROE,날짜,종가,거래량,상장주식수,등락률
023350,한국종합기술,1282.0,15058.0,4.19,0.36,1.86,8.513746845530616,20240304,5840.0,27793.0,10950000.0,-0.51
023350,한국종합기술,1282.0,15058.0,4.19,0.36,1.86,8.513746845530616,20240305,5820.0,23115.0,10950000.0,-0.34
023350,한국종합기술,1282.0,15058.0,4.19,0.36,1.86,8.513746845530616,20240306,5790.0,30082.0,10950000.0,-0.52
023350,한국종합기술,1282.0,15058.0,4.19,0.36,1.86,8.513746845530616,20240307,5760.0,44565.0,10950000.0,-0.52
023350,한국종합기술,1282.0,15058.0,4.19,0.36,1.86,8.513746845530616,20240308,5780.0,18231.0,10950000.0,0.35
