종목코드,종목명,EPS,BPS,PER,PBR,배당수익률,ROE,날짜,종가,거래량,상장주식수,등락률
017890,한국알콜,489.0,23303.0,20.63,0.43,2.82,2.098442260653135,20240304,11380.0,64517.0,21605760.0,0.53
017890,한국알콜,489.0,23303.0,20.63,0.43,2.82,2.098442260653135,20240305,11150.0,80605.0,21605760.0,-2.02
017890,한국알콜,489.0,23303.0,20.63,0.43,2.82,2.098442260653135,20240306,11120.0,54870.0,21605760.0,-0.27
017890,한국알콜,489.0,23303.0,20.63,0.43,2.82,2.098442260653135,20240307,11070.0,55250.0,21605760.0,-0.45
017890,한국알콜,489.0,23303.0,20.63,0.43,2.82,2.098442260653135,20240308,11090.0,36113.0,21605760.0,0.18
