종목코드,종목명,EPS,BPS,PER,PBR,배당수익률,ROE,날짜,종가,거래량,상장주식수,등락률
039740,한국정보공학,249.0,5737.0,11.57,0.5,0.0,4.3402475161234095,20240304,3315.0,47254.0,8018397.0,1.07
039740,한국정보공학,249.0,5737.0,11.57,0.5,0.0,4.3402475161234095,20240305,3415.0,38421.0,8018397.0,3.02
039740,한국정보공학,249.0,5737.0,11.57,0.5,0.0,4.3402475161234095,20240306,3470.0,23721.0,8018397.0,1.61
039740,한국정보공학,249.0,5737.0,11.57,0.5,0.0,4.3402475161234095,20240307,3390.0,28358.0,8018397.0,-2.31
039740,한국정보공학,249.0,5737.0,11.57,0.5,0.0,4.3402475161234095,20240308,3385.0,21989.0,8018397.0,-0.15
