종목코드,종목명,EPS,BPS,PER,PBR,배당수익률,ROE,날짜,종가,거래량,상장주식수,등락률
005430,한국공항,10275.0,113947.0,7.14,0.64,1.36,9.017350171570994,20240304,56300.0,11246.0,3166355.0,4.26
005430,한국공항,10275.0,113947.0,7.14,0.64,1.36,9.017350171570994,20240305,56800.0,7194.0,3166355.0,0.89
005430,한국공항,10275.0,113947.0,7.14,0.64,1.36,9.017350171570994,20240306,54900.0,19571.0,3166355.0,-3.35
005430,한국공항,10275.0,113947.0,7.14,0.64,1.36,9.017350171570994,20240307,54800.0,13866.0,3166355.0,-0.18
005430,한국공항,10275.0,113947.0,7.14,0.64,1.36,9.017350171570994,20240308,53300.0,17591.0,3166355.0,-2.74
