종목코드,종목명,EPS,BPS,PER,PBR,배당수익률,ROE,날짜,종가,거래량,상장주식수,등락률
004590,한국가구,793.0,11512.0,4.9,0.34,4.5,6.888464211257818,20240304,3970.0,25746.0,15000000.0,-0.25
004590,한국가구,793.0,11512.0,4.9,0.34,4.5,6.888464211257818,20240305,3965.0,22133.0,15000000.0,-0.13
004590,한국가구,793.0,11512.0,4.9,0.34,4.5,6.888464211257818,20240306,4000.0,17283.0,15000000.0,0.88
004590,한국가구,793.0,11512.0,4.9,0.34,4.5,6.888464211257818,20240307,3990.0,11275.0,15000000.0,-0.25
004590,한국가구,793.0,11512.0,4.9,0.34,4.5,6.888464211257818,20240308,3950.0,13816.0,15000000.0,-1.0
