종목코드,종목명,EPS,BPS,PER,PBR,배당수익률,ROE,날짜,종가,거래량,상장주식수,등락률
023760,한국캐피탈,199.0,1958.0,2.99,0.3,4.7,10.163432073544433,20240304,657.0,675456.0,315609576.0,2.34
023760,한국캐피탈,199.0,1958.0,2.99,0.3,4.7,10.163432073544433,20240305,655.0,822099.0,315609576.0,-0.3
023760,한국캐피탈,199.0,1958.0,2.99,0.3,4.7,10.163432073544433,20240306,645.0,317391.0,315609576.0,-1.53
023760,한국캐피탈,199.0,1958.0,2.99,0.3,4.7,10.163432073544433,20240307,630.0,263905.0,315609576.0,-2.33
023760,한국캐피탈,199.0,1958.0,2.99,0.3,4.7,10.163432073544433,20240308,635.0,344258.0,315609576.0,0.79
