종목코드,종목명,EPS,BPS,PER,PBR,배당수익률,ROE,날짜,종가,거래량,상장주식수,등락률
161890,한국콜마,227.0,28347.0,289.43,2.32,0.91,0.8007902070765867,20240304,45750.0,164366.0,22881180.0,-3.58
161890,한국콜마,227.0,28347.0,289.43,2.32,0.91,0.8007902070765867,20240305,45950.0,154133.0,22881180.0,0.44
161890,한국콜마,227.0,28347.0,289.43,2.32,0.91,0.8007902070765867,20240306,47200.0,157386.0,23605077.0,2.72
161890,한국콜마,227.0,28347.0,289.43,2.32,0.91,0.8007902070765867,20240307,45900.0,147434.0,23605077.0,-2.75
161890,한국콜마,227.0,28347.0,289.43,2.32,0.91,0.8007902070765867,20240308,45650.0,129420.0,23605077.0,-0.54
