종목코드,종목명,EPS,BPS,PER,PBR,배당수익률,ROE,날짜,종가,거래량,상장주식수,등락률
123890,한국자산신탁,1059.0,8459.0,2.87,0.36,7.24,12.51921030854711,20240304,3395.0,182787.0,123977752.0,0.89
123890,한국자산신탁,1059.0,8459.0,2.87,0.36,7.24,12.51921030854711,20240305,3440.0,168794.0,123977752.0,1.33
123890,한국자산신탁,1059.0,8459.0,2.87,0.36,7.24,12.51921030854711,20240306,3490.0,230013.0,123977752.0,1.45
123890,한국자산신탁,1059.0,8459.0,2.87,0.36,7.24,12.51921030854711,20240307,3485.0,183677.0,123977752.0,-0.14
123890,한국자산신탁,1059.0,8459.0,2.87,0.36,7.24,12.51921030854711,20240308,3495.0,230429.0,123977752.0,0.29
