종목코드,종목명,EPS,BPS,PER,PBR,배당수익률,ROE,날짜,종가,거래량,상장주식수,등락률
256840,한국비엔씨,388.0,3157.0,17.27,2.12,0.0,12.29014887551473,20240304,5530.0,24140770.0,67912443.0,16.54
256840,한국비엔씨,388.0,3157.0,17.27,2.12,0.0,12.29014887551473,20240305,6050.0,34138000.0,67912443.0,9.4
256840,한국비엔씨,388.0,3157.0,17.27,2.12,0.0,12.29014887551473,20240306,6060.0,7635892.0,67912443.0,0.17
256840,한국비엔씨,388.0,3157.0,17.27,2.12,0.0,12.29014887551473,20240307,6030.0,5142609.0,67912443.0,-0.5
256840,한국비엔씨,388.0,3157.0,17.27,2.12,0.0,12.29014887551473,20240308,6220.0,10577637.0,67912443.0,3.15
