종목코드,종목명,EPS,BPS,PER,PBR,배당수익률,ROE,날짜,종가,거래량,상장주식수,등락률
030520,한글과컴퓨터,633.0,14031.0,29.23,1.32,2.22,4.511438956596109,20240304,24000.0,904014.0,24179744.0,2.35
030520,한글과컴퓨터,633.0,14031.0,29.23,1.32,2.22,4.511438956596109,20240305,22950.0,1365164.0,24179744.0,-4.38
030520,한글과컴퓨터,633.0,14031.0,29.23,1.32,2.22,4.511438956596109,20240306,23100.0,829985.0,24179744.0,0.65
030520,한글과컴퓨터,633.0,14031.0,29.23,1.32,2.22,4.511438956596109,20240307,22900.0,679219.0,24179744.0,-0.87
030520,한글과컴퓨터,633.0,14031.0,29.23,1.32,2.22,4.511438956596109,20240308,22600.0,621622.0,24179744.0,-1.31
