종목코드,종목명,EPS,BPS,PER,PBR,배당수익률,ROE,날짜,종가,거래량,상장주식수,등락률
071050,한국금융지주,12100.0,143392.0,6.06,0.51,3.62,8.438406605668378,20240304,73600.0,274452.0,55725992.0,3.66
071050,한국금융지주,12100.0,143392.0,6.06,0.51,3.62,8.438406605668378,20240305,74100.0,188756.0,55725992.0,0.68
071050,한국금융지주,12100.0,143392.0,6.06,0.51,3.62,8.438406605668378,20240306,71200.0,161777.0,55725992.0,-3.91
071050,한국금융지주,12100.0,143392.0,6.06,0.51,3.62,8.438406605668378,20240307,71400.0,91073.0,55725992.0,0.28
071050,한국금융지주,12100.0,143392.0,6.06,0.51,3.62,8.438406605668378,20240308,71900.0,104401.0,55725992.0,0.7
