종목코드,종목명,EPS,BPS,PER,PBR,배당수익률,ROE,날짜,종가,거래량,상장주식수,등락률
104700,한국철강,1756.0,21938.0,4.73,0.38,4.81,8.004375968638891,20240304,7330.0,66955.0,42450000.0,2.37
104700,한국철강,1756.0,21938.0,4.73,0.38,4.81,8.004375968638891,20240305,7460.0,94195.0,42450000.0,1.77
104700,한국철강,1756.0,21938.0,4.73,0.38,4.81,8.004375968638891,20240306,7430.0,56583.0,42450000.0,-0.4
104700,한국철강,1756.0,21938.0,4.73,0.38,4.81,8.004375968638891,20240307,7350.0,87294.0,42450000.0,-1.08
104700,한국철강,1756.0,21938.0,4.73,0.38,4.81,8.004375968638891,20240308,7360.0,74290.0,42450000.0,0.14
