종목코드,종목명,EPS,BPS,PER,PBR,배당수익률,ROE,날짜,종가,거래량,상장주식수,등락률
041460,한국전자인증,126.0,2834.0,30.71,1.37,1.81,4.446012702893437,20240304,4510.0,156929.0,19000000.0,-0.88
041460,한국전자인증,126.0,2834.0,30.71,1.37,1.81,4.446012702893437,20240305,4425.0,145535.0,19000000.0,-1.88
041460,한국전자인증,126.0,2834.0,30.71,1.37,1.81,4.446012702893437,20240306,4320.0,158737.0,19000000.0,-2.37
041460,한국전자인증,126.0,2834.0,30.71,1.37,1.81,4.446012702893437,20240307,4290.0,142395.0,19000000.0,-0.69
041460,한국전자인증,126.0,2834.0,30.71,1.37,1.81,4.446012702893437,20240308,4320.0,74878.0,19000000.0,0.7
