종목코드,종목명,EPS,BPS,PER,PBR,배당수익률,ROE,날짜,종가,거래량,상장주식수,등락률
007280,한국특강,464.0,3738.0,3.47,0.43,0.0,12.413055109684324,20240304,1768.0,63264.0,60589598.0,0.4
007280,한국특강,464.0,3738.0,3.47,0.43,0.0,12.413055109684324,20240305,1754.0,32842.0,60589598.0,-0.79
007280,한국특강,464.0,3738.0,3.47,0.43,0.0,12.413055109684324,20240306,1748.0,22498.0,60589598.0,-0.34
007280,한국특강,464.0,3738.0,3.47,0.43,0.0,12.413055109684324,20240307,1764.0,120917.0,60589598.0,0.92
007280,한국특강,464.0,3738.0,3.47,0.43,0.0,12.413055109684324,20240308,1760.0,33178.0,60589598.0,-0.23
