종목코드,종목명,EPS,BPS,PER,PBR,배당수익률,ROE,날짜,종가,거래량,상장주식수,등락률
037230,한국팩키지,137.0,3618.0,14.64,0.55,2.0,3.7866224433388616,20240304,2165.0,12527.0,29800327.0,0.46
037230,한국팩키지,137.0,3618.0,14.64,0.55,2.0,3.7866224433388616,20240305,2175.0,32424.0,29800327.0,0.46
037230,한국팩키지,137.0,3618.0,14.64,0.55,2.0,3.7866224433388616,20240306,2175.0,12289.0,29800327.0,0.0
037230,한국팩키지,137.0,3618.0,14.64,0.55,2.0,3.7866224433388616,20240307,2145.0,36806.0,29800327.0,-1.38
037230,한국팩키지,137.0,3618.0,14.64,0.55,2.0,3.7866224433388616,20240308,2120.0,16367.0,29800327.0,-1.17
