종목코드,종목명,EPS,BPS,PER,PBR,배당수익률,ROE,날짜,종가,거래량,상장주식수,등락률
025540,한국단자,7068.0,90347.0,8.43,0.66,1.17,7.823170664216852,20240304,63700.0,36351.0,10415000.0,0.31
025540,한국단자,7068.0,90347.0,8.43,0.66,1.17,7.823170664216852,20240305,64300.0,19048.0,10415000.0,0.94
025540,한국단자,7068.0,90347.0,8.43,0.66,1.17,7.823170664216852,20240306,64000.0,31942.0,10415000.0,-0.47
025540,한국단자,7068.0,90347.0,8.43,0.66,1.17,7.823170664216852,20240307,65200.0,33654.0,10415000.0,1.88
025540,한국단자,7068.0,90347.0,8.43,0.66,1.17,7.823170664216852,20240308,68400.0,71469.0,10415000.0,4.91
