종목코드,종목명,EPS,BPS,PER,PBR,배당수익률,ROE,날짜,종가,거래량,상장주식수,등락률
025770,한국정보통신,838.0,7585.0,10.11,1.12,0.0,11.048121292023731,20240304,8630.0,18813.0,37444271.0,0.58
025770,한국정보통신,838.0,7585.0,10.11,1.12,0.0,11.048121292023731,20240305,8600.0,30066.0,37444271.0,-0.35
025770,한국정보통신,838.0,7585.0,10.11,1.12,0.0,11.048121292023731,20240306,8500.0,35520.0,37444271.0,-1.16
025770,한국정보통신,838.0,7585.0,10.11,1.12,0.0,11.048121292023731,20240307,8260.0,53031.0,37444271.0,-2.82
025770,한국정보통신,838.0,7585.0,10.11,1.12,0.0,11.048121292023731,20240308,8470.0,24246.0,37444271.0,2.54
