종목코드,종목명,EPS,BPS,PER,PBR,배당수익률,ROE,날짜,종가,거래량,상장주식수,등락률
010100,한국무브넥스,1549.0,10710.0,2.63,0.38,2.46,14.463118580765641,20240304,6270.0,271188.0,30450420.0,-1.88
010100,한국무브넥스,1549.0,10710.0,2.63,0.38,2.46,14.463118580765641,20240305,6040.0,227839.0,30450420.0,-3.67
010100,한국무브넥스,1549.0,10710.0,2.63,0.38,2.46,14.463118580765641,20240306,6110.0,346352.0,30450420.0,1.16
010100,한국무브넥스,1549.0,10710.0,2.63,0.38,2.46,14.463118580765641,20240307,5950.0,285177.0,30450420.0,-2.62
010100,한국무브넥스,1549.0,10710.0,2.63,0.38,2.46,14.463118580765641,20240308,5870.0,251076.0,30450420.0,-1.34
