종목코드,종목명,EPS,BPS,PER,PBR,배당수익률,ROE,날짜,종가,거래량,상장주식수,등락률
002200,한국수출포장,498.0,7743.0,4.9,0.32,3.28,6.431615652847733,20240304,3110.0,120166.0,40000000.0,2.13
002200,한국수출포장,498.0,7743.0,4.9,0.32,3.28,6.431615652847733,20240305,3050.0,152673.0,40000000.0,-1.93
002200,한국수출포장,498.0,7743.0,4.9,0.32,3.28,6.431615652847733,20240306,3025.0,98031.0,40000000.0,-0.82
002200,한국수출포장,498.0,7743.0,4.9,0.32,3.28,6.431615652847733,20240307,2940.0,129811.0,40000000.0,-2.81
002200,한국수출포장,498.0,7743.0,4.9,0.32,3.28,6.431615652847733,20240308,2950.0,62911.0,40000000.0,0.34
