종목코드,종목명,EPS,BPS,PER,PBR,배당수익률,ROE,날짜,종가,거래량,상장주식수,등락률
052600,한네트,213.0,3167.0,19.41,1.31,3.63,6.725607830754657,20240304,4655.0,53414.0,11563700.0,-0.53
052600,한네트,213.0,3167.0,19.41,1.31,3.63,6.725607830754657,20240305,4685.0,52661.0,11563700.0,0.64
052600,한네트,213.0,3167.0,19.41,1.31,3.63,6.725607830754657,20240306,4665.0,48499.0,11563700.0,-0.43
052600,한네트,213.0,3167.0,19.41,1.31,3.63,6.725607830754657,20240307,4580.0,66692.0,11563700.0,-1.82
052600,한네트,213.0,3167.0,19.41,1.31,3.63,6.725607830754657,20240308,4570.0,42347.0,11563700.0,-0.22
