종목코드,종목명,EPS,BPS,PER,PBR,배당수익률,ROE,날짜,종가,거래량,상장주식수,등락률
092460,한라IMS,4212.0,9928.0,1.91,0.81,3.72,42.425463336019334,20240304,5970.0,15534.0,17109680.0,0.67
092460,한라IMS,4212.0,9928.0,1.91,0.81,3.72,42.425463336019334,20240305,5970.0,18118.0,17109680.0,0.0
092460,한라IMS,4212.0,9928.0,1.91,0.81,3.72,42.425463336019334,20240306,5910.0,6164.0,17109680.0,-1.01
092460,한라IMS,4212.0,9928.0,1.91,0.81,3.72,42.425463336019334,20240307,5840.0,6156.0,17109680.0,-1.18
092460,한라IMS,4212.0,9928.0,1.91,0.81,3.72,42.425463336019334,20240308,5810.0,8488.0,17109680.0,-0.51
