종목코드,종목명,EPS,BPS,PER,PBR,배당수익률,ROE,날짜,종가,거래량,상장주식수,등락률
128940,한미약품,11522.0,75345.0,25.78,3.94,0.17,15.292321985533214,20240304,323000.0,61523.0,12810991.0,-3.29
128940,한미약품,11522.0,75345.0,25.78,3.94,0.17,15.292321985533214,20240305,322000.0,30734.0,12810991.0,-0.31
128940,한미약품,11522.0,75345.0,25.78,3.94,0.17,15.292321985533214,20240306,328000.0,41094.0,12810991.0,1.86
128940,한미약품,11522.0,75345.0,25.78,3.94,0.17,15.292321985533214,20240307,316500.0,42272.0,12810991.0,-3.51
128940,한미약품,11522.0,75345.0,25.78,3.94,0.17,15.292321985533214,20240308,334000.0,61927.0,12810991.0,5.53
