종목코드,종목명,EPS,BPS,PER,PBR,배당수익률,ROE,날짜,종가,거래량,상장주식수,등락률
042700,한미반도체,2753.0,5875.0,46.75,21.91,0.33,46.85957446808511,20240304,95400.0,9385190.0,97339302.0,12.5
042700,한미반도체,2753.0,5875.0,46.75,21.91,0.33,46.85957446808511,20240305,94800.0,2547467.0,97339302.0,-0.63
042700,한미반도체,2753.0,5875.0,46.75,21.91,0.33,46.85957446808511,20240306,101400.0,3566477.0,97339302.0,6.96
042700,한미반도체,2753.0,5875.0,46.75,21.91,0.33,46.85957446808511,20240307,98700.0,3422841.0,97339302.0,-2.66
042700,한미반도체,2753.0,5875.0,46.75,21.91,0.33,46.85957446808511,20240308,100100.0,3084238.0,97339302.0,1.42
