종목코드,종목명,EPS,BPS,PER,PBR,배당수익률,ROE,날짜,종가,거래량,상장주식수,등락률
011500,한농화성,811.0,10630.0,16.05,1.22,0.92,7.629350893697085,20240304,17550.0,516229.0,15637042.0,3.3
011500,한농화성,811.0,10630.0,16.05,1.22,0.92,7.629350893697085,20240305,20000.0,4387400.0,15637042.0,13.96
011500,한농화성,811.0,10630.0,16.05,1.22,0.92,7.629350893697085,20240306,18530.0,1827644.0,15637042.0,-7.35
011500,한농화성,811.0,10630.0,16.05,1.22,0.92,7.629350893697085,20240307,21750.0,18057105.0,15637042.0,17.38
011500,한농화성,811.0,10630.0,16.05,1.22,0.92,7.629350893697085,20240308,21250.0,5896781.0,15637042.0,-2.3
