종목코드,종목명,EPS,BPS,PER,PBR,배당수익률,ROE,날짜,종가,거래량,상장주식수,등락률
372910,한컴라이프케어,30.0,4609.0,155.67,1.01,0.0,0.6509004122369277,20240304,4620.0,28794.0,27674406.0,0.43
372910,한컴라이프케어,30.0,4609.0,155.67,1.01,0.0,0.6509004122369277,20240305,4600.0,28086.0,27674406.0,-0.43
372910,한컴라이프케어,30.0,4609.0,155.67,1.01,0.0,0.6509004122369277,20240306,4595.0,41891.0,27674406.0,-0.11
372910,한컴라이프케어,30.0,4609.0,155.67,1.01,0.0,0.6509004122369277,20240307,4525.0,39249.0,27674406.0,-1.52
372910,한컴라이프케어,30.0,4609.0,155.67,1.01,0.0,0.6509004122369277,20240308,4550.0,18025.0,27674406.0,0.55
