종목코드,종목명,EPS,BPS,PER,PBR,배당수익률,ROE,날짜,종가,거래량,상장주식수,등락률
024740,한일단조,239.0,3830.0,8.72,0.54,0.0,6.240208877284595,20240304,2500.0,288705.0,31532546.0,0.2
024740,한일단조,239.0,3830.0,8.72,0.54,0.0,6.240208877284595,20240305,2530.0,304481.0,31532546.0,1.2
024740,한일단조,239.0,3830.0,8.72,0.54,0.0,6.240208877284595,20240306,2520.0,348646.0,31532546.0,-0.4
024740,한일단조,239.0,3830.0,8.72,0.54,0.0,6.240208877284595,20240307,2500.0,696659.0,31532546.0,-0.79
024740,한일단조,239.0,3830.0,8.72,0.54,0.0,6.240208877284595,20240308,2465.0,375258.0,31532546.0,-1.4
