종목코드,종목명,EPS,BPS,PER,PBR,배당수익률,ROE,날짜,종가,거래량,상장주식수,등락률
114810,한솔아이원스,77.0,5502.0,140.39,1.96,0.0,1.3994910941475827,20240304,12160.0,347581.0,29352174.0,2.53
114810,한솔아이원스,77.0,5502.0,140.39,1.96,0.0,1.3994910941475827,20240305,12020.0,109054.0,29352174.0,-1.15
114810,한솔아이원스,77.0,5502.0,140.39,1.96,0.0,1.3994910941475827,20240306,12230.0,176497.0,29352174.0,1.75
114810,한솔아이원스,77.0,5502.0,140.39,1.96,0.0,1.3994910941475827,20240307,11750.0,216802.0,29352174.0,-3.92
114810,한솔아이원스,77.0,5502.0,140.39,1.96,0.0,1.3994910941475827,20240308,12110.0,287661.0,29352174.0,3.06
