종목코드,종목명,EPS,BPS,PER,PBR,배당수익률,ROE,날짜,종가,거래량,상장주식수,등락률
079170,한창산업,301.0,11953.0,22.19,0.56,2.4,2.51819626871915,20240304,8000.0,11675.0,5200000.0,-0.12
079170,한창산업,301.0,11953.0,22.19,0.56,2.4,2.51819626871915,20240305,7920.0,11172.0,5200000.0,-1.0
079170,한창산업,301.0,11953.0,22.19,0.56,2.4,2.51819626871915,20240306,7960.0,9931.0,5200000.0,0.51
079170,한창산업,301.0,11953.0,22.19,0.56,2.4,2.51819626871915,20240307,7900.0,7266.0,5200000.0,-0.75
079170,한창산업,301.0,11953.0,22.19,0.56,2.4,2.51819626871915,20240308,7950.0,9837.0,5200000.0,0.63
