종목코드,종목명,EPS,BPS,PER,PBR,배당수익률,ROE,날짜,종가,거래량,상장주식수,등락률
014680,한솔케미칼,9684.0,77725.0,16.24,2.02,1.34,12.459311675779993,20240304,179100.0,191087.0,11335195.0,5.17
014680,한솔케미칼,9684.0,77725.0,16.24,2.02,1.34,12.459311675779993,20240305,187000.0,151165.0,11335195.0,4.41
014680,한솔케미칼,9684.0,77725.0,16.24,2.02,1.34,12.459311675779993,20240306,190700.0,121400.0,11335195.0,1.98
014680,한솔케미칼,9684.0,77725.0,16.24,2.02,1.34,12.459311675779993,20240307,189800.0,80536.0,11335195.0,-0.47
014680,한솔케미칼,9684.0,77725.0,16.24,2.02,1.34,12.459311675779993,20240308,187900.0,62060.0,11335195.0,-1.0
