종목코드,종목명,EPS,BPS,PER,PBR,배당수익률,ROE,날짜,종가,거래량,상장주식수,등락률
213500,한솔제지,74.0,30442.0,137.84,0.34,4.9,0.24308521122133894,20240304,10700.0,66239.0,23800576.0,-0.56
213500,한솔제지,74.0,30442.0,137.84,0.34,4.9,0.24308521122133894,20240305,10570.0,41006.0,23800576.0,-1.21
213500,한솔제지,74.0,30442.0,137.84,0.34,4.9,0.24308521122133894,20240306,10590.0,29572.0,23800576.0,0.19
213500,한솔제지,74.0,30442.0,137.84,0.34,4.9,0.24308521122133894,20240307,10460.0,61869.0,23800576.0,-1.23
213500,한솔제지,74.0,30442.0,137.84,0.34,4.9,0.24308521122133894,20240308,10540.0,32041.0,23800576.0,0.76
