종목코드,종목명,EPS,BPS,PER,PBR,배당수익률,ROE,날짜,종가,거래량,상장주식수,등락률
005860,한일사료,2921.0,3961.0,1.51,1.11,1.7,73.744004039384,20240304,4475.0,192632.0,39403685.0,0.67
005860,한일사료,2921.0,3961.0,1.51,1.11,1.7,73.744004039384,20240305,4405.0,281069.0,39403685.0,-1.56
005860,한일사료,2921.0,3961.0,1.51,1.11,1.7,73.744004039384,20240306,4410.0,179875.0,39403685.0,0.11
005860,한일사료,2921.0,3961.0,1.51,1.11,1.7,73.744004039384,20240307,4355.0,258315.0,39403685.0,-1.25
005860,한일사료,2921.0,3961.0,1.51,1.11,1.7,73.744004039384,20240308,4315.0,287701.0,39403685.0,-0.92
