종목코드,종목명,EPS,BPS,PER,PBR,배당수익률,ROE,날짜,종가,거래량,상장주식수,등락률
078350,한양디지텍,846.0,8912.0,20.83,1.98,0.0,9.492818671454218,20240304,14450.0,253501.0,15244382.0,0.77
078350,한양디지텍,846.0,8912.0,20.83,1.98,0.0,9.492818671454218,20240305,14300.0,136394.0,15244382.0,-1.04
078350,한양디지텍,846.0,8912.0,20.83,1.98,0.0,9.492818671454218,20240306,15700.0,492811.0,15244382.0,9.79
078350,한양디지텍,846.0,8912.0,20.83,1.98,0.0,9.492818671454218,20240307,16000.0,566767.0,15244382.0,1.91
078350,한양디지텍,846.0,8912.0,20.83,1.98,0.0,9.492818671454218,20240308,16000.0,278071.0,15244382.0,0.0
