종목코드,종목명,EPS,BPS,PER,PBR,배당수익률,ROE,날짜,종가,거래량,상장주식수,등락률
002320,한진,1805.0,97491.0,10.61,0.2,3.13,1.8514529546317098,20240304,23700.0,92845.0,14947628.0,-0.84
002320,한진,1805.0,97491.0,10.61,0.2,3.13,1.8514529546317098,20240305,24950.0,167522.0,14947628.0,5.27
002320,한진,1805.0,97491.0,10.61,0.2,3.13,1.8514529546317098,20240306,24600.0,98712.0,14947628.0,-1.4
002320,한진,1805.0,97491.0,10.61,0.2,3.13,1.8514529546317098,20240307,24000.0,89667.0,14947628.0,-2.44
002320,한진,1805.0,97491.0,10.61,0.2,3.13,1.8514529546317098,20240308,23800.0,147440.0,14947628.0,-0.83
