종목코드,종목명,EPS,BPS,PER,PBR,배당수익률,ROE,날짜,종가,거래량,상장주식수,등락률
130660,한전산업,476.0,3178.0,33.15,4.97,1.88,14.977973568281937,20240304,7680.0,98839.0,32600000.0,-0.26
130660,한전산업,476.0,3178.0,33.15,4.97,1.88,14.977973568281937,20240305,7530.0,156204.0,32600000.0,-1.95
130660,한전산업,476.0,3178.0,33.15,4.97,1.88,14.977973568281937,20240306,7600.0,93439.0,32600000.0,0.93
130660,한전산업,476.0,3178.0,33.15,4.97,1.88,14.977973568281937,20240307,7410.0,146308.0,32600000.0,-2.5
130660,한전산업,476.0,3178.0,33.15,4.97,1.88,14.977973568281937,20240308,7370.0,99978.0,32600000.0,-0.54
