종목코드,종목명,EPS,BPS,PER,PBR,배당수익률,ROE,날짜,종가,거래량,상장주식수,등락률
020000,한섬,3818.0,63584.0,4.52,0.27,4.35,6.004655259184701,20240304,18970.0,71832.0,24630000.0,-0.78
020000,한섬,3818.0,63584.0,4.52,0.27,4.35,6.004655259184701,20240305,19170.0,60047.0,24630000.0,1.05
020000,한섬,3818.0,63584.0,4.52,0.27,4.35,6.004655259184701,20240306,18980.0,33495.0,24630000.0,-0.99
020000,한섬,3818.0,63584.0,4.52,0.27,4.35,6.004655259184701,20240307,19070.0,28722.0,24630000.0,0.47
020000,한섬,3818.0,63584.0,4.52,0.27,4.35,6.004655259184701,20240308,19140.0,73741.0,24630000.0,0.37
