종목코드,종목명,EPS,BPS,PER,PBR,배당수익률,ROE,날짜,종가,거래량,상장주식수,등락률
180640,한진칼,5756.0,41041.0,11.74,1.65,0.44,14.024999390853049,20240304,59400.0,303564.0,66762279.0,-6.01
180640,한진칼,5756.0,41041.0,11.74,1.65,0.44,14.024999390853049,20240305,58300.0,174728.0,66762279.0,-1.85
180640,한진칼,5756.0,41041.0,11.74,1.65,0.44,14.024999390853049,20240306,56500.0,176283.0,66762279.0,-3.09
180640,한진칼,5756.0,41041.0,11.74,1.65,0.44,14.024999390853049,20240307,56400.0,76774.0,66762279.0,-0.18
180640,한진칼,5756.0,41041.0,11.74,1.65,0.44,14.024999390853049,20240308,57000.0,141014.0,66762279.0,1.06
