종목코드,종목명,EPS,BPS,PER,PBR,배당수익률,ROE,날짜,종가,거래량,상장주식수,등락률
003680,한성기업,216.0,9101.0,30.37,0.72,0.0,2.373365564223712,20240304,5460.0,49911.0,6209515.0,-2.5
003680,한성기업,216.0,9101.0,30.37,0.72,0.0,2.373365564223712,20240305,5340.0,28951.0,6209515.0,-2.2
003680,한성기업,216.0,9101.0,30.37,0.72,0.0,2.373365564223712,20240306,5330.0,17618.0,6209515.0,-0.19
003680,한성기업,216.0,9101.0,30.37,0.72,0.0,2.373365564223712,20240307,5270.0,12672.0,6209515.0,-1.13
003680,한성기업,216.0,9101.0,30.37,0.72,0.0,2.373365564223712,20240308,5340.0,11087.0,6209515.0,1.33
