종목코드,종목명,EPS,BPS,PER,PBR,배당수익률,ROE,날짜,종가,거래량,상장주식수,등락률
004150,한솔홀딩스,177.0,13520.0,15.03,0.2,3.76,1.3091715976331362,20240304,3020.0,156092.0,42008577.0,1.0
004150,한솔홀딩스,177.0,13520.0,15.03,0.2,3.76,1.3091715976331362,20240305,3035.0,80583.0,42008577.0,0.5
004150,한솔홀딩스,177.0,13520.0,15.03,0.2,3.76,1.3091715976331362,20240306,3035.0,83473.0,42008577.0,0.0
004150,한솔홀딩스,177.0,13520.0,15.03,0.2,3.76,1.3091715976331362,20240307,3045.0,122640.0,42008577.0,0.33
004150,한솔홀딩스,177.0,13520.0,15.03,0.2,3.76,1.3091715976331362,20240308,3075.0,111926.0,42008577.0,0.99
