종목코드,종목명,EPS,BPS,PER,PBR,배당수익률,ROE,날짜,종가,거래량,상장주식수,등락률
006390,한일현대시멘트,1814.0,20229.0,8.53,0.77,4.52,8.967324138612883,20240304,15080.0,5103.0,19327672.0,-0.66
006390,한일현대시멘트,1814.0,20229.0,8.53,0.77,4.52,8.967324138612883,20240305,15090.0,5808.0,19327672.0,0.07
006390,한일현대시멘트,1814.0,20229.0,8.53,0.77,4.52,8.967324138612883,20240306,15090.0,7436.0,19327672.0,0.0
006390,한일현대시멘트,1814.0,20229.0,8.53,0.77,4.52,8.967324138612883,20240307,15030.0,5704.0,19327672.0,-0.4
006390,한일현대시멘트,1814.0,20229.0,8.53,0.77,4.52,8.967324138612883,20240308,15010.0,3356.0,19327672.0,-0.13
