종목코드,종목명,EPS,BPS,PER,PBR,배당수익률,ROE,날짜,종가,거래량,상장주식수,등락률
052690,한전기술,858.0,14386.0,86.83,5.18,0.69,5.964131794800501,20240304,69900.0,136847.0,38220000.0,-1.41
052690,한전기술,858.0,14386.0,86.83,5.18,0.69,5.964131794800501,20240305,69200.0,90786.0,38220000.0,-1.0
052690,한전기술,858.0,14386.0,86.83,5.18,0.69,5.964131794800501,20240306,69600.0,96629.0,38220000.0,0.58
052690,한전기술,858.0,14386.0,86.83,5.18,0.69,5.964131794800501,20240307,69800.0,104075.0,38220000.0,0.29
052690,한전기술,858.0,14386.0,86.83,5.18,0.69,5.964131794800501,20240308,70300.0,96791.0,38220000.0,0.72
