종목코드,종목명,EPS,BPS,PER,PBR,배당수익률,ROE,날짜,종가,거래량,상장주식수,등락률
430690,한싹,375.0,3263.0,13.27,1.52,0.0,11.492491572172847,20240304,15070.0,24862.0,5447675.0,-0.46
430690,한싹,375.0,3263.0,13.27,1.52,0.0,11.492491572172847,20240305,15590.0,50558.0,5447675.0,3.45
430690,한싹,375.0,3263.0,13.27,1.52,0.0,11.492491572172847,20240306,15350.0,23343.0,5447675.0,-1.54
430690,한싹,375.0,3263.0,13.27,1.52,0.0,11.492491572172847,20240307,15230.0,14308.0,5447675.0,-0.78
430690,한싹,375.0,3263.0,13.27,1.52,0.0,11.492491572172847,20240308,15040.0,29956.0,5447675.0,-1.25
