종목코드,종목명,EPS,BPS,PER,PBR,배당수익률,ROE,날짜,종가,거래량,상장주식수,등락률
042660,한화오션,736.0,14061.0,41.78,2.19,0.0,5.2343361069625205,20240304,22900.0,1054949.0,306358899.0,-2.97
042660,한화오션,736.0,14061.0,41.78,2.19,0.0,5.2343361069625205,20240305,22500.0,778362.0,306358899.0,-1.75
042660,한화오션,736.0,14061.0,41.78,2.19,0.0,5.2343361069625205,20240306,22300.0,637436.0,306358899.0,-0.89
042660,한화오션,736.0,14061.0,41.78,2.19,0.0,5.2343361069625205,20240307,22700.0,696934.0,306358899.0,1.79
042660,한화오션,736.0,14061.0,41.78,2.19,0.0,5.2343361069625205,20240308,22550.0,525214.0,306358899.0,-0.66
