종목코드,종목명,EPS,BPS,PER,PBR,배당수익률,ROE,날짜,종가,거래량,상장주식수,등락률
003530,한화투자증권,42.0,7213.0,90.0,0.52,0.0,0.5822819908498544,20240304,4475.0,6483459.0,214547775.0,0.56
003530,한화투자증권,42.0,7213.0,90.0,0.52,0.0,0.5822819908498544,20240305,4780.0,63903614.0,214547775.0,6.82
003530,한화투자증권,42.0,7213.0,90.0,0.52,0.0,0.5822819908498544,20240306,4450.0,11315682.0,214547775.0,-6.9
003530,한화투자증권,42.0,7213.0,90.0,0.52,0.0,0.5822819908498544,20240307,4380.0,5373355.0,214547775.0,-1.57
003530,한화투자증권,42.0,7213.0,90.0,0.52,0.0,0.5822819908498544,20240308,4535.0,5091989.0,214547775.0,3.54
