종목코드,종목명,EPS,BPS,PER,PBR,배당수익률,ROE,날짜,종가,거래량,상장주식수,등락률
101530,해태제과식품,816.0,10089.0,8.17,0.66,3.0,8.08801665179899,20240304,5430.0,26802.0,29116822.0,-0.55
101530,해태제과식품,816.0,10089.0,8.17,0.66,3.0,8.08801665179899,20240305,5400.0,7473.0,29116822.0,-0.55
101530,해태제과식품,816.0,10089.0,8.17,0.66,3.0,8.08801665179899,20240306,5410.0,10440.0,29116822.0,0.19
101530,해태제과식품,816.0,10089.0,8.17,0.66,3.0,8.08801665179899,20240307,5410.0,4868.0,29116822.0,0.0
101530,해태제과식품,816.0,10089.0,8.17,0.66,3.0,8.08801665179899,20240308,5420.0,13549.0,29116822.0,0.18
