종목코드,종목명,EPS,BPS,PER,PBR,배당수익률,ROE,날짜,종가,거래량,상장주식수,등락률
220180,핸디소프트,107.0,3469.0,31.31,0.97,0.0,3.084462381089651,20240304,3900.0,139330.0,19408000.0,-2.26
220180,핸디소프트,107.0,3469.0,31.31,0.97,0.0,3.084462381089651,20240305,3875.0,73709.0,19408000.0,-0.64
220180,핸디소프트,107.0,3469.0,31.31,0.97,0.0,3.084462381089651,20240306,3715.0,89851.0,19408000.0,-4.13
220180,핸디소프트,107.0,3469.0,31.31,0.97,0.0,3.084462381089651,20240307,3570.0,164941.0,19408000.0,-3.9
220180,핸디소프트,107.0,3469.0,31.31,0.97,0.0,3.084462381089651,20240308,3540.0,72540.0,19408000.0,-0.84
