종목코드,종목명,EPS,BPS,PER,PBR,배당수익률,ROE,날짜,종가,거래량,상장주식수,등락률
064350,현대로템,1475.0,15391.0,33.76,3.24,0.2,9.58352283802222,20240304,32050.0,3101925.0,109142293.0,-4.19
064350,현대로템,1475.0,15391.0,33.76,3.24,0.2,9.58352283802222,20240305,31400.0,1909105.0,109142293.0,-2.03
064350,현대로템,1475.0,15391.0,33.76,3.24,0.2,9.58352283802222,20240306,31950.0,2632839.0,109142293.0,1.75
064350,현대로템,1475.0,15391.0,33.76,3.24,0.2,9.58352283802222,20240307,31450.0,2762292.0,109142293.0,-1.56
064350,현대로템,1475.0,15391.0,33.76,3.24,0.2,9.58352283802222,20240308,31700.0,1518499.0,109142293.0,0.79
