종목코드,종목명,EPS,BPS,PER,PBR,배당수익률,ROE,날짜,종가,거래량,상장주식수,등락률
011210,현대위아,3432.0,127286.0,15.15,0.41,1.63,2.6962902440174097,20240304,59400.0,121908.0,27195083.0,-1.16
011210,현대위아,3432.0,127286.0,15.15,0.41,1.63,2.6962902440174097,20240305,58100.0,121276.0,27195083.0,-2.19
011210,현대위아,3432.0,127286.0,15.15,0.41,1.63,2.6962902440174097,20240306,57900.0,101521.0,27195083.0,-0.34
011210,현대위아,3432.0,127286.0,15.15,0.41,1.63,2.6962902440174097,20240307,57300.0,114364.0,27195083.0,-1.04
011210,현대위아,3432.0,127286.0,15.15,0.41,1.63,2.6962902440174097,20240308,57900.0,68581.0,27195083.0,1.05
