종목코드,종목명,EPS,BPS,PER,PBR,배당수익률,ROE,날짜,종가,거래량,상장주식수,등락률
000720,현대건설,4767.0,72383.0,7.09,0.47,1.78,6.585800533274387,20240304,33850.0,561640.0,111355765.0,-2.45
000720,현대건설,4767.0,72383.0,7.09,0.47,1.78,6.585800533274387,20240305,33700.0,336729.0,111355765.0,-0.44
000720,현대건설,4767.0,72383.0,7.09,0.47,1.78,6.585800533274387,20240306,33750.0,336671.0,111355765.0,0.15
000720,현대건설,4767.0,72383.0,7.09,0.47,1.78,6.585800533274387,20240307,33300.0,389511.0,111355765.0,-1.33
000720,현대건설,4767.0,72383.0,7.09,0.47,1.78,6.585800533274387,20240308,34100.0,397137.0,111355765.0,2.4
