종목코드,종목명,EPS,BPS,PER,PBR,배당수익률,ROE,날짜,종가,거래량,상장주식수,등락률
041440,현대에버다임,358.0,10235.0,28.58,1.0,0.68,3.4978016609672693,20240304,6420.0,112482.0,17915944.0,0.0
041440,현대에버다임,358.0,10235.0,28.58,1.0,0.68,3.4978016609672693,20240305,6270.0,134886.0,17915944.0,-2.34
041440,현대에버다임,358.0,10235.0,28.58,1.0,0.68,3.4978016609672693,20240306,6210.0,80410.0,17915944.0,-0.96
041440,현대에버다임,358.0,10235.0,28.58,1.0,0.68,3.4978016609672693,20240307,6230.0,124613.0,17915944.0,0.32
041440,현대에버다임,358.0,10235.0,28.58,1.0,0.68,3.4978016609672693,20240308,6260.0,89836.0,17915944.0,0.48
