종목코드,종목명,EPS,BPS,PER,PBR,배당수익률,ROE,날짜,종가,거래량,상장주식수,등락률
170030,현대공업,869.0,9542.0,7.46,0.68,3.09,9.107105428631314,20240304,7860.0,155744.0,15340000.0,-0.13
170030,현대공업,869.0,9542.0,7.46,0.68,3.09,9.107105428631314,20240305,7630.0,171576.0,15340000.0,-2.93
170030,현대공업,869.0,9542.0,7.46,0.68,3.09,9.107105428631314,20240306,7600.0,92560.0,15340000.0,-0.39
170030,현대공업,869.0,9542.0,7.46,0.68,3.09,9.107105428631314,20240307,7510.0,138363.0,15340000.0,-1.18
170030,현대공업,869.0,9542.0,7.46,0.68,3.09,9.107105428631314,20240308,7500.0,74752.0,15340000.0,-0.13
