종목코드,종목명,EPS,BPS,PER,PBR,배당수익률,ROE,날짜,종가,거래량,상장주식수,등락률
460930,현대힘스,576.0,5974.0,26.42,2.55,0.0,9.641781051221962,20240304,14710.0,353547.0,34824000.0,-1.93
460930,현대힘스,576.0,5974.0,26.42,2.55,0.0,9.641781051221962,20240305,15290.0,1861527.0,34824000.0,3.94
460930,현대힘스,576.0,5974.0,26.42,2.55,0.0,9.641781051221962,20240306,15040.0,433349.0,34824000.0,-1.64
460930,현대힘스,576.0,5974.0,26.42,2.55,0.0,9.641781051221962,20240307,14700.0,269322.0,34824000.0,-2.26
460930,현대힘스,576.0,5974.0,26.42,2.55,0.0,9.641781051221962,20240308,14340.0,303644.0,34824000.0,-2.45
