종목코드,종목명,EPS,BPS,PER,PBR,배당수익률,ROE,날짜,종가,거래량,상장주식수,등락률
307950,현대오토에버,5024.0,57613.0,32.54,2.84,0.87,8.720254109315606,20240304,147300.0,122173.0,27423982.0,-1.34
307950,현대오토에버,5024.0,57613.0,32.54,2.84,0.87,8.720254109315606,20240305,146400.0,107637.0,27423982.0,-0.61
307950,현대오토에버,5024.0,57613.0,32.54,2.84,0.87,8.720254109315606,20240306,145800.0,79007.0,27423982.0,-0.41
307950,현대오토에버,5024.0,57613.0,32.54,2.84,0.87,8.720254109315606,20240307,146600.0,132144.0,27423982.0,0.55
307950,현대오토에버,5024.0,57613.0,32.54,2.84,0.87,8.720254109315606,20240308,146300.0,74896.0,27423982.0,-0.2
