종목코드,종목명,EPS,BPS,PER,PBR,배당수익률,ROE,날짜,종가,거래량,상장주식수,등락률
086280,현대글로비스,14154.0,103446.0,8.48,1.16,5.25,13.68250101502233,20240304,192700.0,93561.0,37500000.0,1.15
086280,현대글로비스,14154.0,103446.0,8.48,1.16,5.25,13.68250101502233,20240305,191800.0,71386.0,37500000.0,-0.47
086280,현대글로비스,14154.0,103446.0,8.48,1.16,5.25,13.68250101502233,20240306,189300.0,59753.0,37500000.0,-1.3
086280,현대글로비스,14154.0,103446.0,8.48,1.16,5.25,13.68250101502233,20240307,192600.0,269633.0,37500000.0,1.74
086280,현대글로비스,14154.0,103446.0,8.48,1.16,5.25,13.68250101502233,20240308,188500.0,119895.0,37500000.0,-2.13
