종목코드,종목명,EPS,BPS,PER,PBR,배당수익률,ROE,날짜,종가,거래량,상장주식수,등락률
319400,현대무벡스,36.0,1367.0,79.44,2.09,1.05,2.6335040234089244,20240304,3110.0,353803.0,117707063.0,1.14
319400,현대무벡스,36.0,1367.0,79.44,2.09,1.05,2.6335040234089244,20240305,3160.0,2913634.0,117707063.0,1.61
319400,현대무벡스,36.0,1367.0,79.44,2.09,1.05,2.6335040234089244,20240306,3185.0,1070290.0,117707063.0,0.79
319400,현대무벡스,36.0,1367.0,79.44,2.09,1.05,2.6335040234089244,20240307,3185.0,483117.0,117707063.0,0.0
319400,현대무벡스,36.0,1367.0,79.44,2.09,1.05,2.6335040234089244,20240308,3150.0,371273.0,117707063.0,-1.1
