종목코드,종목명,EPS,BPS,PER,PBR,배당수익률,ROE,날짜,종가,거래량,상장주식수,등락률
227840,현대코퍼레이션홀딩스,3307.0,29944.0,3.31,0.37,4.56,11.04394870424793,20240304,11170.0,7501.0,9100836.0,0.36
227840,현대코퍼레이션홀딩스,3307.0,29944.0,3.31,0.37,4.56,11.04394870424793,20240305,11150.0,4609.0,9100836.0,-0.18
227840,현대코퍼레이션홀딩스,3307.0,29944.0,3.31,0.37,4.56,11.04394870424793,20240306,11100.0,17574.0,9100836.0,-0.45
227840,현대코퍼레이션홀딩스,3307.0,29944.0,3.31,0.37,4.56,11.04394870424793,20240307,11130.0,8552.0,9100836.0,0.27
227840,현대코퍼레이션홀딩스,3307.0,29944.0,3.31,0.37,4.56,11.04394870424793,20240308,11130.0,2940.0,9100836.0,0.0
