종목코드,종목명,EPS,BPS,PER,PBR,배당수익률,ROE,날짜,종가,거래량,상장주식수,등락률
004310,현대약품,226.0,3174.0,25.09,1.79,0.62,7.120352867044738,20240304,3810.0,66406.0,32000000.0,-0.13
004310,현대약품,226.0,3174.0,25.09,1.79,0.62,7.120352867044738,20240305,3780.0,56669.0,32000000.0,-0.79
004310,현대약품,226.0,3174.0,25.09,1.79,0.62,7.120352867044738,20240306,3825.0,263273.0,32000000.0,1.19
004310,현대약품,226.0,3174.0,25.09,1.79,0.62,7.120352867044738,20240307,3785.0,73433.0,32000000.0,-1.05
004310,현대약품,226.0,3174.0,25.09,1.79,0.62,7.120352867044738,20240308,3805.0,37539.0,32000000.0,0.53
