종목코드,종목명,EPS,BPS,PER,PBR,배당수익률,ROE,날짜,종가,거래량,상장주식수,등락률
004020,현대제철,3506.0,145198.0,7.77,0.19,3.67,2.414633810383063,20240304,35000.0,335550.0,133445785.0,-2.64
004020,현대제철,3506.0,145198.0,7.77,0.19,3.67,2.414633810383063,20240305,34800.0,196784.0,133445785.0,-0.57
004020,현대제철,3506.0,145198.0,7.77,0.19,3.67,2.414633810383063,20240306,34350.0,271699.0,133445785.0,-1.29
004020,현대제철,3506.0,145198.0,7.77,0.19,3.67,2.414633810383063,20240307,33700.0,391886.0,133445785.0,-1.89
004020,현대제철,3506.0,145198.0,7.77,0.19,3.67,2.414633810383063,20240308,34200.0,211364.0,133445785.0,1.48
