종목코드,종목명,EPS,BPS,PER,PBR,배당수익률,ROE,날짜,종가,거래량,상장주식수,등락률
111110,호전실업,1864.0,16258.0,3.81,0.44,4.23,11.465124861606593,20240304,7340.0,18351.0,9749984.0,0.55
111110,호전실업,1864.0,16258.0,3.81,0.44,4.23,11.465124861606593,20240305,7280.0,18418.0,9749984.0,-0.82
111110,호전실업,1864.0,16258.0,3.81,0.44,4.23,11.465124861606593,20240306,7100.0,47377.0,9749984.0,-2.47
111110,호전실업,1864.0,16258.0,3.81,0.44,4.23,11.465124861606593,20240307,7030.0,48286.0,9749984.0,-0.99
111110,호전실업,1864.0,16258.0,3.81,0.44,4.23,11.465124861606593,20240308,7100.0,19582.0,9749984.0,1.0
