종목코드,종목명,EPS,BPS,PER,PBR,배당수익률,ROE,날짜,종가,거래량,상장주식수,등락률
378850,화승알앤에이,1275.0,5925.0,3.2,0.69,1.23,21.518987341772153,20240304,4300.0,138636.0,18993623.0,-3.48
378850,화승알앤에이,1275.0,5925.0,3.2,0.69,1.23,21.518987341772153,20240305,4240.0,110891.0,18993623.0,-1.4
378850,화승알앤에이,1275.0,5925.0,3.2,0.69,1.23,21.518987341772153,20240306,4325.0,45648.0,18993623.0,2.0
378850,화승알앤에이,1275.0,5925.0,3.2,0.69,1.23,21.518987341772153,20240307,4305.0,145960.0,18993623.0,-0.46
378850,화승알앤에이,1275.0,5925.0,3.2,0.69,1.23,21.518987341772153,20240308,4340.0,84361.0,18993623.0,0.81
