종목코드,종목명,EPS,BPS,PER,PBR,배당수익률,ROE,날짜,종가,거래량,상장주식수,등락률
126640,화신정공,258.0,3370.0,5.31,0.41,3.65,7.655786350148368,20240304,1599.0,175232.0,36373887.0,-0.12
126640,화신정공,258.0,3370.0,5.31,0.41,3.65,7.655786350148368,20240305,1584.0,78752.0,36373887.0,-0.94
126640,화신정공,258.0,3370.0,5.31,0.41,3.65,7.655786350148368,20240306,1584.0,51419.0,36373887.0,0.0
126640,화신정공,258.0,3370.0,5.31,0.41,3.65,7.655786350148368,20240307,1570.0,146110.0,36373887.0,-0.88
126640,화신정공,258.0,3370.0,5.31,0.41,3.65,7.655786350148368,20240308,1581.0,48479.0,36373887.0,0.7
