종목코드,종목명,EPS,BPS,PER,PBR,배당수익률,ROE,날짜,종가,거래량,상장주식수,등락률
013520,화승코퍼레이션,78.0,3617.0,26.92,0.58,2.38,2.15648327343102,20240304,2050.0,250789.0,50051252.0,-3.07
013520,화승코퍼레이션,78.0,3617.0,26.92,0.58,2.38,2.15648327343102,20240305,1998.0,251389.0,50051252.0,-2.54
013520,화승코퍼레이션,78.0,3617.0,26.92,0.58,2.38,2.15648327343102,20240306,1998.0,163810.0,50051252.0,0.0
013520,화승코퍼레이션,78.0,3617.0,26.92,0.58,2.38,2.15648327343102,20240307,1940.0,158455.0,50051252.0,-2.9
013520,화승코퍼레이션,78.0,3617.0,26.92,0.58,2.38,2.15648327343102,20240308,1924.0,105098.0,50051252.0,-0.82
