종목코드,종목명,EPS,BPS,PER,PBR,배당수익률,ROE,날짜,종가,거래량,상장주식수,등락률
061250,화일약품,59.0,2718.0,33.9,0.74,0.0,2.1707137601177333,20240304,1639.0,191720.0,66532826.0,-1.03
061250,화일약품,59.0,2718.0,33.9,0.74,0.0,2.1707137601177333,20240305,1626.0,168103.0,66532826.0,-0.79
061250,화일약품,59.0,2718.0,33.9,0.74,0.0,2.1707137601177333,20240306,1619.0,143249.0,66532826.0,-0.43
061250,화일약품,59.0,2718.0,33.9,0.74,0.0,2.1707137601177333,20240307,1608.0,142332.0,66532826.0,-0.68
061250,화일약품,59.0,2718.0,33.9,0.74,0.0,2.1707137601177333,20240308,1650.0,119559.0,66532826.0,2.61
