종목코드,종목명,EPS,BPS,PER,PBR,배당수익률,ROE,날짜,종가,거래량,상장주식수,등락률
016580,환인제약,1950.0,23463.0,7.42,0.62,2.07,8.310957678046286,20240304,14260.0,29058.0,18600070.0,0.0
016580,환인제약,1950.0,23463.0,7.42,0.62,2.07,8.310957678046286,20240305,14400.0,13210.0,18600070.0,0.98
016580,환인제약,1950.0,23463.0,7.42,0.62,2.07,8.310957678046286,20240306,14360.0,23972.0,18600070.0,-0.28
016580,환인제약,1950.0,23463.0,7.42,0.62,2.07,8.310957678046286,20240307,14330.0,17098.0,18600070.0,-0.21
016580,환인제약,1950.0,23463.0,7.42,0.62,2.07,8.310957678046286,20240308,14300.0,14075.0,18600070.0,-0.21
