종목코드,종목명,EPS,BPS,PER,PBR,배당수익률,ROE,날짜,종가,거래량,상장주식수,등락률
032560,황금에스티,1420.0,20946.0,4.24,0.29,2.49,6.779337343645565,20240304,7020.0,55326.0,17000000.0,-0.43
032560,황금에스티,1420.0,20946.0,4.24,0.29,2.49,6.779337343645565,20240305,6960.0,59896.0,17000000.0,-0.85
032560,황금에스티,1420.0,20946.0,4.24,0.29,2.49,6.779337343645565,20240306,6990.0,19894.0,17000000.0,0.43
032560,황금에스티,1420.0,20946.0,4.24,0.29,2.49,6.779337343645565,20240307,7000.0,36080.0,17000000.0,0.14
032560,황금에스티,1420.0,20946.0,4.24,0.29,2.49,6.779337343645565,20240308,7060.0,45534.0,17000000.0,0.86
