종목코드,종목명,EPS,BPS,PER,PBR,배당수익률,ROE,날짜,종가,거래량,상장주식수,등락률
004800,효성,3.0,123794.0,15233.33,0.37,6.56,0.002423380777743671,20240304,59400.0,21983.0,21071025.0,-0.67
004800,효성,3.0,123794.0,15233.33,0.37,6.56,0.002423380777743671,20240305,59400.0,21522.0,21071025.0,0.0
004800,효성,3.0,123794.0,15233.33,0.37,6.56,0.002423380777743671,20240306,58800.0,30135.0,21071025.0,-1.01
004800,효성,3.0,123794.0,15233.33,0.37,6.56,0.002423380777743671,20240307,58300.0,47106.0,21071025.0,-0.85
004800,효성,3.0,123794.0,15233.33,0.37,6.56,0.002423380777743671,20240308,59000.0,27030.0,21071025.0,1.2
