종목코드,종목명,EPS,BPS,PER,PBR,배당수익률,ROE,날짜,종가,거래량,상장주식수,등락률
097870,효성오앤비,155.0,8899.0,44.13,0.77,0.0,1.7417687380604563,20240304,7790.0,36454.0,8490000.0,0.65
097870,효성오앤비,155.0,8899.0,44.13,0.77,0.0,1.7417687380604563,20240305,7630.0,47741.0,8490000.0,-2.05
097870,효성오앤비,155.0,8899.0,44.13,0.77,0.0,1.7417687380604563,20240306,7630.0,19252.0,8490000.0,0.0
097870,효성오앤비,155.0,8899.0,44.13,0.77,0.0,1.7417687380604563,20240307,7420.0,78619.0,8490000.0,-2.75
097870,효성오앤비,155.0,8899.0,44.13,0.77,0.0,1.7417687380604563,20240308,7390.0,23710.0,8490000.0,-0.4
