종목코드,종목명,EPS,BPS,PER,PBR,배당수익률,ROE,날짜,종가,거래량,상장주식수,등락률
094280,효성ITX,1226.0,5896.0,10.67,2.22,5.73,20.793758480325643,20240304,12340.0,11977.0,11558200.0,0.16
094280,효성ITX,1226.0,5896.0,10.67,2.22,5.73,20.793758480325643,20240305,12350.0,8964.0,11558200.0,0.08
094280,효성ITX,1226.0,5896.0,10.67,2.22,5.73,20.793758480325643,20240306,12340.0,7665.0,11558200.0,-0.08
094280,효성ITX,1226.0,5896.0,10.67,2.22,5.73,20.793758480325643,20240307,12350.0,3916.0,11558200.0,0.08
094280,효성ITX,1226.0,5896.0,10.67,2.22,5.73,20.793758480325643,20240308,12360.0,9564.0,11558200.0,0.08
