종목코드,종목명,EPS,BPS,PER,PBR,배당수익률,ROE,날짜,종가,거래량,상장주식수,등락률
290270,휴네시온,720.0,4482.0,5.26,0.85,1.06,16.06425702811245,20240304,4285.0,30225.0,9607672.0,0.47
290270,휴네시온,720.0,4482.0,5.26,0.85,1.06,16.06425702811245,20240305,4250.0,24500.0,9607672.0,-0.82
290270,휴네시온,720.0,4482.0,5.26,0.85,1.06,16.06425702811245,20240306,4215.0,11377.0,9607672.0,-0.82
290270,휴네시온,720.0,4482.0,5.26,0.85,1.06,16.06425702811245,20240307,4180.0,13504.0,9607672.0,-0.83
290270,휴네시온,720.0,4482.0,5.26,0.85,1.06,16.06425702811245,20240308,4180.0,19219.0,9607672.0,0.0
