종목코드,종목명,EPS,BPS,PER,PBR,배당수익률,ROE,날짜,종가,거래량,상장주식수,등락률
065510,휴비츠,928.0,10186.0,11.99,1.09,1.8,9.110543883762027,20240304,15060.0,87782.0,12136371.0,0.8
065510,휴비츠,928.0,10186.0,11.99,1.09,1.8,9.110543883762027,20240305,15330.0,135613.0,12136371.0,1.79
065510,휴비츠,928.0,10186.0,11.99,1.09,1.8,9.110543883762027,20240306,15150.0,63547.0,12136371.0,-1.17
065510,휴비츠,928.0,10186.0,11.99,1.09,1.8,9.110543883762027,20240307,14770.0,78858.0,12136371.0,-2.51
065510,휴비츠,928.0,10186.0,11.99,1.09,1.8,9.110543883762027,20240308,14580.0,102396.0,12136371.0,-1.29
