종목코드,종목명,EPS,BPS,PER,PBR,배당수익률,ROE,날짜,종가,거래량,상장주식수,등락률
005010,휴스틸,1285.0,17923.0,3.42,0.25,5.68,7.169558667633767,20240304,5000.0,326893.0,56188075.0,1.73
005010,휴스틸,1285.0,17923.0,3.42,0.25,5.68,7.169558667633767,20240305,5040.0,314755.0,56188075.0,0.8
005010,휴스틸,1285.0,17923.0,3.42,0.25,5.68,7.169558667633767,20240306,5020.0,322093.0,56188075.0,-0.4
005010,휴스틸,1285.0,17923.0,3.42,0.25,5.68,7.169558667633767,20240307,5070.0,234222.0,56188075.0,1.0
005010,휴스틸,1285.0,17923.0,3.42,0.25,5.68,7.169558667633767,20240308,5010.0,389519.0,56188075.0,-1.18
