종목코드,종목명,EPS,BPS,PER,PBR,배당수익률,ROE,날짜,종가,거래량,상장주식수,등락률
084110,휴온스글로벌,3134.0,40972.0,7.95,0.61,2.11,7.649126232549058,20240304,23350.0,14653.0,12621492.0,0.86
084110,휴온스글로벌,3134.0,40972.0,7.95,0.61,2.11,7.649126232549058,20240305,23250.0,13203.0,12621492.0,-0.43
084110,휴온스글로벌,3134.0,40972.0,7.95,0.61,2.11,7.649126232549058,20240306,23050.0,27868.0,12621492.0,-0.86
084110,휴온스글로벌,3134.0,40972.0,7.95,0.61,2.11,7.649126232549058,20240307,21700.0,105261.0,12621492.0,-5.86
084110,휴온스글로벌,3134.0,40972.0,7.95,0.61,2.11,7.649126232549058,20240308,22100.0,27854.0,12621492.0,1.84
