종목코드,종목명,EPS,BPS,PER,PBR,배당수익률,ROE,날짜,종가,거래량,상장주식수,등락률
024060,흥구석유,78.0,5440.0,182.05,2.61,0.35,1.4338235294117647,20240304,10270.0,1084262.0,15000000.0,2.6
024060,흥구석유,78.0,5440.0,182.05,2.61,0.35,1.4338235294117647,20240305,10140.0,453743.0,15000000.0,-1.27
024060,흥구석유,78.0,5440.0,182.05,2.61,0.35,1.4338235294117647,20240306,9960.0,275700.0,15000000.0,-1.78
024060,흥구석유,78.0,5440.0,182.05,2.61,0.35,1.4338235294117647,20240307,9830.0,326532.0,15000000.0,-1.31
024060,흥구석유,78.0,5440.0,182.05,2.61,0.35,1.4338235294117647,20240308,9730.0,264458.0,15000000.0,-1.02
