종목코드,종목명,EPS,BPS,PER,PBR,배당수익률,ROE,날짜,종가,거래량,상장주식수,등락률
003280,흥아해운,142.0,690.0,15.25,3.14,0.0,20.579710144927535,20240304,2760.0,1068580.0,240424899.0,-0.18
003280,흥아해운,142.0,690.0,15.25,3.14,0.0,20.579710144927535,20240305,2730.0,714495.0,240424899.0,-1.09
003280,흥아해운,142.0,690.0,15.25,3.14,0.0,20.579710144927535,20240306,2690.0,849655.0,240424899.0,-1.47
003280,흥아해운,142.0,690.0,15.25,3.14,0.0,20.579710144927535,20240307,2695.0,787521.0,240424899.0,0.19
003280,흥아해운,142.0,690.0,15.25,3.14,0.0,20.579710144927535,20240308,2645.0,694011.0,240424899.0,-1.86
