종목코드,종목명,EPS,BPS,PER,PBR,배당수익률,ROE,날짜,종가,거래량,상장주식수,등락률
037440,희림,489.0,5583.0,13.95,1.22,2.2,8.758731864588931,20240304,6940.0,72697.0,13922475.0,-0.57
037440,희림,489.0,5583.0,13.95,1.22,2.2,8.758731864588931,20240305,6830.0,84425.0,13922475.0,-1.59
037440,희림,489.0,5583.0,13.95,1.22,2.2,8.758731864588931,20240306,6780.0,69872.0,13922475.0,-0.73
037440,희림,489.0,5583.0,13.95,1.22,2.2,8.758731864588931,20240307,6680.0,107704.0,13922475.0,-1.47
037440,희림,489.0,5583.0,13.95,1.22,2.2,8.758731864588931,20240308,6590.0,128870.0,13922475.0,-1.35
