종목코드,종목명,EPS,BPS,PER,PBR,배당수익률,ROE,날짜,종가,거래량,상장주식수,등락률
238490,힘스,511.0,6174.0,9.98,0.83,0.98,8.276643990929704,20240304,6250.0,20045.0,11312236.0,0.97
238490,힘스,511.0,6174.0,9.98,0.83,0.98,8.276643990929704,20240305,6080.0,22815.0,11312236.0,-2.72
238490,힘스,511.0,6174.0,9.98,0.83,0.98,8.276643990929704,20240306,6320.0,587982.0,11312236.0,3.95
238490,힘스,511.0,6174.0,9.98,0.83,0.98,8.276643990929704,20240307,6260.0,52767.0,11312236.0,-0.95
238490,힘스,511.0,6174.0,9.98,0.83,0.98,8.276643990929704,20240308,6220.0,33660.0,11312236.0,-0.64
