종목코드,종목명,EPS,BPS,PER,PBR,배당수익률,ROE,날짜,종가,거래량,상장주식수,등락률,KOSPI,KOSDAQ,NASDAQ,Dow Jones,S&P 500,Nikkei
211270,AP위성,739.0,6680.0,17.51,1.94,0.54,11.062874251497004,20240731,12940,37917,15082304,-1.22,2745.989990234375,796.2000122070312,,,,38377.41015625
