종목코드,종목명,EPS,BPS,PER,PBR,배당수익률,ROE,날짜,종가,거래량,상장주식수,등락률,KOSPI,KOSDAQ,NASDAQ,Dow Jones,S&P 500,Nikkei
139050,BF랩스,11.0,5250.0,255.0,0.53,0.0,0.2095238095238095,20240731,2805,0,8644551,0.0,2745.989990234375,796.2000122070312,,,,38377.41015625
