종목코드,종목명,EPS,BPS,PER,PBR,배당수익률,ROE,날짜,종가,거래량,상장주식수,등락률,KOSPI,KOSDAQ,NASDAQ,Dow Jones,S&P 500,Nikkei
27410,BGF,813.0,17286.0,4.46,0.21,3.31,4.703228045817425,20240731,3640,59742,95716791,2.25,2745.989990234375,796.2000122070312,,,,38377.41015625
