종목코드,종목명,EPS,BPS,PER,PBR,배당수익률,ROE,날짜,종가,거래량,상장주식수,등락률,KOSPI,KOSDAQ,NASDAQ,Dow Jones,S&P 500,Nikkei
282330,BGF리테일,11337.0,62197.0,9.03,1.65,4.0,18.22756724600865,20240731,102400,6030,17283906,0.39,2745.989990234375,796.2000122070312,,,,38377.41015625
