종목코드,종목명,EPS,BPS,PER,PBR,배당수익률,ROE,날짜,종가,거래량,상장주식수,등락률,KOSPI,KOSDAQ,NASDAQ,Dow Jones,S&P 500,Nikkei
11150,CJ씨푸드,123.0,2160.0,32.52,1.85,0.0,5.694444444444445,20240731,3995,201165,35930773,-0.87,2745.989990234375,796.2000122070312,,,,38377.41015625
