종목코드,종목명,EPS,BPS,PER,PBR,배당수익률,ROE,날짜,종가,거래량,상장주식수,등락률,KOSPI,KOSDAQ,NASDAQ,Dow Jones,S&P 500,Nikkei
97955,CJ제일제당 우,,,,,3.59,,20240731,154600,1011,1327433,0.98,2745.989990234375,796.2000122070312,,,,38377.41015625
