종목코드,종목명,EPS,BPS,PER,PBR,배당수익률,ROE,날짜,종가,거래량,상장주식수,등락률,KOSPI,KOSDAQ,NASDAQ,Dow Jones,S&P 500,Nikkei
83660,CSA 코스믹,,362.0,,2.7,0.0,,20240731,977,51825,61247181,4.16,2745.989990234375,796.2000122070312,,,,38377.41015625
