종목코드,종목명,EPS,BPS,PER,PBR,배당수익률,ROE,날짜,종가,거래량,상장주식수,등락률,KOSPI,KOSDAQ,NASDAQ,Dow Jones,S&P 500,Nikkei
590,CS홀딩스,15091.0,264028.0,4.54,0.26,0.73,5.715681670125896,20240731,68500,617,1154482,-1.01,2745.989990234375,796.2000122070312,,,,38377.41015625
