종목코드,종목명,EPS,BPS,PER,PBR,배당수익률,ROE,날짜,종가,거래량,상장주식수,등락률,KOSPI,KOSDAQ,NASDAQ,Dow Jones,S&P 500,Nikkei
12030,DB,106.0,2067.0,10.74,0.55,0.0,5.128205128205128,20240731,1138,65400,201173933,0.26,2745.989990234375,796.2000122070312,,,,38377.41015625
