종목코드,종목명,EPS,BPS,PER,PBR,배당수익률,ROE,날짜,종가,거래량,상장주식수,등락률,KOSPI,KOSDAQ,NASDAQ,Dow Jones,S&P 500,Nikkei
16610,DB금융투자,151.0,24561.0,29.17,0.18,4.54,0.6147958145026668,20240731,4405,15714,42446389,-0.11,2745.989990234375,796.2000122070312,,,,38377.41015625
