종목코드,종목명,EPS,BPS,PER,PBR,배당수익률,ROE,날짜,종가,거래량,상장주식수,등락률,KOSPI,KOSDAQ,NASDAQ,Dow Jones,S&P 500,Nikkei
5830,DB손해보험,28955.0,170486.0,3.79,0.64,4.83,16.983799256243913,20240731,109900,53040,70800000,1.48,2745.989990234375,796.2000122070312,,,,38377.41015625
