종목코드,종목명,EPS,BPS,PER,PBR,배당수익률,ROE,날짜,종가,거래량,상장주식수,등락률,KOSPI,KOSDAQ,NASDAQ,Dow Jones,S&P 500,Nikkei
990,DB하이텍,6241.0,41655.0,8.35,1.25,1.11,14.98259512663546,20240731,52200,111520,44398588,1.75,2745.989990234375,796.2000122070312,,,,38377.41015625
