종목코드,종목명,EPS,BPS,PER,PBR,배당수익률,ROE,날짜,종가,거래량,상장주식수,등락률,KOSPI,KOSDAQ,NASDAQ,Dow Jones,S&P 500,Nikkei
139130,DGB금융지주,2180.0,35751.0,3.7,0.23,6.82,6.09773153198512,20240731,8060,144364,169145833,0.5,2745.989990234375,796.2000122070312,,,,38377.41015625
