종목코드,종목명,EPS,BPS,PER,PBR,배당수익률,ROE,날짜,종가,거래량,상장주식수,등락률,KOSPI,KOSDAQ,NASDAQ,Dow Jones,S&P 500,Nikkei
25440,DH오토웨어,5.0,452.0,76.4,0.85,0.0,1.106194690265487,20240731,382,21334,153906120,0.79,2745.989990234375,796.2000122070312,,,,38377.41015625
