종목코드,종목명,EPS,BPS,PER,PBR,배당수익률,ROE,날짜,종가,거래량,상장주식수,등락률,KOSPI,KOSDAQ,NASDAQ,Dow Jones,S&P 500,Nikkei
1530,DI동일,164.0,30136.0,179.27,0.98,0.85,0.5441996283514734,20240731,29400,39453,25215672,-0.17,2745.989990234375,796.2000122070312,,,,38377.41015625
