종목코드,종목명,EPS,BPS,PER,PBR,배당수익률,ROE,날짜,종가,거래량,상장주식수,등락률,KOSPI,KOSDAQ,NASDAQ,Dow Jones,S&P 500,Nikkei
210,DL,,169901.0,,0.33,1.78,,20240731,56300,5817,20955884,0.18,2745.989990234375,796.2000122070312,,,,38377.41015625
