종목코드,종목명,EPS,BPS,PER,PBR,배당수익률,ROE,날짜,종가,거래량,상장주식수,등락률,KOSPI,KOSDAQ,NASDAQ,Dow Jones,S&P 500,Nikkei
375500,DL이앤씨,4679.0,118750.0,7.61,0.3,1.4,3.9402105263157896,20240731,35600,204840,38693623,0.42,2745.989990234375,796.2000122070312,,,,38377.41015625
