종목코드,종목명,EPS,BPS,PER,PBR,배당수익률,ROE,날짜,종가,거래량,상장주식수,등락률,KOSPI,KOSDAQ,NASDAQ,Dow Jones,S&P 500,Nikkei
68790,DMS,829.0,13160.0,6.74,0.42,1.61,6.2993920972644375,20240731,5590,10753,24573061,0.54,2745.989990234375,796.2000122070312,,,,38377.41015625
