종목코드,종목명,EPS,BPS,PER,PBR,배당수익률,ROE,날짜,종가,거래량,상장주식수,등락률,KOSPI,KOSDAQ,NASDAQ,Dow Jones,S&P 500,Nikkei
4840,DRB동일,798.0,19664.0,6.52,0.26,1.92,4.058177379983727,20240731,5200,10887,19930000,0.0,2745.989990234375,796.2000122070312,,,,38377.41015625
