종목코드,종목명,EPS,BPS,PER,PBR,배당수익률,ROE,날짜,종가,거래량,상장주식수,등락률,KOSPI,KOSDAQ,NASDAQ,Dow Jones,S&P 500,Nikkei
17860,DS단석,7966.0,47319.0,10.95,1.84,0.0,16.834675288995964,20240731,87200,9357,5861404,-0.68,2745.989990234375,796.2000122070312,,,,38377.41015625
