종목코드,종목명,EPS,BPS,PER,PBR,배당수익률,ROE,날짜,종가,거래량,상장주식수,등락률,KOSPI,KOSDAQ,NASDAQ,Dow Jones,S&P 500,Nikkei
7700,F&F홀딩스,3130.0,54668.0,4.55,0.26,2.81,5.72547011048511,20240731,14240,7773,39114367,0.42,2745.989990234375,796.2000122070312,,,,38377.41015625
