종목코드,종목명,EPS,BPS,PER,PBR,배당수익률,ROE,날짜,종가,거래량,상장주식수,등락률,KOSPI,KOSDAQ,NASDAQ,Dow Jones,S&P 500,Nikkei
1250,GS글로벌,337.0,5113.0,10.31,0.68,0.72,6.591042440837082,20240731,3475,4310497,82533764,4.67,2745.989990234375,796.2000122070312,,,,38377.41015625
