종목코드,종목명,EPS,BPS,PER,PBR,배당수익률,ROE,날짜,종가,거래량,상장주식수,등락률,KOSPI,KOSDAQ,NASDAQ,Dow Jones,S&P 500,Nikkei
440290,HB인베스트먼트,444.0,2922.0,5.01,0.76,0.0,15.195071868583163,20240731,2220,117191,27107010,-1.33,2745.989990234375,796.2000122070312,,,,38377.41015625
