종목코드,종목명,EPS,BPS,PER,PBR,배당수익률,ROE,날짜,종가,거래량,상장주식수,등락률,KOSPI,KOSDAQ,NASDAQ,Dow Jones,S&P 500,Nikkei
78150,HB테크놀러지,983.0,3503.0,3.32,0.93,0.61,28.061661433057377,20240731,3260,2171150,92715916,0.62,2745.989990234375,796.2000122070312,,,,38377.41015625
