종목코드,종목명,EPS,BPS,PER,PBR,배당수익률,ROE,날짜,종가,거래량,상장주식수,등락률,KOSPI,KOSDAQ,NASDAQ,Dow Jones,S&P 500,Nikkei
12630,HDC,2147.0,49804.0,4.63,0.2,3.02,4.310898722994137,20240731,9930,136980,59741721,1.64,2745.989990234375,796.2000122070312,,,,38377.41015625
