종목코드,종목명,EPS,BPS,PER,PBR,배당수익률,ROE,날짜,종가,거래량,상장주식수,등락률,KOSPI,KOSDAQ,NASDAQ,Dow Jones,S&P 500,Nikkei
39570,HDC랩스,573.0,11253.0,14.62,0.74,5.37,5.091975473207145,20240731,8380,5767,25957601,-0.59,2745.989990234375,796.2000122070312,,,,38377.41015625
