종목코드,종목명,EPS,BPS,PER,PBR,배당수익률,ROE,날짜,종가,거래량,상장주식수,등락률,KOSPI,KOSDAQ,NASDAQ,Dow Jones,S&P 500,Nikkei
89470,HDC현대EP,759.0,11685.0,5.69,0.37,3.24,6.495507060333761,20240731,4320,115622,31900000,-0.8,2745.989990234375,796.2000122070312,,,,38377.41015625
