종목코드,종목명,EPS,BPS,PER,PBR,배당수익률,ROE,날짜,종가,거래량,상장주식수,등락률,KOSPI,KOSDAQ,NASDAQ,Dow Jones,S&P 500,Nikkei
294870,HDC현대산업개발,2678.0,46876.0,8.94,0.51,2.92,5.712944790511136,20240731,23900,716518,65907330,5.29,2745.989990234375,796.2000122070312,,,,38377.41015625
