종목코드,종목명,EPS,BPS,PER,PBR,배당수익률,ROE,날짜,종가,거래량,상장주식수,등락률,KOSPI,KOSDAQ,NASDAQ,Dow Jones,S&P 500,Nikkei
9540,HD한국조선해양,3135.0,140052.0,66.19,1.48,0.0,2.2384542884071634,20240731,207000,231952,70773116,2.99,2745.989990234375,796.2000122070312,,,,38377.41015625
