종목코드,종목명,EPS,BPS,PER,PBR,배당수익률,ROE,날짜,종가,거래량,상장주식수,등락률,KOSPI,KOSDAQ,NASDAQ,Dow Jones,S&P 500,Nikkei
42670,HD현대인프라코어,1159.0,9097.0,6.93,0.88,1.37,12.74046388919424,20240731,8020,630874,199603453,-0.12,2745.989990234375,796.2000122070312,,,,38377.41015625
