종목코드,종목명,EPS,BPS,PER,PBR,배당수익률,ROE,날짜,종가,거래량,상장주식수,등락률,KOSPI,KOSDAQ,NASDAQ,Dow Jones,S&P 500,Nikkei
24850,HLB이노베이션,,858.0,,3.62,0.0,,20240731,3105,51527,72378055,-0.64,2745.989990234375,796.2000122070312,,,,38377.41015625
