종목코드,종목명,EPS,BPS,PER,PBR,배당수익률,ROE,날짜,종가,거래량,상장주식수,등락률,KOSPI,KOSDAQ,NASDAQ,Dow Jones,S&P 500,Nikkei
204320,HL만도,2890.0,47505.0,13.36,0.81,1.55,6.0835701505104725,20240731,38650,61932,46957120,0.65,2745.989990234375,796.2000122070312,,,,38377.41015625
