종목코드,종목명,EPS,BPS,PER,PBR,배당수익률,ROE,날짜,종가,거래량,상장주식수,등락률,KOSPI,KOSDAQ,NASDAQ,Dow Jones,S&P 500,Nikkei
11200,HMM,1667.0,31115.0,10.59,0.57,3.97,5.357544592640206,20240731,17650,436352,749039496,0.57,2745.989990234375,796.2000122070312,,,,38377.41015625
