종목코드,종목명,EPS,BPS,PER,PBR,배당수익률,ROE,날짜,종가,거래량,상장주식수,등락률,KOSPI,KOSDAQ,NASDAQ,Dow Jones,S&P 500,Nikkei
403870,HPSP,990.0,3350.0,31.72,9.37,0.48,29.55223880597015,20240731,31450,419892,82934144,-1.72,2745.989990234375,796.2000122070312,,,,38377.41015625
