종목코드,종목명,EPS,BPS,PER,PBR,배당수익률,ROE,날짜,종가,거래량,상장주식수,등락률,KOSPI,KOSDAQ,NASDAQ,Dow Jones,S&P 500,Nikkei
36640,HRS,758.0,7165.0,7.01,0.74,3.77,10.57920446615492,20240731,5310,22445,16354800,0.19,2745.989990234375,796.2000122070312,,,,38377.41015625
