종목코드,종목명,EPS,BPS,PER,PBR,배당수익률,ROE,날짜,종가,거래량,상장주식수,등락률,KOSPI,KOSDAQ,NASDAQ,Dow Jones,S&P 500,Nikkei
35000,HS애드,1000.0,11276.0,6.3,0.56,7.14,8.86839304717985,20240731,6300,847,16567409,0.16,2745.989990234375,796.2000122070312,,,,38377.41015625
