종목코드,종목명,EPS,BPS,PER,PBR,배당수익률,ROE,날짜,종가,거래량,상장주식수,등락률,KOSPI,KOSDAQ,NASDAQ,Dow Jones,S&P 500,Nikkei
3560,IHQ,6784.0,6389.0,1.59,1.68,0.0,106.18250117389265,20240731,10760,0,5550124,0.0,2745.989990234375,796.2000122070312,,,,38377.41015625
