종목코드,종목명,EPS,BPS,PER,PBR,배당수익률,ROE,날짜,종가,거래량,상장주식수,등락률,KOSPI,KOSDAQ,NASDAQ,Dow Jones,S&P 500,Nikkei
52220,iMBC,90.0,2544.0,36.11,1.28,0.0,3.537735849056604,20240731,3250,411916,23000000,-2.4,2745.989990234375,796.2000122070312,,,,38377.41015625
