종목코드,종목명,EPS,BPS,PER,PBR,배당수익률,ROE,날짜,종가,거래량,상장주식수,등락률,KOSPI,KOSDAQ,NASDAQ,Dow Jones,S&P 500,Nikkei
95340,ISC,749.0,23130.0,64.42,2.09,0.41,3.238218763510593,20240731,48250,59031,21197058,-1.33,2745.989990234375,796.2000122070312,,,,38377.41015625
