종목코드,종목명,EPS,BPS,PER,PBR,배당수익률,ROE,날짜,종가,거래량,상장주식수,등락률,KOSPI,KOSDAQ,NASDAQ,Dow Jones,S&P 500,Nikkei
175330,JB금융지주,2907.0,26120.0,4.96,0.55,5.93,11.129402756508425,20240731,14420,70547,195083198,1.19,2745.989990234375,796.2000122070312,,,,38377.41015625
