종목코드,종목명,EPS,BPS,PER,PBR,배당수익률,ROE,날짜,종가,거래량,상장주식수,등락률,KOSPI,KOSDAQ,NASDAQ,Dow Jones,S&P 500,Nikkei
234080,JW생명과학,1818.0,10294.0,6.53,1.15,4.21,17.660773265980183,20240731,11880,2544,15834554,0.0,2745.989990234375,796.2000122070312,,,,38377.41015625
