종목코드,종목명,EPS,BPS,PER,PBR,배당수익률,ROE,날짜,종가,거래량,상장주식수,등락률,KOSPI,KOSDAQ,NASDAQ,Dow Jones,S&P 500,Nikkei
1060,JW중외제약,1504.0,10784.0,21.21,2.96,1.25,13.94658753709199,20240731,31950,45191,23285930,-1.99,2745.989990234375,796.2000122070312,,,,38377.41015625
