종목코드,종목명,EPS,BPS,PER,PBR,배당수익률,ROE,날짜,종가,거래량,상장주식수,등락률,KOSPI,KOSDAQ,NASDAQ,Dow Jones,S&P 500,Nikkei
96760,JW홀딩스,266.0,1716.0,11.99,1.86,3.29,15.5011655011655,20240731,3185,32721,73924942,-0.47,2745.989990234375,796.2000122070312,,,,38377.41015625
