종목코드,종목명,EPS,BPS,PER,PBR,배당수익률,ROE,날짜,종가,거래량,상장주식수,등락률,KOSPI,KOSDAQ,NASDAQ,Dow Jones,S&P 500,Nikkei
35900,JYP Ent.,3186.0,11897.0,17.92,4.8,1.01,26.77986046902581,20240731,57100,223707,35532492,2.33,2745.989990234375,796.2000122070312,,,,38377.41015625
