종목코드,종목명,EPS,BPS,PER,PBR,배당수익률,ROE,날짜,종가,거래량,상장주식수,등락률,KOSPI,KOSDAQ,NASDAQ,Dow Jones,S&P 500,Nikkei
24840,KBI메탈,2.0,3450.0,1097.5,0.64,0.0,0.0579710144927536,20240731,2195,401249,34909199,-1.79,2745.989990234375,796.2000122070312,,,,38377.41015625
