종목코드,종목명,EPS,BPS,PER,PBR,배당수익률,ROE,날짜,종가,거래량,상장주식수,등락률,KOSPI,KOSDAQ,NASDAQ,Dow Jones,S&P 500,Nikkei
2380,KCC,28917.0,704004.0,11.29,0.46,2.45,4.107505070993915,20240731,327000,13509,8886471,-1.51,2745.989990234375,796.2000122070312,,,,38377.41015625
