종목코드,종목명,EPS,BPS,PER,PBR,배당수익률,ROE,날짜,종가,거래량,상장주식수,등락률,KOSPI,KOSDAQ,NASDAQ,Dow Jones,S&P 500,Nikkei
344820,KCC글라스,5125.0,93331.0,8.25,0.45,5.2,5.491208708789149,20240731,42300,5945,15970512,-0.12,2745.989990234375,796.2000122070312,,,,38377.41015625
