종목코드,종목명,EPS,BPS,PER,PBR,배당수익률,ROE,날짜,종가,거래량,상장주식수,등락률,KOSPI,KOSDAQ,NASDAQ,Dow Jones,S&P 500,Nikkei
9440,KC그린홀딩스,,6467.0,,0.25,3.06,,20240731,1636,7731,22434980,-1.33,2745.989990234375,796.2000122070312,,,,38377.41015625
