종목코드,종목명,EPS,BPS,PER,PBR,배당수익률,ROE,날짜,종가,거래량,상장주식수,등락률,KOSPI,KOSDAQ,NASDAQ,Dow Jones,S&P 500,Nikkei
46440,KG모빌리언스,1176.0,9255.0,4.17,0.53,4.49,12.706645056726092,20240731,4900,35087,38825568,-0.61,2745.989990234375,796.2000122070312,,,,38377.41015625
