종목코드,종목명,EPS,BPS,PER,PBR,배당수익률,ROE,날짜,종가,거래량,상장주식수,등락률,KOSPI,KOSDAQ,NASDAQ,Dow Jones,S&P 500,Nikkei
35600,KG이니시스,2909.0,17862.0,3.5,0.57,4.12,16.28597021610122,20240731,10190,29066,27904434,-0.29,2745.989990234375,796.2000122070312,,,,38377.41015625
