종목코드,종목명,EPS,BPS,PER,PBR,배당수익률,ROE,날짜,종가,거래량,상장주식수,등락률,KOSPI,KOSDAQ,NASDAQ,Dow Jones,S&P 500,Nikkei
1390,KG케미칼,1446.0,13412.0,3.13,0.34,2.65,10.781389800178944,20240731,4515,136036,68469040,-1.63,2745.989990234375,796.2000122070312,,,,38377.41015625
