종목코드,종목명,EPS,BPS,PER,PBR,배당수익률,ROE,날짜,종가,거래량,상장주식수,등락률,KOSPI,KOSDAQ,NASDAQ,Dow Jones,S&P 500,Nikkei
111870,KH 미래물산,4998.0,23064.0,1.78,0.39,0.0,21.670135275754426,20240731,8910,0,4930249,0.0,2745.989990234375,796.2000122070312,,,,38377.41015625
