종목코드,종목명,EPS,BPS,PER,PBR,배당수익률,ROE,날짜,종가,거래량,상장주식수,등락률,KOSPI,KOSDAQ,NASDAQ,Dow Jones,S&P 500,Nikkei
60720,KH바텍,1369.0,11142.0,8.44,1.04,3.46,12.286842577634175,20240731,11550,51386,23677442,-1.11,2745.989990234375,796.2000122070312,,,,38377.41015625
