종목코드,종목명,EPS,BPS,PER,PBR,배당수익률,ROE,날짜,종가,거래량,상장주식수,등락률,KOSPI,KOSDAQ,NASDAQ,Dow Jones,S&P 500,Nikkei
15590,KIB플러그에너지,62.0,540.0,9.39,1.08,0.0,11.48148148148148,20240731,582,273189,236981544,-0.17,2745.989990234375,796.2000122070312,,,,38377.41015625
