종목코드,종목명,EPS,BPS,PER,PBR,배당수익률,ROE,날짜,종가,거래량,상장주식수,등락률,KOSPI,KOSDAQ,NASDAQ,Dow Jones,S&P 500,Nikkei
1940,KISCO홀딩스,6602.0,84091.0,2.95,0.23,4.62,7.851018539439416,20240731,19480,5867,16176380,2.36,2745.989990234375,796.2000122070312,,,,38377.41015625
