종목코드,종목명,EPS,BPS,PER,PBR,배당수익률,ROE,날짜,종가,거래량,상장주식수,등락률,KOSPI,KOSDAQ,NASDAQ,Dow Jones,S&P 500,Nikkei
25000,KPX케미칼,13643.0,133924.0,3.5,0.36,6.29,10.187121053731968,20240731,47700,864,4840000,0.32,2745.989990234375,796.2000122070312,,,,38377.41015625
