종목코드,종목명,EPS,BPS,PER,PBR,배당수익률,ROE,날짜,종가,거래량,상장주식수,등락률,KOSPI,KOSDAQ,NASDAQ,Dow Jones,S&P 500,Nikkei
33780,KT&G,7843.0,81326.0,11.77,1.13,5.63,9.643902319061556,20240731,92200,80806,130322497,-0.54,2745.989990234375,796.2000122070312,,,,38377.41015625
