종목코드,종목명,EPS,BPS,PER,PBR,배당수익률,ROE,날짜,종가,거래량,상장주식수,등락률,KOSPI,KOSDAQ,NASDAQ,Dow Jones,S&P 500,Nikkei
30200,KT,4043.0,67972.0,9.83,0.58,4.93,5.948037427175896,20240731,39750,253362,252021685,2.05,2745.989990234375,796.2000122070312,,,,38377.41015625
