종목코드,종목명,EPS,BPS,PER,PBR,배당수익률,ROE,날짜,종가,거래량,상장주식수,등락률,KOSPI,KOSDAQ,NASDAQ,Dow Jones,S&P 500,Nikkei
309960,LB인베스트먼트,286.0,5020.0,16.26,0.93,4.3,5.697211155378485,20240731,4650,11201,23217239,-0.21,2745.989990234375,796.2000122070312,,,,38377.41015625
