종목코드,종목명,EPS,BPS,PER,PBR,배당수익률,ROE,날짜,종가,거래량,상장주식수,등락률,KOSPI,KOSDAQ,NASDAQ,Dow Jones,S&P 500,Nikkei
3550,LG,8032.0,167498.0,10.72,0.51,3.6,4.795281137685226,20240731,86000,133166,157300993,1.42,2745.989990234375,796.2000122070312,,,,38377.41015625
