종목코드,종목명,EPS,BPS,PER,PBR,배당수익률,ROE,날짜,종가,거래량,상장주식수,등락률,KOSPI,KOSDAQ,NASDAQ,Dow Jones,S&P 500,Nikkei
51900,LG생활건강,8513.0,324268.0,41.47,1.09,0.99,2.625297593348712,20240731,353000,20831,15618197,0.14,2745.989990234375,796.2000122070312,,,,38377.41015625
