종목코드,종목명,EPS,BPS,PER,PBR,배당수익률,ROE,날짜,종가,거래량,상장주식수,등락률,KOSPI,KOSDAQ,NASDAQ,Dow Jones,S&P 500,Nikkei
32640,LG유플러스,1449.0,19711.0,6.94,0.51,6.47,7.351225204200699,20240731,10050,187802,436611361,-0.3,2745.989990234375,796.2000122070312,,,,38377.41015625
