종목코드,종목명,EPS,BPS,PER,PBR,배당수익률,ROE,날짜,종가,거래량,상장주식수,등락률,KOSPI,KOSDAQ,NASDAQ,Dow Jones,S&P 500,Nikkei
11070,LG이노텍,23884.0,199226.0,10.32,1.24,1.06,11.988395088994409,20240731,246000,70296,23667107,0.41,2745.989990234375,796.2000122070312,,,,38377.41015625
