종목코드,종목명,EPS,BPS,PER,PBR,배당수익률,ROE,날짜,종가,거래량,상장주식수,등락률,KOSPI,KOSDAQ,NASDAQ,Dow Jones,S&P 500,Nikkei
37560,LG헬로비전,,7300.0,,0.39,4.25,,20240731,2825,29496,77446865,-0.7,2745.989990234375,796.2000122070312,,,,38377.41015625
