종목코드,종목명,EPS,BPS,PER,PBR,배당수익률,ROE,날짜,종가,거래량,상장주식수,등락률,KOSPI,KOSDAQ,NASDAQ,Dow Jones,S&P 500,Nikkei
10120,LS ELECTRIC,7012.0,58345.0,25.97,3.12,1.54,12.018167795012426,20240731,182500,358433,30000000,-1.3,2745.989990234375,796.2000122070312,,,,38377.41015625
