종목코드,종목명,EPS,BPS,PER,PBR,배당수익률,ROE,날짜,종가,거래량,상장주식수,등락률,KOSPI,KOSDAQ,NASDAQ,Dow Jones,S&P 500,Nikkei
229640,LS에코에너지,136.0,4793.0,200.0,5.67,0.74,2.837471312330482,20240731,27200,69311,30624879,-1.27,2745.989990234375,796.2000122070312,,,,38377.41015625
