종목코드,종목명,EPS,BPS,PER,PBR,배당수익률,ROE,날짜,종가,거래량,상장주식수,등락률,KOSPI,KOSDAQ,NASDAQ,Dow Jones,S&P 500,Nikkei
1120,LX인터내셔널,3255.0,63172.0,9.54,0.49,3.86,5.152599252833534,20240731,31050,76134,38760000,0.49,2745.989990234375,796.2000122070312,,,,38377.41015625
