종목코드,종목명,EPS,BPS,PER,PBR,배당수익률,ROE,날짜,종가,거래량,상장주식수,등락률,KOSPI,KOSDAQ,NASDAQ,Dow Jones,S&P 500,Nikkei
108670,LX하우시스,6186.0,83467.0,7.4,0.55,3.72,7.41131225514275,20240731,45750,8134,8967670,2.46,2745.989990234375,796.2000122070312,,,,38377.41015625
