종목코드,종목명,EPS,BPS,PER,PBR,배당수익률,ROE,날짜,종가,거래량,상장주식수,등락률,KOSPI,KOSDAQ,NASDAQ,Dow Jones,S&P 500,Nikkei
35420,NAVER,6661.0,154077.0,25.93,1.12,0.7,4.3231630937777865,20240731,172600,148238,162408594,-0.4,2745.989990234375,796.2000122070312,,,,38377.41015625
