종목코드,종목명,EPS,BPS,PER,PBR,배당수익률,ROE,날짜,종가,거래량,상장주식수,등락률,KOSPI,KOSDAQ,NASDAQ,Dow Jones,S&P 500,Nikkei
53290,NE능률,65.0,5171.0,53.08,0.67,0.0,1.257010249468188,20240731,3450,6349,16526307,-0.58,2745.989990234375,796.2000122070312,,,,38377.41015625
