종목코드,종목명,EPS,BPS,PER,PBR,배당수익률,ROE,날짜,종가,거래량,상장주식수,등락률,KOSPI,KOSDAQ,NASDAQ,Dow Jones,S&P 500,Nikkei
60250,NHN KCP,913.0,5780.0,9.03,1.43,2.43,15.795847750865052,20240731,8240,143936,40160611,-0.36,2745.989990234375,796.2000122070312,,,,38377.41015625
