종목코드,종목명,EPS,BPS,PER,PBR,배당수익률,ROE,날짜,종가,거래량,상장주식수,등락률,KOSPI,KOSDAQ,NASDAQ,Dow Jones,S&P 500,Nikkei
5940,NH투자증권,1588.0,21757.0,8.78,0.64,5.73,7.29880038608264,20240731,13940,155528,327492299,0.29,2745.989990234375,796.2000122070312,,,,38377.41015625
