종목코드,종목명,EPS,BPS,PER,PBR,배당수익률,ROE,날짜,종가,거래량,상장주식수,등락률,KOSPI,KOSDAQ,NASDAQ,Dow Jones,S&P 500,Nikkei
30190,NICE평가정보,946.0,6249.0,10.94,1.66,3.96,15.138422147543606,20240731,10360,9138,60107670,-0.29,2745.989990234375,796.2000122070312,,,,38377.41015625
