종목코드,종목명,EPS,BPS,PER,PBR,배당수익률,ROE,날짜,종가,거래량,상장주식수,등락률,KOSPI,KOSDAQ,NASDAQ,Dow Jones,S&P 500,Nikkei
34310,NICE,110.0,21341.0,93.73,0.48,4.37,0.5154397638348718,20240731,10310,24257,37503477,1.58,2745.989990234375,796.2000122070312,,,,38377.41015625
