종목코드,종목명,EPS,BPS,PER,PBR,배당수익률,ROE,날짜,종가,거래량,상장주식수,등락률,KOSPI,KOSDAQ,NASDAQ,Dow Jones,S&P 500,Nikkei
456040,OCI,7052.0,132933.0,11.63,0.62,2.44,5.304928046459494,20240731,82000,13914,8952495,-0.12,2745.989990234375,796.2000122070312,,,,38377.41015625
