종목코드,종목명,EPS,BPS,PER,PBR,배당수익률,ROE,날짜,종가,거래량,상장주식수,등락률,KOSPI,KOSDAQ,NASDAQ,Dow Jones,S&P 500,Nikkei
178920,PI첨단소재,,10724.0,,2.54,0.0,,20240731,27200,228045,29366322,-7.33,2745.989990234375,796.2000122070312,,,,38377.41015625
