종목코드,종목명,EPS,BPS,PER,PBR,배당수익률,ROE,날짜,종가,거래량,상장주식수,등락률,KOSPI,KOSDAQ,NASDAQ,Dow Jones,S&P 500,Nikkei
24940,PN풍년,231.0,5109.0,18.81,0.85,0.81,4.521432765707575,20240731,4330,12438,10000000,0.58,2745.989990234375,796.2000122070312,,,,38377.41015625
