종목코드,종목명,EPS,BPS,PER,PBR,배당수익률,ROE,날짜,종가,거래량,상장주식수,등락률,KOSPI,KOSDAQ,NASDAQ,Dow Jones,S&P 500,Nikkei
419530,SAMG엔터,,5718.0,,1.87,0.0,,20240731,10670,70303,8590930,-5.49,2745.989990234375,796.2000122070312,,,,38377.41015625
