종목코드,종목명,EPS,BPS,PER,PBR,배당수익률,ROE,날짜,종가,거래량,상장주식수,등락률,KOSPI,KOSDAQ,NASDAQ,Dow Jones,S&P 500,Nikkei
19550,SBI인베스트먼트,52.0,783.0,15.21,1.01,0.0,6.641123882503193,20240731,789,183924,162066575,-1.13,2745.989990234375,796.2000122070312,,,,38377.41015625
