종목코드,종목명,EPS,BPS,PER,PBR,배당수익률,ROE,날짜,종가,거래량,상장주식수,등락률,KOSPI,KOSDAQ,NASDAQ,Dow Jones,S&P 500,Nikkei
34120,SBS,2613.0,47382.0,6.42,0.35,2.98,5.514752437634544,20240731,16770,9312,18551238,-0.42,2745.989990234375,796.2000122070312,,,,38377.41015625
