종목코드,종목명,EPS,BPS,PER,PBR,배당수익률,ROE,날짜,종가,거래량,상장주식수,등락률,KOSPI,KOSDAQ,NASDAQ,Dow Jones,S&P 500,Nikkei
36120,SCI평가정보,14.0,830.0,167.14,2.82,2.14,1.686746987951807,20240731,2340,184225,35500000,-0.21,2745.989990234375,796.2000122070312,,,,38377.41015625
