종목코드,종목명,EPS,BPS,PER,PBR,배당수익률,ROE,날짜,종가,거래량,상장주식수,등락률,KOSPI,KOSDAQ,NASDAQ,Dow Jones,S&P 500,Nikkei
1380,SG글로벌,449.0,3137.0,5.61,0.8,0.0,14.313037934332163,20240731,2520,181238,44964143,-0.59,2745.989990234375,796.2000122070312,,,,38377.41015625
