종목코드,종목명,EPS,BPS,PER,PBR,배당수익률,ROE,날짜,종가,거래량,상장주식수,등락률,KOSPI,KOSDAQ,NASDAQ,Dow Jones,S&P 500,Nikkei
4060,SG세계물산,,1222.0,,0.32,0.0,,20240731,388,130338,202424960,0.78,2745.989990234375,796.2000122070312,,,,38377.41015625
