종목코드,종목명,EPS,BPS,PER,PBR,배당수익률,ROE,날짜,종가,거래량,상장주식수,등락률,KOSPI,KOSDAQ,NASDAQ,Dow Jones,S&P 500,Nikkei
9160,SIMPAC,,10735.0,,0.35,2.67,,20240731,3745,4445,65429516,0.13,2745.989990234375,796.2000122070312,,,,38377.41015625
