종목코드,종목명,EPS,BPS,PER,PBR,배당수익률,ROE,날짜,종가,거래량,상장주식수,등락률,KOSPI,KOSDAQ,NASDAQ,Dow Jones,S&P 500,Nikkei
18670,SK가스,35241.0,287583.0,5.1,0.62,4.45,12.25420139577096,20240731,179700,1843,9230244,0.9,2745.989990234375,796.2000122070312,,,,38377.41015625
