종목코드,종목명,EPS,BPS,PER,PBR,배당수익률,ROE,날짜,종가,거래량,상장주식수,등락률,KOSPI,KOSDAQ,NASDAQ,Dow Jones,S&P 500,Nikkei
1740,SK네트웍스,,10690.0,,0.43,4.32,,20240731,4625,178716,221277902,2.89,2745.989990234375,796.2000122070312,,,,38377.41015625
