종목코드,종목명,EPS,BPS,PER,PBR,배당수익률,ROE,날짜,종가,거래량,상장주식수,등락률,KOSPI,KOSDAQ,NASDAQ,Dow Jones,S&P 500,Nikkei
6120,SK디스커버리,9699.0,150811.0,3.92,0.25,4.47,6.431228491290423,20240731,38050,2541,18785855,0.26,2745.989990234375,796.2000122070312,,,,38377.41015625
