종목코드,종목명,EPS,BPS,PER,PBR,배당수익률,ROE,날짜,종가,거래량,상장주식수,등락률,KOSPI,KOSDAQ,NASDAQ,Dow Jones,S&P 500,Nikkei
361610,SK아이이테크놀로지,1152.0,33825.0,32.03,1.09,0.0,3.4057649667405765,20240731,36900,29034,71297592,-0.54,2745.989990234375,796.2000122070312,,,,38377.41015625
