종목코드,종목명,EPS,BPS,PER,PBR,배당수익률,ROE,날짜,종가,거래량,상장주식수,등락률,KOSPI,KOSDAQ,NASDAQ,Dow Jones,S&P 500,Nikkei
96770,SK이노베이션,2808.0,230169.0,37.0,0.45,0.0,1.219973150163575,20240731,103900,64820,95735590,-0.38,2745.989990234375,796.2000122070312,,,,38377.41015625
