종목코드,종목명,EPS,BPS,PER,PBR,배당수익률,ROE,날짜,종가,거래량,상장주식수,등락률,KOSPI,KOSDAQ,NASDAQ,Dow Jones,S&P 500,Nikkei
285130,SK케미칼,2072.0,110405.0,24.13,0.45,1.3,1.876726597527286,20240731,50000,23030,17253783,2.35,2745.989990234375,796.2000122070312,,,,38377.41015625
