종목코드,종목명,EPS,BPS,PER,PBR,배당수익률,ROE,날짜,종가,거래량,상장주식수,등락률,KOSPI,KOSDAQ,NASDAQ,Dow Jones,S&P 500,Nikkei
63440,SM Life Design,103.0,1239.0,14.74,1.23,0.0,8.313155770782888,20240731,1518,24266,46029154,0.13,2745.989990234375,796.2000122070312,,,,38377.41015625
