종목코드,종목명,EPS,BPS,PER,PBR,배당수익률,ROE,날짜,종가,거래량,상장주식수,등락률,KOSPI,KOSDAQ,NASDAQ,Dow Jones,S&P 500,Nikkei
64960,SNT모티브,6579.0,72007.0,6.55,0.6,3.71,9.136611718305163,20240731,43100,5907,14623136,-0.46,2745.989990234375,796.2000122070312,,,,38377.41015625
