종목코드,종목명,EPS,BPS,PER,PBR,배당수익률,ROE,날짜,종가,거래량,상장주식수,등락률,KOSPI,KOSDAQ,NASDAQ,Dow Jones,S&P 500,Nikkei
5610,SPC삼립,6197.0,51697.0,8.75,1.05,3.14,11.987155927810123,20240731,54200,798,8629009,0.18,2745.989990234375,796.2000122070312,,,,38377.41015625
