종목코드,종목명,EPS,BPS,PER,PBR,배당수익률,ROE,날짜,종가,거래량,상장주식수,등락률,KOSPI,KOSDAQ,NASDAQ,Dow Jones,S&P 500,Nikkei
289080,SV인베스트먼트,65.0,1322.0,29.22,1.44,1.05,4.9167927382753405,20240731,1899,138816,53234000,-1.15,2745.989990234375,796.2000122070312,,,,38377.41015625
