종목코드,종목명,EPS,BPS,PER,PBR,배당수익률,ROE,날짜,종가,거래량,상장주식수,등락률,KOSPI,KOSDAQ,NASDAQ,Dow Jones,S&P 500,Nikkei
69260,TKG휴켐스,3512.0,21904.0,5.44,0.87,5.24,16.033601168736304,20240731,19100,9052,40878588,0.37,2745.989990234375,796.2000122070312,,,,38377.41015625
