종목코드,종목명,EPS,BPS,PER,PBR,배당수익률,ROE,날짜,종가,거래량,상장주식수,등락률,KOSPI,KOSDAQ,NASDAQ,Dow Jones,S&P 500,Nikkei
7980,TP,130.0,4274.0,12.06,0.37,2.23,3.0416471689284044,20240731,1568,70205,51175130,0.58,2745.989990234375,796.2000122070312,,,,38377.41015625
