종목코드,종목명,EPS,BPS,PER,PBR,배당수익률,ROE,날짜,종가,거래량,상장주식수,등락률,KOSPI,KOSDAQ,NASDAQ,Dow Jones,S&P 500,Nikkei
246690,TS인베스트먼트,258.0,2029.0,4.49,0.57,0.86,12.715623459832427,20240731,1159,16879,41477862,-0.17,2745.989990234375,796.2000122070312,,,,38377.41015625
