종목코드,종목명,EPS,BPS,PER,PBR,배당수익률,ROE,날짜,종가,거래량,상장주식수,등락률,KOSPI,KOSDAQ,NASDAQ,Dow Jones,S&P 500,Nikkei
57030,YBM넷,313.0,3196.0,11.5,1.13,4.17,9.793491864831038,20240731,3600,9864,16312697,0.56,2745.989990234375,796.2000122070312,,,,38377.41015625
