종목코드,종목명,EPS,BPS,PER,PBR,배당수익률,ROE,날짜,종가,거래량,상장주식수,등락률,KOSPI,KOSDAQ,NASDAQ,Dow Jones,S&P 500,Nikkei
37270,YG PLUS,340.0,2564.0,9.19,1.22,0.0,13.260530421216847,20240731,3125,14985,63429410,0.48,2745.989990234375,796.2000122070312,,,,38377.41015625
