종목코드,종목명,EPS,BPS,PER,PBR,배당수익률,ROE,날짜,종가,거래량,상장주식수,등락률,KOSPI,KOSDAQ,NASDAQ,Dow Jones,S&P 500,Nikkei
79940,가비아,1241.0,11137.0,11.36,1.27,0.57,11.143036724432074,20240731,14100,7982,13535684,-1.81,2745.989990234375,796.2000122070312,,,,38377.41015625
