종목코드,종목명,EPS,BPS,PER,PBR,배당수익률,ROE,날짜,종가,거래량,상장주식수,등락률,KOSPI,KOSDAQ,NASDAQ,Dow Jones,S&P 500,Nikkei
500,가온전선,2907.0,46434.0,14.1,0.88,0.0,6.260498772451221,20240731,41000,30307,7357946,0.37,2745.989990234375,796.2000122070312,,,,38377.41015625
