종목코드,종목명,EPS,BPS,PER,PBR,배당수익률,ROE,날짜,종가,거래량,상장주식수,등락률,KOSPI,KOSDAQ,NASDAQ,Dow Jones,S&P 500,Nikkei
11420,갤럭시아에스엠,97.0,2713.0,27.22,0.97,0.0,3.5753778105418355,20240731,2645,1393984,27549644,-2.22,2745.989990234375,796.2000122070312,,,,38377.41015625
