종목코드,종목명,EPS,BPS,PER,PBR,배당수익률,ROE,날짜,종가,거래량,상장주식수,등락률,KOSPI,KOSDAQ,NASDAQ,Dow Jones,S&P 500,Nikkei
39240,경남스틸,317.0,3999.0,9.38,0.74,4.03,7.926981745436359,20240731,2975,9595,26979604,0.34,2745.989990234375,796.2000122070312,,,,38377.41015625
