종목코드,종목명,EPS,BPS,PER,PBR,배당수익률,ROE,날짜,종가,거래량,상장주식수,등락률,KOSPI,KOSDAQ,NASDAQ,Dow Jones,S&P 500,Nikkei
9450,경동나비엔,5753.0,40448.0,10.06,1.43,0.95,14.223200158227847,20240731,57800,14651,14568592,-1.7,2745.989990234375,796.2000122070312,,,,38377.41015625
