종목코드,종목명,EPS,BPS,PER,PBR,배당수익률,ROE,날짜,종가,거래량,상장주식수,등락률,KOSPI,KOSDAQ,NASDAQ,Dow Jones,S&P 500,Nikkei
50,경방,,29623.0,,0.24,1.75,,20240731,7140,1730,27415270,-1.65,2745.989990234375,796.2000122070312,,,,38377.41015625
