종목코드,종목명,EPS,BPS,PER,PBR,배당수익률,ROE,날짜,종가,거래량,상장주식수,등락률,KOSPI,KOSDAQ,NASDAQ,Dow Jones,S&P 500,Nikkei
214390,경보제약,124.0,6039.0,60.0,1.23,0.67,2.053320086106971,20240731,7440,0,23906860,0.0,2745.989990234375,796.2000122070312,,,,38377.41015625
