종목코드,종목명,EPS,BPS,PER,PBR,배당수익률,ROE,날짜,종가,거래량,상장주식수,등락률,KOSPI,KOSDAQ,NASDAQ,Dow Jones,S&P 500,Nikkei
12610,경인양행,,5471.0,,0.62,1.48,,20240731,3380,1673,41616365,-0.15,2745.989990234375,796.2000122070312,,,,38377.41015625
