종목코드,종목명,EPS,BPS,PER,PBR,배당수익률,ROE,날짜,종가,거래량,상장주식수,등락률,KOSPI,KOSDAQ,NASDAQ,Dow Jones,S&P 500,Nikkei
13580,계룡건설,5334.0,90108.0,2.87,0.17,2.61,5.919563190837661,20240731,15310,35480,8930907,1.39,2745.989990234375,796.2000122070312,,,,38377.41015625
