종목코드,종목명,EPS,BPS,PER,PBR,배당수익률,ROE,날짜,종가,거래량,상장주식수,등락률,KOSPI,KOSDAQ,NASDAQ,Dow Jones,S&P 500,Nikkei
14570,고려제약,,7147.0,,0.78,2.71,,20240731,5540,10171,11000000,0.91,2745.989990234375,796.2000122070312,,,,38377.41015625
