종목코드,종목명,EPS,BPS,PER,PBR,배당수익률,ROE,날짜,종가,거래량,상장주식수,등락률,KOSPI,KOSDAQ,NASDAQ,Dow Jones,S&P 500,Nikkei
29480,광무,162.0,2378.0,23.83,1.62,0.0,6.812447434819176,20240731,3860,255661,48473133,-1.78,2745.989990234375,796.2000122070312,,,,38377.41015625
