종목코드,종목명,EPS,BPS,PER,PBR,배당수익률,ROE,날짜,종가,거래량,상장주식수,등락률,KOSPI,KOSDAQ,NASDAQ,Dow Jones,S&P 500,Nikkei
14200,광림,203.0,1843.0,4.96,0.55,0.0,11.01465002712968,20240731,1006,0,90706696,0.0,2745.989990234375,796.2000122070312,,,,38377.41015625
