종목코드,종목명,EPS,BPS,PER,PBR,배당수익률,ROE,날짜,종가,거래량,상장주식수,등락률,KOSPI,KOSDAQ,NASDAQ,Dow Jones,S&P 500,Nikkei
37710,광주신세계,6065.0,102953.0,4.81,0.28,7.55,5.891037657960429,20240731,29150,1216,7957190,-0.17,2745.989990234375,796.2000122070312,,,,38377.41015625
