종목코드,종목명,EPS,BPS,PER,PBR,배당수익률,ROE,날짜,종가,거래량,상장주식수,등락률,KOSPI,KOSDAQ,NASDAQ,Dow Jones,S&P 500,Nikkei
53270,구영테크,736.0,4086.0,3.23,0.58,2.1,18.012726382770435,20240731,2380,18020,27410405,0.63,2745.989990234375,796.2000122070312,,,,38377.41015625
