종목코드,종목명,EPS,BPS,PER,PBR,배당수익률,ROE,날짜,종가,거래량,상장주식수,등락률,KOSPI,KOSDAQ,NASDAQ,Dow Jones,S&P 500,Nikkei
66620,국보디자인,4084.0,31855.0,3.92,0.5,2.5,12.820593313451578,20240731,16010,786,7500000,-0.56,2745.989990234375,796.2000122070312,,,,38377.41015625
