종목코드,종목명,EPS,BPS,PER,PBR,배당수익률,ROE,날짜,종가,거래량,상장주식수,등락률,KOSPI,KOSDAQ,NASDAQ,Dow Jones,S&P 500,Nikkei
6050,국영지앤엠,23.0,1439.0,49.09,0.78,0.89,1.5983321751216122,20240731,1129,15041,34895243,-0.7,2745.989990234375,796.2000122070312,,,,38377.41015625
