종목코드,종목명,EPS,BPS,PER,PBR,배당수익률,ROE,날짜,종가,거래량,상장주식수,등락률,KOSPI,KOSDAQ,NASDAQ,Dow Jones,S&P 500,Nikkei
307750,국전약품,98.0,1965.0,52.65,2.63,0.19,4.987277353689567,20240731,5160,79102,49069269,-0.77,2745.989990234375,796.2000122070312,,,,38377.41015625
