종목코드,종목명,EPS,BPS,PER,PBR,배당수익률,ROE,날짜,종가,거래량,상장주식수,등락률,KOSPI,KOSDAQ,NASDAQ,Dow Jones,S&P 500,Nikkei
35080,그래디언트,,40227.0,,0.31,1.62,,20240731,12370,8569,14527584,-0.8,2745.989990234375,796.2000122070312,,,,38377.41015625
