종목코드,종목명,EPS,BPS,PER,PBR,배당수익률,ROE,날짜,종가,거래량,상장주식수,등락률,KOSPI,KOSDAQ,NASDAQ,Dow Jones,S&P 500,Nikkei
402490,그린리소스,388.0,6248.0,43.89,2.73,0.0,6.209987195902689,20240731,17030,28577,8265944,-2.85,2745.989990234375,796.2000122070312,,,,38377.41015625
