종목코드,종목명,EPS,BPS,PER,PBR,배당수익률,ROE,날짜,종가,거래량,상장주식수,등락률,KOSPI,KOSDAQ,NASDAQ,Dow Jones,S&P 500,Nikkei
453450,그리드위즈,922.0,11848.0,27.11,2.11,0.0,7.781904118838623,20240731,25000,100384,7942750,-3.29,2745.989990234375,796.2000122070312,,,,38377.41015625
