종목코드,종목명,EPS,BPS,PER,PBR,배당수익률,ROE,날짜,종가,거래량,상장주식수,등락률,KOSPI,KOSDAQ,NASDAQ,Dow Jones,S&P 500,Nikkei
204020,그리티,424.0,3802.0,6.8,0.76,3.47,11.15202524986849,20240731,2885,4460,20147430,-0.86,2745.989990234375,796.2000122070312,,,,38377.41015625
