종목코드,종목명,EPS,BPS,PER,PBR,배당수익률,ROE,날짜,종가,거래량,상장주식수,등락률,KOSPI,KOSDAQ,NASDAQ,Dow Jones,S&P 500,Nikkei
114450,그린생명과학,,1813.0,,1.09,0.0,,20240731,1974,69379,20000000,2.02,2745.989990234375,796.2000122070312,,,,38377.41015625
