종목코드,종목명,EPS,BPS,PER,PBR,배당수익률,ROE,날짜,종가,거래량,상장주식수,등락률,KOSPI,KOSDAQ,NASDAQ,Dow Jones,S&P 500,Nikkei
204620,글로벌텍스프리,,1597.0,,2.6,0.0,,20240731,4145,154042,56787848,0.97,2745.989990234375,796.2000122070312,,,,38377.41015625
