종목코드,종목명,EPS,BPS,PER,PBR,배당수익률,ROE,날짜,종가,거래량,상장주식수,등락률,KOSPI,KOSDAQ,NASDAQ,Dow Jones,S&P 500,Nikkei
53260,금강철강,281.0,7818.0,17.9,0.64,2.58,3.594269634177539,20240731,5030,9355,18720000,1.72,2745.989990234375,796.2000122070312,,,,38377.41015625
