종목코드,종목명,EPS,BPS,PER,PBR,배당수익률,ROE,날짜,종가,거래량,상장주식수,등락률,KOSPI,KOSDAQ,NASDAQ,Dow Jones,S&P 500,Nikkei
8870,금비,,97823.0,,0.63,2.11,,20240731,61600,944,1000000,-0.32,2745.989990234375,796.2000122070312,,,,38377.41015625
