종목코드,종목명,EPS,BPS,PER,PBR,배당수익률,ROE,날짜,종가,거래량,상장주식수,등락률,KOSPI,KOSDAQ,NASDAQ,Dow Jones,S&P 500,Nikkei
282720,금양그린파워,1695.0,8935.0,7.22,1.37,2.45,18.97034135422496,20240731,12230,27512,12119500,-1.21,2745.989990234375,796.2000122070312,,,,38377.41015625
