종목코드,종목명,EPS,BPS,PER,PBR,배당수익률,ROE,날짜,종가,거래량,상장주식수,등락률,KOSPI,KOSDAQ,NASDAQ,Dow Jones,S&P 500,Nikkei
36190,금화피에스시,6435.0,55933.0,3.95,0.46,5.11,11.504836143242809,20240731,25450,1667,6000000,0.2,2745.989990234375,796.2000122070312,,,,38377.41015625
