종목코드,종목명,EPS,BPS,PER,PBR,배당수익률,ROE,날짜,종가,거래량,상장주식수,등락률,KOSPI,KOSDAQ,NASDAQ,Dow Jones,S&P 500,Nikkei
73240,금호타이어,549.0,4401.0,9.23,1.15,0.0,12.47443762781186,20240731,5080,438644,287260287,-2.12,2745.989990234375,796.2000122070312,,,,38377.41015625
