종목코드,종목명,EPS,BPS,PER,PBR,배당수익률,ROE,날짜,종가,거래량,상장주식수,등락률,KOSPI,KOSDAQ,NASDAQ,Dow Jones,S&P 500,Nikkei
11780,금호석유,16727.0,221466.0,8.24,0.62,2.1,7.552852356569407,20240731,137800,38092,27672679,-2.41,2745.989990234375,796.2000122070312,,,,38377.41015625
