종목코드,종목명,EPS,BPS,PER,PBR,배당수익률,ROE,날짜,종가,거래량,상장주식수,등락률,KOSPI,KOSDAQ,NASDAQ,Dow Jones,S&P 500,Nikkei
2990,금호건설,31.0,13006.0,120.0,0.29,0.0,0.2383515300630478,20240731,3720,10968,36953595,1.36,2745.989990234375,796.2000122070312,,,,38377.41015625
