종목코드,종목명,EPS,BPS,PER,PBR,배당수익률,ROE,날짜,종가,거래량,상장주식수,등락률,KOSPI,KOSDAQ,NASDAQ,Dow Jones,S&P 500,Nikkei
35460,기산텔레콤,223.0,2664.0,8.6,0.72,0.0,8.37087087087087,20240731,1917,19137,14577340,-0.26,2745.989990234375,796.2000122070312,,,,38377.41015625
