종목코드,종목명,EPS,BPS,PER,PBR,배당수익률,ROE,날짜,종가,거래량,상장주식수,등락률,KOSPI,KOSDAQ,NASDAQ,Dow Jones,S&P 500,Nikkei
293580,나우IB,21.0,999.0,53.9,1.13,1.59,2.1021021021021022,20240731,1132,267761,95770000,0.27,2745.989990234375,796.2000122070312,,,,38377.41015625
