종목코드,종목명,EPS,BPS,PER,PBR,배당수익률,ROE,날짜,종가,거래량,상장주식수,등락률,KOSPI,KOSDAQ,NASDAQ,Dow Jones,S&P 500,Nikkei
89600,나스미디어,1478.0,18833.0,11.77,0.92,4.03,7.847926511973663,20240731,17440,2212,11568163,-0.23,2745.989990234375,796.2000122070312,,,,38377.41015625
