종목코드,종목명,EPS,BPS,PER,PBR,배당수익률,ROE,날짜,종가,거래량,상장주식수,등락률,KOSPI,KOSDAQ,NASDAQ,Dow Jones,S&P 500,Nikkei
1260,남광토건,610.0,11506.0,12.75,0.68,0.0,5.301581783417348,20240731,7810,334722,9832572,3.03,2745.989990234375,796.2000122070312,,,,38377.41015625
