종목코드,종목명,EPS,BPS,PER,PBR,배당수익률,ROE,날짜,종가,거래량,상장주식수,등락률,KOSPI,KOSDAQ,NASDAQ,Dow Jones,S&P 500,Nikkei
3920,남양유업,,770969.0,,0.68,0.19,,20240731,523000,291,720000,0.58,2745.989990234375,796.2000122070312,,,,38377.41015625
