종목코드,종목명,EPS,BPS,PER,PBR,배당수익률,ROE,날짜,종가,거래량,상장주식수,등락률,KOSPI,KOSDAQ,NASDAQ,Dow Jones,S&P 500,Nikkei
25860,남해화학,250.0,10642.0,28.08,0.66,0.85,2.349182484495396,20240731,7020,31741,49678843,0.0,2745.989990234375,796.2000122070312,,,,38377.41015625
