종목코드,종목명,EPS,BPS,PER,PBR,배당수익률,ROE,날짜,종가,거래량,상장주식수,등락률,KOSPI,KOSDAQ,NASDAQ,Dow Jones,S&P 500,Nikkei
212560,네오오토,1514.0,13688.0,5.2,0.58,1.9,11.060783167738164,20240731,7880,13281,7874963,-1.75,2745.989990234375,796.2000122070312,,,,38377.41015625
