종목코드,종목명,EPS,BPS,PER,PBR,배당수익률,ROE,날짜,종가,거래량,상장주식수,등락률,KOSPI,KOSDAQ,NASDAQ,Dow Jones,S&P 500,Nikkei
253590,네오셈,219.0,2101.0,57.85,6.03,0.24,10.42360780580676,20240731,12670,654743,43869164,0.48,2745.989990234375,796.2000122070312,,,,38377.41015625
