종목코드,종목명,EPS,BPS,PER,PBR,배당수익률,ROE,날짜,종가,거래량,상장주식수,등락률,KOSPI,KOSDAQ,NASDAQ,Dow Jones,S&P 500,Nikkei
330860,네패스아크,,18528.0,,0.96,0.0,,20240731,17840,20740,12184045,-1.71,2745.989990234375,796.2000122070312,,,,38377.41015625
