종목코드,종목명,EPS,BPS,PER,PBR,배당수익률,ROE,날짜,종가,거래량,상장주식수,등락률,KOSPI,KOSDAQ,NASDAQ,Dow Jones,S&P 500,Nikkei
2350,넥센타이어,1001.0,16524.0,7.69,0.47,1.49,6.057855240861777,20240731,7690,28448,97667877,2.53,2745.989990234375,796.2000122070312,,,,38377.41015625
