종목코드,종목명,EPS,BPS,PER,PBR,배당수익률,ROE,날짜,종가,거래량,상장주식수,등락률,KOSPI,KOSDAQ,NASDAQ,Dow Jones,S&P 500,Nikkei
5720,넥센,778.0,22055.0,5.94,0.21,2.71,3.527544774427568,20240731,4620,2534,53543977,-0.32,2745.989990234375,796.2000122070312,,,,38377.41015625
