종목코드,종목명,EPS,BPS,PER,PBR,배당수익률,ROE,날짜,종가,거래량,상장주식수,등락률,KOSPI,KOSDAQ,NASDAQ,Dow Jones,S&P 500,Nikkei
194700,노바렉스,1245.0,11311.0,7.52,0.83,2.14,11.006984351516223,20240731,9360,87381,18754848,-2.3,2745.989990234375,796.2000122070312,,,,38377.41015625
