종목코드,종목명,EPS,BPS,PER,PBR,배당수익률,ROE,날짜,종가,거래량,상장주식수,등락률,KOSPI,KOSDAQ,NASDAQ,Dow Jones,S&P 500,Nikkei
234690,녹십자웰빙,380.0,5655.0,22.08,1.48,1.19,6.71971706454465,20240731,8390,33608,17752276,-0.59,2745.989990234375,796.2000122070312,,,,38377.41015625
