종목코드,종목명,EPS,BPS,PER,PBR,배당수익률,ROE,날짜,종가,거래량,상장주식수,등락률,KOSPI,KOSDAQ,NASDAQ,Dow Jones,S&P 500,Nikkei
72710,농심홀딩스,14478.0,242037.0,4.87,0.29,3.55,5.981730066064279,20240731,70500,4082,4637790,0.43,2745.989990234375,796.2000122070312,,,,38377.41015625
