종목코드,종목명,EPS,BPS,PER,PBR,배당수익률,ROE,날짜,종가,거래량,상장주식수,등락률,KOSPI,KOSDAQ,NASDAQ,Dow Jones,S&P 500,Nikkei
40160,누리플렉스,260.0,7304.0,11.33,0.4,1.7,3.5596933187294635,20240731,2945,6393,12055535,-0.84,2745.989990234375,796.2000122070312,,,,38377.41015625
