종목코드,종목명,EPS,BPS,PER,PBR,배당수익률,ROE,날짜,종가,거래량,상장주식수,등락률,KOSPI,KOSDAQ,NASDAQ,Dow Jones,S&P 500,Nikkei
85670,뉴프렉스,278.0,2991.0,19.03,1.77,0.0,9.294550317619525,20240731,5300,75376,24450761,-1.85,2745.989990234375,796.2000122070312,,,,38377.41015625
