종목코드,종목명,EPS,BPS,PER,PBR,배당수익률,ROE,날짜,종가,거래량,상장주식수,등락률,KOSPI,KOSDAQ,NASDAQ,Dow Jones,S&P 500,Nikkei
23590,다우기술,5237.0,58374.0,3.54,0.32,3.78,8.971459896529277,20240731,18530,7242,44866617,0.11,2745.989990234375,796.2000122070312,,,,38377.41015625
