종목코드,종목명,EPS,BPS,PER,PBR,배당수익률,ROE,날짜,종가,거래량,상장주식수,등락률,KOSPI,KOSDAQ,NASDAQ,Dow Jones,S&P 500,Nikkei
68240,다원시스,108.0,6041.0,99.81,1.78,0.0,1.7877834795563647,20240731,10780,36054,38163437,0.37,2745.989990234375,796.2000122070312,,,,38377.41015625
