종목코드,종목명,EPS,BPS,PER,PBR,배당수익률,ROE,날짜,종가,거래량,상장주식수,등락률,KOSPI,KOSDAQ,NASDAQ,Dow Jones,S&P 500,Nikkei
58730,다스코,764.0,8251.0,6.28,0.58,2.09,9.259483698945582,20240731,4790,13904847,18796941,17.11,2745.989990234375,796.2000122070312,,,,38377.41015625
