종목코드,종목명,EPS,BPS,PER,PBR,배당수익률,ROE,날짜,종가,거래량,상장주식수,등락률,KOSPI,KOSDAQ,NASDAQ,Dow Jones,S&P 500,Nikkei
145210,다이나믹디자인,,3018.0,,1.87,0.0,,20240731,5640,60834,17301093,2.92,2745.989990234375,796.2000122070312,,,,38377.41015625
