종목코드,종목명,EPS,BPS,PER,PBR,배당수익률,ROE,날짜,종가,거래량,상장주식수,등락률,KOSPI,KOSDAQ,NASDAQ,Dow Jones,S&P 500,Nikkei
490,대동,794.0,19071.0,12.57,0.52,1.0,4.163389439463059,20240731,9980,30527,25640788,0.2,2745.989990234375,796.2000122070312,,,,38377.41015625
