종목코드,종목명,EPS,BPS,PER,PBR,배당수익률,ROE,날짜,종가,거래량,상장주식수,등락률,KOSPI,KOSDAQ,NASDAQ,Dow Jones,S&P 500,Nikkei
8060,대덕,364.0,17308.0,17.64,0.37,6.23,2.103073723133811,20240731,6420,11911,33890150,0.31,2745.989990234375,796.2000122070312,,,,38377.41015625
