종목코드,종목명,EPS,BPS,PER,PBR,배당수익률,ROE,날짜,종가,거래량,상장주식수,등락률,KOSPI,KOSDAQ,NASDAQ,Dow Jones,S&P 500,Nikkei
17650,대림제지,2201.0,31419.0,3.53,0.25,1.29,7.005315255100417,20240731,7780,181,9000000,-0.26,2745.989990234375,796.2000122070312,,,,38377.41015625
