종목코드,종목명,EPS,BPS,PER,PBR,배당수익률,ROE,날짜,종가,거래량,상장주식수,등락률,KOSPI,KOSDAQ,NASDAQ,Dow Jones,S&P 500,Nikkei
317850,대모,,5568.0,,2.27,0.32,,20240731,12630,1170038,8324420,-4.54,2745.989990234375,796.2000122070312,,,,38377.41015625
