종목코드,종목명,EPS,BPS,PER,PBR,배당수익률,ROE,날짜,종가,거래량,상장주식수,등락률,KOSPI,KOSDAQ,NASDAQ,Dow Jones,S&P 500,Nikkei
8110,대동전자,1122.0,26394.0,13.4,0.57,0.0,4.250966128665605,20240731,15040,0,10490447,0.0,2745.989990234375,796.2000122070312,,,,38377.41015625
