종목코드,종목명,EPS,BPS,PER,PBR,배당수익률,ROE,날짜,종가,거래량,상장주식수,등락률,KOSPI,KOSDAQ,NASDAQ,Dow Jones,S&P 500,Nikkei
8830,대동기어,308.0,9686.0,26.2,0.83,0.5,3.1798472021474296,20240731,8070,15401,8987520,-1.59,2745.989990234375,796.2000122070312,,,,38377.41015625
