종목코드,종목명,EPS,BPS,PER,PBR,배당수익률,ROE,날짜,종가,거래량,상장주식수,등락률,KOSPI,KOSDAQ,NASDAQ,Dow Jones,S&P 500,Nikkei
20400,대동금속,260.0,16443.0,29.31,0.46,0.79,1.58121997202457,20240731,7620,1263,3189166,-0.65,2745.989990234375,796.2000122070312,,,,38377.41015625
