종목코드,종목명,EPS,BPS,PER,PBR,배당수익률,ROE,날짜,종가,거래량,상장주식수,등락률,KOSPI,KOSDAQ,NASDAQ,Dow Jones,S&P 500,Nikkei
353200,대덕전자,492.0,16857.0,43.6,1.27,1.4,2.918668802277985,20240731,21350,116813,49416925,-1.16,2745.989990234375,796.2000122070312,,,,38377.41015625
