종목코드,종목명,EPS,BPS,PER,PBR,배당수익률,ROE,날짜,종가,거래량,상장주식수,등락률,KOSPI,KOSDAQ,NASDAQ,Dow Jones,S&P 500,Nikkei
9320,대우부품,5.0,566.0,223.0,1.97,0.0,0.88339222614841,20240731,1115,13051,49299770,-0.09,2745.989990234375,796.2000122070312,,,,38377.41015625
