종목코드,종목명,EPS,BPS,PER,PBR,배당수익률,ROE,날짜,종가,거래량,상장주식수,등락률,KOSPI,KOSDAQ,NASDAQ,Dow Jones,S&P 500,Nikkei
45390,대아티아이,158.0,1730.0,19.53,1.78,0.0,9.132947976878611,20240731,3085,204599,70473377,-0.48,2745.989990234375,796.2000122070312,,,,38377.41015625
