종목코드,종목명,EPS,BPS,PER,PBR,배당수익률,ROE,날짜,종가,거래량,상장주식수,등락률,KOSPI,KOSDAQ,NASDAQ,Dow Jones,S&P 500,Nikkei
36480,대성미생물,,9829.0,,1.03,0.74,,20240731,10140,2568,3800000,-0.98,2745.989990234375,796.2000122070312,,,,38377.41015625
