종목코드,종목명,EPS,BPS,PER,PBR,배당수익률,ROE,날짜,종가,거래량,상장주식수,등락률,KOSPI,KOSDAQ,NASDAQ,Dow Jones,S&P 500,Nikkei
430,대원강업,494.0,8211.0,10.12,0.61,2.2,6.016319571306783,20240731,5000,23867,62000000,0.0,2745.989990234375,796.2000122070312,,,,38377.41015625
