종목코드,종목명,EPS,BPS,PER,PBR,배당수익률,ROE,날짜,종가,거래량,상장주식수,등락률,KOSPI,KOSDAQ,NASDAQ,Dow Jones,S&P 500,Nikkei
84690,대상홀딩스,568.0,20000.0,16.36,0.46,2.91,2.8400000000000003,20240731,9280,81243,36212538,-0.11,2745.989990234375,796.2000122070312,,,,38377.41015625
