종목코드,종목명,EPS,BPS,PER,PBR,배당수익률,ROE,날짜,종가,거래량,상장주식수,등락률,KOSPI,KOSDAQ,NASDAQ,Dow Jones,S&P 500,Nikkei
96350,대창솔루션,15.0,189.0,25.2,2.0,0.0,7.936507936507936,20240731,378,138242,163761009,-0.26,2745.989990234375,796.2000122070312,,,,38377.41015625
