종목코드,종목명,EPS,BPS,PER,PBR,배당수익률,ROE,날짜,종가,거래량,상장주식수,등락률,KOSPI,KOSDAQ,NASDAQ,Dow Jones,S&P 500,Nikkei
3220,대원제약,1140.0,12559.0,14.09,1.28,1.87,9.07715582450832,20240731,16080,457096,22190194,0.12,2745.989990234375,796.2000122070312,,,,38377.41015625
