종목코드,종목명,EPS,BPS,PER,PBR,배당수익률,ROE,날짜,종가,거래량,상장주식수,등락률,KOSPI,KOSDAQ,NASDAQ,Dow Jones,S&P 500,Nikkei
47040,대우건설,1245.0,9847.0,3.33,0.42,0.0,12.643444703970752,20240731,4145,1193448,415622638,2.09,2745.989990234375,796.2000122070312,,,,38377.41015625
