종목코드,종목명,EPS,BPS,PER,PBR,배당수익률,ROE,날짜,종가,거래량,상장주식수,등락률,KOSPI,KOSDAQ,NASDAQ,Dow Jones,S&P 500,Nikkei
69620,대웅제약,10656.0,66686.0,11.69,1.87,0.48,15.97936598386468,20240731,124600,15013,11586575,-2.88,2745.989990234375,796.2000122070312,,,,38377.41015625
