종목코드,종목명,EPS,BPS,PER,PBR,배당수익률,ROE,날짜,종가,거래량,상장주식수,등락률,KOSPI,KOSDAQ,NASDAQ,Dow Jones,S&P 500,Nikkei
14160,대영포장,83.0,1832.0,13.49,0.61,0.0,4.53056768558952,20240731,1120,111612,108394549,0.99,2745.989990234375,796.2000122070312,,,,38377.41015625
