종목코드,종목명,EPS,BPS,PER,PBR,배당수익률,ROE,날짜,종가,거래량,상장주식수,등락률,KOSPI,KOSDAQ,NASDAQ,Dow Jones,S&P 500,Nikkei
15230,대창단조,1310.0,10294.0,4.11,0.52,3.35,12.725859724111132,20240731,5380,15951,28572230,-1.1,2745.989990234375,796.2000122070312,,,,38377.41015625
