종목코드,종목명,EPS,BPS,PER,PBR,배당수익률,ROE,날짜,종가,거래량,상장주식수,등락률,KOSPI,KOSDAQ,NASDAQ,Dow Jones,S&P 500,Nikkei
16710,대성홀딩스,9558.0,26059.0,0.88,0.32,2.99,36.67830691891477,20240731,8370,6186,16089459,-0.12,2745.989990234375,796.2000122070312,,,,38377.41015625
