종목코드,종목명,EPS,BPS,PER,PBR,배당수익률,ROE,날짜,종가,거래량,상장주식수,등락률,KOSPI,KOSDAQ,NASDAQ,Dow Jones,S&P 500,Nikkei
117580,대성에너지,549.0,11752.0,16.72,0.78,2.72,4.671545268890402,20240731,9180,157444,27500000,1.1,2745.989990234375,796.2000122070312,,,,38377.41015625
