종목코드,종목명,EPS,BPS,PER,PBR,배당수익률,ROE,날짜,종가,거래량,상장주식수,등락률,KOSPI,KOSDAQ,NASDAQ,Dow Jones,S&P 500,Nikkei
3310,대주산업,287.0,2167.0,5.14,0.68,2.85,13.24411628980157,20240731,1474,14476,35392350,-0.2,2745.989990234375,796.2000122070312,,,,38377.41015625
