종목코드,종목명,EPS,BPS,PER,PBR,배당수익률,ROE,날짜,종가,거래량,상장주식수,등락률,KOSPI,KOSDAQ,NASDAQ,Dow Jones,S&P 500,Nikkei
3090,대웅,3692.0,22861.0,5.84,0.94,0.46,16.14977472551507,20240731,21500,42143,58141980,-1.6,2745.989990234375,796.2000122070312,,,,38377.41015625
