종목코드,종목명,EPS,BPS,PER,PBR,배당수익률,ROE,날짜,종가,거래량,상장주식수,등락률,KOSPI,KOSDAQ,NASDAQ,Dow Jones,S&P 500,Nikkei
1680,대상,1862.0,36679.0,13.16,0.67,3.27,5.076474276834156,20240731,24500,50732,34648025,2.94,2745.989990234375,796.2000122070312,,,,38377.41015625
