종목코드,종목명,EPS,BPS,PER,PBR,배당수익률,ROE,날짜,종가,거래량,상장주식수,등락률,KOSPI,KOSDAQ,NASDAQ,Dow Jones,S&P 500,Nikkei
3540,대신증권,2036.0,44804.0,8.25,0.37,7.15,4.544237121685564,20240731,16790,11061,50773400,0.54,2745.989990234375,796.2000122070312,,,,38377.41015625
