종목코드,종목명,EPS,BPS,PER,PBR,배당수익률,ROE,날짜,종가,거래량,상장주식수,등락률,KOSPI,KOSDAQ,NASDAQ,Dow Jones,S&P 500,Nikkei
104040,대성파인텍,,1618.0,,0.61,0.0,,20240731,980,38340,35925557,-1.21,2745.989990234375,796.2000122070312,,,,38377.41015625
