종목코드,종목명,EPS,BPS,PER,PBR,배당수익률,ROE,날짜,종가,거래량,상장주식수,등락률,KOSPI,KOSDAQ,NASDAQ,Dow Jones,S&P 500,Nikkei
1790,대한제당,354.0,5764.0,8.63,0.53,3.76,6.141568355308814,20240731,3045,78746,89696580,-0.16,2745.989990234375,796.2000122070312,,,,38377.41015625
