종목코드,종목명,EPS,BPS,PER,PBR,배당수익률,ROE,날짜,종가,거래량,상장주식수,등락률,KOSPI,KOSDAQ,NASDAQ,Dow Jones,S&P 500,Nikkei
131220,대한과학,543.0,5260.0,9.69,1.0,1.14,10.32319391634981,20240731,5260,2841,7454490,0.19,2745.989990234375,796.2000122070312,,,,38377.41015625
