종목코드,종목명,EPS,BPS,PER,PBR,배당수익률,ROE,날짜,종가,거래량,상장주식수,등락률,KOSPI,KOSDAQ,NASDAQ,Dow Jones,S&P 500,Nikkei
21040,대호특수강,,5802.0,,0.68,0.0,,20240731,3970,5513,10852387,0.76,2745.989990234375,796.2000122070312,,,,38377.41015625
