종목코드,종목명,EPS,BPS,PER,PBR,배당수익률,ROE,날짜,종가,거래량,상장주식수,등락률,KOSPI,KOSDAQ,NASDAQ,Dow Jones,S&P 500,Nikkei
1440,대한전선,519.0,6878.0,26.17,1.97,0.0,7.545798197150335,20240731,13570,562860,186447300,-0.07,2745.989990234375,796.2000122070312,,,,38377.41015625
