종목코드,종목명,EPS,BPS,PER,PBR,배당수익률,ROE,날짜,종가,거래량,상장주식수,등락률,KOSPI,KOSDAQ,NASDAQ,Dow Jones,S&P 500,Nikkei
3830,대한화섬,9283.0,638399.0,11.0,0.16,0.73,1.4541062877604758,20240731,102100,6,1328000,-0.39,2745.989990234375,796.2000122070312,,,,38377.41015625
