종목코드,종목명,EPS,BPS,PER,PBR,배당수익률,ROE,날짜,종가,거래량,상장주식수,등락률,KOSPI,KOSDAQ,NASDAQ,Dow Jones,S&P 500,Nikkei
6650,대한유화,,295460.0,,0.38,0.88,,20240731,113100,10361,6500000,-2.25,2745.989990234375,796.2000122070312,,,,38377.41015625
