종목코드,종목명,EPS,BPS,PER,PBR,배당수익률,ROE,날짜,종가,거래량,상장주식수,등락률,KOSPI,KOSDAQ,NASDAQ,Dow Jones,S&P 500,Nikkei
3490,대한항공,2866.0,25793.0,7.38,0.82,3.55,11.111541891210791,20240731,21100,143674,368220661,0.0,2745.989990234375,796.2000122070312,,,,38377.41015625
