종목코드,종목명,EPS,BPS,PER,PBR,배당수익률,ROE,날짜,종가,거래량,상장주식수,등락률,KOSPI,KOSDAQ,NASDAQ,Dow Jones,S&P 500,Nikkei
192080,더블유게임즈,7635.0,44663.0,6.08,1.04,2.15,17.09468687728097,20240731,46500,16582,21495906,1.64,2745.989990234375,796.2000122070312,,,,38377.41015625
