종목코드,종목명,EPS,BPS,PER,PBR,배당수익률,ROE,날짜,종가,거래량,상장주식수,등락률,KOSPI,KOSDAQ,NASDAQ,Dow Jones,S&P 500,Nikkei
4835,덕성우,,,,,0.44,,20240731,11400,18758,1392000,2.52,2745.989990234375,796.2000122070312,,,,38377.41015625
