종목코드,종목명,EPS,BPS,PER,PBR,배당수익률,ROE,날짜,종가,거래량,상장주식수,등락률,KOSPI,KOSDAQ,NASDAQ,Dow Jones,S&P 500,Nikkei
24900,덕양산업,383.0,2927.0,9.86,1.29,1.32,13.085070037581142,20240731,3775,37558,32564980,-1.44,2745.989990234375,796.2000122070312,,,,38377.41015625
