종목코드,종목명,EPS,BPS,PER,PBR,배당수익률,ROE,날짜,종가,거래량,상장주식수,등락률,KOSPI,KOSDAQ,NASDAQ,Dow Jones,S&P 500,Nikkei
194480,데브시스터즈,,12332.0,,4.0,0.0,,20240731,49350,35367,12013380,-2.08,2745.989990234375,796.2000122070312,,,,38377.41015625
