종목코드,종목명,EPS,BPS,PER,PBR,배당수익률,ROE,날짜,종가,거래량,상장주식수,등락률,KOSPI,KOSDAQ,NASDAQ,Dow Jones,S&P 500,Nikkei
263800,데이타솔루션,99.0,2069.0,49.29,2.36,0.0,4.784920251329145,20240731,4880,32016,16216380,1.88,2745.989990234375,796.2000122070312,,,,38377.41015625
