종목코드,종목명,EPS,BPS,PER,PBR,배당수익률,ROE,날짜,종가,거래량,상장주식수,등락률,KOSPI,KOSDAQ,NASDAQ,Dow Jones,S&P 500,Nikkei
145720,덴티움,11193.0,53874.0,8.35,1.74,0.43,20.776255707762555,20240731,93500,19933,11068830,-0.21,2745.989990234375,796.2000122070312,,,,38377.41015625
