종목코드,종목명,EPS,BPS,PER,PBR,배당수익률,ROE,날짜,종가,거래량,상장주식수,등락률,KOSPI,KOSDAQ,NASDAQ,Dow Jones,S&P 500,Nikkei
261200,덴티스,263.0,3644.0,32.32,2.33,0.0,7.217343578485182,20240731,8500,14289,15809700,-0.58,2745.989990234375,796.2000122070312,,,,38377.41015625
