종목코드,종목명,EPS,BPS,PER,PBR,배당수익률,ROE,날짜,종가,거래량,상장주식수,등락률,KOSPI,KOSDAQ,NASDAQ,Dow Jones,S&P 500,Nikkei
67990,도이치모터스,373.0,13627.0,12.68,0.35,7.82,2.7372128861818448,20240731,4725,14348,30181550,0.53,2745.989990234375,796.2000122070312,,,,38377.41015625
