종목코드,종목명,EPS,BPS,PER,PBR,배당수익률,ROE,날짜,종가,거래량,상장주식수,등락률,KOSPI,KOSDAQ,NASDAQ,Dow Jones,S&P 500,Nikkei
5160,동국산업,,7503.0,,0.75,2.3,,20240731,5640,287439,54244482,-5.05,2745.989990234375,796.2000122070312,,,,38377.41015625
