종목코드,종목명,EPS,BPS,PER,PBR,배당수익률,ROE,날짜,종가,거래량,상장주식수,등락률,KOSPI,KOSDAQ,NASDAQ,Dow Jones,S&P 500,Nikkei
460850,동국씨엠,339.0,32217.0,22.18,0.23,1.33,1.052239500884626,20240731,7520,82556,29898656,-2.59,2745.989990234375,796.2000122070312,,,,38377.41015625
