종목코드,종목명,EPS,BPS,PER,PBR,배당수익률,ROE,날짜,종가,거래량,상장주식수,등락률,KOSPI,KOSDAQ,NASDAQ,Dow Jones,S&P 500,Nikkei
75970,동국알앤에스,37.0,4237.0,80.81,0.71,2.68,0.8732593816379515,20240731,2990,31393,18400000,-0.17,2745.989990234375,796.2000122070312,,,,38377.41015625
