종목코드,종목명,EPS,BPS,PER,PBR,배당수익률,ROE,날짜,종가,거래량,상장주식수,등락률,KOSPI,KOSDAQ,NASDAQ,Dow Jones,S&P 500,Nikkei
6620,동구바이오제약,428.0,3999.0,17.45,1.87,1.61,10.702675668917228,20240731,7470,644146,28464992,-4.35,2745.989990234375,796.2000122070312,,,,38377.41015625
