종목코드,종목명,EPS,BPS,PER,PBR,배당수익률,ROE,날짜,종가,거래량,상장주식수,등락률,KOSPI,KOSDAQ,NASDAQ,Dow Jones,S&P 500,Nikkei
1230,동국홀딩스,4500.0,52450.0,1.84,0.16,7.26,8.57959961868446,20240731,8260,7196,31800483,-0.12,2745.989990234375,796.2000122070312,,,,38377.41015625
