종목코드,종목명,EPS,BPS,PER,PBR,배당수익률,ROE,날짜,종가,거래량,상장주식수,등락률,KOSPI,KOSDAQ,NASDAQ,Dow Jones,S&P 500,Nikkei
100130,동국S&C,,4087.0,,0.66,0.0,,20240731,2705,13015,57143000,-0.73,2745.989990234375,796.2000122070312,,,,38377.41015625
