종목코드,종목명,EPS,BPS,PER,PBR,배당수익률,ROE,날짜,종가,거래량,상장주식수,등락률,KOSPI,KOSDAQ,NASDAQ,Dow Jones,S&P 500,Nikkei
23450,동남합성,1706.0,14865.0,18.96,2.18,3.09,11.476622939791456,20240731,32350,412,3500000,0.47,2745.989990234375,796.2000122070312,,,,38377.41015625
