종목코드,종목명,EPS,BPS,PER,PBR,배당수익률,ROE,날짜,종가,거래량,상장주식수,등락률,KOSPI,KOSDAQ,NASDAQ,Dow Jones,S&P 500,Nikkei
7590,동방아그로,978.0,12845.0,6.42,0.49,4.78,7.613857532113663,20240731,6280,849,13617577,0.0,2745.989990234375,796.2000122070312,,,,38377.41015625
