종목코드,종목명,EPS,BPS,PER,PBR,배당수익률,ROE,날짜,종가,거래량,상장주식수,등락률,KOSPI,KOSDAQ,NASDAQ,Dow Jones,S&P 500,Nikkei
5960,동부건설,,25181.0,,0.2,6.05,,20240731,4960,21402,22946345,0.51,2745.989990234375,796.2000122070312,,,,38377.41015625
