종목코드,종목명,EPS,BPS,PER,PBR,배당수익률,ROE,날짜,종가,거래량,상장주식수,등락률,KOSPI,KOSDAQ,NASDAQ,Dow Jones,S&P 500,Nikkei
94170,동운아나텍,1452.0,3206.0,14.19,6.43,0.34,45.29008109794136,20240731,20650,3559741,18952781,9.26,2745.989990234375,796.2000122070312,,,,38377.41015625
