종목코드,종목명,EPS,BPS,PER,PBR,배당수익률,ROE,날짜,종가,거래량,상장주식수,등락률,KOSPI,KOSDAQ,NASDAQ,Dow Jones,S&P 500,Nikkei
1520,동양,95.0,4135.0,8.86,0.2,4.75,2.2974607013301087,20240731,843,325142,238684063,1.69,2745.989990234375,796.2000122070312,,,,38377.41015625
