종목코드,종목명,EPS,BPS,PER,PBR,배당수익률,ROE,날짜,종가,거래량,상장주식수,등락률,KOSPI,KOSDAQ,NASDAQ,Dow Jones,S&P 500,Nikkei
60380,동양에스텍,221.0,4146.0,9.04,0.48,2.5,5.330438977327544,20240731,1997,13601,19700000,0.25,2745.989990234375,796.2000122070312,,,,38377.41015625
