종목코드,종목명,EPS,BPS,PER,PBR,배당수익률,ROE,날짜,종가,거래량,상장주식수,등락률,KOSPI,KOSDAQ,NASDAQ,Dow Jones,S&P 500,Nikkei
111380,동인기연,4321.0,21533.0,4.58,0.92,2.83,20.06687410021827,20240731,19810,3912,6128000,-0.5,2745.989990234375,796.2000122070312,,,,38377.41015625
