종목코드,종목명,EPS,BPS,PER,PBR,배당수익률,ROE,날짜,종가,거래량,상장주식수,등락률,KOSPI,KOSDAQ,NASDAQ,Dow Jones,S&P 500,Nikkei
25950,동신건설,932.0,11512.0,22.48,1.82,0.72,8.095899930507297,20240731,20950,11884,8400000,1.45,2745.989990234375,796.2000122070312,,,,38377.41015625
