종목코드,종목명,EPS,BPS,PER,PBR,배당수익률,ROE,날짜,종가,거래량,상장주식수,등락률,KOSPI,KOSDAQ,NASDAQ,Dow Jones,S&P 500,Nikkei
170900,동아에스티,1286.0,76497.0,55.29,0.93,0.98,1.681111677582127,20240731,71100,11598,8835298,-1.25,2745.989990234375,796.2000122070312,,,,38377.41015625
