종목코드,종목명,EPS,BPS,PER,PBR,배당수익률,ROE,날짜,종가,거래량,상장주식수,등락률,KOSPI,KOSDAQ,NASDAQ,Dow Jones,S&P 500,Nikkei
32960,동일기연,592.0,17054.0,19.16,0.66,0.31,3.471326375043978,20240731,11340,1302,3986323,-1.22,2745.989990234375,796.2000122070312,,,,38377.41015625
