종목코드,종목명,EPS,BPS,PER,PBR,배당수익률,ROE,날짜,종가,거래량,상장주식수,등락률,KOSPI,KOSDAQ,NASDAQ,Dow Jones,S&P 500,Nikkei
4890,동일산업,,189318.0,,0.22,2.38,,20240731,42100,587,2425215,-0.71,2745.989990234375,796.2000122070312,,,,38377.41015625
