종목코드,종목명,EPS,BPS,PER,PBR,배당수익률,ROE,날짜,종가,거래량,상장주식수,등락률,KOSPI,KOSDAQ,NASDAQ,Dow Jones,S&P 500,Nikkei
228340,동양파일,258.0,6404.0,8.51,0.34,0.0,4.028732042473454,20240731,2195,9538,20000000,0.69,2745.989990234375,796.2000122070312,,,,38377.41015625
