종목코드,종목명,EPS,BPS,PER,PBR,배당수익률,ROE,날짜,종가,거래량,상장주식수,등락률,KOSPI,KOSDAQ,NASDAQ,Dow Jones,S&P 500,Nikkei
14820,동원시스템즈,2194.0,26401.0,19.69,1.64,1.39,8.310291276845575,20240731,43200,11801,28991282,-0.92,2745.989990234375,796.2000122070312,,,,38377.41015625
