종목코드,종목명,EPS,BPS,PER,PBR,배당수익률,ROE,날짜,종가,거래량,상장주식수,등락률,KOSPI,KOSDAQ,NASDAQ,Dow Jones,S&P 500,Nikkei
20,동화약품,991.0,13413.0,8.41,0.62,2.16,7.388354581376277,20240731,8330,43829,27931470,0.6,2745.989990234375,796.2000122070312,,,,38377.41015625
