종목코드,종목명,EPS,BPS,PER,PBR,배당수익률,ROE,날짜,종가,거래량,상장주식수,등락률,KOSPI,KOSDAQ,NASDAQ,Dow Jones,S&P 500,Nikkei
34020,두산에너빌리티,87.0,11113.0,217.24,1.7,0.0,0.7828669126248538,20240731,18910,8917811,640561146,1.89,2745.989990234375,796.2000122070312,,,,38377.41015625
