종목코드,종목명,EPS,BPS,PER,PBR,배당수익률,ROE,날짜,종가,거래량,상장주식수,등락률,KOSPI,KOSDAQ,NASDAQ,Dow Jones,S&P 500,Nikkei
131970,두산테스나,2853.0,20981.0,13.23,1.8,0.42,13.598017253705732,20240731,37700,66640,17006566,-1.82,2745.989990234375,796.2000122070312,,,,38377.41015625
