종목코드,종목명,EPS,BPS,PER,PBR,배당수익률,ROE,날짜,종가,거래량,상장주식수,등락률,KOSPI,KOSDAQ,NASDAQ,Dow Jones,S&P 500,Nikkei
454910,두산로보틱스,,6770.0,,10.56,0.0,,20240731,71600,156953,64819980,-0.28,2745.989990234375,796.2000122070312,,,,38377.41015625
