종목코드,종목명,EPS,BPS,PER,PBR,배당수익률,ROE,날짜,종가,거래량,상장주식수,등락률,KOSPI,KOSDAQ,NASDAQ,Dow Jones,S&P 500,Nikkei
241560,두산밥캣,9203.0,59457.0,4.41,0.68,3.94,15.478412970718333,20240731,40550,220967,100249166,0.12,2745.989990234375,796.2000122070312,,,,38377.41015625
