종목코드,종목명,EPS,BPS,PER,PBR,배당수익률,ROE,날짜,종가,거래량,상장주식수,등락률,KOSPI,KOSDAQ,NASDAQ,Dow Jones,S&P 500,Nikkei
192650,드림텍,227.0,6003.0,38.9,1.47,2.27,3.78144261202732,20240731,8850,200666,68872362,5.73,2745.989990234375,796.2000122070312,,,,38377.41015625
