종목코드,종목명,EPS,BPS,PER,PBR,배당수익률,ROE,날짜,종가,거래량,상장주식수,등락률,KOSPI,KOSDAQ,NASDAQ,Dow Jones,S&P 500,Nikkei
60570,드림어스컴퍼니,,2180.0,,1.08,0.0,,20240731,2360,56679,75621573,0.43,2745.989990234375,796.2000122070312,,,,38377.41015625
