종목코드,종목명,EPS,BPS,PER,PBR,배당수익률,ROE,날짜,종가,거래량,상장주식수,등락률,KOSPI,KOSDAQ,NASDAQ,Dow Jones,S&P 500,Nikkei
362990,드림인사이트,277.0,1568.0,8.25,1.46,0.0,17.66581632653061,20240731,2285,117764,16800574,-1.93,2745.989990234375,796.2000122070312,,,,38377.41015625
