종목코드,종목명,EPS,BPS,PER,PBR,배당수익률,ROE,날짜,종가,거래량,상장주식수,등락률,KOSPI,KOSDAQ,NASDAQ,Dow Jones,S&P 500,Nikkei
203650,드림시큐리티,444.0,2104.0,6.35,1.34,0.0,21.10266159695817,20240731,2820,19669,50605754,-0.53,2745.989990234375,796.2000122070312,,,,38377.41015625
