종목코드,종목명,EPS,BPS,PER,PBR,배당수익률,ROE,날짜,종가,거래량,상장주식수,등락률,KOSPI,KOSDAQ,NASDAQ,Dow Jones,S&P 500,Nikkei
187870,디바이스이엔지,1058.0,20419.0,14.04,0.73,0.67,5.181448650766443,20240731,14850,159,7036609,-0.34,2745.989990234375,796.2000122070312,,,,38377.41015625
