종목코드,종목명,EPS,BPS,PER,PBR,배당수익률,ROE,날짜,종가,거래량,상장주식수,등락률,KOSPI,KOSDAQ,NASDAQ,Dow Jones,S&P 500,Nikkei
214680,디알텍,,1091.0,,3.54,0.0,,20240731,3860,1114443,73727108,-0.26,2745.989990234375,796.2000122070312,,,,38377.41015625
