종목코드,종목명,EPS,BPS,PER,PBR,배당수익률,ROE,날짜,종가,거래량,상장주식수,등락률,KOSPI,KOSDAQ,NASDAQ,Dow Jones,S&P 500,Nikkei
376300,디어유,1104.0,7141.0,21.83,3.37,0.0,15.460019605097324,20240731,24100,10484,23738406,-1.03,2745.989990234375,796.2000122070312,,,,38377.41015625
