종목코드,종목명,EPS,BPS,PER,PBR,배당수익률,ROE,날짜,종가,거래량,상장주식수,등락률,KOSPI,KOSDAQ,NASDAQ,Dow Jones,S&P 500,Nikkei
109740,디에스케이,125.0,5146.0,49.12,1.19,0.0,2.4290711232024877,20240731,6140,9551,25710390,0.16,2745.989990234375,796.2000122070312,,,,38377.41015625
