종목코드,종목명,EPS,BPS,PER,PBR,배당수익률,ROE,날짜,종가,거래량,상장주식수,등락률,KOSPI,KOSDAQ,NASDAQ,Dow Jones,S&P 500,Nikkei
127120,디엔에이링크,,1406.0,,2.28,0.0,,20240731,3205,61289,19087196,0.63,2745.989990234375,796.2000122070312,,,,38377.41015625
