종목코드,종목명,EPS,BPS,PER,PBR,배당수익률,ROE,날짜,종가,거래량,상장주식수,등락률,KOSPI,KOSDAQ,NASDAQ,Dow Jones,S&P 500,Nikkei
66670,디티씨,233.0,10242.0,15.94,0.36,1.35,2.274946299550869,20240731,3715,6600,18691918,-1.33,2745.989990234375,796.2000122070312,,,,38377.41015625
