종목코드,종목명,EPS,BPS,PER,PBR,배당수익률,ROE,날짜,종가,거래량,상장주식수,등락률,KOSPI,KOSDAQ,NASDAQ,Dow Jones,S&P 500,Nikkei
443250,레뷰코퍼레이션,436.0,4931.0,22.43,1.98,0.0,8.842019874264855,20240731,9780,12756,11279386,-1.21,2745.989990234375,796.2000122070312,,,,38377.41015625
