종목코드,종목명,EPS,BPS,PER,PBR,배당수익률,ROE,날짜,종가,거래량,상장주식수,등락률,KOSPI,KOSDAQ,NASDAQ,Dow Jones,S&P 500,Nikkei
38390,레드캡투어,2005.0,24430.0,7.89,0.65,5.69,8.20712239050348,20240731,15820,323,8589480,0.19,2745.989990234375,796.2000122070312,,,,38377.41015625
