종목코드,종목명,EPS,BPS,PER,PBR,배당수익률,ROE,날짜,종가,거래량,상장주식수,등락률,KOSPI,KOSDAQ,NASDAQ,Dow Jones,S&P 500,Nikkei
281740,레이크머티리얼즈,367.0,1671.0,42.67,9.37,0.0,21.962896469180134,20240731,15650,94176,65730548,-2.43,2745.989990234375,796.2000122070312,,,,38377.41015625
