종목코드,종목명,EPS,BPS,PER,PBR,배당수익률,ROE,날짜,종가,거래량,상장주식수,등락률,KOSPI,KOSDAQ,NASDAQ,Dow Jones,S&P 500,Nikkei
67730,로지시스,53.0,1760.0,50.38,1.52,2.25,3.011363636363636,20240731,2665,15947,9673922,-0.56,2745.989990234375,796.2000122070312,,,,38377.41015625
