종목코드,종목명,EPS,BPS,PER,PBR,배당수익률,ROE,날짜,종가,거래량,상장주식수,등락률,KOSPI,KOSDAQ,NASDAQ,Dow Jones,S&P 500,Nikkei
71280,로체시스템즈,594.0,7484.0,21.87,1.74,0.38,7.936932121859967,20240731,12990,6211,15296603,0.08,2745.989990234375,796.2000122070312,,,,38377.41015625
