종목코드,종목명,EPS,BPS,PER,PBR,배당수익률,ROE,날짜,종가,거래량,상장주식수,등락률,KOSPI,KOSDAQ,NASDAQ,Dow Jones,S&P 500,Nikkei
20150,롯데에너지머티리얼즈,,31088.0,,1.21,0.53,,20240731,37700,66923,46110835,0.0,2745.989990234375,796.2000122070312,,,,38377.41015625
