종목코드,종목명,EPS,BPS,PER,PBR,배당수익률,ROE,날짜,종가,거래량,상장주식수,등락률,KOSPI,KOSDAQ,NASDAQ,Dow Jones,S&P 500,Nikkei
5300,롯데칠성,16499.0,145622.0,8.61,0.98,2.39,11.330018815838269,20240731,142000,56797,9278884,5.03,2745.989990234375,796.2000122070312,,,,38377.41015625
