종목코드,종목명,EPS,BPS,PER,PBR,배당수익률,ROE,날짜,종가,거래량,상장주식수,등락률,KOSPI,KOSDAQ,NASDAQ,Dow Jones,S&P 500,Nikkei
16100,리더스코스메틱,13.0,2409.0,234.62,1.27,0.0,0.5396430053964301,20240731,3050,9344,19100894,0.83,2745.989990234375,796.2000122070312,,,,38377.41015625
