종목코드,종목명,EPS,BPS,PER,PBR,배당수익률,ROE,날짜,종가,거래량,상장주식수,등락률,KOSPI,KOSDAQ,NASDAQ,Dow Jones,S&P 500,Nikkei
377450,리파인,1374.0,10147.0,8.3,1.12,0.0,13.540948063467036,20240731,11400,4280,17330000,-1.21,2745.989990234375,796.2000122070312,,,,38377.41015625
