종목코드,종목명,EPS,BPS,PER,PBR,배당수익률,ROE,날짜,종가,거래량,상장주식수,등락률,KOSPI,KOSDAQ,NASDAQ,Dow Jones,S&P 500,Nikkei
277070,린드먼아시아,285.0,4451.0,18.56,1.19,0.81,6.403055493147607,20240731,5290,3713,13692000,-0.19,2745.989990234375,796.2000122070312,,,,38377.41015625
