종목코드,종목명,EPS,BPS,PER,PBR,배당수익률,ROE,날짜,종가,거래량,상장주식수,등락률,KOSPI,KOSDAQ,NASDAQ,Dow Jones,S&P 500,Nikkei
219420,링크제니시스,111.0,3866.0,49.19,1.41,0.0,2.871184687015002,20240731,5450,6588,11469507,-0.91,2745.989990234375,796.2000122070312,,,,38377.41015625
