종목코드,종목명,EPS,BPS,PER,PBR,배당수익률,ROE,날짜,종가,거래량,상장주식수,등락률,KOSPI,KOSDAQ,NASDAQ,Dow Jones,S&P 500,Nikkei
439090,마녀공장,749.0,5925.0,34.85,4.41,0.0,12.641350210970463,20240731,26100,717505,16378260,4.82,2745.989990234375,796.2000122070312,,,,38377.41015625
