종목코드,종목명,EPS,BPS,PER,PBR,배당수익률,ROE,날짜,종가,거래량,상장주식수,등락률,KOSPI,KOSDAQ,NASDAQ,Dow Jones,S&P 500,Nikkei
195500,마니커에프앤지,130.0,4168.0,24.77,0.77,0.0,3.1190019193857963,20240731,3220,50990,15978000,-0.31,2745.989990234375,796.2000122070312,,,,38377.41015625
