종목코드,종목명,EPS,BPS,PER,PBR,배당수익률,ROE,날짜,종가,거래량,상장주식수,등락률,KOSPI,KOSDAQ,NASDAQ,Dow Jones,S&P 500,Nikkei
305090,마이크로디지탈,38.0,555.0,290.26,19.87,0.0,6.846846846846846,20240731,11030,108865,15803625,-1.78,2745.989990234375,796.2000122070312,,,,38377.41015625
