종목코드,종목명,EPS,BPS,PER,PBR,배당수익률,ROE,날짜,종가,거래량,상장주식수,등락률,KOSPI,KOSDAQ,NASDAQ,Dow Jones,S&P 500,Nikkei
1080,만호제강,3106.0,88854.0,15.18,0.53,0.0,3.4956220316474216,20240731,47150,0,4150000,0.0,2745.989990234375,796.2000122070312,,,,38377.41015625
