종목코드,종목명,EPS,BPS,PER,PBR,배당수익률,ROE,날짜,종가,거래량,상장주식수,등락률,KOSPI,KOSDAQ,NASDAQ,Dow Jones,S&P 500,Nikkei
5990,매일홀딩스,3970.0,30646.0,2.09,0.27,2.41,12.954382301115968,20240731,8290,357,13718304,0.24,2745.989990234375,796.2000122070312,,,,38377.41015625
