종목코드,종목명,EPS,BPS,PER,PBR,배당수익률,ROE,날짜,종가,거래량,상장주식수,등락률,KOSPI,KOSDAQ,NASDAQ,Dow Jones,S&P 500,Nikkei
267980,매일유업,7678.0,75136.0,5.46,0.56,2.86,10.218803236797276,20240731,41900,1797,7843638,0.84,2745.989990234375,796.2000122070312,,,,38377.41015625
