종목코드,종목명,EPS,BPS,PER,PBR,배당수익률,ROE,날짜,종가,거래량,상장주식수,등락률,KOSPI,KOSDAQ,NASDAQ,Dow Jones,S&P 500,Nikkei
138040,메리츠금융지주,11020.0,50457.0,7.68,1.68,2.79,21.840378936520207,20240731,84500,149230,190720114,2.18,2745.989990234375,796.2000122070312,,,,38377.41015625
