종목코드,종목명,EPS,BPS,PER,PBR,배당수익률,ROE,날짜,종가,거래량,상장주식수,등락률,KOSPI,KOSDAQ,NASDAQ,Dow Jones,S&P 500,Nikkei
14100,메디앙스,619.0,7700.0,4.42,0.36,0.0,8.03896103896104,20240731,2735,4897,11800000,1.3,2745.989990234375,796.2000122070312,,,,38377.41015625
