종목코드,종목명,EPS,BPS,PER,PBR,배당수익률,ROE,날짜,종가,거래량,상장주식수,등락률,KOSPI,KOSDAQ,NASDAQ,Dow Jones,S&P 500,Nikkei
54180,메디콕스,,1191.0,,0.55,0.0,,20240731,652,150489,58878283,1.88,2745.989990234375,796.2000122070312,,,,38377.41015625
