종목코드,종목명,EPS,BPS,PER,PBR,배당수익률,ROE,날짜,종가,거래량,상장주식수,등락률,KOSPI,KOSDAQ,NASDAQ,Dow Jones,S&P 500,Nikkei
86900,메디톡스,1311.0,65468.0,133.18,2.67,0.63,2.002505040630537,20240731,174500,62600,7298497,-3.0,2745.989990234375,796.2000122070312,,,,38377.41015625
