종목코드,종목명,EPS,BPS,PER,PBR,배당수익률,ROE,날짜,종가,거래량,상장주식수,등락률,KOSPI,KOSDAQ,NASDAQ,Dow Jones,S&P 500,Nikkei
9900,명신산업,2909.0,10199.0,4.5,1.28,0.76,28.52240415727032,20240731,13100,28420,52470133,-0.3,2745.989990234375,796.2000122070312,,,,38377.41015625
