종목코드,종목명,EPS,BPS,PER,PBR,배당수익률,ROE,날짜,종가,거래량,상장주식수,등락률,KOSPI,KOSDAQ,NASDAQ,Dow Jones,S&P 500,Nikkei
101330,모베이스,687.0,13907.0,5.25,0.26,1.94,4.939958294384123,20240731,3610,10643,23147029,0.42,2745.989990234375,796.2000122070312,,,,38377.41015625
