종목코드,종목명,EPS,BPS,PER,PBR,배당수익률,ROE,날짜,종가,거래량,상장주식수,등락률,KOSPI,KOSDAQ,NASDAQ,Dow Jones,S&P 500,Nikkei
70960,모나용평,208.0,8015.0,16.97,0.44,0.0,2.595134123518404,20240731,3530,77618,48133333,1.44,2745.989990234375,796.2000122070312,,,,38377.41015625
