종목코드,종목명,EPS,BPS,PER,PBR,배당수익률,ROE,날짜,종가,거래량,상장주식수,등락률,KOSPI,KOSDAQ,NASDAQ,Dow Jones,S&P 500,Nikkei
417970,모델솔루션,167.0,9618.0,64.61,1.12,0.37,1.7363277188604702,20240731,10790,5960,6396700,-1.46,2745.989990234375,796.2000122070312,,,,38377.41015625
