종목코드,종목명,EPS,BPS,PER,PBR,배당수익률,ROE,날짜,종가,거래량,상장주식수,등락률,KOSPI,KOSDAQ,NASDAQ,Dow Jones,S&P 500,Nikkei
12690,모나리자,250.0,2223.0,12.22,1.37,4.91,11.246063877642824,20240731,3050,31845,36571255,0.66,2745.989990234375,796.2000122070312,,,,38377.41015625
