종목코드,종목명,EPS,BPS,PER,PBR,배당수익률,ROE,날짜,종가,거래량,상장주식수,등락률,KOSPI,KOSDAQ,NASDAQ,Dow Jones,S&P 500,Nikkei
118990,모트렉스,1330.0,8377.0,8.47,1.35,0.0,15.876805538975766,20240731,11280,49200,24861990,-2.17,2745.989990234375,796.2000122070312,,,,38377.41015625
