종목코드,종목명,EPS,BPS,PER,PBR,배당수익률,ROE,날짜,종가,거래량,상장주식수,등락률,KOSPI,KOSDAQ,NASDAQ,Dow Jones,S&P 500,Nikkei
1810,무림SP,,8956.0,,0.19,0.59,,20240731,1698,2820,22137500,0.95,2745.989990234375,796.2000122070312,,,,38377.41015625
