종목코드,종목명,EPS,BPS,PER,PBR,배당수익률,ROE,날짜,종가,거래량,상장주식수,등락률,KOSPI,KOSDAQ,NASDAQ,Dow Jones,S&P 500,Nikkei
254490,미래반도체,355.0,5554.0,35.24,2.25,0.0,6.391789701116313,20240731,12510,17677,14438000,2.46,2745.989990234375,796.2000122070312,,,,38377.41015625
