종목코드,종목명,EPS,BPS,PER,PBR,배당수익률,ROE,날짜,종가,거래량,상장주식수,등락률,KOSPI,KOSDAQ,NASDAQ,Dow Jones,S&P 500,Nikkei
6800,미래에셋증권,531.0,18281.0,14.5,0.42,1.95,2.904655106394617,20240731,7680,141033,595316408,0.79,2745.989990234375,796.2000122070312,,,,38377.41015625
