종목코드,종목명,EPS,BPS,PER,PBR,배당수익률,ROE,날짜,종가,거래량,상장주식수,등락률,KOSPI,KOSDAQ,NASDAQ,Dow Jones,S&P 500,Nikkei
00680K,미래에셋증권2우B,,,,,3.94,,20240731,3810,101343,140000000,1.06,2745.989990234375,796.2000122070312,,,,38377.41015625
