종목코드,종목명,EPS,BPS,PER,PBR,배당수익률,ROE,날짜,종가,거래량,상장주식수,등락률,KOSPI,KOSDAQ,NASDAQ,Dow Jones,S&P 500,Nikkei
134380,미원화학,10763.0,72153.0,7.49,1.12,4.34,14.916912671683782,20240731,80600,10,2199268,-0.25,2745.989990234375,796.2000122070312,,,,38377.41015625
