종목코드,종목명,EPS,BPS,PER,PBR,배당수익률,ROE,날짜,종가,거래량,상장주식수,등락률,KOSPI,KOSDAQ,NASDAQ,Dow Jones,S&P 500,Nikkei
107590,미원홀딩스,5708.0,100783.0,14.56,0.82,0.84,5.6636535923717295,20240731,83100,1,2320000,0.24,2745.989990234375,796.2000122070312,,,,38377.41015625
