종목코드,종목명,EPS,BPS,PER,PBR,배당수익률,ROE,날짜,종가,거래량,상장주식수,등락률,KOSPI,KOSDAQ,NASDAQ,Dow Jones,S&P 500,Nikkei
268280,미원에스씨,3758.0,75776.0,37.81,1.88,1.48,4.959353885135135,20240731,142100,96,5000000,0.07,2745.989990234375,796.2000122070312,,,,38377.41015625
