종목코드,종목명,EPS,BPS,PER,PBR,배당수익률,ROE,날짜,종가,거래량,상장주식수,등락률,KOSPI,KOSDAQ,NASDAQ,Dow Jones,S&P 500,Nikkei
201490,미투온,249.0,4191.0,9.6,0.57,0.0,5.941302791696493,20240731,2390,32824,31257770,-0.83,2745.989990234375,796.2000122070312,,,,38377.41015625
