종목코드,종목명,EPS,BPS,PER,PBR,배당수익률,ROE,날짜,종가,거래량,상장주식수,등락률,KOSPI,KOSDAQ,NASDAQ,Dow Jones,S&P 500,Nikkei
418470,밀리의서재,2060.0,6881.0,8.16,2.44,0.0,29.93750908298212,20240731,16800,97978,8499289,2.69,2745.989990234375,796.2000122070312,,,,38377.41015625
