종목코드,종목명,EPS,BPS,PER,PBR,배당수익률,ROE,날짜,종가,거래량,상장주식수,등락률,KOSPI,KOSDAQ,NASDAQ,Dow Jones,S&P 500,Nikkei
53030,바이넥스,151.0,5863.0,138.74,3.57,0.0,2.575473307180624,20240731,20950,986460,31761048,-3.01,2745.989990234375,796.2000122070312,,,,38377.41015625
