종목코드,종목명,EPS,BPS,PER,PBR,배당수익률,ROE,날짜,종가,거래량,상장주식수,등락률,KOSPI,KOSDAQ,NASDAQ,Dow Jones,S&P 500,Nikkei
99430,바이오플러스,445.0,2132.0,13.19,2.75,1.19,20.872420262664164,20240731,5870,221794,57930864,-3.29,2745.989990234375,796.2000122070312,,,,38377.41015625
