종목코드,종목명,EPS,BPS,PER,PBR,배당수익률,ROE,날짜,종가,거래량,상장주식수,등락률,KOSPI,KOSDAQ,NASDAQ,Dow Jones,S&P 500,Nikkei
199730,바이오인프라,426.0,7082.0,20.63,1.24,6.83,6.015249929398475,20240731,8790,1450,4864367,-0.9,2745.989990234375,796.2000122070312,,,,38377.41015625
