종목코드,종목명,EPS,BPS,PER,PBR,배당수익률,ROE,날짜,종가,거래량,상장주식수,등락률,KOSPI,KOSDAQ,NASDAQ,Dow Jones,S&P 500,Nikkei
43150,바텍,3483.0,26837.0,7.35,0.95,0.39,12.97835078436487,20240731,25600,9725,14854256,-1.54,2745.989990234375,796.2000122070312,,,,38377.41015625
