종목코드,종목명,EPS,BPS,PER,PBR,배당수익률,ROE,날짜,종가,거래량,상장주식수,등락률,KOSPI,KOSDAQ,NASDAQ,Dow Jones,S&P 500,Nikkei
3610,방림,,5301.0,,0.48,1.48,,20240731,2565,10980,42314090,0.2,2745.989990234375,796.2000122070312,,,,38377.41015625
