종목코드,종목명,EPS,BPS,PER,PBR,배당수익률,ROE,날짜,종가,거래량,상장주식수,등락률,KOSPI,KOSDAQ,NASDAQ,Dow Jones,S&P 500,Nikkei
267790,배럴,865.0,4295.0,6.39,1.29,0.9,20.13969732246799,20240731,5530,1776,7888500,-1.07,2745.989990234375,796.2000122070312,,,,38377.41015625
