종목코드,종목명,EPS,BPS,PER,PBR,배당수익률,ROE,날짜,종가,거래량,상장주식수,등락률,KOSPI,KOSDAQ,NASDAQ,Dow Jones,S&P 500,Nikkei
1340,백광산업,175.0,4839.0,55.2,2.0,0.62,3.6164496796858856,20240731,9640,1451505,44918407,-0.62,2745.989990234375,796.2000122070312,,,,38377.41015625
