종목코드,종목명,EPS,BPS,PER,PBR,배당수익률,ROE,날짜,종가,거래량,상장주식수,등락률,KOSPI,KOSDAQ,NASDAQ,Dow Jones,S&P 500,Nikkei
35150,백산,1805.0,9159.0,7.51,1.48,2.21,19.70739163664156,20240731,13560,16166,22060000,-1.38,2745.989990234375,796.2000122070312,,,,38377.41015625
