종목코드,종목명,EPS,BPS,PER,PBR,배당수익률,ROE,날짜,종가,거래량,상장주식수,등락률,KOSPI,KOSDAQ,NASDAQ,Dow Jones,S&P 500,Nikkei
331520,밸로프,18.0,575.0,41.94,1.31,0.0,3.130434782608696,20240731,755,12866,50864390,-1.05,2745.989990234375,796.2000122070312,,,,38377.41015625
