종목코드,종목명,EPS,BPS,PER,PBR,배당수익률,ROE,날짜,종가,거래량,상장주식수,등락률,KOSPI,KOSDAQ,NASDAQ,Dow Jones,S&P 500,Nikkei
424760,벨로크,,1329.0,,1.01,0.0,,20240731,1344,7719,19665002,-0.88,2745.989990234375,796.2000122070312,,,,38377.41015625
