종목코드,종목명,EPS,BPS,PER,PBR,배당수익률,ROE,날짜,종가,거래량,상장주식수,등락률,KOSPI,KOSDAQ,NASDAQ,Dow Jones,S&P 500,Nikkei
250000,보라티알,1444.0,12811.0,7.53,0.85,2.3,11.271563500117086,20240731,10870,20171,6750733,0.74,2745.989990234375,796.2000122070312,,,,38377.41015625
