종목코드,종목명,EPS,BPS,PER,PBR,배당수익률,ROE,날짜,종가,거래량,상장주식수,등락률,KOSPI,KOSDAQ,NASDAQ,Dow Jones,S&P 500,Nikkei
3850,보령,610.0,8331.0,17.25,1.26,0.95,7.322050174048734,20240731,10520,58829,68690000,-1.96,2745.989990234375,796.2000122070312,,,,38377.41015625
