종목코드,종목명,EPS,BPS,PER,PBR,배당수익률,ROE,날짜,종가,거래량,상장주식수,등락률,KOSPI,KOSDAQ,NASDAQ,Dow Jones,S&P 500,Nikkei
2760,보락,14.0,814.0,83.07,1.43,0.43,1.71990171990172,20240731,1163,22913,59900000,-0.09,2745.989990234375,796.2000122070312,,,,38377.41015625
