종목코드,종목명,EPS,BPS,PER,PBR,배당수익률,ROE,날짜,종가,거래량,상장주식수,등락률,KOSPI,KOSDAQ,NASDAQ,Dow Jones,S&P 500,Nikkei
310210,보로노이,,4786.0,,16.17,0.0,,20240731,77500,102007,18093830,0.0,2745.989990234375,796.2000122070312,,,,38377.41015625
