종목코드,종목명,EPS,BPS,PER,PBR,배당수익률,ROE,날짜,종가,거래량,상장주식수,등락률,KOSPI,KOSDAQ,NASDAQ,Dow Jones,S&P 500,Nikkei
1270,부국증권,6420.0,85122.0,3.91,0.29,5.98,7.542116021710016,20240731,25100,75,10369886,0.8,2745.989990234375,796.2000122070312,,,,38377.41015625
