종목코드,종목명,EPS,BPS,PER,PBR,배당수익률,ROE,날짜,종가,거래량,상장주식수,등락률,KOSPI,KOSDAQ,NASDAQ,Dow Jones,S&P 500,Nikkei
8470,부스타,179.0,9572.0,21.65,0.4,1.55,1.870037609694944,20240731,3875,286,8404800,0.0,2745.989990234375,796.2000122070312,,,,38377.41015625
