종목코드,종목명,EPS,BPS,PER,PBR,배당수익률,ROE,날짜,종가,거래량,상장주식수,등락률,KOSPI,KOSDAQ,NASDAQ,Dow Jones,S&P 500,Nikkei
99390,브레인즈컴퍼니,620.0,5909.0,10.66,1.12,0.91,10.49246911490946,20240731,6630,2834,8208283,-0.45,2745.989990234375,796.2000122070312,,,,38377.41015625
