종목코드,종목명,EPS,BPS,PER,PBR,배당수익률,ROE,날짜,종가,거래량,상장주식수,등락률,KOSPI,KOSDAQ,NASDAQ,Dow Jones,S&P 500,Nikkei
18290,브이티,799.0,3297.0,44.99,10.9,0.0,24.23415225962997,20240731,36000,798333,35798007,-1.91,2745.989990234375,796.2000122070312,,,,38377.41015625
