종목코드,종목명,EPS,BPS,PER,PBR,배당수익률,ROE,날짜,종가,거래량,상장주식수,등락률,KOSPI,KOSDAQ,NASDAQ,Dow Jones,S&P 500,Nikkei
251630,브이원텍,201.0,7775.0,29.35,0.76,1.69,2.585209003215434,20240731,5900,11474,15942886,0.17,2745.989990234375,796.2000122070312,,,,38377.41015625
