종목코드,종목명,EPS,BPS,PER,PBR,배당수익률,ROE,날짜,종가,거래량,상장주식수,등락률,KOSPI,KOSDAQ,NASDAQ,Dow Jones,S&P 500,Nikkei
33560,블루콤,,9228.0,,0.37,0.0,,20240731,3440,2118858,17100000,13.91,2745.989990234375,796.2000122070312,,,,38377.41015625
