종목코드,종목명,EPS,BPS,PER,PBR,배당수익률,ROE,날짜,종가,거래량,상장주식수,등락률,KOSPI,KOSDAQ,NASDAQ,Dow Jones,S&P 500,Nikkei
126340,비나텍,336.0,10881.0,123.51,3.81,0.0,3.087951475048249,20240731,41500,3192,6085118,1.22,2745.989990234375,796.2000122070312,,,,38377.41015625
