종목코드,종목명,EPS,BPS,PER,PBR,배당수익률,ROE,날짜,종가,거래량,상장주식수,등락률,KOSPI,KOSDAQ,NASDAQ,Dow Jones,S&P 500,Nikkei
83650,비에이치아이,267.0,2377.0,34.01,3.82,0.0,11.232646192679848,20240731,9080,458366,30944375,3.3,2745.989990234375,796.2000122070312,,,,38377.41015625
