종목코드,종목명,EPS,BPS,PER,PBR,배당수익률,ROE,날짜,종가,거래량,상장주식수,등락률,KOSPI,KOSDAQ,NASDAQ,Dow Jones,S&P 500,Nikkei
335890,비올,370.0,991.0,27.46,10.25,0.18,37.33602421796166,20240731,10150,224364,58419125,-0.39,2745.989990234375,796.2000122070312,,,,38377.41015625
