종목코드,종목명,EPS,BPS,PER,PBR,배당수익률,ROE,날짜,종가,거래량,상장주식수,등락률,KOSPI,KOSDAQ,NASDAQ,Dow Jones,S&P 500,Nikkei
138580,비즈니스온,462.0,3156.0,29.68,4.34,0.0,14.638783269961978,20240731,13710,25117,22556163,0.51,2745.989990234375,796.2000122070312,,,,38377.41015625
