종목코드,종목명,EPS,BPS,PER,PBR,배당수익률,ROE,날짜,종가,거래량,상장주식수,등락률,KOSPI,KOSDAQ,NASDAQ,Dow Jones,S&P 500,Nikkei
141000,비아트론,145.0,14987.0,51.93,0.5,0.0,0.9675051711483286,20240731,7530,6841,12114710,-1.57,2745.989990234375,796.2000122070312,,,,38377.41015625
