종목코드,종목명,EPS,BPS,PER,PBR,배당수익률,ROE,날짜,종가,거래량,상장주식수,등락률,KOSPI,KOSDAQ,NASDAQ,Dow Jones,S&P 500,Nikkei
146320,비씨엔씨,101.0,5886.0,148.22,2.54,0.0,1.7159361196058445,20240731,14970,28457,12792923,-2.09,2745.989990234375,796.2000122070312,,,,38377.41015625
