종목코드,종목명,EPS,BPS,PER,PBR,배당수익률,ROE,날짜,종가,거래량,상장주식수,등락률,KOSPI,KOSDAQ,NASDAQ,Dow Jones,S&P 500,Nikkei
307870,비투엔,,417.0,,8.88,0.0,,20240731,3700,510985,44108920,5.41,2745.989990234375,796.2000122070312,,,,38377.41015625
