종목코드,종목명,EPS,BPS,PER,PBR,배당수익률,ROE,날짜,종가,거래량,상장주식수,등락률,KOSPI,KOSDAQ,NASDAQ,Dow Jones,S&P 500,Nikkei
32850,비트컴퓨터,338.0,4041.0,16.57,1.39,1.11,8.364266270725068,20240731,5600,24009,16623293,0.36,2745.989990234375,796.2000122070312,,,,38377.41015625
