종목코드,종목명,EPS,BPS,PER,PBR,배당수익률,ROE,날짜,종가,거래량,상장주식수,등락률,KOSPI,KOSDAQ,NASDAQ,Dow Jones,S&P 500,Nikkei
93190,빅솔론,688.0,11281.0,6.72,0.41,4.32,6.09875011080578,20240731,4625,44213,19238905,1.87,2745.989990234375,796.2000122070312,,,,38377.41015625
