종목코드,종목명,EPS,BPS,PER,PBR,배당수익률,ROE,날짜,종가,거래량,상장주식수,등락률,KOSPI,KOSDAQ,NASDAQ,Dow Jones,S&P 500,Nikkei
5180,빙그레,9751.0,72564.0,8.99,1.21,2.96,13.437792844936885,20240731,87600,48248,9851241,2.7,2745.989990234375,796.2000122070312,,,,38377.41015625
