종목코드,종목명,EPS,BPS,PER,PBR,배당수익률,ROE,날짜,종가,거래량,상장주식수,등락률,KOSPI,KOSDAQ,NASDAQ,Dow Jones,S&P 500,Nikkei
143240,사람인,1740.0,16087.0,10.3,1.11,2.79,10.816186983278424,20240731,17930,1586,11709263,-0.77,2745.989990234375,796.2000122070312,,,,38377.41015625
