종목코드,종목명,EPS,BPS,PER,PBR,배당수익률,ROE,날짜,종가,거래량,상장주식수,등락률,KOSPI,KOSDAQ,NASDAQ,Dow Jones,S&P 500,Nikkei
62040,산일전기,1761.0,5258.0,28.79,9.64,0.37,33.49182198554583,20240731,51000,1395437,30445200,-8.11,2745.989990234375,796.2000122070312,,,,38377.41015625
