종목코드,종목명,EPS,BPS,PER,PBR,배당수익률,ROE,날짜,종가,거래량,상장주식수,등락률,KOSPI,KOSDAQ,NASDAQ,Dow Jones,S&P 500,Nikkei
53700,삼보모터스,1436.0,14431.0,3.29,0.33,1.06,9.95080036033539,20240731,4720,13500,22877190,-0.74,2745.989990234375,796.2000122070312,,,,38377.41015625
