종목코드,종목명,EPS,BPS,PER,PBR,배당수익률,ROE,날짜,종가,거래량,상장주식수,등락률,KOSPI,KOSDAQ,NASDAQ,Dow Jones,S&P 500,Nikkei
14970,삼륭물산,135.0,4008.0,30.44,1.03,1.82,3.3682634730538923,20240731,4110,548,15125000,0.49,2745.989990234375,796.2000122070312,,,,38377.41015625
