종목코드,종목명,EPS,BPS,PER,PBR,배당수익률,ROE,날짜,종가,거래량,상장주식수,등락률,KOSPI,KOSDAQ,NASDAQ,Dow Jones,S&P 500,Nikkei
23600,삼보판지,3355.0,34747.0,2.86,0.28,3.23,9.655509828186606,20240731,9590,5198,16170000,-0.83,2745.989990234375,796.2000122070312,,,,38377.41015625
