종목코드,종목명,EPS,BPS,PER,PBR,배당수익률,ROE,날짜,종가,거래량,상장주식수,등락률,KOSPI,KOSDAQ,NASDAQ,Dow Jones,S&P 500,Nikkei
145990,삼양사,10647.0,149069.0,4.63,0.33,3.55,7.142330061917636,20240731,49300,6082,10313449,1.23,2745.989990234375,796.2000122070312,,,,38377.41015625
