종목코드,종목명,EPS,BPS,PER,PBR,배당수익률,ROE,날짜,종가,거래량,상장주식수,등락률,KOSPI,KOSDAQ,NASDAQ,Dow Jones,S&P 500,Nikkei
16360,삼성증권,6130.0,74162.0,7.31,0.6,4.91,8.26568862759904,20240731,44750,94347,89300000,0.79,2745.989990234375,796.2000122070312,,,,38377.41015625
