종목코드,종목명,EPS,BPS,PER,PBR,배당수익률,ROE,날짜,종가,거래량,상장주식수,등락률,KOSPI,KOSDAQ,NASDAQ,Dow Jones,S&P 500,Nikkei
24950,삼천리자전거,430.0,7621.0,10.77,0.61,0.0,5.642304159559113,20240731,4630,4615,13273577,0.11,2745.989990234375,796.2000122070312,,,,38377.41015625
