종목코드,종목명,EPS,BPS,PER,PBR,배당수익률,ROE,날짜,종가,거래량,상장주식수,등락률,KOSPI,KOSDAQ,NASDAQ,Dow Jones,S&P 500,Nikkei
6660,삼성공조,1736.0,34240.0,7.71,0.39,0.45,5.0700934579439245,20240731,13390,64458,8126314,-0.07,2745.989990234375,796.2000122070312,,,,38377.41015625
