종목코드,종목명,EPS,BPS,PER,PBR,배당수익률,ROE,날짜,종가,거래량,상장주식수,등락률,KOSPI,KOSDAQ,NASDAQ,Dow Jones,S&P 500,Nikkei
2810,삼영무역,2840.0,28483.0,4.55,0.45,4.64,9.970859811115403,20240731,12920,1971,18466948,0.08,2745.989990234375,796.2000122070312,,,,38377.41015625
