종목코드,종목명,EPS,BPS,PER,PBR,배당수익률,ROE,날짜,종가,거래량,상장주식수,등락률,KOSPI,KOSDAQ,NASDAQ,Dow Jones,S&P 500,Nikkei
6110,삼아알미늄,235.0,17332.0,217.02,2.94,0.2,1.3558735287329795,20240731,51000,37709,14711916,-2.86,2745.989990234375,796.2000122070312,,,,38377.41015625
