종목코드,종목명,EPS,BPS,PER,PBR,배당수익률,ROE,날짜,종가,거래량,상장주식수,등락률,KOSPI,KOSDAQ,NASDAQ,Dow Jones,S&P 500,Nikkei
2290,삼일기업공사,310.0,5262.0,10.19,0.6,5.54,5.89129608513873,20240731,3160,15035,12400000,-0.16,2745.989990234375,796.2000122070312,,,,38377.41015625
