종목코드,종목명,EPS,BPS,PER,PBR,배당수익률,ROE,날짜,종가,거래량,상장주식수,등락률,KOSPI,KOSDAQ,NASDAQ,Dow Jones,S&P 500,Nikkei
4380,삼익THK,48.0,9792.0,223.33,1.09,0.93,0.4901960784313725,20240731,10720,11960,21000000,0.19,2745.989990234375,796.2000122070312,,,,38377.41015625
