종목코드,종목명,EPS,BPS,PER,PBR,배당수익률,ROE,날짜,종가,거래량,상장주식수,등락률,KOSPI,KOSDAQ,NASDAQ,Dow Jones,S&P 500,Nikkei
5500,삼진제약,1460.0,20772.0,13.13,0.92,4.17,7.028692470633545,20240731,19170,3153,13900000,-0.05,2745.989990234375,796.2000122070312,,,,38377.41015625
