종목코드,종목명,EPS,BPS,PER,PBR,배당수익률,ROE,날짜,종가,거래량,상장주식수,등락률,KOSPI,KOSDAQ,NASDAQ,Dow Jones,S&P 500,Nikkei
32830,삼성생명,10554.0,236324.0,9.34,0.42,3.75,4.465902743690865,20240731,98500,165296,200000000,3.58,2745.989990234375,796.2000122070312,,,,38377.41015625
