종목코드,종목명,EPS,BPS,PER,PBR,배당수익률,ROE,날짜,종가,거래량,상장주식수,등락률,KOSPI,KOSDAQ,NASDAQ,Dow Jones,S&P 500,Nikkei
38500,삼표시멘트,315.0,6575.0,12.06,0.58,2.63,4.790874524714829,20240731,3810,32513578,107916306,12.72,2745.989990234375,796.2000122070312,,,,38377.41015625
