종목코드,종목명,EPS,BPS,PER,PBR,배당수익률,ROE,날짜,종가,거래량,상장주식수,등락률,KOSPI,KOSDAQ,NASDAQ,Dow Jones,S&P 500,Nikkei
1820,삼화콘덴서,2028.0,23733.0,20.88,1.78,1.18,8.545063835166223,20240731,42350,28962,10395000,2.05,2745.989990234375,796.2000122070312,,,,38377.41015625
