종목코드,종목명,EPS,BPS,PER,PBR,배당수익률,ROE,날짜,종가,거래량,상장주식수,등락률,KOSPI,KOSDAQ,NASDAQ,Dow Jones,S&P 500,Nikkei
17480,삼현철강,674.0,12596.0,7.21,0.39,6.17,5.350905049221975,20240731,4860,7757,15702890,-0.82,2745.989990234375,796.2000122070312,,,,38377.41015625
