종목코드,종목명,EPS,BPS,PER,PBR,배당수익률,ROE,날짜,종가,거래량,상장주식수,등락률,KOSPI,KOSDAQ,NASDAQ,Dow Jones,S&P 500,Nikkei
263810,상신전자,157.0,3048.0,21.97,1.13,0.0,5.150918635170604,20240731,3450,4475,14244718,-2.13,2745.989990234375,796.2000122070312,,,,38377.41015625
