종목코드,종목명,EPS,BPS,PER,PBR,배당수익률,ROE,날짜,종가,거래량,상장주식수,등락률,KOSPI,KOSDAQ,NASDAQ,Dow Jones,S&P 500,Nikkei
41650,상신브레이크,726.0,10590.0,5.07,0.35,2.99,6.855524079320113,20240731,3680,17339,21471450,0.27,2745.989990234375,796.2000122070312,,,,38377.41015625
