종목코드,종목명,EPS,BPS,PER,PBR,배당수익률,ROE,날짜,종가,거래량,상장주식수,등락률,KOSPI,KOSDAQ,NASDAQ,Dow Jones,S&P 500,Nikkei
1290,상상인증권,5.0,2203.0,122.6,0.28,0.0,0.226963231956423,20240731,613,19864,108337120,-1.45,2745.989990234375,796.2000122070312,,,,38377.41015625
