종목코드,종목명,EPS,BPS,PER,PBR,배당수익률,ROE,날짜,종가,거래량,상장주식수,등락률,KOSPI,KOSDAQ,NASDAQ,Dow Jones,S&P 500,Nikkei
75180,새론오토모티브,173.0,11995.0,22.11,0.32,3.66,1.4422676115047937,20240731,3825,23,19200000,-0.78,2745.989990234375,796.2000122070312,,,,38377.41015625
