종목코드,종목명,EPS,BPS,PER,PBR,배당수익률,ROE,날짜,종가,거래량,상장주식수,등락률,KOSPI,KOSDAQ,NASDAQ,Dow Jones,S&P 500,Nikkei
252990,샘씨엔에스,,2093.0,,3.04,0.0,,20240731,6360,492341,58388063,5.12,2745.989990234375,796.2000122070312,,,,38377.41015625
