종목코드,종목명,EPS,BPS,PER,PBR,배당수익률,ROE,날짜,종가,거래량,상장주식수,등락률,KOSPI,KOSDAQ,NASDAQ,Dow Jones,S&P 500,Nikkei
38070,서린바이오,,9710.0,,0.84,1.23,,20240731,8120,5436,8900676,-1.58,2745.989990234375,796.2000122070312,,,,38377.41015625
