종목코드,종목명,EPS,BPS,PER,PBR,배당수익률,ROE,날짜,종가,거래량,상장주식수,등락률,KOSPI,KOSDAQ,NASDAQ,Dow Jones,S&P 500,Nikkei
46890,서울반도체,,12013.0,,0.76,1.49,,20240731,9120,28573,58305400,-0.33,2745.989990234375,796.2000122070312,,,,38377.41015625
