종목코드,종목명,EPS,BPS,PER,PBR,배당수익률,ROE,날짜,종가,거래량,상장주식수,등락률,KOSPI,KOSDAQ,NASDAQ,Dow Jones,S&P 500,Nikkei
79650,서산,78.0,3524.0,16.27,0.36,0.0,2.213393870601589,20240731,1269,3342,20000000,0.95,2745.989990234375,796.2000122070312,,,,38377.41015625
