종목코드,종목명,EPS,BPS,PER,PBR,배당수익률,ROE,날짜,종가,거래량,상장주식수,등락률,KOSPI,KOSDAQ,NASDAQ,Dow Jones,S&P 500,Nikkei
7860,서연,5174.0,29621.0,1.56,0.27,1.86,17.467337362006685,20240731,8050,35501,23479844,-1.47,2745.989990234375,796.2000122070312,,,,38377.41015625
