종목코드,종목명,EPS,BPS,PER,PBR,배당수익률,ROE,날짜,종가,거래량,상장주식수,등락률,KOSPI,KOSDAQ,NASDAQ,Dow Jones,S&P 500,Nikkei
100660,서암기계공업,153.0,5214.0,31.8,0.93,0.72,2.934407364787112,20240731,4890,73777,12600000,-0.71,2745.989990234375,796.2000122070312,,,,38377.41015625
