종목코드,종목명,EPS,BPS,PER,PBR,배당수익률,ROE,날짜,종가,거래량,상장주식수,등락률,KOSPI,KOSDAQ,NASDAQ,Dow Jones,S&P 500,Nikkei
140070,서플러스글로벌,166.0,5402.0,18.61,0.57,0.97,3.0729359496482784,20240731,3090,6738,36988000,1.81,2745.989990234375,796.2000122070312,,,,38377.41015625
