종목코드,종목명,EPS,BPS,PER,PBR,배당수익률,ROE,날짜,종가,거래량,상장주식수,등락률,KOSPI,KOSDAQ,NASDAQ,Dow Jones,S&P 500,Nikkei
136490,선진,585.0,18088.0,11.57,0.37,1.48,3.234188412206988,20240731,6780,4449,23779604,0.15,2745.989990234375,796.2000122070312,,,,38377.41015625
