종목코드,종목명,EPS,BPS,PER,PBR,배당수익률,ROE,날짜,종가,거래량,상장주식수,등락률,KOSPI,KOSDAQ,NASDAQ,Dow Jones,S&P 500,Nikkei
86710,선진뷰티사이언스,467.0,5817.0,29.19,2.34,0.29,8.028193226749183,20240731,13630,83640,12203280,-2.71,2745.989990234375,796.2000122070312,,,,38377.41015625
