종목코드,종목명,EPS,BPS,PER,PBR,배당수익률,ROE,날짜,종가,거래량,상장주식수,등락률,KOSPI,KOSDAQ,NASDAQ,Dow Jones,S&P 500,Nikkei
3080,성보화학,65.0,6779.0,43.31,0.42,4.8,0.9588434872400058,20240731,2815,12571,20020000,0.0,2745.989990234375,796.2000122070312,,,,38377.41015625
