종목코드,종목명,EPS,BPS,PER,PBR,배당수익률,ROE,날짜,종가,거래량,상장주식수,등락률,KOSPI,KOSDAQ,NASDAQ,Dow Jones,S&P 500,Nikkei
80470,성창오토텍,753.0,6590.0,5.25,0.6,1.26,11.426403641881638,20240731,3955,2254,7300000,-1.13,2745.989990234375,796.2000122070312,,,,38377.41015625
