종목코드,종목명,EPS,BPS,PER,PBR,배당수익률,ROE,날짜,종가,거래량,상장주식수,등락률,KOSPI,KOSDAQ,NASDAQ,Dow Jones,S&P 500,Nikkei
4980,성신양회,2683.0,21426.0,3.43,0.43,3.8,12.522169326985903,20240731,9210,1576267,24516073,3.95,2745.989990234375,796.2000122070312,,,,38377.41015625
