종목코드,종목명,EPS,BPS,PER,PBR,배당수익률,ROE,날짜,종가,거래량,상장주식수,등락률,KOSPI,KOSDAQ,NASDAQ,Dow Jones,S&P 500,Nikkei
43260,성호전자,364.0,2086.0,4.31,0.75,0.0,17.449664429530202,20240731,1570,157835,57617549,-1.57,2745.989990234375,796.2000122070312,,,,38377.41015625
