종목코드,종목명,EPS,BPS,PER,PBR,배당수익률,ROE,날짜,종가,거래량,상장주식수,등락률,KOSPI,KOSDAQ,NASDAQ,Dow Jones,S&P 500,Nikkei
11560,세보엠이씨,3014.0,21017.0,3.61,0.52,5.05,14.340771756197364,20240731,10890,13604,10530000,1.11,2745.989990234375,796.2000122070312,,,,38377.41015625
