종목코드,종목명,EPS,BPS,PER,PBR,배당수익률,ROE,날짜,종가,거래량,상장주식수,등락률,KOSPI,KOSDAQ,NASDAQ,Dow Jones,S&P 500,Nikkei
4360,세방,3195.0,48847.0,4.42,0.29,2.13,6.5408315761459255,20240731,14120,168393,19308690,2.1,2745.989990234375,796.2000122070312,,,,38377.41015625
