종목코드,종목명,EPS,BPS,PER,PBR,배당수익률,ROE,날짜,종가,거래량,상장주식수,등락률,KOSPI,KOSDAQ,NASDAQ,Dow Jones,S&P 500,Nikkei
36630,세종텔레콤,169.0,1447.0,3.22,0.38,0.0,11.679336558396685,20240731,544,487904,200000000,-1.27,2745.989990234375,796.2000122070312,,,,38377.41015625
