종목코드,종목명,EPS,BPS,PER,PBR,배당수익률,ROE,날짜,종가,거래량,상장주식수,등락률,KOSPI,KOSDAQ,NASDAQ,Dow Jones,S&P 500,Nikkei
100700,세운메디칼,345.0,3122.0,8.06,0.89,2.52,11.050608584240871,20240731,2780,19446,43800000,-0.36,2745.989990234375,796.2000122070312,,,,38377.41015625
