종목코드,종목명,EPS,BPS,PER,PBR,배당수익률,ROE,날짜,종가,거래량,상장주식수,등락률,KOSPI,KOSDAQ,NASDAQ,Dow Jones,S&P 500,Nikkei
58650,세아홀딩스,21043.0,551507.0,4.82,0.18,3.94,3.815545405588687,20240731,101500,16,4000000,0.3,2745.989990234375,796.2000122070312,,,,38377.41015625
