종목코드,종목명,EPS,BPS,PER,PBR,배당수익률,ROE,날짜,종가,거래량,상장주식수,등락률,KOSPI,KOSDAQ,NASDAQ,Dow Jones,S&P 500,Nikkei
24830,세원물산,1525.0,42723.0,4.31,0.15,1.52,3.5695058867588885,20240731,6580,1004,8350000,-1.05,2745.989990234375,796.2000122070312,,,,38377.41015625
