종목코드,종목명,EPS,BPS,PER,PBR,배당수익률,ROE,날짜,종가,거래량,상장주식수,등락률,KOSPI,KOSDAQ,NASDAQ,Dow Jones,S&P 500,Nikkei
67770,세진티에스,,5246.0,,0.5,0.0,,20240731,2645,3052,8396593,0.0,2745.989990234375,796.2000122070312,,,,38377.41015625
