종목코드,종목명,EPS,BPS,PER,PBR,배당수익률,ROE,날짜,종가,거래량,상장주식수,등락률,KOSPI,KOSDAQ,NASDAQ,Dow Jones,S&P 500,Nikkei
306200,세아제강,67438.0,356148.0,1.88,0.36,6.31,18.935386412390358,20240731,126800,1903,2836300,-0.31,2745.989990234375,796.2000122070312,,,,38377.41015625
