종목코드,종목명,EPS,BPS,PER,PBR,배당수익률,ROE,날짜,종가,거래량,상장주식수,등락률,KOSPI,KOSDAQ,NASDAQ,Dow Jones,S&P 500,Nikkei
331920,셀레믹스,,1945.0,,1.95,0.0,,20240731,3765,8935,8164148,0.8,2745.989990234375,796.2000122070312,,,,38377.41015625
