종목코드,종목명,EPS,BPS,PER,PBR,배당수익률,ROE,날짜,종가,거래량,상장주식수,등락률,KOSPI,KOSDAQ,NASDAQ,Dow Jones,S&P 500,Nikkei
68760,셀트리온제약,514.0,9107.0,193.39,10.91,0.0,5.644010102119249,20240731,99400,89826,41596653,-2.26,2745.989990234375,796.2000122070312,,,,38377.41015625
