종목코드,종목명,EPS,BPS,PER,PBR,배당수익률,ROE,날짜,종가,거래량,상장주식수,등락률,KOSPI,KOSDAQ,NASDAQ,Dow Jones,S&P 500,Nikkei
32680,소프트센,,507.0,,1.1,0.0,,20240731,559,239820,105590764,-1.76,2745.989990234375,796.2000122070312,,,,38377.41015625
