종목코드,종목명,EPS,BPS,PER,PBR,배당수익률,ROE,날짜,종가,거래량,상장주식수,등락률,KOSPI,KOSDAQ,NASDAQ,Dow Jones,S&P 500,Nikkei
258790,소프트캠프,,474.0,,2.5,0.0,,20240731,1185,3539,24991284,-0.25,2745.989990234375,796.2000122070312,,,,38377.41015625
