종목코드,종목명,EPS,BPS,PER,PBR,배당수익률,ROE,날짜,종가,거래량,상장주식수,등락률,KOSPI,KOSDAQ,NASDAQ,Dow Jones,S&P 500,Nikkei
248070,솔루엠,2464.0,8195.0,7.34,2.21,0.0,30.06711409395973,20240731,18080,60199,50005551,0.28,2745.989990234375,796.2000122070312,,,,38377.41015625
