종목코드,종목명,EPS,BPS,PER,PBR,배당수익률,ROE,날짜,종가,거래량,상장주식수,등락률,KOSPI,KOSDAQ,NASDAQ,Dow Jones,S&P 500,Nikkei
35610,솔본,1714.0,6418.0,2.37,0.63,0.0,26.7061389841072,20240731,4060,29574,27345997,-0.98,2745.989990234375,796.2000122070312,,,,38377.41015625
