종목코드,종목명,EPS,BPS,PER,PBR,배당수익률,ROE,날짜,종가,거래량,상장주식수,등락률,KOSPI,KOSDAQ,NASDAQ,Dow Jones,S&P 500,Nikkei
4430,송원산업,1452.0,29400.0,8.15,0.4,2.11,4.938775510204082,20240731,11840,11320,24000000,0.25,2745.989990234375,796.2000122070312,,,,38377.41015625
