종목코드,종목명,EPS,BPS,PER,PBR,배당수익률,ROE,날짜,종가,거래량,상장주식수,등락률,KOSPI,KOSDAQ,NASDAQ,Dow Jones,S&P 500,Nikkei
298830,슈어소프트테크,100.0,1567.0,47.65,3.04,0.0,6.381620931716656,20240731,4765,110424,52619061,-0.83,2745.989990234375,796.2000122070312,,,,38377.41015625
