종목코드,종목명,EPS,BPS,PER,PBR,배당수익률,ROE,날짜,종가,거래량,상장주식수,등락률,KOSPI,KOSDAQ,NASDAQ,Dow Jones,S&P 500,Nikkei
192440,슈피겐코리아,7073.0,77532.0,3.99,0.36,2.46,9.12268482691018,20240731,28250,608,6216363,0.18,2745.989990234375,796.2000122070312,,,,38377.41015625
