종목코드,종목명,EPS,BPS,PER,PBR,배당수익률,ROE,날짜,종가,거래량,상장주식수,등락률,KOSPI,KOSDAQ,NASDAQ,Dow Jones,S&P 500,Nikkei
236200,슈프리마,3316.0,29583.0,7.8,0.87,0.0,11.20914038468039,20240731,25850,34549,7193273,2.17,2745.989990234375,796.2000122070312,,,,38377.41015625
