종목코드,종목명,EPS,BPS,PER,PBR,배당수익률,ROE,날짜,종가,거래량,상장주식수,등락률,KOSPI,KOSDAQ,NASDAQ,Dow Jones,S&P 500,Nikkei
424960,스마트레이더시스템,,1426.0,,5.46,0.0,,20240731,7790,36797,15569340,-1.64,2745.989990234375,796.2000122070312,,,,38377.41015625
