종목코드,종목명,EPS,BPS,PER,PBR,배당수익률,ROE,날짜,종가,거래량,상장주식수,등락률,KOSPI,KOSDAQ,NASDAQ,Dow Jones,S&P 500,Nikkei
99440,스맥,476.0,2865.0,6.66,1.11,0.0,16.61431064572426,20240731,3170,179740,40243394,-2.46,2745.989990234375,796.2000122070312,,,,38377.41015625
