종목코드,종목명,EPS,BPS,PER,PBR,배당수익률,ROE,날짜,종가,거래량,상장주식수,등락률,KOSPI,KOSDAQ,NASDAQ,Dow Jones,S&P 500,Nikkei
253450,스튜디오드래곤,1001.0,23546.0,37.56,1.6,0.0,4.251252866728956,20240731,37600,6115,30058498,-0.13,2745.989990234375,796.2000122070312,,,,38377.41015625
