종목코드,종목명,EPS,BPS,PER,PBR,배당수익률,ROE,날짜,종가,거래량,상장주식수,등락률,KOSPI,KOSDAQ,NASDAQ,Dow Jones,S&P 500,Nikkei
20710,시공테크,436.0,6933.0,10.02,0.63,1.83,6.288763882878985,20240731,4370,82074,20047970,0.46,2745.989990234375,796.2000122070312,,,,38377.41015625
