종목코드,종목명,EPS,BPS,PER,PBR,배당수익률,ROE,날짜,종가,거래량,상장주식수,등락률,KOSPI,KOSDAQ,NASDAQ,Dow Jones,S&P 500,Nikkei
134790,시디즈,1456.0,38587.0,18.96,0.72,1.81,3.773291523051805,20240731,27600,633,2000000,0.55,2745.989990234375,796.2000122070312,,,,38377.41015625
