종목코드,종목명,EPS,BPS,PER,PBR,배당수익률,ROE,날짜,종가,거래량,상장주식수,등락률,KOSPI,KOSDAQ,NASDAQ,Dow Jones,S&P 500,Nikkei
25320,시노펙스,180.0,1616.0,63.11,7.03,0.0,11.13861386138614,20240731,11360,354813,83817936,-1.22,2745.989990234375,796.2000122070312,,,,38377.41015625
