종목코드,종목명,EPS,BPS,PER,PBR,배당수익률,ROE,날짜,종가,거래량,상장주식수,등락률,KOSPI,KOSDAQ,NASDAQ,Dow Jones,S&P 500,Nikkei
429270,시지트로닉스,,6432.0,,1.48,0.0,,20240731,9520,42705,4506250,-2.76,2745.989990234375,796.2000122070312,,,,38377.41015625
