종목코드,종목명,EPS,BPS,PER,PBR,배당수익률,ROE,날짜,종가,거래량,상장주식수,등락률,KOSPI,KOSDAQ,NASDAQ,Dow Jones,S&P 500,Nikkei
16590,신대양제지,1359.0,17480.0,4.02,0.31,2.75,7.774599542334096,20240731,5460,3650,40297820,-0.18,2745.989990234375,796.2000122070312,,,,38377.41015625
