종목코드,종목명,EPS,BPS,PER,PBR,배당수익률,ROE,날짜,종가,거래량,상장주식수,등락률,KOSPI,KOSDAQ,NASDAQ,Dow Jones,S&P 500,Nikkei
4970,신라교역,1087.0,36114.0,9.52,0.29,4.83,3.0099130531095977,20240731,10350,13758,16000000,-0.48,2745.989990234375,796.2000122070312,,,,38377.41015625
