종목코드,종목명,EPS,BPS,PER,PBR,배당수익률,ROE,날짜,종가,거래량,상장주식수,등락률,KOSPI,KOSDAQ,NASDAQ,Dow Jones,S&P 500,Nikkei
5390,신성통상,579.0,2950.0,4.19,0.82,2.06,19.6271186440678,20240731,2430,180134,143708390,2.1,2745.989990234375,796.2000122070312,,,,38377.41015625
