종목코드,종목명,EPS,BPS,PER,PBR,배당수익률,ROE,날짜,종가,거래량,상장주식수,등락률,KOSPI,KOSDAQ,NASDAQ,Dow Jones,S&P 500,Nikkei
31430,신세계인터내셔날,1098.0,23781.0,12.77,0.59,2.85,4.617131323325344,20240731,14020,6948,35700000,0.36,2745.989990234375,796.2000122070312,,,,38377.41015625
