종목코드,종목명,EPS,BPS,PER,PBR,배당수익률,ROE,날짜,종가,거래량,상장주식수,등락률,KOSPI,KOSDAQ,NASDAQ,Dow Jones,S&P 500,Nikkei
6880,신송홀딩스,813.0,9513.0,8.66,0.74,1.7,8.546199936928414,20240731,7040,14869,11828858,-0.42,2745.989990234375,796.2000122070312,,,,38377.41015625
