종목코드,종목명,EPS,BPS,PER,PBR,배당수익률,ROE,날짜,종가,거래량,상장주식수,등락률,KOSPI,KOSDAQ,NASDAQ,Dow Jones,S&P 500,Nikkei
4170,신세계,23574.0,445995.0,6.36,0.34,2.67,5.285709481047994,20240731,150000,8501,9845181,1.69,2745.989990234375,796.2000122070312,,,,38377.41015625
