종목코드,종목명,EPS,BPS,PER,PBR,배당수익률,ROE,날짜,종가,거래량,상장주식수,등락률,KOSPI,KOSDAQ,NASDAQ,Dow Jones,S&P 500,Nikkei
34300,신세계건설,,29240.0,,0.45,0.0,,20240731,13150,1411,7760554,0.46,2745.989990234375,796.2000122070312,,,,38377.41015625
