종목코드,종목명,EPS,BPS,PER,PBR,배당수익률,ROE,날짜,종가,거래량,상장주식수,등락률,KOSPI,KOSDAQ,NASDAQ,Dow Jones,S&P 500,Nikkei
2870,신풍,,2603.0,,0.39,1.96,,20240731,1022,20231,34958700,-0.58,2745.989990234375,796.2000122070312,,,,38377.41015625
