종목코드,종목명,EPS,BPS,PER,PBR,배당수익률,ROE,날짜,종가,거래량,상장주식수,등락률,KOSPI,KOSDAQ,NASDAQ,Dow Jones,S&P 500,Nikkei
55550,신한지주,8048.0,104769.0,7.37,0.57,3.54,7.681661560194332,20240731,59400,515861,509393214,-0.17,2745.989990234375,796.2000122070312,,,,38377.41015625
