종목코드,종목명,EPS,BPS,PER,PBR,배당수익률,ROE,날짜,종가,거래량,상장주식수,등락률,KOSPI,KOSDAQ,NASDAQ,Dow Jones,S&P 500,Nikkei
4770,써니전자,111.0,2207.0,14.3,0.72,1.89,5.029451744449479,20240731,1587,63089,36702884,-0.75,2745.989990234375,796.2000122070312,,,,38377.41015625
