종목코드,종목명,EPS,BPS,PER,PBR,배당수익률,ROE,날짜,종가,거래량,상장주식수,등락률,KOSPI,KOSDAQ,NASDAQ,Dow Jones,S&P 500,Nikkei
50890,쏠리드,671.0,4478.0,7.81,1.17,0.95,14.98436802143814,20240731,5240,165121,61221640,1.95,2745.989990234375,796.2000122070312,,,,38377.41015625
