종목코드,종목명,EPS,BPS,PER,PBR,배당수익률,ROE,날짜,종가,거래량,상장주식수,등락률,KOSPI,KOSDAQ,NASDAQ,Dow Jones,S&P 500,Nikkei
112610,씨에스윈드,480.0,21647.0,99.9,2.22,1.04,2.2173973298840486,20240731,47950,51336,42171403,-1.74,2745.989990234375,796.2000122070312,,,,38377.41015625
