종목코드,종목명,EPS,BPS,PER,PBR,배당수익률,ROE,날짜,종가,거래량,상장주식수,등락률,KOSPI,KOSDAQ,NASDAQ,Dow Jones,S&P 500,Nikkei
359090,씨엔알리서치,102.0,770.0,12.01,1.59,0.0,13.246753246753244,20240731,1225,381959,56380891,0.33,2745.989990234375,796.2000122070312,,,,38377.41015625
