종목코드,종목명,EPS,BPS,PER,PBR,배당수익률,ROE,날짜,종가,거래량,상장주식수,등락률,KOSPI,KOSDAQ,NASDAQ,Dow Jones,S&P 500,Nikkei
352700,씨앤투스,123.0,6133.0,24.27,0.49,1.68,2.0055437795532365,20240731,2985,4927,27276899,-0.17,2745.989990234375,796.2000122070312,,,,38377.41015625
