종목코드,종목명,EPS,BPS,PER,PBR,배당수익률,ROE,날짜,종가,거래량,상장주식수,등락률,KOSPI,KOSDAQ,NASDAQ,Dow Jones,S&P 500,Nikkei
352480,씨앤씨인터내셔널,3142.0,17264.0,37.14,6.76,0.0,18.199721964782206,20240731,116700,13427,10013941,2.37,2745.989990234375,796.2000122070312,,,,38377.41015625
