종목코드,종목명,EPS,BPS,PER,PBR,배당수익률,ROE,날짜,종가,거래량,상장주식수,등락률,KOSPI,KOSDAQ,NASDAQ,Dow Jones,S&P 500,Nikkei
96530,씨젠,14.0,22320.0,1553.57,0.97,3.68,0.0627240143369175,20240731,21700,325183,52225994,-0.69,2745.989990234375,796.2000122070312,,,,38377.41015625
