종목코드,종목명,EPS,BPS,PER,PBR,배당수익률,ROE,날짜,종가,거래량,상장주식수,등락률,KOSPI,KOSDAQ,NASDAQ,Dow Jones,S&P 500,Nikkei
109670,씨싸이트,,9395.0,,1.31,0.0,,20240731,12350,11926,5836602,1.73,2745.989990234375,796.2000122070312,,,,38377.41015625
