종목코드,종목명,EPS,BPS,PER,PBR,배당수익률,ROE,날짜,종가,거래량,상장주식수,등락률,KOSPI,KOSDAQ,NASDAQ,Dow Jones,S&P 500,Nikkei
260930,씨티케이,369.0,8448.0,17.21,0.75,1.57,4.367897727272728,20240731,6350,13399,19341591,-1.55,2745.989990234375,796.2000122070312,,,,38377.41015625
