종목코드,종목명,EPS,BPS,PER,PBR,배당수익률,ROE,날짜,종가,거래량,상장주식수,등락률,KOSPI,KOSDAQ,NASDAQ,Dow Jones,S&P 500,Nikkei
13990,아가방컴퍼니,410.0,5439.0,10.17,0.77,0.0,7.538150395293252,20240731,4170,151446,32887536,-2.57,2745.989990234375,796.2000122070312,,,,38377.41015625
