종목코드,종목명,EPS,BPS,PER,PBR,배당수익률,ROE,날짜,종가,거래량,상장주식수,등락률,KOSPI,KOSDAQ,NASDAQ,Dow Jones,S&P 500,Nikkei
149950,아바텍,346.0,10274.0,32.2,1.08,0.9,3.36772435273506,20240731,11140,18041,15607500,0.81,2745.989990234375,796.2000122070312,,,,38377.41015625
