종목코드,종목명,EPS,BPS,PER,PBR,배당수익률,ROE,날짜,종가,거래량,상장주식수,등락률,KOSPI,KOSDAQ,NASDAQ,Dow Jones,S&P 500,Nikkei
83930,아바코,306.0,12784.0,46.34,1.11,1.41,2.393617021276596,20240731,14180,28479,14912798,-0.07,2745.989990234375,796.2000122070312,,,,38377.41015625
