종목코드,종목명,EPS,BPS,PER,PBR,배당수익률,ROE,날짜,종가,거래량,상장주식수,등락률,KOSPI,KOSDAQ,NASDAQ,Dow Jones,S&P 500,Nikkei
90435,아모레퍼시픽우,,,,,1.77,,20240731,51700,7584,10557830,2.99,2745.989990234375,796.2000122070312,,,,38377.41015625
