종목코드,종목명,EPS,BPS,PER,PBR,배당수익률,ROE,날짜,종가,거래량,상장주식수,등락률,KOSPI,KOSDAQ,NASDAQ,Dow Jones,S&P 500,Nikkei
40910,아이씨디,,8064.0,,0.81,0.0,,20240731,6540,16079,18574275,-1.36,2745.989990234375,796.2000122070312,,,,38377.41015625
