종목코드,종목명,EPS,BPS,PER,PBR,배당수익률,ROE,날짜,종가,거래량,상장주식수,등락률,KOSPI,KOSDAQ,NASDAQ,Dow Jones,S&P 500,Nikkei
20560,아시아나항공,386.0,9138.0,25.88,1.09,0.0,4.2241190632523535,20240731,9990,19172,74411764,-0.1,2745.989990234375,796.2000122070312,,,,38377.41015625
