종목코드,종목명,EPS,BPS,PER,PBR,배당수익률,ROE,날짜,종가,거래량,상장주식수,등락률,KOSPI,KOSDAQ,NASDAQ,Dow Jones,S&P 500,Nikkei
99190,아이센스,135.0,10337.0,137.11,1.79,0.54,1.3059881977362873,20240731,18520,43453,27637273,-1.07,2745.989990234375,796.2000122070312,,,,38377.41015625
