종목코드,종목명,EPS,BPS,PER,PBR,배당수익률,ROE,날짜,종가,거래량,상장주식수,등락률,KOSPI,KOSDAQ,NASDAQ,Dow Jones,S&P 500,Nikkei
339950,아이비김영,180.0,1036.0,9.73,1.69,1.14,17.374517374517374,20240731,1752,26598,44946655,-0.62,2745.989990234375,796.2000122070312,,,,38377.41015625
