종목코드,종목명,EPS,BPS,PER,PBR,배당수익률,ROE,날짜,종가,거래량,상장주식수,등락률,KOSPI,KOSDAQ,NASDAQ,Dow Jones,S&P 500,Nikkei
50860,아세아텍,451.0,6134.0,5.0,0.37,2.22,7.352461688946854,20240731,2255,38425,22500000,1.58,2745.989990234375,796.2000122070312,,,,38377.41015625
