종목코드,종목명,EPS,BPS,PER,PBR,배당수익률,ROE,날짜,종가,거래량,상장주식수,등락률,KOSPI,KOSDAQ,NASDAQ,Dow Jones,S&P 500,Nikkei
52460,아이크래프트,381.0,3153.0,7.35,0.89,2.86,12.0837297811608,20240731,2800,10682,14607936,-0.53,2745.989990234375,796.2000122070312,,,,38377.41015625
