종목코드,종목명,EPS,BPS,PER,PBR,배당수익률,ROE,날짜,종가,거래량,상장주식수,등락률,KOSPI,KOSDAQ,NASDAQ,Dow Jones,S&P 500,Nikkei
10780,아이에스동서,5338.0,51629.0,4.5,0.46,6.25,10.339150477444846,20240731,24000,8110,30186976,1.27,2745.989990234375,796.2000122070312,,,,38377.41015625
