종목코드,종목명,EPS,BPS,PER,PBR,배당수익률,ROE,날짜,종가,거래량,상장주식수,등락률,KOSPI,KOSDAQ,NASDAQ,Dow Jones,S&P 500,Nikkei
332370,아이디피,451.0,4127.0,7.48,0.82,3.56,10.928034892173493,20240731,3375,9245,13273726,1.35,2745.989990234375,796.2000122070312,,,,38377.41015625
