종목코드,종목명,EPS,BPS,PER,PBR,배당수익률,ROE,날짜,종가,거래량,상장주식수,등락률,KOSPI,KOSDAQ,NASDAQ,Dow Jones,S&P 500,Nikkei
122900,아이마켓코리아,481.0,10917.0,17.86,0.79,6.98,4.405972336722543,20240731,8590,5875,33428840,-0.12,2745.989990234375,796.2000122070312,,,,38377.41015625
