종목코드,종목명,EPS,BPS,PER,PBR,배당수익률,ROE,날짜,종가,거래량,상장주식수,등락률,KOSPI,KOSDAQ,NASDAQ,Dow Jones,S&P 500,Nikkei
159010,아스플로,272.0,4372.0,31.62,1.97,0.0,6.221408966148216,20240731,8600,10175,13334739,-1.71,2745.989990234375,796.2000122070312,,,,38377.41015625
