종목코드,종목명,EPS,BPS,PER,PBR,배당수익률,ROE,날짜,종가,거래량,상장주식수,등락률,KOSPI,KOSDAQ,NASDAQ,Dow Jones,S&P 500,Nikkei
183190,아세아시멘트,2312.0,27147.0,5.06,0.43,2.18,8.516594835525105,20240731,11700,184070,38501886,3.36,2745.989990234375,796.2000122070312,,,,38377.41015625
