종목코드,종목명,EPS,BPS,PER,PBR,배당수익률,ROE,날짜,종가,거래량,상장주식수,등락률,KOSPI,KOSDAQ,NASDAQ,Dow Jones,S&P 500,Nikkei
139990,아주스틸,,8333.0,,0.69,0.0,,20240731,5710,29840,26452189,-1.04,2745.989990234375,796.2000122070312,,,,38377.41015625
