종목코드,종목명,EPS,BPS,PER,PBR,배당수익률,ROE,날짜,종가,거래량,상장주식수,등락률,KOSPI,KOSDAQ,NASDAQ,Dow Jones,S&P 500,Nikkei
59120,아진엑스텍,54.0,4694.0,165.93,1.91,0.0,1.1504047720494248,20240731,8960,28864,9748596,-1.21,2745.989990234375,796.2000122070312,,,,38377.41015625
