종목코드,종목명,EPS,BPS,PER,PBR,배당수익률,ROE,날짜,종가,거래량,상장주식수,등락률,KOSPI,KOSDAQ,NASDAQ,Dow Jones,S&P 500,Nikkei
158430,아톤,437.0,3537.0,8.5,1.05,0.81,12.35510319479785,20240731,3715,114479,22602474,0.0,2745.989990234375,796.2000122070312,,,,38377.41015625
