종목코드,종목명,EPS,BPS,PER,PBR,배당수익률,ROE,날짜,종가,거래량,상장주식수,등락률,KOSPI,KOSDAQ,NASDAQ,Dow Jones,S&P 500,Nikkei
65660,안트로젠,,13302.0,,1.14,0.0,,20240731,15230,5068,9731373,-1.49,2745.989990234375,796.2000122070312,,,,38377.41015625
