종목코드,종목명,EPS,BPS,PER,PBR,배당수익률,ROE,날짜,종가,거래량,상장주식수,등락률,KOSPI,KOSDAQ,NASDAQ,Dow Jones,S&P 500,Nikkei
1780,알루코,201.0,2883.0,13.06,0.91,0.0,6.971904266389179,20240731,2625,63474,96830132,-0.76,2745.989990234375,796.2000122070312,,,,38377.41015625
