종목코드,종목명,EPS,BPS,PER,PBR,배당수익률,ROE,날짜,종가,거래량,상장주식수,등락률,KOSPI,KOSDAQ,NASDAQ,Dow Jones,S&P 500,Nikkei
61040,알에프텍,128.0,7406.0,26.25,0.45,0.0,1.7283283823926543,20240731,3360,12233,32089259,0.15,2745.989990234375,796.2000122070312,,,,38377.41015625
