종목코드,종목명,EPS,BPS,PER,PBR,배당수익률,ROE,날짜,종가,거래량,상장주식수,등락률,KOSPI,KOSDAQ,NASDAQ,Dow Jones,S&P 500,Nikkei
148250,알엔투테크놀로지,,5260.0,,0.76,0.75,,20240731,4015,2145,7391186,-0.99,2745.989990234375,796.2000122070312,,,,38377.41015625
