종목코드,종목명,EPS,BPS,PER,PBR,배당수익률,ROE,날짜,종가,거래량,상장주식수,등락률,KOSPI,KOSDAQ,NASDAQ,Dow Jones,S&P 500,Nikkei
314140,알피바이오,630.0,11878.0,11.49,0.61,0.69,5.3039232193972055,20240731,7240,19520,8666361,-1.9,2745.989990234375,796.2000122070312,,,,38377.41015625
