종목코드,종목명,EPS,BPS,PER,PBR,배당수익률,ROE,날짜,종가,거래량,상장주식수,등락률,KOSPI,KOSDAQ,NASDAQ,Dow Jones,S&P 500,Nikkei
129890,앱코,36.0,1149.0,34.67,1.09,0.0,3.133159268929504,20240731,1248,2344981,50643410,-1.73,2745.989990234375,796.2000122070312,,,,38377.41015625
