종목코드,종목명,EPS,BPS,PER,PBR,배당수익률,ROE,날짜,종가,거래량,상장주식수,등락률,KOSPI,KOSDAQ,NASDAQ,Dow Jones,S&P 500,Nikkei
174900,앱클론,,1619.0,,8.51,0.0,,20240731,13780,367864,17218182,-5.49,2745.989990234375,796.2000122070312,,,,38377.41015625
