종목코드,종목명,EPS,BPS,PER,PBR,배당수익률,ROE,날짜,종가,거래량,상장주식수,등락률,KOSPI,KOSDAQ,NASDAQ,Dow Jones,S&P 500,Nikkei
102120,어보브반도체,,6362.0,,2.15,0.73,,20240731,13710,142579,17780753,-1.86,2745.989990234375,796.2000122070312,,,,38377.41015625
