종목코드,종목명,EPS,BPS,PER,PBR,배당수익률,ROE,날짜,종가,거래량,상장주식수,등락률,KOSPI,KOSDAQ,NASDAQ,Dow Jones,S&P 500,Nikkei
19990,에너토크,,4287.0,,1.57,0.74,,20240731,6730,101673,9756088,1.97,2745.989990234375,796.2000122070312,,,,38377.41015625
