종목코드,종목명,EPS,BPS,PER,PBR,배당수익률,ROE,날짜,종가,거래량,상장주식수,등락률,KOSPI,KOSDAQ,NASDAQ,Dow Jones,S&P 500,Nikkei
31330,에스에이엠티,336.0,3850.0,10.1,0.88,5.89,8.727272727272728,20240731,3395,19183,99995067,1.19,2745.989990234375,796.2000122070312,,,,38377.41015625
