종목코드,종목명,EPS,BPS,PER,PBR,배당수익률,ROE,날짜,종가,거래량,상장주식수,등락률,KOSPI,KOSDAQ,NASDAQ,Dow Jones,S&P 500,Nikkei
246250,에스엘에스바이오,102.0,878.0,33.24,3.86,1.47,11.617312072892938,20240731,3370,920308,7674103,-6.39,2745.989990234375,796.2000122070312,,,,38377.41015625
