종목코드,종목명,EPS,BPS,PER,PBR,배당수익률,ROE,날짜,종가,거래량,상장주식수,등락률,KOSPI,KOSDAQ,NASDAQ,Dow Jones,S&P 500,Nikkei
298690,에어부산,811.0,1602.0,3.01,1.53,0.0,50.62421972534332,20240731,2445,109092,116640000,-1.01,2745.989990234375,796.2000122070312,,,,38377.41015625
