종목코드,종목명,EPS,BPS,PER,PBR,배당수익률,ROE,날짜,종가,거래량,상장주식수,등락률,KOSPI,KOSDAQ,NASDAQ,Dow Jones,S&P 500,Nikkei
101360,에코앤드림,,8528.0,,4.9,0.0,,20240731,41450,180581,11455283,5.74,2745.989990234375,796.2000122070312,,,,38377.41015625
