종목코드,종목명,EPS,BPS,PER,PBR,배당수익률,ROE,날짜,종가,거래량,상장주식수,등락률,KOSPI,KOSDAQ,NASDAQ,Dow Jones,S&P 500,Nikkei
239610,에이치엘사이언스,,20110.0,,0.68,0.0,,20240731,13740,601,5392115,0.51,2745.989990234375,796.2000122070312,,,,38377.41015625
