종목코드,종목명,EPS,BPS,PER,PBR,배당수익률,ROE,날짜,종가,거래량,상장주식수,등락률,KOSPI,KOSDAQ,NASDAQ,Dow Jones,S&P 500,Nikkei
86520,에코프로,388.0,12678.0,239.18,7.32,0.0,3.060419624546458,20240731,92900,520725,133138340,-3.33,2745.989990234375,796.2000122070312,,,,38377.41015625
