종목코드,종목명,EPS,BPS,PER,PBR,배당수익률,ROE,날짜,종가,거래량,상장주식수,등락률,KOSPI,KOSDAQ,NASDAQ,Dow Jones,S&P 500,Nikkei
445090,에이직랜드,469.0,9158.0,90.94,4.66,0.0,5.121205503385019,20240731,42650,133386,10678404,0.83,2745.989990234375,796.2000122070312,,,,38377.41015625
