종목코드,종목명,EPS,BPS,PER,PBR,배당수익률,ROE,날짜,종가,거래량,상장주식수,등락률,KOSPI,KOSDAQ,NASDAQ,Dow Jones,S&P 500,Nikkei
443670,에스피소프트,243.0,1816.0,38.07,5.09,0.0,13.381057268722468,20240731,9250,82277,21197026,-4.24,2745.989990234375,796.2000122070312,,,,38377.41015625
