종목코드,종목명,EPS,BPS,PER,PBR,배당수익률,ROE,날짜,종가,거래량,상장주식수,등락률,KOSPI,KOSDAQ,NASDAQ,Dow Jones,S&P 500,Nikkei
60540,에스에이티,62.0,3831.0,30.08,0.49,2.68,1.61837640302793,20240731,1865,27987,26133306,0.11,2745.989990234375,796.2000122070312,,,,38377.41015625
