종목코드,종목명,EPS,BPS,PER,PBR,배당수익률,ROE,날짜,종가,거래량,상장주식수,등락률,KOSPI,KOSDAQ,NASDAQ,Dow Jones,S&P 500,Nikkei
230360,에코마케팅,1253.0,6976.0,8.63,1.55,1.85,17.961582568807337,20240731,10810,91680,32068029,-1.46,2745.989990234375,796.2000122070312,,,,38377.41015625
