종목코드,종목명,EPS,BPS,PER,PBR,배당수익률,ROE,날짜,종가,거래량,상장주식수,등락률,KOSPI,KOSDAQ,NASDAQ,Dow Jones,S&P 500,Nikkei
88800,에이스테크,,315.0,,2.96,0.0,,20240731,933,308516,69926073,-4.99,2745.989990234375,796.2000122070312,,,,38377.41015625
