종목코드,종목명,EPS,BPS,PER,PBR,배당수익률,ROE,날짜,종가,거래량,상장주식수,등락률,KOSPI,KOSDAQ,NASDAQ,Dow Jones,S&P 500,Nikkei
42110,에스씨디,100.0,2515.0,14.41,0.57,2.08,3.9761431411530817,20240731,1441,75600,48329564,-1.3,2745.989990234375,796.2000122070312,,,,38377.41015625
