종목코드,종목명,EPS,BPS,PER,PBR,배당수익률,ROE,날짜,종가,거래량,상장주식수,등락률,KOSPI,KOSDAQ,NASDAQ,Dow Jones,S&P 500,Nikkei
237690,에스티팜,1041.0,20445.0,87.9,4.48,0.55,5.091709464416728,20240731,91600,125907,19681766,-2.86,2745.989990234375,796.2000122070312,,,,38377.41015625
