종목코드,종목명,EPS,BPS,PER,PBR,배당수익률,ROE,날짜,종가,거래량,상장주식수,등락률,KOSPI,KOSDAQ,NASDAQ,Dow Jones,S&P 500,Nikkei
306040,에스제이그룹,1348.0,14010.0,4.7,0.45,3.95,9.621698786581014,20240731,6330,1690,9865828,1.28,2745.989990234375,796.2000122070312,,,,38377.41015625
