종목코드,종목명,EPS,BPS,PER,PBR,배당수익률,ROE,날짜,종가,거래량,상장주식수,등락률,KOSPI,KOSDAQ,NASDAQ,Dow Jones,S&P 500,Nikkei
448280,에코아이,1955.0,13274.0,10.79,1.59,2.37,14.728039777007684,20240731,21250,6582,9877043,-0.7,2745.989990234375,796.2000122070312,,,,38377.41015625
