종목코드,종목명,EPS,BPS,PER,PBR,배당수익률,ROE,날짜,종가,거래량,상장주식수,등락률,KOSPI,KOSDAQ,NASDAQ,Dow Jones,S&P 500,Nikkei
234300,에스트래픽,626.0,3446.0,5.83,1.06,1.1,18.16598955310505,20240731,3650,83656,27532242,-0.95,2745.989990234375,796.2000122070312,,,,38377.41015625
