종목코드,종목명,EPS,BPS,PER,PBR,배당수익률,ROE,날짜,종가,거래량,상장주식수,등락률,KOSPI,KOSDAQ,NASDAQ,Dow Jones,S&P 500,Nikkei
357230,에이치피오,384.0,3440.0,8.78,0.98,2.97,11.16279069767442,20240731,3370,9018,42089487,0.45,2745.989990234375,796.2000122070312,,,,38377.41015625
