종목코드,종목명,EPS,BPS,PER,PBR,배당수익률,ROE,날짜,종가,거래량,상장주식수,등락률,KOSPI,KOSDAQ,NASDAQ,Dow Jones,S&P 500,Nikkei
172670,에이엘티,635.0,11953.0,17.87,0.95,0.88,5.312473855935748,20240731,11320,28794,8960259,-1.99,2745.989990234375,796.2000122070312,,,,38377.41015625
