종목코드,종목명,EPS,BPS,PER,PBR,배당수익률,ROE,날짜,종가,거래량,상장주식수,등락률,KOSPI,KOSDAQ,NASDAQ,Dow Jones,S&P 500,Nikkei
12750,에스원,5604.0,47260.0,10.03,1.19,4.8,11.85780787134998,20240731,56200,7888,37999178,-0.18,2745.989990234375,796.2000122070312,,,,38377.41015625
