종목코드,종목명,EPS,BPS,PER,PBR,배당수익률,ROE,날짜,종가,거래량,상장주식수,등락률,KOSPI,KOSDAQ,NASDAQ,Dow Jones,S&P 500,Nikkei
38870,에코바이오,194.0,6303.0,24.15,0.74,0.0,3.077899412977947,20240731,4685,21152,14014949,-0.32,2745.989990234375,796.2000122070312,,,,38377.41015625
