종목코드,종목명,EPS,BPS,PER,PBR,배당수익률,ROE,날짜,종가,거래량,상장주식수,등락률,KOSPI,KOSDAQ,NASDAQ,Dow Jones,S&P 500,Nikkei
118000,에스메디,,688.0,,0.62,0.0,,20240731,427,22180,142777363,-0.23,2745.989990234375,796.2000122070312,,,,38377.41015625
