종목코드,종목명,EPS,BPS,PER,PBR,배당수익률,ROE,날짜,종가,거래량,상장주식수,등락률,KOSPI,KOSDAQ,NASDAQ,Dow Jones,S&P 500,Nikkei
244920,에이플러스에셋,451.0,6651.0,8.81,0.6,5.03,6.78093519771463,20240731,3975,1429,22607693,-0.38,2745.989990234375,796.2000122070312,,,,38377.41015625
