종목코드,종목명,EPS,BPS,PER,PBR,배당수익률,ROE,날짜,종가,거래량,상장주식수,등락률,KOSPI,KOSDAQ,NASDAQ,Dow Jones,S&P 500,Nikkei
41510,에스엠,3719.0,30825.0,18.88,2.28,1.71,12.064882400648823,20240731,70200,19943,23589522,1.01,2745.989990234375,796.2000122070312,,,,38377.41015625
