종목코드,종목명,EPS,BPS,PER,PBR,배당수익률,ROE,날짜,종가,거래량,상장주식수,등락률,KOSPI,KOSDAQ,NASDAQ,Dow Jones,S&P 500,Nikkei
262260,에이프로,868.0,5037.0,9.85,1.7,2.34,17.232479650585667,20240731,8550,19536,14468152,-1.38,2745.989990234375,796.2000122070312,,,,38377.41015625
