종목코드,종목명,EPS,BPS,PER,PBR,배당수익률,ROE,날짜,종가,거래량,상장주식수,등락률,KOSPI,KOSDAQ,NASDAQ,Dow Jones,S&P 500,Nikkei
78520,에이블씨엔씨,236.0,3371.0,36.19,2.53,16.71,7.000889943636903,20240731,8540,88923,26014161,-1.27,2745.989990234375,796.2000122070312,,,,38377.41015625
