종목코드,종목명,EPS,BPS,PER,PBR,배당수익률,ROE,날짜,종가,거래량,상장주식수,등락률,KOSPI,KOSDAQ,NASDAQ,Dow Jones,S&P 500,Nikkei
355690,에이텀,,495.0,,18.97,0.0,,20240731,9390,25897,5404980,-0.63,2745.989990234375,796.2000122070312,,,,38377.41015625
