종목코드,종목명,EPS,BPS,PER,PBR,배당수익률,ROE,날짜,종가,거래량,상장주식수,등락률,KOSPI,KOSDAQ,NASDAQ,Dow Jones,S&P 500,Nikkei
36810,에프에스티,,12205.0,,2.26,0.18,,20240731,27550,95600,21756789,-0.9,2745.989990234375,796.2000122070312,,,,38377.41015625
