종목코드,종목명,EPS,BPS,PER,PBR,배당수익률,ROE,날짜,종가,거래량,상장주식수,등락률,KOSPI,KOSDAQ,NASDAQ,Dow Jones,S&P 500,Nikkei
64850,에프앤가이드,680.0,5183.0,10.91,1.43,2.43,13.119814779085472,20240731,7360,2618,11350000,-1.87,2745.989990234375,796.2000122070312,,,,38377.41015625
