종목코드,종목명,EPS,BPS,PER,PBR,배당수익률,ROE,날짜,종가,거래량,상장주식수,등락률,KOSPI,KOSDAQ,NASDAQ,Dow Jones,S&P 500,Nikkei
73540,에프알텍,175.0,5098.0,8.31,0.29,0.0,3.432718713220871,20240731,1455,16167,11400000,0.41,2745.989990234375,796.2000122070312,,,,38377.41015625
