종목코드,종목명,EPS,BPS,PER,PBR,배당수익률,ROE,날짜,종가,거래량,상장주식수,등락률,KOSPI,KOSDAQ,NASDAQ,Dow Jones,S&P 500,Nikkei
356680,엑스게이트,11.0,1418.0,363.64,2.82,0.0,0.7757404795486601,20240731,4000,64474,28543492,-0.12,2745.989990234375,796.2000122070312,,,,38377.41015625
