종목코드,종목명,EPS,BPS,PER,PBR,배당수익률,ROE,날짜,종가,거래량,상장주식수,등락률,KOSPI,KOSDAQ,NASDAQ,Dow Jones,S&P 500,Nikkei
205100,엑셈,145.0,1464.0,13.71,1.36,1.41,9.904371584699453,20240731,1988,463786,71963431,-0.6,2745.989990234375,796.2000122070312,,,,38377.41015625
