종목코드,종목명,EPS,BPS,PER,PBR,배당수익률,ROE,날짜,종가,거래량,상장주식수,등락률,KOSPI,KOSDAQ,NASDAQ,Dow Jones,S&P 500,Nikkei
373200,엑스플러스,,66.0,,23.94,0.0,,20240731,1580,337191,75705657,-1.86,2745.989990234375,796.2000122070312,,,,38377.41015625
