종목코드,종목명,EPS,BPS,PER,PBR,배당수익률,ROE,날짜,종가,거래량,상장주식수,등락률,KOSPI,KOSDAQ,NASDAQ,Dow Jones,S&P 500,Nikkei
67570,엔브이에이치코리아,137.0,4958.0,17.15,0.47,6.38,2.763210972166196,20240731,2350,31096,42170000,-0.42,2745.989990234375,796.2000122070312,,,,38377.41015625
