종목코드,종목명,EPS,BPS,PER,PBR,배당수익률,ROE,날짜,종가,거래량,상장주식수,등락률,KOSPI,KOSDAQ,NASDAQ,Dow Jones,S&P 500,Nikkei
85310,엔케이,754.0,2202.0,1.22,0.42,0.0,34.241598546775656,20240731,919,97017,79983352,0.66,2745.989990234375,796.2000122070312,,,,38377.41015625
