종목코드,종목명,EPS,BPS,PER,PBR,배당수익률,ROE,날짜,종가,거래량,상장주식수,등락률,KOSPI,KOSDAQ,NASDAQ,Dow Jones,S&P 500,Nikkei
182400,엔케이맥스,65.0,1353.0,31.08,1.49,0.0,4.804138950480414,20240731,2020,0,85518831,0.0,2745.989990234375,796.2000122070312,,,,38377.41015625
