종목코드,종목명,EPS,BPS,PER,PBR,배당수익률,ROE,날짜,종가,거래량,상장주식수,등락률,KOSPI,KOSDAQ,NASDAQ,Dow Jones,S&P 500,Nikkei
348370,엔켐,,15316.0,,10.9,0.0,,20240731,167000,146785,20754804,0.3,2745.989990234375,796.2000122070312,,,,38377.41015625
