종목코드,종목명,EPS,BPS,PER,PBR,배당수익률,ROE,날짜,종가,거래량,상장주식수,등락률,KOSPI,KOSDAQ,NASDAQ,Dow Jones,S&P 500,Nikkei
198080,엔피디,153.0,4317.0,14.74,0.52,0.0,3.544127866574009,20240731,2250,16385,21535185,-1.32,2745.989990234375,796.2000122070312,,,,38377.41015625
