종목코드,종목명,EPS,BPS,PER,PBR,배당수익률,ROE,날짜,종가,거래량,상장주식수,등락률,KOSPI,KOSDAQ,NASDAQ,Dow Jones,S&P 500,Nikkei
227950,엔투텍,105.0,1074.0,5.69,0.56,0.0,9.776536312849162,20240731,597,74336,103575530,-1.81,2745.989990234375,796.2000122070312,,,,38377.41015625
