종목코드,종목명,EPS,BPS,PER,PBR,배당수익률,ROE,날짜,종가,거래량,상장주식수,등락률,KOSPI,KOSDAQ,NASDAQ,Dow Jones,S&P 500,Nikkei
48830,엔피케이,91.0,2378.0,13.82,0.53,2.38,3.826745164003365,20240731,1258,11663,18723923,-1.02,2745.989990234375,796.2000122070312,,,,38377.41015625
