종목코드,종목명,EPS,BPS,PER,PBR,배당수익률,ROE,날짜,종가,거래량,상장주식수,등락률,KOSPI,KOSDAQ,NASDAQ,Dow Jones,S&P 500,Nikkei
83310,엘오티베큠,3273.0,15723.0,3.76,0.78,1.62,20.816638046174397,20240731,12310,33869,17810033,-0.57,2745.989990234375,796.2000122070312,,,,38377.41015625
