종목코드,종목명,EPS,BPS,PER,PBR,배당수익률,ROE,날짜,종가,거래량,상장주식수,등락률,KOSPI,KOSDAQ,NASDAQ,Dow Jones,S&P 500,Nikkei
66970,엘앤에프,,32742.0,,3.43,0.0,,20240731,112400,76868,36294738,-3.52,2745.989990234375,796.2000122070312,,,,38377.41015625
