종목코드,종목명,EPS,BPS,PER,PBR,배당수익률,ROE,날짜,종가,거래량,상장주식수,등락률,KOSPI,KOSDAQ,NASDAQ,Dow Jones,S&P 500,Nikkei
290650,엘앤씨바이오,2132.0,6478.0,9.38,3.09,0.5,32.91139240506329,20240731,20000,31956,22684891,-1.48,2745.989990234375,796.2000122070312,,,,38377.41015625
