종목코드,종목명,EPS,BPS,PER,PBR,배당수익률,ROE,날짜,종가,거래량,상장주식수,등락률,KOSPI,KOSDAQ,NASDAQ,Dow Jones,S&P 500,Nikkei
156100,엘앤케이바이오,,1773.0,,4.81,0.0,,20240731,8520,29191,19936743,-2.07,2745.989990234375,796.2000122070312,,,,38377.41015625
