종목코드,종목명,EPS,BPS,PER,PBR,배당수익률,ROE,날짜,종가,거래량,상장주식수,등락률,KOSPI,KOSDAQ,NASDAQ,Dow Jones,S&P 500,Nikkei
19590,엠벤처투자,171.0,703.0,5.39,1.31,0.0,24.324324324324326,20240731,921,0,113966542,0.0,2745.989990234375,796.2000122070312,,,,38377.41015625
