종목코드,종목명,EPS,BPS,PER,PBR,배당수익률,ROE,날짜,종가,거래량,상장주식수,등락률,KOSPI,KOSDAQ,NASDAQ,Dow Jones,S&P 500,Nikkei
58970,엠로,,2524.0,,20.13,0.0,,20240731,50800,26761,11212120,1.7,2745.989990234375,796.2000122070312,,,,38377.41015625
