종목코드,종목명,EPS,BPS,PER,PBR,배당수익률,ROE,날짜,종가,거래량,상장주식수,등락률,KOSPI,KOSDAQ,NASDAQ,Dow Jones,S&P 500,Nikkei
179290,엠아이텍,398.0,2879.0,16.93,2.34,1.19,13.824244529350468,20240731,6740,26086,32365678,-1.61,2745.989990234375,796.2000122070312,,,,38377.41015625
