종목코드,종목명,EPS,BPS,PER,PBR,배당수익률,ROE,날짜,종가,거래량,상장주식수,등락률,KOSPI,KOSDAQ,NASDAQ,Dow Jones,S&P 500,Nikkei
33160,엠케이전자,,17838.0,,0.51,1.1,,20240731,9100,39819,22066331,-1.83,2745.989990234375,796.2000122070312,,,,38377.41015625
