종목코드,종목명,EPS,BPS,PER,PBR,배당수익률,ROE,날짜,종가,거래량,상장주식수,등락률,KOSPI,KOSDAQ,NASDAQ,Dow Jones,S&P 500,Nikkei
9780,엠에스씨,1049.0,8543.0,5.15,0.63,1.85,12.27905887861407,20240731,5390,11081,17600000,0.37,2745.989990234375,796.2000122070312,,,,38377.41015625
