종목코드,종목명,EPS,BPS,PER,PBR,배당수익률,ROE,날짜,종가,거래량,상장주식수,등락률,KOSPI,KOSDAQ,NASDAQ,Dow Jones,S&P 500,Nikkei
259630,엠플러스,1646.0,6141.0,7.14,1.91,0.85,26.803452206481023,20240731,11760,124569,12282402,1.55,2745.989990234375,796.2000122070312,,,,38377.41015625
