종목코드,종목명,EPS,BPS,PER,PBR,배당수익률,ROE,날짜,종가,거래량,상장주식수,등락률,KOSPI,KOSDAQ,NASDAQ,Dow Jones,S&P 500,Nikkei
347890,엠투아이,378.0,4374.0,17.57,1.52,3.31,8.641975308641975,20240731,6640,83564,16913204,3.27,2745.989990234375,796.2000122070312,,,,38377.41015625
