종목코드,종목명,EPS,BPS,PER,PBR,배당수익률,ROE,날짜,종가,거래량,상장주식수,등락률,KOSPI,KOSDAQ,NASDAQ,Dow Jones,S&P 500,Nikkei
60850,영림원소프트랩,469.0,5572.0,17.91,1.51,0.95,8.417085427135678,20240731,8400,369,8131000,-0.94,2745.989990234375,796.2000122070312,,,,38377.41015625
