종목코드,종목명,EPS,BPS,PER,PBR,배당수익률,ROE,날짜,종가,거래량,상장주식수,등락률,KOSPI,KOSDAQ,NASDAQ,Dow Jones,S&P 500,Nikkei
14440,영보화학,306.0,8403.0,11.39,0.41,1.43,3.641556586933238,20240731,3485,9611,20000000,-0.43,2745.989990234375,796.2000122070312,,,,38377.41015625
