종목코드,종목명,EPS,BPS,PER,PBR,배당수익률,ROE,날짜,종가,거래량,상장주식수,등락률,KOSPI,KOSDAQ,NASDAQ,Dow Jones,S&P 500,Nikkei
9970,영원무역홀딩스,32032.0,202971.0,2.53,0.4,4.9,15.781564854092457,20240731,81000,876,13635592,0.25,2745.989990234375,796.2000122070312,,,,38377.41015625
