종목코드,종목명,EPS,BPS,PER,PBR,배당수익률,ROE,날짜,종가,거래량,상장주식수,등락률,KOSPI,KOSDAQ,NASDAQ,Dow Jones,S&P 500,Nikkei
12280,영화금속,145.0,1307.0,5.96,0.66,2.31,11.094108645753634,20240731,864,22799,51664505,0.47,2745.989990234375,796.2000122070312,,,,38377.41015625
