종목코드,종목명,EPS,BPS,PER,PBR,배당수익률,ROE,날짜,종가,거래량,상장주식수,등락률,KOSPI,KOSDAQ,NASDAQ,Dow Jones,S&P 500,Nikkei
36560,영풍정밀,1855.0,21362.0,5.64,0.49,5.74,8.683643853571763,20240731,10460,3843,15750000,-0.38,2745.989990234375,796.2000122070312,,,,38377.41015625
