종목코드,종목명,EPS,BPS,PER,PBR,배당수익률,ROE,날짜,종가,거래량,상장주식수,등락률,KOSPI,KOSDAQ,NASDAQ,Dow Jones,S&P 500,Nikkei
670,영풍,,2216785.0,,0.14,3.28,,20240731,305000,360,1842040,-0.49,2745.989990234375,796.2000122070312,,,,38377.41015625
