종목코드,종목명,EPS,BPS,PER,PBR,배당수익률,ROE,날짜,종가,거래량,상장주식수,등락률,KOSPI,KOSDAQ,NASDAQ,Dow Jones,S&P 500,Nikkei
45060,오공,524.0,6519.0,5.5,0.44,1.74,8.03804264457739,20240731,2880,6396,16941974,-0.86,2745.989990234375,796.2000122070312,,,,38377.41015625
