종목코드,종목명,EPS,BPS,PER,PBR,배당수익률,ROE,날짜,종가,거래량,상장주식수,등락률,KOSPI,KOSDAQ,NASDAQ,Dow Jones,S&P 500,Nikkei
1800,오리온홀딩스,1423.0,36513.0,10.5,0.41,5.02,3.897242078163941,20240731,14940,10890,62645422,0.13,2745.989990234375,796.2000122070312,,,,38377.41015625
