종목코드,종목명,EPS,BPS,PER,PBR,배당수익률,ROE,날짜,종가,거래량,상장주식수,등락률,KOSPI,KOSDAQ,NASDAQ,Dow Jones,S&P 500,Nikkei
80520,오디텍,279.0,11630.0,14.55,0.35,2.46,2.398968185726569,20240731,4060,11395,11746609,-0.49,2745.989990234375,796.2000122070312,,,,38377.41015625
