종목코드,종목명,EPS,BPS,PER,PBR,배당수익률,ROE,날짜,종가,거래량,상장주식수,등락률,KOSPI,KOSDAQ,NASDAQ,Dow Jones,S&P 500,Nikkei
10470,오리콤,847.0,10149.0,8.3,0.69,3.84,8.345649817716032,20240731,7030,8823,11975050,0.14,2745.989990234375,796.2000122070312,,,,38377.41015625
