종목코드,종목명,EPS,BPS,PER,PBR,배당수익률,ROE,날짜,종가,거래량,상장주식수,등락률,KOSPI,KOSDAQ,NASDAQ,Dow Jones,S&P 500,Nikkei
14940,오리엔탈정공,196.0,1908.0,22.6,2.32,1.13,10.272536687631026,20240731,4430,251386,45573661,-0.78,2745.989990234375,796.2000122070312,,,,38377.41015625
