종목코드,종목명,EPS,BPS,PER,PBR,배당수익률,ROE,날짜,종가,거래량,상장주식수,등락률,KOSPI,KOSDAQ,NASDAQ,Dow Jones,S&P 500,Nikkei
7310,오뚜기,46617.0,562474.0,9.36,0.78,2.06,8.287849749499532,20240731,436500,2026,4007830,1.99,2745.989990234375,796.2000122070312,,,,38377.41015625
