종목코드,종목명,EPS,BPS,PER,PBR,배당수익률,ROE,날짜,종가,거래량,상장주식수,등락률,KOSPI,KOSDAQ,NASDAQ,Dow Jones,S&P 500,Nikkei
65500,오리엔트정공,,1185.0,,1.1,0.0,,20240731,1305,31098,31742912,1.56,2745.989990234375,796.2000122070312,,,,38377.41015625
