종목코드,종목명,EPS,BPS,PER,PBR,배당수익률,ROE,날짜,종가,거래량,상장주식수,등락률,KOSPI,KOSDAQ,NASDAQ,Dow Jones,S&P 500,Nikkei
52420,오성첨단소재,167.0,2791.0,14.79,0.88,0.0,5.983518452167682,20240731,2460,29281686,84353036,7.89,2745.989990234375,796.2000122070312,,,,38377.41015625
