종목코드,종목명,EPS,BPS,PER,PBR,배당수익률,ROE,날짜,종가,거래량,상장주식수,등락률,KOSPI,KOSDAQ,NASDAQ,Dow Jones,S&P 500,Nikkei
173130,오파스넷,807.0,3525.0,9.84,2.25,1.26,22.8936170212766,20240731,7940,21082,13046473,0.13,2745.989990234375,796.2000122070312,,,,38377.41015625
