종목코드,종목명,EPS,BPS,PER,PBR,배당수익률,ROE,날짜,종가,거래량,상장주식수,등락률,KOSPI,KOSDAQ,NASDAQ,Dow Jones,S&P 500,Nikkei
380540,옵티코어,,694.0,,1.8,0.0,,20240731,1247,7721751,29779596,-7.36,2745.989990234375,796.2000122070312,,,,38377.41015625
