종목코드,종목명,EPS,BPS,PER,PBR,배당수익률,ROE,날짜,종가,거래량,상장주식수,등락률,KOSPI,KOSDAQ,NASDAQ,Dow Jones,S&P 500,Nikkei
131030,옵투스제약,708.0,8811.0,10.42,0.84,1.36,8.035410282601294,20240731,7430,33694,16153162,-0.67,2745.989990234375,796.2000122070312,,,,38377.41015625
