종목코드,종목명,EPS,BPS,PER,PBR,배당수익률,ROE,날짜,종가,거래량,상장주식수,등락률,KOSPI,KOSDAQ,NASDAQ,Dow Jones,S&P 500,Nikkei
66430,와이오엠,74.0,1098.0,8.74,0.59,0.0,6.739526411657559,20240731,647,96419,39153476,-3.43,2745.989990234375,796.2000122070312,,,,38377.41015625
