종목코드,종목명,EPS,BPS,PER,PBR,배당수익률,ROE,날짜,종가,거래량,상장주식수,등락률,KOSPI,KOSDAQ,NASDAQ,Dow Jones,S&P 500,Nikkei
155650,와이엠씨,752.0,6217.0,5.25,0.63,5.07,12.095866173395528,20240731,3945,12723,19474358,0.0,2745.989990234375,796.2000122070312,,,,38377.41015625
