종목코드,종목명,EPS,BPS,PER,PBR,배당수익률,ROE,날짜,종가,거래량,상장주식수,등락률,KOSPI,KOSDAQ,NASDAQ,Dow Jones,S&P 500,Nikkei
122870,와이지엔터테인먼트,3310.0,25166.0,11.57,1.52,0.78,13.152666295795914,20240731,38250,44414,18691049,1.19,2745.989990234375,796.2000122070312,,,,38377.41015625
