종목코드,종목명,EPS,BPS,PER,PBR,배당수익률,ROE,날짜,종가,거래량,상장주식수,등락률,KOSPI,KOSDAQ,NASDAQ,Dow Jones,S&P 500,Nikkei
122990,와이솔,477.0,12573.0,14.86,0.56,3.53,3.7938439513242654,20240731,7090,8989,28186941,1.29,2745.989990234375,796.2000122070312,,,,38377.41015625
