종목코드,종목명,EPS,BPS,PER,PBR,배당수익률,ROE,날짜,종가,거래량,상장주식수,등락률,KOSPI,KOSDAQ,NASDAQ,Dow Jones,S&P 500,Nikkei
232140,와이씨,169.0,3853.0,104.67,4.59,0.0,4.386192577212562,20240731,17690,8823390,82045350,7.21,2745.989990234375,796.2000122070312,,,,38377.41015625
