종목코드,종목명,EPS,BPS,PER,PBR,배당수익률,ROE,날짜,종가,거래량,상장주식수,등락률,KOSPI,KOSDAQ,NASDAQ,Dow Jones,S&P 500,Nikkei
153490,우리이앤엘,107.0,1616.0,7.92,0.52,0.0,6.621287128712872,20240731,846,58523,51480000,-0.24,2745.989990234375,796.2000122070312,,,,38377.41015625
