종목코드,종목명,EPS,BPS,PER,PBR,배당수익률,ROE,날짜,종가,거래량,상장주식수,등락률,KOSPI,KOSDAQ,NASDAQ,Dow Jones,S&P 500,Nikkei
115440,우리넷,636.0,7071.0,9.7,0.87,0.0,8.994484514212983,20240731,6170,7103,10754239,-0.48,2745.989990234375,796.2000122070312,,,,38377.41015625
