종목코드,종목명,EPS,BPS,PER,PBR,배당수익률,ROE,날짜,종가,거래량,상장주식수,등락률,KOSPI,KOSDAQ,NASDAQ,Dow Jones,S&P 500,Nikkei
82850,우리바이오,331.0,4227.0,15.56,1.22,0.0,7.830612727702863,20240731,5160,9091595,48436578,-0.39,2745.989990234375,796.2000122070312,,,,38377.41015625
