종목코드,종목명,EPS,BPS,PER,PBR,배당수익률,ROE,날짜,종가,거래량,상장주식수,등락률,KOSPI,KOSDAQ,NASDAQ,Dow Jones,S&P 500,Nikkei
403490,우듬지팜,34.0,836.0,65.59,2.67,0.0,4.066985645933015,20240731,2230,30366,45212464,0.45,2745.989990234375,796.2000122070312,,,,38377.41015625
