종목코드,종목명,EPS,BPS,PER,PBR,배당수익률,ROE,날짜,종가,거래량,상장주식수,등락률,KOSPI,KOSDAQ,NASDAQ,Dow Jones,S&P 500,Nikkei
6980,우성,4307.0,71109.0,4.05,0.25,1.72,6.056898564176124,20240731,17450,1129,3090000,-0.4,2745.989990234375,796.2000122070312,,,,38377.41015625
