종목코드,종목명,EPS,BPS,PER,PBR,배당수익률,ROE,날짜,종가,거래량,상장주식수,등락률,KOSPI,KOSDAQ,NASDAQ,Dow Jones,S&P 500,Nikkei
65680,우주일렉트로,684.0,27866.0,20.38,0.5,1.08,2.4546041771334246,20240731,13940,6403,9530000,-1.27,2745.989990234375,796.2000122070312,,,,38377.41015625
