종목코드,종목명,EPS,BPS,PER,PBR,배당수익률,ROE,날짜,종가,거래량,상장주식수,등락률,KOSPI,KOSDAQ,NASDAQ,Dow Jones,S&P 500,Nikkei
46940,우원개발,82.0,5712.0,44.21,0.63,0.0,1.4355742296918768,20240731,3615,15823993,18074350,2.26,2745.989990234375,796.2000122070312,,,,38377.41015625
