종목코드,종목명,EPS,BPS,PER,PBR,배당수익률,ROE,날짜,종가,거래량,상장주식수,등락률,KOSPI,KOSDAQ,NASDAQ,Dow Jones,S&P 500,Nikkei
10400,우진아이엔에스,288.0,14230.0,13.06,0.26,0.0,2.0238931834153195,20240731,3760,721,7622000,-1.05,2745.989990234375,796.2000122070312,,,,38377.41015625
