종목코드,종목명,EPS,BPS,PER,PBR,배당수익률,ROE,날짜,종가,거래량,상장주식수,등락률,KOSPI,KOSDAQ,NASDAQ,Dow Jones,S&P 500,Nikkei
457550,우진엔텍,830.0,4701.0,26.99,4.76,1.47,17.65581791108275,20240731,22400,350967,9271339,1.13,2745.989990234375,796.2000122070312,,,,38377.41015625
