종목코드,종목명,EPS,BPS,PER,PBR,배당수익률,ROE,날짜,종가,거래량,상장주식수,등락률,KOSPI,KOSDAQ,NASDAQ,Dow Jones,S&P 500,Nikkei
396470,워트,172.0,3765.0,79.71,3.64,0.36,4.568393094289509,20240731,13730,416814,16120000,-5.38,2745.989990234375,796.2000122070312,,,,38377.41015625
