종목코드,종목명,EPS,BPS,PER,PBR,배당수익률,ROE,날짜,종가,거래량,상장주식수,등락률,KOSPI,KOSDAQ,NASDAQ,Dow Jones,S&P 500,Nikkei
5820,원림,3577.0,58550.0,4.55,0.28,3.07,6.10930828351836,20240731,16290,249,2297970,-0.49,2745.989990234375,796.2000122070312,,,,38377.41015625
