종목코드,종목명,EPS,BPS,PER,PBR,배당수익률,ROE,날짜,종가,거래량,상장주식수,등락률,KOSPI,KOSDAQ,NASDAQ,Dow Jones,S&P 500,Nikkei
104830,원익머트리얼즈,1098.0,35554.0,27.82,0.86,0.49,3.088260111379873,20240731,30550,8003,12608000,0.16,2745.989990234375,796.2000122070312,,,,38377.41015625
