종목코드,종목명,EPS,BPS,PER,PBR,배당수익률,ROE,날짜,종가,거래량,상장주식수,등락률,KOSPI,KOSDAQ,NASDAQ,Dow Jones,S&P 500,Nikkei
8370,원풍,591.0,7957.0,8.26,0.61,4.51,7.427422395375141,20240731,4880,43983,12000000,-0.31,2745.989990234375,796.2000122070312,,,,38377.41015625
