종목코드,종목명,EPS,BPS,PER,PBR,배당수익률,ROE,날짜,종가,거래량,상장주식수,등락률,KOSPI,KOSDAQ,NASDAQ,Dow Jones,S&P 500,Nikkei
336060,웨이버스,148.0,732.0,11.13,2.25,0.0,20.21857923497268,20240731,1647,322524,48155200,0.43,2745.989990234375,796.2000122070312,,,,38377.41015625
