종목코드,종목명,EPS,BPS,PER,PBR,배당수익률,ROE,날짜,종가,거래량,상장주식수,등락률,KOSPI,KOSDAQ,NASDAQ,Dow Jones,S&P 500,Nikkei
10600,웰바이오텍,,418.0,,1.3,0.0,,20240731,545,0,90923407,0.0,2745.989990234375,796.2000122070312,,,,38377.41015625
