종목코드,종목명,EPS,BPS,PER,PBR,배당수익률,ROE,날짜,종가,거래량,상장주식수,등락률,KOSPI,KOSDAQ,NASDAQ,Dow Jones,S&P 500,Nikkei
43590,웰킵스하이텍,343.0,1598.0,2.63,0.56,0.0,21.46433041301627,20240731,901,17219,27136762,-0.66,2745.989990234375,796.2000122070312,,,,38377.41015625
