종목코드,종목명,EPS,BPS,PER,PBR,배당수익률,ROE,날짜,종가,거래량,상장주식수,등락률,KOSPI,KOSDAQ,NASDAQ,Dow Jones,S&P 500,Nikkei
53580,웹케시,416.0,7720.0,18.99,1.02,1.27,5.388601036269431,20240731,7900,2056,13636248,-1.13,2745.989990234375,796.2000122070312,,,,38377.41015625
