종목코드,종목명,EPS,BPS,PER,PBR,배당수익률,ROE,날짜,종가,거래량,상장주식수,등락률,KOSPI,KOSDAQ,NASDAQ,Dow Jones,S&P 500,Nikkei
196700,웹스,70.0,2378.0,22.6,0.67,0.0,2.943650126156434,20240731,1582,298703,14364144,-4.12,2745.989990234375,796.2000122070312,,,,38377.41015625
