종목코드,종목명,EPS,BPS,PER,PBR,배당수익률,ROE,날짜,종가,거래량,상장주식수,등락률,KOSPI,KOSDAQ,NASDAQ,Dow Jones,S&P 500,Nikkei
330350,위더스제약,603.0,6839.0,13.68,1.21,1.21,8.8170785202515,20240731,8250,12198,13202139,-1.67,2745.989990234375,796.2000122070312,,,,38377.41015625
