종목코드,종목명,EPS,BPS,PER,PBR,배당수익률,ROE,날짜,종가,거래량,상장주식수,등락률,KOSPI,KOSDAQ,NASDAQ,Dow Jones,S&P 500,Nikkei
112040,위메이드,,7843.0,,4.64,0.0,,20240731,36300,48702,33948483,-1.09,2745.989990234375,796.2000122070312,,,,38377.41015625
