종목코드,종목명,EPS,BPS,PER,PBR,배당수익률,ROE,날짜,종가,거래량,상장주식수,등락률,KOSPI,KOSDAQ,NASDAQ,Dow Jones,S&P 500,Nikkei
44340,위닉스,633.0,13257.0,11.17,0.53,4.24,4.774835935732066,20240731,7070,15585,17873425,-0.14,2745.989990234375,796.2000122070312,,,,38377.41015625
