종목코드,종목명,EPS,BPS,PER,PBR,배당수익률,ROE,날짜,종가,거래량,상장주식수,등락률,KOSPI,KOSDAQ,NASDAQ,Dow Jones,S&P 500,Nikkei
299900,위지윅스튜디오,299.0,1311.0,5.11,1.17,0.0,22.807017543859647,20240731,1529,197983,171048884,-1.29,2745.989990234375,796.2000122070312,,,,38377.41015625
