종목코드,종목명,EPS,BPS,PER,PBR,배당수익률,ROE,날짜,종가,거래량,상장주식수,등락률,KOSPI,KOSDAQ,NASDAQ,Dow Jones,S&P 500,Nikkei
65370,위세아이텍,,4698.0,,1.19,2.68,,20240731,5600,11137,7383954,0.36,2745.989990234375,796.2000122070312,,,,38377.41015625
