종목코드,종목명,EPS,BPS,PER,PBR,배당수익률,ROE,날짜,종가,거래량,상장주식수,등락률,KOSPI,KOSDAQ,NASDAQ,Dow Jones,S&P 500,Nikkei
89850,유비벨록스,1439.0,8442.0,5.52,0.94,3.53,17.045723762141673,20240731,7940,8448,14730199,0.51,2745.989990234375,796.2000122070312,,,,38377.41015625
