종목코드,종목명,EPS,BPS,PER,PBR,배당수익률,ROE,날짜,종가,거래량,상장주식수,등락률,KOSPI,KOSDAQ,NASDAQ,Dow Jones,S&P 500,Nikkei
203450,유니온커뮤니티,238.0,3087.0,12.39,0.96,2.37,7.709750566893423,20240731,2950,426105,14079007,-4.84,2745.989990234375,796.2000122070312,,,,38377.41015625
