종목코드,종목명,EPS,BPS,PER,PBR,배당수익률,ROE,날짜,종가,거래량,상장주식수,등락률,KOSPI,KOSDAQ,NASDAQ,Dow Jones,S&P 500,Nikkei
78070,유비쿼스홀딩스,847.0,14656.0,12.46,0.72,2.37,5.779203056768559,20240731,10550,1329,18150700,-0.38,2745.989990234375,796.2000122070312,,,,38377.41015625
