종목코드,종목명,EPS,BPS,PER,PBR,배당수익률,ROE,날짜,종가,거래량,상장주식수,등락률,KOSPI,KOSDAQ,NASDAQ,Dow Jones,S&P 500,Nikkei
84440,유비온,,464.0,,2.02,0.0,,20240731,939,37581,19712800,0.21,2745.989990234375,796.2000122070312,,,,38377.41015625
