종목코드,종목명,EPS,BPS,PER,PBR,배당수익률,ROE,날짜,종가,거래량,상장주식수,등락률,KOSPI,KOSDAQ,NASDAQ,Dow Jones,S&P 500,Nikkei
446070,유니드비티플러스,81.0,18099.0,54.75,0.25,0.0,0.4475385380407757,20240731,4435,10714,10611215,-1.22,2745.989990234375,796.2000122070312,,,,38377.41015625
