종목코드,종목명,EPS,BPS,PER,PBR,배당수익률,ROE,날짜,종가,거래량,상장주식수,등락률,KOSPI,KOSDAQ,NASDAQ,Dow Jones,S&P 500,Nikkei
700,유수홀딩스,417.0,13687.0,12.93,0.39,6.49,3.0466866369547745,20240731,5390,4396,26041812,0.0,2745.989990234375,796.2000122070312,,,,38377.41015625
