종목코드,종목명,EPS,BPS,PER,PBR,배당수익률,ROE,날짜,종가,거래량,상장주식수,등락률,KOSPI,KOSDAQ,NASDAQ,Dow Jones,S&P 500,Nikkei
23410,유진기업,959.0,14368.0,3.76,0.25,4.72,6.674554565701558,20240731,3605,575026,77310863,2.27,2745.989990234375,796.2000122070312,,,,38377.41015625
