종목코드,종목명,EPS,BPS,PER,PBR,배당수익률,ROE,날짜,종가,거래량,상장주식수,등락률,KOSPI,KOSDAQ,NASDAQ,Dow Jones,S&P 500,Nikkei
49520,유아이엘,540.0,7593.0,10.8,0.77,0.0,7.111813512445673,20240731,5830,66523,21784936,1.57,2745.989990234375,796.2000122070312,,,,38377.41015625
