종목코드,종목명,EPS,BPS,PER,PBR,배당수익률,ROE,날짜,종가,거래량,상장주식수,등락률,KOSPI,KOSDAQ,NASDAQ,Dow Jones,S&P 500,Nikkei
388720,유일로보틱스,,3903.0,,6.78,0.0,,20240731,26450,18356,11453434,0.38,2745.989990234375,796.2000122070312,,,,38377.41015625
