종목코드,종목명,EPS,BPS,PER,PBR,배당수익률,ROE,날짜,종가,거래량,상장주식수,등락률,KOSPI,KOSDAQ,NASDAQ,Dow Jones,S&P 500,Nikkei
3460,유화증권,119.0,8346.0,18.66,0.27,5.41,1.4258327342439492,20240731,2220,11980,56702415,0.91,2745.989990234375,796.2000122070312,,,,38377.41015625
