종목코드,종목명,EPS,BPS,PER,PBR,배당수익률,ROE,날짜,종가,거래량,상장주식수,등락률,KOSPI,KOSDAQ,NASDAQ,Dow Jones,S&P 500,Nikkei
8730,율촌화학,,12349.0,,1.99,1.02,,20240731,24600,1618841,24800000,-18.27,2745.989990234375,796.2000122070312,,,,38377.41015625
