종목코드,종목명,EPS,BPS,PER,PBR,배당수익률,ROE,날짜,종가,거래량,상장주식수,등락률,KOSPI,KOSDAQ,NASDAQ,Dow Jones,S&P 500,Nikkei
25820,이구산업,20.0,3766.0,222.75,1.18,1.12,0.5310674455655868,20240731,4455,68822,33442000,0.22,2745.989990234375,796.2000122070312,,,,38377.41015625
