종목코드,종목명,EPS,BPS,PER,PBR,배당수익률,ROE,날짜,종가,거래량,상장주식수,등락률,KOSPI,KOSDAQ,NASDAQ,Dow Jones,S&P 500,Nikkei
8250,이건산업,,18529.0,,0.3,1.81,,20240731,5500,8689,10952635,0.18,2745.989990234375,796.2000122070312,,,,38377.41015625
