종목코드,종목명,EPS,BPS,PER,PBR,배당수익률,ROE,날짜,종가,거래량,상장주식수,등락률,KOSPI,KOSDAQ,NASDAQ,Dow Jones,S&P 500,Nikkei
164060,이루다,,2682.0,,2.38,0.0,,20240731,6370,17446,21200934,-1.24,2745.989990234375,796.2000122070312,,,,38377.41015625
