종목코드,종목명,EPS,BPS,PER,PBR,배당수익률,ROE,날짜,종가,거래량,상장주식수,등락률,KOSPI,KOSDAQ,NASDAQ,Dow Jones,S&P 500,Nikkei
73490,이노와이어리스,1430.0,21824.0,13.56,0.89,1.81,6.552419354838709,20240731,19390,5355,7603846,-0.05,2745.989990234375,796.2000122070312,,,,38377.41015625
