종목코드,종목명,EPS,BPS,PER,PBR,배당수익률,ROE,날짜,종가,거래량,상장주식수,등락률,KOSPI,KOSDAQ,NASDAQ,Dow Jones,S&P 500,Nikkei
214320,이노션,2544.0,22771.0,7.81,0.87,5.91,11.172104870229678,20240731,19870,9455,40000000,0.86,2745.989990234375,796.2000122070312,,,,38377.41015625
