종목코드,종목명,EPS,BPS,PER,PBR,배당수익률,ROE,날짜,종가,거래량,상장주식수,등락률,KOSPI,KOSDAQ,NASDAQ,Dow Jones,S&P 500,Nikkei
302430,이노메트리,800.0,6563.0,11.56,1.41,0.0,12.189547463050436,20240731,9260,7904,9833208,-0.86,2745.989990234375,796.2000122070312,,,,38377.41015625
