종목코드,종목명,EPS,BPS,PER,PBR,배당수익률,ROE,날짜,종가,거래량,상장주식수,등락률,KOSPI,KOSDAQ,NASDAQ,Dow Jones,S&P 500,Nikkei
56090,이노시스,21.0,763.0,69.14,1.9,0.0,2.752293577981652,20240731,1451,163186,93815001,-2.29,2745.989990234375,796.2000122070312,,,,38377.41015625
