종목코드,종목명,EPS,BPS,PER,PBR,배당수익률,ROE,날짜,종가,거래량,상장주식수,등락률,KOSPI,KOSDAQ,NASDAQ,Dow Jones,S&P 500,Nikkei
303530,이노뎁,144.0,5510.0,58.4,1.53,0.0,2.613430127041742,20240731,8410,3661,7339299,-0.59,2745.989990234375,796.2000122070312,,,,38377.41015625
