종목코드,종목명,EPS,BPS,PER,PBR,배당수익률,ROE,날짜,종가,거래량,상장주식수,등락률,KOSPI,KOSDAQ,NASDAQ,Dow Jones,S&P 500,Nikkei
63760,이엘피,64.0,7330.0,45.47,0.4,1.72,0.8731241473396999,20240731,2910,3013,9325130,-0.34,2745.989990234375,796.2000122070312,,,,38377.41015625
