종목코드,종목명,EPS,BPS,PER,PBR,배당수익률,ROE,날짜,종가,거래량,상장주식수,등락률,KOSPI,KOSDAQ,NASDAQ,Dow Jones,S&P 500,Nikkei
457190,이수스페셜티케미컬,,3426.0,,9.91,0.0,,20240731,33950,132294,30208280,-3.82,2745.989990234375,796.2000122070312,,,,38377.41015625
