종목코드,종목명,EPS,BPS,PER,PBR,배당수익률,ROE,날짜,종가,거래량,상장주식수,등락률,KOSPI,KOSDAQ,NASDAQ,Dow Jones,S&P 500,Nikkei
353810,이지바이오,455.0,1839.0,9.79,2.42,2.24,24.741707449700925,20240731,4470,31990,34191720,0.34,2745.989990234375,796.2000122070312,,,,38377.41015625
