종목코드,종목명,EPS,BPS,PER,PBR,배당수익률,ROE,날짜,종가,거래량,상장주식수,등락률,KOSPI,KOSDAQ,NASDAQ,Dow Jones,S&P 500,Nikkei
92130,이크레더블,975.0,3776.0,12.61,3.25,6.35,25.820974576271187,20240731,12290,1467,12043600,-0.49,2745.989990234375,796.2000122070312,,,,38377.41015625
