종목코드,종목명,EPS,BPS,PER,PBR,배당수익률,ROE,날짜,종가,거래량,상장주식수,등락률,KOSPI,KOSDAQ,NASDAQ,Dow Jones,S&P 500,Nikkei
34590,인천도시가스,4251.0,51324.0,6.05,0.5,4.86,8.282674772036474,20240731,25700,129,4374754,0.19,2745.989990234375,796.2000122070312,,,,38377.41015625
