종목코드,종목명,EPS,BPS,PER,PBR,배당수익률,ROE,날짜,종가,거래량,상장주식수,등락률,KOSPI,KOSDAQ,NASDAQ,Dow Jones,S&P 500,Nikkei
60150,인선이엔티,38.0,7666.0,167.63,0.83,0.0,0.4956952778502478,20240731,6370,41110,46563612,-0.93,2745.989990234375,796.2000122070312,,,,38377.41015625
