종목코드,종목명,EPS,BPS,PER,PBR,배당수익률,ROE,날짜,종가,거래량,상장주식수,등락률,KOSPI,KOSDAQ,NASDAQ,Dow Jones,S&P 500,Nikkei
450520,인스웨이브시스템즈,384.0,3131.0,11.46,1.41,0.0,12.26445225167678,20240731,4400,644438,14704578,3.41,2745.989990234375,796.2000122070312,,,,38377.41015625
