종목코드,종목명,EPS,BPS,PER,PBR,배당수익률,ROE,날짜,종가,거래량,상장주식수,등락률,KOSPI,KOSDAQ,NASDAQ,Dow Jones,S&P 500,Nikkei
71200,인피니트헬스케어,785.0,5498.0,6.03,0.86,0.0,14.277919243361223,20240731,4735,9776,24396458,0.11,2745.989990234375,796.2000122070312,,,,38377.41015625
