종목코드,종목명,EPS,BPS,PER,PBR,배당수익률,ROE,날짜,종가,거래량,상장주식수,등락률,KOSPI,KOSDAQ,NASDAQ,Dow Jones,S&P 500,Nikkei
49070,인탑스,1715.0,39253.0,12.62,0.55,1.09,4.369092808193004,20240731,21650,33789,17200000,2.61,2745.989990234375,796.2000122070312,,,,38377.41015625
