종목코드,종목명,EPS,BPS,PER,PBR,배당수익률,ROE,날짜,종가,거래량,상장주식수,등락률,KOSPI,KOSDAQ,NASDAQ,Dow Jones,S&P 500,Nikkei
39290,인포뱅크,734.0,8990.0,10.07,0.82,0.68,8.164627363737488,20240731,7390,9117,8693978,-0.4,2745.989990234375,796.2000122070312,,,,38377.41015625
