종목코드,종목명,EPS,BPS,PER,PBR,배당수익률,ROE,날짜,종가,거래량,상장주식수,등락률,KOSPI,KOSDAQ,NASDAQ,Dow Jones,S&P 500,Nikkei
101930,인화정공,270.0,18604.0,85.56,1.24,9.74,1.4513007955278434,20240731,23100,24775,9615733,1.32,2745.989990234375,796.2000122070312,,,,38377.41015625
