종목코드,종목명,EPS,BPS,PER,PBR,배당수익률,ROE,날짜,종가,거래량,상장주식수,등락률,KOSPI,KOSDAQ,NASDAQ,Dow Jones,S&P 500,Nikkei
115310,인포바인,3341.0,49587.0,5.97,0.4,4.51,6.737653013894771,20240731,19960,1265,3192883,-0.45,2745.989990234375,796.2000122070312,,,,38377.41015625
