종목코드,종목명,EPS,BPS,PER,PBR,배당수익률,ROE,날짜,종가,거래량,상장주식수,등락률,KOSPI,KOSDAQ,NASDAQ,Dow Jones,S&P 500,Nikkei
48530,인트론바이오,,2914.0,,2.22,1.55,,20240731,6460,53425,34150762,0.94,2745.989990234375,796.2000122070312,,,,38377.41015625
