종목코드,종목명,EPS,BPS,PER,PBR,배당수익률,ROE,날짜,종가,거래량,상장주식수,등락률,KOSPI,KOSDAQ,NASDAQ,Dow Jones,S&P 500,Nikkei
129260,인터지스,475.0,9198.0,4.79,0.25,4.4,5.164166123070232,20240731,2275,17558,29747874,0.22,2745.989990234375,796.2000122070312,,,,38377.41015625
