종목코드,종목명,EPS,BPS,PER,PBR,배당수익률,ROE,날짜,종가,거래량,상장주식수,등락률,KOSPI,KOSDAQ,NASDAQ,Dow Jones,S&P 500,Nikkei
20760,일진디스플,,496.0,,2.21,0.0,,20240731,1098,24653,51513741,-0.81,2745.989990234375,796.2000122070312,,,,38377.41015625
