종목코드,종목명,EPS,BPS,PER,PBR,배당수익률,ROE,날짜,종가,거래량,상장주식수,등락률,KOSPI,KOSDAQ,NASDAQ,Dow Jones,S&P 500,Nikkei
81000,일진다이아,704.0,28457.0,21.8,0.54,1.95,2.4739080015461923,20240731,15330,297757,14202975,9.27,2745.989990234375,796.2000122070312,,,,38377.41015625
