종목코드,종목명,EPS,BPS,PER,PBR,배당수익률,ROE,날짜,종가,거래량,상장주식수,등락률,KOSPI,KOSDAQ,NASDAQ,Dow Jones,S&P 500,Nikkei
103590,일진전기,881.0,9465.0,25.82,2.4,0.97,9.30797675647121,20240731,22750,265010,47685390,-1.52,2745.989990234375,796.2000122070312,,,,38377.41015625
