종목코드,종목명,EPS,BPS,PER,PBR,배당수익률,ROE,날짜,종가,거래량,상장주식수,등락률,KOSPI,KOSDAQ,NASDAQ,Dow Jones,S&P 500,Nikkei
3200,일신방직,360.0,40268.0,22.86,0.2,1.22,0.8940101321148306,20240731,8230,4854,23280000,0.37,2745.989990234375,796.2000122070312,,,,38377.41015625
