종목코드,종목명,EPS,BPS,PER,PBR,배당수익률,ROE,날짜,종가,거래량,상장주식수,등락률,KOSPI,KOSDAQ,NASDAQ,Dow Jones,S&P 500,Nikkei
8500,일정실업,,2571.0,,4.86,0.0,,20240731,12500,312,1200000,-0.79,2745.989990234375,796.2000122070312,,,,38377.41015625
