종목코드,종목명,EPS,BPS,PER,PBR,배당수익률,ROE,날짜,종가,거래량,상장주식수,등락률,KOSPI,KOSDAQ,NASDAQ,Dow Jones,S&P 500,Nikkei
333430,일승,125.0,1237.0,31.44,3.18,0.0,10.105092966855295,20240731,3930,45179,30726747,0.0,2745.989990234375,796.2000122070312,,,,38377.41015625
