종목코드,종목명,EPS,BPS,PER,PBR,배당수익률,ROE,날짜,종가,거래량,상장주식수,등락률,KOSPI,KOSDAQ,NASDAQ,Dow Jones,S&P 500,Nikkei
13360,일성건설,57.0,2309.0,26.67,0.66,0.0,2.468601126028584,20240731,1520,102877,54024880,-1.68,2745.989990234375,796.2000122070312,,,,38377.41015625
