종목코드,종목명,EPS,BPS,PER,PBR,배당수익률,ROE,날짜,종가,거래량,상장주식수,등락률,KOSPI,KOSDAQ,NASDAQ,Dow Jones,S&P 500,Nikkei
68330,일신바이오,148.0,1369.0,8.61,0.93,0.55,10.81081081081081,20240731,1274,13785,44216140,-0.47,2745.989990234375,796.2000122070312,,,,38377.41015625
