종목코드,종목명,EPS,BPS,PER,PBR,배당수익률,ROE,날짜,종가,거래량,상장주식수,등락률,KOSPI,KOSDAQ,NASDAQ,Dow Jones,S&P 500,Nikkei
19540,일지테크,2444.0,9284.0,1.78,0.47,2.29,26.324859974149074,20240731,4350,25443,13513500,-1.36,2745.989990234375,796.2000122070312,,,,38377.41015625
