종목코드,종목명,EPS,BPS,PER,PBR,배당수익률,ROE,날짜,종가,거래량,상장주식수,등락률,KOSPI,KOSDAQ,NASDAQ,Dow Jones,S&P 500,Nikkei
94820,일진파워,635.0,8668.0,17.4,1.27,2.99,7.325796031379787,20240731,11040,30203,15078709,0.09,2745.989990234375,796.2000122070312,,,,38377.41015625
