종목코드,종목명,EPS,BPS,PER,PBR,배당수익률,ROE,날짜,종가,거래량,상장주식수,등락률,KOSPI,KOSDAQ,NASDAQ,Dow Jones,S&P 500,Nikkei
15860,일진홀딩스,597.0,9819.0,6.55,0.4,3.84,6.080048884815154,20240731,3910,36357,49347483,-0.51,2745.989990234375,796.2000122070312,,,,38377.41015625
