종목코드,종목명,EPS,BPS,PER,PBR,배당수익률,ROE,날짜,종가,거래량,상장주식수,등락률,KOSPI,KOSDAQ,NASDAQ,Dow Jones,S&P 500,Nikkei
271940,일진하이솔루스,39.0,8699.0,547.44,2.45,0.0,0.4483273939533279,20240731,21350,19702,36313190,5.43,2745.989990234375,796.2000122070312,,,,38377.41015625
