종목코드,종목명,EPS,BPS,PER,PBR,배당수익률,ROE,날짜,종가,거래량,상장주식수,등락률,KOSPI,KOSDAQ,NASDAQ,Dow Jones,S&P 500,Nikkei
226320,잇츠한불,193.0,20949.0,67.56,0.62,1.15,0.9212850255382118,20240731,13040,9674,21929315,0.93,2745.989990234375,796.2000122070312,,,,38377.41015625
