종목코드,종목명,EPS,BPS,PER,PBR,배당수익률,ROE,날짜,종가,거래량,상장주식수,등락률,KOSPI,KOSDAQ,NASDAQ,Dow Jones,S&P 500,Nikkei
289220,자이언트스텝,,4312.0,,1.59,0.0,,20240731,6870,32715,22121745,-1.72,2745.989990234375,796.2000122070312,,,,38377.41015625
