종목코드,종목명,EPS,BPS,PER,PBR,배당수익률,ROE,날짜,종가,거래량,상장주식수,등락률,KOSPI,KOSDAQ,NASDAQ,Dow Jones,S&P 500,Nikkei
40420,정상제이엘에스,891.0,5619.0,7.41,1.17,8.03,15.85691404164442,20240731,6600,3858,15677552,-0.15,2745.989990234375,796.2000122070312,,,,38377.41015625
