종목코드,종목명,EPS,BPS,PER,PBR,배당수익률,ROE,날짜,종가,거래량,상장주식수,등락률,KOSPI,KOSDAQ,NASDAQ,Dow Jones,S&P 500,Nikkei
45510,정원엔시스,54.0,1367.0,20.28,0.8,0.0,3.9502560351133873,20240731,1095,2767,32209292,0.0,2745.989990234375,796.2000122070312,,,,38377.41015625
