종목코드,종목명,EPS,BPS,PER,PBR,배당수익률,ROE,날짜,종가,거래량,상장주식수,등락률,KOSPI,KOSDAQ,NASDAQ,Dow Jones,S&P 500,Nikkei
159580,제로투세븐,48.0,4070.0,102.81,1.21,1.01,1.1793611793611791,20240731,4935,36045,20032636,-1.3,2745.989990234375,796.2000122070312,,,,38377.41015625
