종목코드,종목명,EPS,BPS,PER,PBR,배당수익률,ROE,날짜,종가,거래량,상장주식수,등락률,KOSPI,KOSDAQ,NASDAQ,Dow Jones,S&P 500,Nikkei
33100,제룡전기,3510.0,7770.0,21.4,9.67,0.67,45.173745173745175,20240731,75000,271231,16062409,-1.57,2745.989990234375,796.2000122070312,,,,38377.41015625
