종목코드,종목명,EPS,BPS,PER,PBR,배당수익률,ROE,날짜,종가,거래량,상장주식수,등락률,KOSPI,KOSDAQ,NASDAQ,Dow Jones,S&P 500,Nikkei
122310,제노레이,912.0,6982.0,6.9,0.9,2.54,13.062159839587512,20240731,6290,3148,14553844,-0.16,2745.989990234375,796.2000122070312,,,,38377.41015625
