종목코드,종목명,EPS,BPS,PER,PBR,배당수익률,ROE,날짜,종가,거래량,상장주식수,등락률,KOSPI,KOSDAQ,NASDAQ,Dow Jones,S&P 500,Nikkei
322510,제이엘케이,,741.0,,17.67,0.0,,20240731,13090,131884,16195712,-1.36,2745.989990234375,796.2000122070312,,,,38377.41015625
