종목코드,종목명,EPS,BPS,PER,PBR,배당수익률,ROE,날짜,종가,거래량,상장주식수,등락률,KOSPI,KOSDAQ,NASDAQ,Dow Jones,S&P 500,Nikkei
137950,제이씨케미칼,946.0,7504.0,5.62,0.71,2.82,12.606609808102345,20240731,5320,23383,22267814,-0.93,2745.989990234375,796.2000122070312,,,,38377.41015625
