종목코드,종목명,EPS,BPS,PER,PBR,배당수익률,ROE,날짜,종가,거래량,상장주식수,등락률,KOSPI,KOSDAQ,NASDAQ,Dow Jones,S&P 500,Nikkei
6220,제주은행,66.0,16678.0,148.79,0.59,1.02,0.3957309029859695,20240731,9820,59076,32128774,-0.71,2745.989990234375,796.2000122070312,,,,38377.41015625
