종목코드,종목명,EPS,BPS,PER,PBR,배당수익률,ROE,날짜,종가,거래량,상장주식수,등락률,KOSPI,KOSDAQ,NASDAQ,Dow Jones,S&P 500,Nikkei
89590,제주항공,1650.0,3862.0,5.83,2.49,0.0,42.72397721387882,20240731,9620,38725,80640985,-0.41,2745.989990234375,796.2000122070312,,,,38377.41015625
