종목코드,종목명,EPS,BPS,PER,PBR,배당수익률,ROE,날짜,종가,거래량,상장주식수,등락률,KOSPI,KOSDAQ,NASDAQ,Dow Jones,S&P 500,Nikkei
38010,제일테크노스,3112.0,13610.0,2.48,0.57,2.33,22.86554004408523,20240731,7710,27762,9000000,1.18,2745.989990234375,796.2000122070312,,,,38377.41015625
