종목코드,종목명,EPS,BPS,PER,PBR,배당수익률,ROE,날짜,종가,거래량,상장주식수,등락률,KOSPI,KOSDAQ,NASDAQ,Dow Jones,S&P 500,Nikkei
420570,제이투케이바이오,1001.0,3533.0,21.63,6.13,0.0,28.332861590716107,20240731,21650,27839,5574115,-3.56,2745.989990234375,796.2000122070312,,,,38377.41015625
