종목코드,종목명,EPS,BPS,PER,PBR,배당수익률,ROE,날짜,종가,거래량,상장주식수,등락률,KOSPI,KOSDAQ,NASDAQ,Dow Jones,S&P 500,Nikkei
126880,제이엔케이글로벌,163.0,4930.0,23.16,0.77,0.0,3.306288032454361,20240731,3775,19549,23204903,-0.26,2745.989990234375,796.2000122070312,,,,38377.41015625
