종목코드,종목명,EPS,BPS,PER,PBR,배당수익률,ROE,날짜,종가,거래량,상장주식수,등락률,KOSPI,KOSDAQ,NASDAQ,Dow Jones,S&P 500,Nikkei
271980,제일약품,343.0,10882.0,44.61,1.41,0.33,3.151994118728175,20240731,15300,2946,14704872,0.0,2745.989990234375,796.2000122070312,,,,38377.41015625
