종목코드,종목명,EPS,BPS,PER,PBR,배당수익률,ROE,날짜,종가,거래량,상장주식수,등락률,KOSPI,KOSDAQ,NASDAQ,Dow Jones,S&P 500,Nikkei
25620,제이준코스메틱,,8940.0,,0.64,0.0,,20240731,5680,1468,4484846,0.18,2745.989990234375,796.2000122070312,,,,38377.41015625
