종목코드,종목명,EPS,BPS,PER,PBR,배당수익률,ROE,날짜,종가,거래량,상장주식수,등락률,KOSPI,KOSDAQ,NASDAQ,Dow Jones,S&P 500,Nikkei
412540,제일엠앤에스,,3177.0,,3.32,0.0,,20240731,10540,61799,20600665,-2.77,2745.989990234375,796.2000122070312,,,,38377.41015625
