종목코드,종목명,EPS,BPS,PER,PBR,배당수익률,ROE,날짜,종가,거래량,상장주식수,등락률,KOSPI,KOSDAQ,NASDAQ,Dow Jones,S&P 500,Nikkei
4700,조광피혁,2546.0,122353.0,20.31,0.42,0.0,2.080864384199815,20240731,51700,97,6649138,-1.52,2745.989990234375,796.2000122070312,,,,38377.41015625
