종목코드,종목명,EPS,BPS,PER,PBR,배당수익률,ROE,날짜,종가,거래량,상장주식수,등락률,KOSPI,KOSDAQ,NASDAQ,Dow Jones,S&P 500,Nikkei
120030,조선선재,12933.0,146238.0,7.54,0.67,0.51,8.843802568415871,20240731,97500,236,1257651,0.52,2745.989990234375,796.2000122070312,,,,38377.41015625
