종목코드,종목명,EPS,BPS,PER,PBR,배당수익률,ROE,날짜,종가,거래량,상장주식수,등락률,KOSPI,KOSDAQ,NASDAQ,Dow Jones,S&P 500,Nikkei
67000,조이시티,80.0,1517.0,25.88,1.36,0.0,5.273566249176005,20240731,2070,41767,69903446,-0.96,2745.989990234375,796.2000122070312,,,,38377.41015625
