종목코드,종목명,EPS,BPS,PER,PBR,배당수익률,ROE,날짜,종가,거래량,상장주식수,등락률,KOSPI,KOSDAQ,NASDAQ,Dow Jones,S&P 500,Nikkei
2600,조흥,592.0,249400.0,289.36,0.69,3.5,0.2373696872493985,20240731,171300,106,600000,0.35,2745.989990234375,796.2000122070312,,,,38377.41015625
