종목코드,종목명,EPS,BPS,PER,PBR,배당수익률,ROE,날짜,종가,거래량,상장주식수,등락률,KOSPI,KOSDAQ,NASDAQ,Dow Jones,S&P 500,Nikkei
63160,종근당바이오,,22425.0,,1.15,0.0,,20240731,25700,165994,5485962,1.98,2745.989990234375,796.2000122070312,,,,38377.41015625
