종목코드,종목명,EPS,BPS,PER,PBR,배당수익률,ROE,날짜,종가,거래량,상장주식수,등락률,KOSPI,KOSDAQ,NASDAQ,Dow Jones,S&P 500,Nikkei
1630,종근당홀딩스,9744.0,118253.0,5.45,0.45,2.64,8.239960085579225,20240731,53100,1408,5009861,0.76,2745.989990234375,796.2000122070312,,,,38377.41015625
