종목코드,종목명,EPS,BPS,PER,PBR,배당수익률,ROE,날짜,종가,거래량,상장주식수,등락률,KOSPI,KOSDAQ,NASDAQ,Dow Jones,S&P 500,Nikkei
36930,주성엔지니어링,716.0,10890.0,37.85,2.49,0.18,6.574839302112029,20240731,27100,170538,48249212,-1.45,2745.989990234375,796.2000122070312,,,,38377.41015625
