종목코드,종목명,EPS,BPS,PER,PBR,배당수익률,ROE,날짜,종가,거래량,상장주식수,등락률,KOSPI,KOSDAQ,NASDAQ,Dow Jones,S&P 500,Nikkei
13890,지누스,263.0,31019.0,56.27,0.48,0.61,0.8478674360875592,20240731,14800,12319,20735204,0.48,2745.989990234375,796.2000122070312,,,,38377.41015625
