종목코드,종목명,EPS,BPS,PER,PBR,배당수익률,ROE,날짜,종가,거래량,상장주식수,등락률,KOSPI,KOSDAQ,NASDAQ,Dow Jones,S&P 500,Nikkei
382480,지아이텍,152.0,2006.0,15.86,1.2,1.49,7.577268195413758,20240731,2410,13122,39357140,0.84,2745.989990234375,796.2000122070312,,,,38377.41015625
