종목코드,종목명,EPS,BPS,PER,PBR,배당수익률,ROE,날짜,종가,거래량,상장주식수,등락률,KOSPI,KOSDAQ,NASDAQ,Dow Jones,S&P 500,Nikkei
71320,지역난방공사,16508.0,180371.0,2.88,0.26,0.0,9.152247312483714,20240731,47500,1607,11578744,-0.73,2745.989990234375,796.2000122070312,,,,38377.41015625
