종목코드,종목명,EPS,BPS,PER,PBR,배당수익률,ROE,날짜,종가,거래량,상장주식수,등락률,KOSPI,KOSDAQ,NASDAQ,Dow Jones,S&P 500,Nikkei
388050,지투파워,37.0,1735.0,211.08,4.5,0.0,2.132564841498559,20240731,7810,105599,18709437,0.13,2745.989990234375,796.2000122070312,,,,38377.41015625
