종목코드,종목명,EPS,BPS,PER,PBR,배당수익률,ROE,날짜,종가,거래량,상장주식수,등락률,KOSPI,KOSDAQ,NASDAQ,Dow Jones,S&P 500,Nikkei
3780,진양산업,654.0,4385.0,9.65,1.44,3.96,14.91448118586089,20240731,6310,29685,13000000,-0.94,2745.989990234375,796.2000122070312,,,,38377.41015625
