종목코드,종목명,EPS,BPS,PER,PBR,배당수익률,ROE,날짜,종가,거래량,상장주식수,등락률,KOSPI,KOSDAQ,NASDAQ,Dow Jones,S&P 500,Nikkei
272450,진에어,2494.0,2775.0,4.22,3.79,0.0,89.87387387387388,20240731,10530,22263,52200000,0.19,2745.989990234375,796.2000122070312,,,,38377.41015625
