종목코드,종목명,EPS,BPS,PER,PBR,배당수익률,ROE,날짜,종가,거래량,상장주식수,등락률,KOSPI,KOSDAQ,NASDAQ,Dow Jones,S&P 500,Nikkei
36890,진성티이씨,1422.0,11615.0,6.66,0.82,2.11,12.242789496340938,20240731,9470,61775,22482268,-0.11,2745.989990234375,796.2000122070312,,,,38377.41015625
