종목코드,종목명,EPS,BPS,PER,PBR,배당수익률,ROE,날짜,종가,거래량,상장주식수,등락률,KOSPI,KOSDAQ,NASDAQ,Dow Jones,S&P 500,Nikkei
261780,차백신연구소,,1325.0,,3.4,0.0,,20240731,4510,15130,26824748,-0.44,2745.989990234375,796.2000122070312,,,,38377.41015625
