종목코드,종목명,EPS,BPS,PER,PBR,배당수익률,ROE,날짜,종가,거래량,상장주식수,등락률,KOSPI,KOSDAQ,NASDAQ,Dow Jones,S&P 500,Nikkei
362320,청담글로벌,,3083.0,,2.64,0.0,,20240731,8150,23468,20551290,-0.12,2745.989990234375,796.2000122070312,,,,38377.41015625
