종목코드,종목명,EPS,BPS,PER,PBR,배당수익률,ROE,날짜,종가,거래량,상장주식수,등락률,KOSPI,KOSDAQ,NASDAQ,Dow Jones,S&P 500,Nikkei
33250,체시스,103.0,1039.0,12.78,1.27,0.0,9.913378248315688,20240731,1316,33299,32000000,0.46,2745.989990234375,796.2000122070312,,,,38377.41015625
