종목코드,종목명,EPS,BPS,PER,PBR,배당수익률,ROE,날짜,종가,거래량,상장주식수,등락률,KOSPI,KOSDAQ,NASDAQ,Dow Jones,S&P 500,Nikkei
35720,카카오,,22281.0,,1.75,0.16,,20240731,38900,313669,443443376,-0.38,2745.989990234375,796.2000122070312,,,,38377.41015625
