종목코드,종목명,EPS,BPS,PER,PBR,배당수익률,ROE,날짜,종가,거래량,상장주식수,등락률,KOSPI,KOSDAQ,NASDAQ,Dow Jones,S&P 500,Nikkei
377300,카카오페이,19.0,13981.0,1307.89,1.78,0.0,0.1358987196910092,20240731,24850,69866,134560986,-0.8,2745.989990234375,796.2000122070312,,,,38377.41015625
