종목코드,종목명,EPS,BPS,PER,PBR,배당수익률,ROE,날짜,종가,거래량,상장주식수,등락률,KOSPI,KOSDAQ,NASDAQ,Dow Jones,S&P 500,Nikkei
42000,카페24,430.0,7552.0,76.74,4.37,0.0,5.69385593220339,20240731,33000,483763,24253054,-5.31,2745.989990234375,796.2000122070312,,,,38377.41015625
