종목코드,종목명,EPS,BPS,PER,PBR,배당수익률,ROE,날짜,종가,거래량,상장주식수,등락률,KOSPI,KOSDAQ,NASDAQ,Dow Jones,S&P 500,Nikkei
119860,커넥트웨이브,42.0,14407.0,427.62,1.25,0.0,0.2915249531477754,20240731,17960,15750,45301394,-0.22,2745.989990234375,796.2000122070312,,,,38377.41015625
