종목코드,종목명,EPS,BPS,PER,PBR,배당수익률,ROE,날짜,종가,거래량,상장주식수,등락률,KOSPI,KOSDAQ,NASDAQ,Dow Jones,S&P 500,Nikkei
83550,케이엠,,11117.0,,0.33,0.82,,20240731,3655,771,12374226,-0.41,2745.989990234375,796.2000122070312,,,,38377.41015625
