종목코드,종목명,EPS,BPS,PER,PBR,배당수익률,ROE,날짜,종가,거래량,상장주식수,등락률,KOSPI,KOSDAQ,NASDAQ,Dow Jones,S&P 500,Nikkei
53080,케이엔솔,871.0,13032.0,17.98,1.2,1.92,6.683548189073051,20240731,15670,48827,12999807,-0.19,2745.989990234375,796.2000122070312,,,,38377.41015625
