종목코드,종목명,EPS,BPS,PER,PBR,배당수익률,ROE,날짜,종가,거래량,상장주식수,등락률,KOSPI,KOSDAQ,NASDAQ,Dow Jones,S&P 500,Nikkei
36030,케이티알파,332.0,4984.0,13.84,0.92,0.0,6.66131621187801,20240731,4595,14448,49019283,0.33,2745.989990234375,796.2000122070312,,,,38377.41015625
