종목코드,종목명,EPS,BPS,PER,PBR,배당수익률,ROE,날짜,종가,거래량,상장주식수,등락률,KOSPI,KOSDAQ,NASDAQ,Dow Jones,S&P 500,Nikkei
256940,케이피에스,210.0,3053.0,27.29,1.88,0.0,6.878480183426139,20240731,5730,17661,18748658,-0.87,2745.989990234375,796.2000122070312,,,,38377.41015625
