종목코드,종목명,EPS,BPS,PER,PBR,배당수익률,ROE,날짜,종가,거래량,상장주식수,등락률,KOSPI,KOSDAQ,NASDAQ,Dow Jones,S&P 500,Nikkei
73010,케이에스피,349.0,1264.0,14.15,3.91,0.2,27.610759493670884,20240731,4945,749325,40191250,7.03,2745.989990234375,796.2000122070312,,,,38377.41015625
