종목코드,종목명,EPS,BPS,PER,PBR,배당수익률,ROE,날짜,종가,거래량,상장주식수,등락률,KOSPI,KOSDAQ,NASDAQ,Dow Jones,S&P 500,Nikkei
221980,케이디켐,1391.0,26053.0,9.25,0.49,3.89,5.339116416535523,20240731,12870,841,4034800,-0.16,2745.989990234375,796.2000122070312,,,,38377.41015625
