종목코드,종목명,EPS,BPS,PER,PBR,배당수익률,ROE,날짜,종가,거래량,상장주식수,등락률,KOSPI,KOSDAQ,NASDAQ,Dow Jones,S&P 500,Nikkei
54410,케이피티유,544.0,8259.0,8.03,0.53,0.0,6.586753844291077,20240731,4370,255,5726444,-0.68,2745.989990234375,796.2000122070312,,,,38377.41015625
