종목코드,종목명,EPS,BPS,PER,PBR,배당수익률,ROE,날짜,종가,거래량,상장주식수,등락률,KOSPI,KOSDAQ,NASDAQ,Dow Jones,S&P 500,Nikkei
272110,케이엔제이,1354.0,8182.0,13.63,2.26,0.0,16.54852114397458,20240731,18460,6190,7975395,-0.81,2745.989990234375,796.2000122070312,,,,38377.41015625
