종목코드,종목명,EPS,BPS,PER,PBR,배당수익률,ROE,날짜,종가,거래량,상장주식수,등락률,KOSPI,KOSDAQ,NASDAQ,Dow Jones,S&P 500,Nikkei
24880,케이피에프,1066.0,10850.0,5.14,0.51,2.74,9.824884792626728,20240731,5480,21717,20682798,-0.72,2745.989990234375,796.2000122070312,,,,38377.41015625
