종목코드,종목명,EPS,BPS,PER,PBR,배당수익률,ROE,날짜,종가,거래량,상장주식수,등락률,KOSPI,KOSDAQ,NASDAQ,Dow Jones,S&P 500,Nikkei
225430,케이엠제약,,1272.0,,0.67,0.0,,20240731,849,686404,27887050,1.56,2745.989990234375,796.2000122070312,,,,38377.41015625
