종목코드,종목명,EPS,BPS,PER,PBR,배당수익률,ROE,날짜,종가,거래량,상장주식수,등락률,KOSPI,KOSDAQ,NASDAQ,Dow Jones,S&P 500,Nikkei
214370,케어젠,813.0,4626.0,27.06,4.76,2.91,17.5745784695201,20240731,22000,64112,53715000,-3.93,2745.989990234375,796.2000122070312,,,,38377.41015625
