종목코드,종목명,EPS,BPS,PER,PBR,배당수익률,ROE,날짜,종가,거래량,상장주식수,등락률,KOSPI,KOSDAQ,NASDAQ,Dow Jones,S&P 500,Nikkei
115500,케이씨에스,231.0,1619.0,26.41,3.77,2.95,14.268066707844348,20240731,6100,6341,12000000,0.0,2745.989990234375,796.2000122070312,,,,38377.41015625
