종목코드,종목명,EPS,BPS,PER,PBR,배당수익률,ROE,날짜,종가,거래량,상장주식수,등락률,KOSPI,KOSDAQ,NASDAQ,Dow Jones,S&P 500,Nikkei
89150,케이씨티,67.0,1989.0,35.52,1.2,2.52,3.3685268979386627,20240731,2380,3563,17150000,-0.42,2745.989990234375,796.2000122070312,,,,38377.41015625
