종목코드,종목명,EPS,BPS,PER,PBR,배당수익률,ROE,날짜,종가,거래량,상장주식수,등락률,KOSPI,KOSDAQ,NASDAQ,Dow Jones,S&P 500,Nikkei
220260,켐트로스,106.0,2323.0,52.55,2.4,0.0,4.563065002152388,20240731,5570,36178,26558307,-0.54,2745.989990234375,796.2000122070312,,,,38377.41015625
