종목코드,종목명,EPS,BPS,PER,PBR,배당수익률,ROE,날짜,종가,거래량,상장주식수,등락률,KOSPI,KOSDAQ,NASDAQ,Dow Jones,S&P 500,Nikkei
7810,코리아써키트,,15784.0,,0.77,0.0,,20240731,12220,29946,23620751,-0.81,2745.989990234375,796.2000122070312,,,,38377.41015625
