종목코드,종목명,EPS,BPS,PER,PBR,배당수익률,ROE,날짜,종가,거래량,상장주식수,등락률,KOSPI,KOSDAQ,NASDAQ,Dow Jones,S&P 500,Nikkei
49430,코메론,1705.0,23064.0,5.43,0.4,2.7,7.39247311827957,20240731,9260,1226,9048000,0.54,2745.989990234375,796.2000122070312,,,,38377.41015625
