종목코드,종목명,EPS,BPS,PER,PBR,배당수익률,ROE,날짜,종가,거래량,상장주식수,등락률,KOSPI,KOSDAQ,NASDAQ,Dow Jones,S&P 500,Nikkei
52400,코나아이,2206.0,13072.0,6.58,1.11,3.44,16.87576499388005,20240731,14520,14729,14899999,-1.76,2745.989990234375,796.2000122070312,,,,38377.41015625
