종목코드,종목명,EPS,BPS,PER,PBR,배당수익률,ROE,날짜,종가,거래량,상장주식수,등락률,KOSPI,KOSDAQ,NASDAQ,Dow Jones,S&P 500,Nikkei
47770,코데즈컴바인,98.0,1683.0,14.06,0.82,0.0,5.822935234699941,20240731,1378,36421,37842602,-0.36,2745.989990234375,796.2000122070312,,,,38377.41015625
