종목코드,종목명,EPS,BPS,PER,PBR,배당수익률,ROE,날짜,종가,거래량,상장주식수,등락률,KOSPI,KOSDAQ,NASDAQ,Dow Jones,S&P 500,Nikkei
27050,코리아나,58.0,2825.0,48.19,0.99,0.0,2.0530973451327434,20240731,2800,65460,40000000,0.9,2745.989990234375,796.2000122070312,,,,38377.41015625
