종목코드,종목명,EPS,BPS,PER,PBR,배당수익률,ROE,날짜,종가,거래량,상장주식수,등락률,KOSPI,KOSDAQ,NASDAQ,Dow Jones,S&P 500,Nikkei
391710,코닉오토메이션,56.0,631.0,46.7,4.14,0.0,8.874801901743265,20240731,2610,506481,41503222,1.56,2745.989990234375,796.2000122070312,,,,38377.41015625
