종목코드,종목명,EPS,BPS,PER,PBR,배당수익률,ROE,날짜,종가,거래량,상장주식수,등락률,KOSPI,KOSDAQ,NASDAQ,Dow Jones,S&P 500,Nikkei
3070,코오롱글로벌,13.0,28530.0,788.46,0.36,3.9,0.0455660708026638,20240731,10250,27757,18932713,0.49,2745.989990234375,796.2000122070312,,,,38377.41015625
