종목코드,종목명,EPS,BPS,PER,PBR,배당수익률,ROE,날짜,종가,거래량,상장주식수,등락률,KOSPI,KOSDAQ,NASDAQ,Dow Jones,S&P 500,Nikkei
384470,코어라인소프트,,946.0,,9.52,0.0,,20240731,9010,42798,12832064,-1.42,2745.989990234375,796.2000122070312,,,,38377.41015625
