종목코드,종목명,EPS,BPS,PER,PBR,배당수익률,ROE,날짜,종가,거래량,상장주식수,등락률,KOSPI,KOSDAQ,NASDAQ,Dow Jones,S&P 500,Nikkei
102940,코오롱생명과학,,12063.0,,1.84,0.0,,20240731,22200,14912,12331476,-3.9,2745.989990234375,796.2000122070312,,,,38377.41015625
