종목코드,종목명,EPS,BPS,PER,PBR,배당수익률,ROE,날짜,종가,거래량,상장주식수,등락률,KOSPI,KOSDAQ,NASDAQ,Dow Jones,S&P 500,Nikkei
5420,코스모화학,,7677.0,,2.77,0.0,,20240731,21300,47470,38408228,-2.52,2745.989990234375,796.2000122070312,,,,38377.41015625
