종목코드,종목명,EPS,BPS,PER,PBR,배당수익률,ROE,날짜,종가,거래량,상장주식수,등락률,KOSPI,KOSDAQ,NASDAQ,Dow Jones,S&P 500,Nikkei
126730,코칩,719.0,3436.0,17.13,3.59,0.0,20.925494761350407,20240731,12320,9061,8503460,-0.08,2745.989990234375,796.2000122070312,,,,38377.41015625
