종목코드,종목명,EPS,BPS,PER,PBR,배당수익률,ROE,날짜,종가,거래량,상장주식수,등락률,KOSPI,KOSDAQ,NASDAQ,Dow Jones,S&P 500,Nikkei
120110,코오롱인더,1282.0,92518.0,28.98,0.4,3.5,1.3856763008279471,20240731,37100,38493,27519091,1.64,2745.989990234375,796.2000122070312,,,,38377.41015625
