종목코드,종목명,EPS,BPS,PER,PBR,배당수익률,ROE,날짜,종가,거래량,상장주식수,등락률,KOSPI,KOSDAQ,NASDAQ,Dow Jones,S&P 500,Nikkei
2020,코오롱,621.0,78295.0,25.44,0.2,3.48,0.793154096685612,20240731,15800,7916,12626426,0.0,2745.989990234375,796.2000122070312,,,,38377.41015625
