종목코드,종목명,EPS,BPS,PER,PBR,배당수익률,ROE,날짜,종가,거래량,상장주식수,등락률,KOSPI,KOSDAQ,NASDAQ,Dow Jones,S&P 500,Nikkei
360350,코셈,337.0,2530.0,28.37,3.78,0.0,13.3201581027668,20240731,9550,14959,5661970,0.84,2745.989990234375,796.2000122070312,,,,38377.41015625
