종목코드,종목명,EPS,BPS,PER,PBR,배당수익률,ROE,날짜,종가,거래량,상장주식수,등락률,KOSPI,KOSDAQ,NASDAQ,Dow Jones,S&P 500,Nikkei
15710,코콤,183.0,7417.0,20.63,0.51,1.85,2.4673048402319,20240731,3775,25189,17530500,0.13,2745.989990234375,796.2000122070312,,,,38377.41015625
