종목코드,종목명,EPS,BPS,PER,PBR,배당수익률,ROE,날짜,종가,거래량,상장주식수,등락률,KOSPI,KOSDAQ,NASDAQ,Dow Jones,S&P 500,Nikkei
282880,코윈테크,1142.0,15052.0,14.41,1.09,1.52,7.58703162370449,20240731,16460,7173,11141807,-0.24,2745.989990234375,796.2000122070312,,,,38377.41015625
