종목코드,종목명,EPS,BPS,PER,PBR,배당수익률,ROE,날짜,종가,거래량,상장주식수,등락률,KOSPI,KOSDAQ,NASDAQ,Dow Jones,S&P 500,Nikkei
44820,코스맥스비티아이,948.0,24263.0,9.67,0.38,3.82,3.907183777768619,20240731,9170,117,9603921,-1.08,2745.989990234375,796.2000122070312,,,,38377.41015625
