종목코드,종목명,EPS,BPS,PER,PBR,배당수익률,ROE,날짜,종가,거래량,상장주식수,등락률,KOSPI,KOSDAQ,NASDAQ,Dow Jones,S&P 500,Nikkei
45970,코아시아,,4024.0,,2.01,0.0,,20240731,8100,99083,26314876,-1.94,2745.989990234375,796.2000122070312,,,,38377.41015625
