종목코드,종목명,EPS,BPS,PER,PBR,배당수익률,ROE,날짜,종가,거래량,상장주식수,등락률,KOSPI,KOSDAQ,NASDAQ,Dow Jones,S&P 500,Nikkei
82660,코스나인,,400.0,,1.07,0.0,,20240731,426,345499,99640869,-0.93,2745.989990234375,796.2000122070312,,,,38377.41015625
