종목코드,종목명,EPS,BPS,PER,PBR,배당수익률,ROE,날짜,종가,거래량,상장주식수,등락률,KOSPI,KOSDAQ,NASDAQ,Dow Jones,S&P 500,Nikkei
322780,코퍼스코리아,90.0,1540.0,13.67,0.8,0.81,5.844155844155844,20240731,1230,4483,37932613,0.82,2745.989990234375,796.2000122070312,,,,38377.41015625
