종목코드,종목명,EPS,BPS,PER,PBR,배당수익률,ROE,날짜,종가,거래량,상장주식수,등락률,KOSPI,KOSDAQ,NASDAQ,Dow Jones,S&P 500,Nikkei
200130,콜마비앤에이치,674.0,13693.0,25.22,1.24,1.81,4.922223033666837,20240731,16990,44531,29415558,-0.41,2745.989990234375,796.2000122070312,,,,38377.41015625
