종목코드,종목명,EPS,BPS,PER,PBR,배당수익률,ROE,날짜,종가,거래량,상장주식수,등락률,KOSPI,KOSDAQ,NASDAQ,Dow Jones,S&P 500,Nikkei
31820,콤텍시스템,33.0,1300.0,18.52,0.47,0.0,2.5384615384615383,20240731,611,69552,121051466,-0.65,2745.989990234375,796.2000122070312,,,,38377.41015625
