종목코드,종목명,EPS,BPS,PER,PBR,배당수익률,ROE,날짜,종가,거래량,상장주식수,등락률,KOSPI,KOSDAQ,NASDAQ,Dow Jones,S&P 500,Nikkei
284740,쿠쿠홈시스,4994.0,35985.0,4.41,0.61,3.64,13.878004724190635,20240731,22000,5848,22437330,0.69,2745.989990234375,796.2000122070312,,,,38377.41015625
