종목코드,종목명,EPS,BPS,PER,PBR,배당수익률,ROE,날짜,종가,거래량,상장주식수,등락률,KOSPI,KOSDAQ,NASDAQ,Dow Jones,S&P 500,Nikkei
432720,퀄리타스반도체,,2430.0,,6.02,0.0,,20240731,14630,45177,10989140,-2.47,2745.989990234375,796.2000122070312,,,,38377.41015625
