종목코드,종목명,EPS,BPS,PER,PBR,배당수익률,ROE,날짜,종가,거래량,상장주식수,등락률,KOSPI,KOSDAQ,NASDAQ,Dow Jones,S&P 500,Nikkei
182360,큐브엔터,801.0,5747.0,17.02,2.37,0.0,13.93770662954585,20240731,13630,12079,13804687,-0.66,2745.989990234375,796.2000122070312,,,,38377.41015625
