종목코드,종목명,EPS,BPS,PER,PBR,배당수익률,ROE,날짜,종가,거래량,상장주식수,등락률,KOSPI,KOSDAQ,NASDAQ,Dow Jones,S&P 500,Nikkei
66310,큐에스아이,294.0,9040.0,26.8,0.87,1.27,3.2522123893805306,20240731,7880,4062,9271621,-0.25,2745.989990234375,796.2000122070312,,,,38377.41015625
