종목코드,종목명,EPS,BPS,PER,PBR,배당수익률,ROE,날짜,종가,거래량,상장주식수,등락률,KOSPI,KOSDAQ,NASDAQ,Dow Jones,S&P 500,Nikkei
405100,큐알티,219.0,8347.0,71.05,1.86,3.08,2.6236971366958186,20240731,15560,25758,12289301,0.39,2745.989990234375,796.2000122070312,,,,38377.41015625
