종목코드,종목명,EPS,BPS,PER,PBR,배당수익률,ROE,날짜,종가,거래량,상장주식수,등락률,KOSPI,KOSDAQ,NASDAQ,Dow Jones,S&P 500,Nikkei
259960,크래프톤,12812.0,120194.0,23.1,2.46,0.0,10.659433915170474,20240731,296500,30418,47890403,1.37,2745.989990234375,796.2000122070312,,,,38377.41015625
