종목코드,종목명,EPS,BPS,PER,PBR,배당수익률,ROE,날짜,종가,거래량,상장주식수,등락률,KOSPI,KOSDAQ,NASDAQ,Dow Jones,S&P 500,Nikkei
264900,크라운제과,1834.0,16015.0,5.28,0.6,2.58,11.451763971276929,20240731,9680,9724,12523850,2.0,2745.989990234375,796.2000122070312,,,,38377.41015625
