종목코드,종목명,EPS,BPS,PER,PBR,배당수익률,ROE,날짜,종가,거래량,상장주식수,등락률,KOSPI,KOSDAQ,NASDAQ,Dow Jones,S&P 500,Nikkei
45520,크린앤사이언스,148.0,4551.0,39.86,1.3,0.0,3.252032520325204,20240731,5900,2534,6500000,1.2,2745.989990234375,796.2000122070312,,,,38377.41015625
