종목코드,종목명,EPS,BPS,PER,PBR,배당수익률,ROE,날짜,종가,거래량,상장주식수,등락률,KOSPI,KOSDAQ,NASDAQ,Dow Jones,S&P 500,Nikkei
5740,크라운해태홀딩스,1391.0,21080.0,4.62,0.31,1.56,6.598671726755219,20240731,6430,36276,14847347,2.88,2745.989990234375,796.2000122070312,,,,38377.41015625
