종목코드,종목명,EPS,BPS,PER,PBR,배당수익률,ROE,날짜,종가,거래량,상장주식수,등락률,KOSPI,KOSDAQ,NASDAQ,Dow Jones,S&P 500,Nikkei
237880,클리오,1560.0,12209.0,22.66,2.9,1.13,12.77745925137194,20240731,35350,23539,18071353,-1.81,2745.989990234375,796.2000122070312,,,,38377.41015625
