종목코드,종목명,EPS,BPS,PER,PBR,배당수익률,ROE,날짜,종가,거래량,상장주식수,등락률,KOSPI,KOSDAQ,NASDAQ,Dow Jones,S&P 500,Nikkei
23160,태광,2129.0,20443.0,8.08,0.84,0.99,10.414322751063937,20240731,17200,503950,26500000,1.18,2745.989990234375,796.2000122070312,,,,38377.41015625
