종목코드,종목명,EPS,BPS,PER,PBR,배당수익률,ROE,날짜,종가,거래량,상장주식수,등락률,KOSPI,KOSDAQ,NASDAQ,Dow Jones,S&P 500,Nikkei
3240,태광산업,,4689721.0,,0.13,0.29,,20240731,607000,81,1113400,-0.49,2745.989990234375,796.2000122070312,,,,38377.41015625
