종목코드,종목명,EPS,BPS,PER,PBR,배당수익률,ROE,날짜,종가,거래량,상장주식수,등락률,KOSPI,KOSDAQ,NASDAQ,Dow Jones,S&P 500,Nikkei
15890,태경산업,790.0,10337.0,6.75,0.52,5.07,7.642449453419754,20240731,5330,8945,29228750,-0.56,2745.989990234375,796.2000122070312,,,,38377.41015625
