종목코드,종목명,EPS,BPS,PER,PBR,배당수익률,ROE,날짜,종가,거래량,상장주식수,등락률,KOSPI,KOSDAQ,NASDAQ,Dow Jones,S&P 500,Nikkei
6890,태경케미컬,1537.0,14288.0,8.27,0.89,1.57,10.75727883538634,20240731,12710,21904,11600000,1.44,2745.989990234375,796.2000122070312,,,,38377.41015625
