종목코드,종목명,EPS,BPS,PER,PBR,배당수익률,ROE,날짜,종가,거래량,상장주식수,등락률,KOSPI,KOSDAQ,NASDAQ,Dow Jones,S&P 500,Nikkei
124560,태웅로직스,743.0,5269.0,4.67,0.66,2.02,14.10134750427026,20240731,3470,100758,38416584,0.29,2745.989990234375,796.2000122070312,,,,38377.41015625
