종목코드,종목명,EPS,BPS,PER,PBR,배당수익률,ROE,날짜,종가,거래량,상장주식수,등락률,KOSPI,KOSDAQ,NASDAQ,Dow Jones,S&P 500,Nikkei
44490,태웅,1707.0,25612.0,9.51,0.63,0.0,6.664844604091832,20240731,16230,19770,20007381,-0.86,2745.989990234375,796.2000122070312,,,,38377.41015625
