종목코드,종목명,EPS,BPS,PER,PBR,배당수익률,ROE,날짜,종가,거래량,상장주식수,등락률,KOSPI,KOSDAQ,NASDAQ,Dow Jones,S&P 500,Nikkei
66700,테라젠이텍스,819.0,4240.0,4.76,0.92,0.0,19.316037735849054,20240731,3900,14141,32474435,-1.14,2745.989990234375,796.2000122070312,,,,38377.41015625
