종목코드,종목명,EPS,BPS,PER,PBR,배당수익률,ROE,날짜,종가,거래량,상장주식수,등락률,KOSPI,KOSDAQ,NASDAQ,Dow Jones,S&P 500,Nikkei
95610,테스,89.0,17040.0,220.56,1.15,2.55,0.5223004694835681,20240731,19650,53135,19768226,-0.86,2745.989990234375,796.2000122070312,,,,38377.41015625
