종목코드,종목명,EPS,BPS,PER,PBR,배당수익률,ROE,날짜,종가,거래량,상장주식수,등락률,KOSPI,KOSDAQ,NASDAQ,Dow Jones,S&P 500,Nikkei
55490,테이팩스,1708.0,32047.0,11.83,0.63,1.49,5.329672044185103,20240731,20150,18354,4769650,-1.47,2745.989990234375,796.2000122070312,,,,38377.41015625
