종목코드,종목명,EPS,BPS,PER,PBR,배당수익률,ROE,날짜,종가,거래량,상장주식수,등락률,KOSPI,KOSDAQ,NASDAQ,Dow Jones,S&P 500,Nikkei
64520,테크엘,425.0,4850.0,7.46,0.65,0.0,8.762886597938143,20240731,3170,5203,22351062,-1.86,2745.989990234375,796.2000122070312,,,,38377.41015625
