종목코드,종목명,EPS,BPS,PER,PBR,배당수익률,ROE,날짜,종가,거래량,상장주식수,등락률,KOSPI,KOSDAQ,NASDAQ,Dow Jones,S&P 500,Nikkei
78000,텔코웨어,950.0,20203.0,10.92,0.51,6.17,4.702271939810919,20240731,10370,2173,9240077,-1.71,2745.989990234375,796.2000122070312,,,,38377.41015625
