종목코드,종목명,EPS,BPS,PER,PBR,배당수익률,ROE,날짜,종가,거래량,상장주식수,등락률,KOSPI,KOSDAQ,NASDAQ,Dow Jones,S&P 500,Nikkei
200230,텔콘RF제약,124.0,901.0,5.73,0.79,0.0,13.762486126526085,20240731,710,142976,120250235,0.28,2745.989990234375,796.2000122070312,,,,38377.41015625
