종목코드,종목명,EPS,BPS,PER,PBR,배당수익률,ROE,날짜,종가,거래량,상장주식수,등락률,KOSPI,KOSDAQ,NASDAQ,Dow Jones,S&P 500,Nikkei
51360,토비스,757.0,12449.0,25.67,1.56,0.82,6.08080970359065,20240731,19430,19521,16167058,-0.51,2745.989990234375,796.2000122070312,,,,38377.41015625
