종목코드,종목명,EPS,BPS,PER,PBR,배당수익률,ROE,날짜,종가,거래량,상장주식수,등락률,KOSPI,KOSDAQ,NASDAQ,Dow Jones,S&P 500,Nikkei
108230,톱텍,1588.0,10408.0,4.38,0.67,4.31,15.257494235203689,20240731,6960,14618,38023245,-0.14,2745.989990234375,796.2000122070312,,,,38377.41015625
