종목코드,종목명,EPS,BPS,PER,PBR,배당수익률,ROE,날짜,종가,거래량,상장주식수,등락률,KOSPI,KOSDAQ,NASDAQ,Dow Jones,S&P 500,Nikkei
322180,티라유텍,,909.0,,6.26,0.0,,20240731,5690,63751,16519475,-0.18,2745.989990234375,796.2000122070312,,,,38377.41015625
