종목코드,종목명,EPS,BPS,PER,PBR,배당수익률,ROE,날짜,종가,거래량,상장주식수,등락률,KOSPI,KOSDAQ,NASDAQ,Dow Jones,S&P 500,Nikkei
33830,티비씨,66.0,1337.0,12.06,0.6,2.26,4.93642483171279,20240731,796,3758,100000000,0.13,2745.989990234375,796.2000122070312,,,,38377.41015625
