종목코드,종목명,EPS,BPS,PER,PBR,배당수익률,ROE,날짜,종가,거래량,상장주식수,등락률,KOSPI,KOSDAQ,NASDAQ,Dow Jones,S&P 500,Nikkei
425420,티에프이,976.0,6259.0,22.75,3.55,0.0,15.593545294775524,20240731,22200,8174,11381000,-0.45,2745.989990234375,796.2000122070312,,,,38377.41015625
