종목코드,종목명,EPS,BPS,PER,PBR,배당수익률,ROE,날짜,종가,거래량,상장주식수,등락률,KOSPI,KOSDAQ,NASDAQ,Dow Jones,S&P 500,Nikkei
64760,티씨케이,5246.0,39252.0,20.89,2.79,1.09,13.36492408030164,20240731,109600,9771,11675000,0.18,2745.989990234375,796.2000122070312,,,,38377.41015625
