종목코드,종목명,EPS,BPS,PER,PBR,배당수익률,ROE,날짜,종가,거래량,상장주식수,등락률,KOSPI,KOSDAQ,NASDAQ,Dow Jones,S&P 500,Nikkei
131100,티엔엔터테인먼트,,2209.0,,0.72,0.0,,20240731,1587,25532,28048252,0.0,2745.989990234375,796.2000122070312,,,,38377.41015625
