종목코드,종목명,EPS,BPS,PER,PBR,배당수익률,ROE,날짜,종가,거래량,상장주식수,등락률,KOSPI,KOSDAQ,NASDAQ,Dow Jones,S&P 500,Nikkei
204610,티쓰리,87.0,1494.0,13.46,0.78,5.12,5.823293172690764,20240731,1170,81143,63771720,-0.76,2745.989990234375,796.2000122070312,,,,38377.41015625
