종목코드,종목명,EPS,BPS,PER,PBR,배당수익률,ROE,날짜,종가,거래량,상장주식수,등락률,KOSPI,KOSDAQ,NASDAQ,Dow Jones,S&P 500,Nikkei
241790,티이엠씨씨엔에스,1337.0,10646.0,6.22,0.78,2.4,12.558707495773062,20240731,8320,4614,10002634,0.24,2745.989990234375,796.2000122070312,,,,38377.41015625
