종목코드,종목명,EPS,BPS,PER,PBR,배당수익률,ROE,날짜,종가,거래량,상장주식수,등락률,KOSPI,KOSDAQ,NASDAQ,Dow Jones,S&P 500,Nikkei
19180,티에이치엔,1579.0,6196.0,2.06,0.53,1.84,25.484183344092965,20240731,3260,19246,18000000,-0.15,2745.989990234375,796.2000122070312,,,,38377.41015625
