종목코드,종목명,EPS,BPS,PER,PBR,배당수익률,ROE,날짜,종가,거래량,상장주식수,등락률,KOSPI,KOSDAQ,NASDAQ,Dow Jones,S&P 500,Nikkei
440110,파두,,3798.0,,4.58,0.0,,20240731,17380,45332,49189260,1.05,2745.989990234375,796.2000122070312,,,,38377.41015625
