종목코드,종목명,EPS,BPS,PER,PBR,배당수익률,ROE,날짜,종가,거래량,상장주식수,등락률,KOSPI,KOSDAQ,NASDAQ,Dow Jones,S&P 500,Nikkei
150900,파수,384.0,3009.0,15.21,1.94,1.71,12.7617148554337,20240731,5840,6485,11676422,-0.34,2745.989990234375,796.2000122070312,,,,38377.41015625
