종목코드,종목명,EPS,BPS,PER,PBR,배당수익률,ROE,날짜,종가,거래량,상장주식수,등락률,KOSPI,KOSDAQ,NASDAQ,Dow Jones,S&P 500,Nikkei
38950,파인디지털,268.0,11524.0,15.69,0.36,1.19,2.3255813953488373,20240731,4205,4096,10210765,-1.41,2745.989990234375,796.2000122070312,,,,38377.41015625
