종목코드,종목명,EPS,BPS,PER,PBR,배당수익률,ROE,날짜,종가,거래량,상장주식수,등락률,KOSPI,KOSDAQ,NASDAQ,Dow Jones,S&P 500,Nikkei
368770,파이버프로,88.0,983.0,39.89,3.57,0.57,8.952187182095624,20240731,3510,36240,32854225,-0.43,2745.989990234375,796.2000122070312,,,,38377.41015625
