종목코드,종목명,EPS,BPS,PER,PBR,배당수익률,ROE,날짜,종가,거래량,상장주식수,등락률,KOSPI,KOSDAQ,NASDAQ,Dow Jones,S&P 500,Nikkei
27710,팜스토리,91.0,1915.0,16.1,0.77,1.71,4.751958224543081,20240731,1465,87175,111416600,0.34,2745.989990234375,796.2000122070312,,,,38377.41015625
