종목코드,종목명,EPS,BPS,PER,PBR,배당수익률,ROE,날짜,종가,거래량,상장주식수,등락률,KOSPI,KOSDAQ,NASDAQ,Dow Jones,S&P 500,Nikkei
36580,팜스코,,6406.0,,0.41,1.92,,20240731,2610,10740,36727943,-0.76,2745.989990234375,796.2000122070312,,,,38377.41015625
