종목코드,종목명,EPS,BPS,PER,PBR,배당수익률,ROE,날짜,종가,거래량,상장주식수,등락률,KOSPI,KOSDAQ,NASDAQ,Dow Jones,S&P 500,Nikkei
4720,팜젠사이언스,352.0,12707.0,15.11,0.42,0.0,2.770126701817896,20240731,5320,26566,18178525,0.95,2745.989990234375,796.2000122070312,,,,38377.41015625
