종목코드,종목명,EPS,BPS,PER,PBR,배당수익률,ROE,날짜,종가,거래량,상장주식수,등락률,KOSPI,KOSDAQ,NASDAQ,Dow Jones,S&P 500,Nikkei
28670,팬오션,458.0,8817.0,8.28,0.43,2.24,5.194510604514007,20240731,3790,398928,534569512,-0.52,2745.989990234375,796.2000122070312,,,,38377.41015625
