종목코드,종목명,EPS,BPS,PER,PBR,배당수익률,ROE,날짜,종가,거래량,상장주식수,등락률,KOSPI,KOSDAQ,NASDAQ,Dow Jones,S&P 500,Nikkei
68050,팬엔터테인먼트,280.0,2987.0,8.07,0.76,0.0,9.37395379979913,20240731,2260,15581,27694076,-1.09,2745.989990234375,796.2000122070312,,,,38377.41015625
