종목코드,종목명,EPS,BPS,PER,PBR,배당수익률,ROE,날짜,종가,거래량,상장주식수,등락률,KOSPI,KOSDAQ,NASDAQ,Dow Jones,S&P 500,Nikkei
271830,팸텍,270.0,2371.0,8.94,1.02,1.24,11.387600168705188,20240731,2415,25986,29490202,-2.62,2745.989990234375,796.2000122070312,,,,38377.41015625
