종목코드,종목명,EPS,BPS,PER,PBR,배당수익률,ROE,날짜,종가,거래량,상장주식수,등락률,KOSPI,KOSDAQ,NASDAQ,Dow Jones,S&P 500,Nikkei
263750,펄어비스,248.0,11804.0,170.36,3.58,0.0,2.1009827177228058,20240731,42200,180807,64247855,-4.63,2745.989990234375,796.2000122070312,,,,38377.41015625
