종목코드,종목명,EPS,BPS,PER,PBR,배당수익률,ROE,날짜,종가,거래량,상장주식수,등락률,KOSPI,KOSDAQ,NASDAQ,Dow Jones,S&P 500,Nikkei
10770,평화홀딩스,569.0,7243.0,5.2,0.41,5.07,7.855860831147314,20240731,2960,1258,14625466,-0.5,2745.989990234375,796.2000122070312,,,,38377.41015625
