종목코드,종목명,EPS,BPS,PER,PBR,배당수익률,ROE,날짜,종가,거래량,상장주식수,등락률,KOSPI,KOSDAQ,NASDAQ,Dow Jones,S&P 500,Nikkei
256630,포인트엔지니어링,,1243.0,,0.98,0.0,,20240731,1214,31468,57997072,-1.78,2745.989990234375,796.2000122070312,,,,38377.41015625
