종목코드,종목명,EPS,BPS,PER,PBR,배당수익률,ROE,날짜,종가,거래량,상장주식수,등락률,KOSPI,KOSDAQ,NASDAQ,Dow Jones,S&P 500,Nikkei
318020,포인트모바일,389.0,3742.0,11.16,1.16,0.0,10.3955104222341,20240731,4380,14595,12662272,-1.9,2745.989990234375,796.2000122070312,,,,38377.41015625
