종목코드,종목명,EPS,BPS,PER,PBR,배당수익률,ROE,날짜,종가,거래량,상장주식수,등락률,KOSPI,KOSDAQ,NASDAQ,Dow Jones,S&P 500,Nikkei
22100,포스코DX,605.0,3026.0,47.52,9.5,0.35,19.993390614672837,20240731,28750,156297,152034729,-0.17,2745.989990234375,796.2000122070312,,,,38377.41015625
