종목코드,종목명,EPS,BPS,PER,PBR,배당수익률,ROE,날짜,종가,거래량,상장주식수,등락률,KOSPI,KOSDAQ,NASDAQ,Dow Jones,S&P 500,Nikkei
189690,포시에스,192.0,2585.0,12.92,0.96,4.03,7.427466150870406,20240731,2480,42225,27321969,-1.0,2745.989990234375,796.2000122070312,,,,38377.41015625
