종목코드,종목명,EPS,BPS,PER,PBR,배당수익률,ROE,날짜,종가,거래량,상장주식수,등락률,KOSPI,KOSDAQ,NASDAQ,Dow Jones,S&P 500,Nikkei
331380,포커스에이치엔에스,130.0,1196.0,34.12,3.71,0.68,10.869565217391305,20240731,4435,106335,19048582,-1.44,2745.989990234375,796.2000122070312,,,,38377.41015625
