종목코드,종목명,EPS,BPS,PER,PBR,배당수익률,ROE,날짜,종가,거래량,상장주식수,등락률,KOSPI,KOSDAQ,NASDAQ,Dow Jones,S&P 500,Nikkei
58430,포스코스틸리온,4133.0,59872.0,10.4,0.72,3.76,6.903059861036878,20240731,43000,4433,6000000,0.35,2745.989990234375,796.2000122070312,,,,38377.41015625
