종목코드,종목명,EPS,BPS,PER,PBR,배당수익률,ROE,날짜,종가,거래량,상장주식수,등락률,KOSPI,KOSDAQ,NASDAQ,Dow Jones,S&P 500,Nikkei
234100,폴라리스세원,83.0,2829.0,18.12,0.53,0.0,2.9338989042064334,20240731,1501,31991,54344248,-0.2,2745.989990234375,796.2000122070312,,,,38377.41015625
