종목코드,종목명,EPS,BPS,PER,PBR,배당수익률,ROE,날짜,종가,거래량,상장주식수,등락률,KOSPI,KOSDAQ,NASDAQ,Dow Jones,S&P 500,Nikkei
5670,푸드웰,364.0,9701.0,15.66,0.59,1.58,3.752190495825173,20240731,5700,5883,10000000,-1.38,2745.989990234375,796.2000122070312,,,,38377.41015625
