종목코드,종목명,EPS,BPS,PER,PBR,배당수익률,ROE,날짜,종가,거래량,상장주식수,등락률,KOSPI,KOSDAQ,NASDAQ,Dow Jones,S&P 500,Nikkei
5810,풍산홀딩스,5878.0,72976.0,4.52,0.36,5.27,8.054702916027187,20240731,26550,2329,14417292,0.19,2745.989990234375,796.2000122070312,,,,38377.41015625
