종목코드,종목명,EPS,BPS,PER,PBR,배당수익률,ROE,날짜,종가,거래량,상장주식수,등락률,KOSPI,KOSDAQ,NASDAQ,Dow Jones,S&P 500,Nikkei
445180,퓨릿,837.0,4965.0,11.24,1.9,0.53,16.858006042296072,20240731,9410,16075,16769188,-1.77,2745.989990234375,796.2000122070312,,,,38377.41015625
