종목코드,종목명,EPS,BPS,PER,PBR,배당수익률,ROE,날짜,종가,거래량,상장주식수,등락률,KOSPI,KOSDAQ,NASDAQ,Dow Jones,S&P 500,Nikkei
303360,프로티아,38.0,1827.0,80.53,1.67,0.0,2.079912424740011,20240731,3055,15178,12877215,4.8,2745.989990234375,796.2000122070312,,,,38377.41015625
