종목코드,종목명,EPS,BPS,PER,PBR,배당수익률,ROE,날짜,종가,거래량,상장주식수,등락률,KOSPI,KOSDAQ,NASDAQ,Dow Jones,S&P 500,Nikkei
53160,프리엠스,137.0,11112.0,73.28,0.9,0.5,1.232901367890569,20240731,10040,9295,6000000,-1.08,2745.989990234375,796.2000122070312,,,,38377.41015625
