종목코드,종목명,EPS,BPS,PER,PBR,배당수익률,ROE,날짜,종가,거래량,상장주식수,등락률,KOSPI,KOSDAQ,NASDAQ,Dow Jones,S&P 500,Nikkei
23770,플레이위드,,2958.0,,2.05,0.0,,20240731,6050,8791,8766820,-0.82,2745.989990234375,796.2000122070312,,,,38377.41015625
