종목코드,종목명,EPS,BPS,PER,PBR,배당수익률,ROE,날짜,종가,거래량,상장주식수,등락률,KOSPI,KOSDAQ,NASDAQ,Dow Jones,S&P 500,Nikkei
405000,플라즈맵,,399.0,,6.44,0.0,,20240731,2570,87438,20234667,-3.56,2745.989990234375,796.2000122070312,,,,38377.41015625
