종목코드,종목명,EPS,BPS,PER,PBR,배당수익률,ROE,날짜,종가,거래량,상장주식수,등락률,KOSPI,KOSDAQ,NASDAQ,Dow Jones,S&P 500,Nikkei
75130,플랜티넷,101.0,4405.0,21.73,0.5,4.56,2.292849035187287,20240731,2195,22042,16622320,1.39,2745.989990234375,796.2000122070312,,,,38377.41015625
