종목코드,종목명,EPS,BPS,PER,PBR,배당수익률,ROE,날짜,종가,거래량,상장주식수,등락률,KOSPI,KOSDAQ,NASDAQ,Dow Jones,S&P 500,Nikkei
237750,피앤씨테크,561.0,11052.0,9.63,0.49,0.0,5.07600434310532,20240731,5390,17275,6496600,0.19,2745.989990234375,796.2000122070312,,,,38377.41015625
