종목코드,종목명,EPS,BPS,PER,PBR,배당수익률,ROE,날짜,종가,거래량,상장주식수,등락률,KOSPI,KOSDAQ,NASDAQ,Dow Jones,S&P 500,Nikkei
31980,피에스케이홀딩스,2055.0,15829.0,24.53,3.18,1.19,12.982500473813886,20240731,50400,177073,21562395,0.4,2745.989990234375,796.2000122070312,,,,38377.41015625
