종목코드,종목명,EPS,BPS,PER,PBR,배당수익률,ROE,날짜,종가,거래량,상장주식수,등락률,KOSPI,KOSDAQ,NASDAQ,Dow Jones,S&P 500,Nikkei
147760,피엠티,,4191.0,,0.98,0.0,,20240731,4125,5386,10819866,0.0,2745.989990234375,796.2000122070312,,,,38377.41015625
