종목코드,종목명,EPS,BPS,PER,PBR,배당수익률,ROE,날짜,종가,거래량,상장주식수,등락률,KOSPI,KOSDAQ,NASDAQ,Dow Jones,S&P 500,Nikkei
376180,피코그램,243.0,1956.0,12.96,1.61,0.0,12.423312883435583,20240731,3150,91523,18491378,-3.37,2745.989990234375,796.2000122070312,,,,38377.41015625
