종목코드,종목명,EPS,BPS,PER,PBR,배당수익률,ROE,날짜,종가,거래량,상장주식수,등락률,KOSPI,KOSDAQ,NASDAQ,Dow Jones,S&P 500,Nikkei
6140,피제이전자,411.0,8427.0,14.94,0.73,1.95,4.877180491278034,20240731,6140,4945,15000000,0.0,2745.989990234375,796.2000122070312,,,,38377.41015625
