종목코드,종목명,EPS,BPS,PER,PBR,배당수익률,ROE,날짜,종가,거래량,상장주식수,등락률,KOSPI,KOSDAQ,NASDAQ,Dow Jones,S&P 500,Nikkei
417180,핑거스토리,126.0,1439.0,21.51,1.88,0.0,8.756080611535788,20240731,2710,19045,16739405,-2.52,2745.989990234375,796.2000122070312,,,,38377.41015625
