종목코드,종목명,EPS,BPS,PER,PBR,배당수익률,ROE,날짜,종가,거래량,상장주식수,등락률,KOSPI,KOSDAQ,NASDAQ,Dow Jones,S&P 500,Nikkei
163730,핑거,486.0,5295.0,14.49,1.33,1.7,9.178470254957508,20240731,7040,7667,9360608,-1.81,2745.989990234375,796.2000122070312,,,,38377.41015625
