종목코드,종목명,EPS,BPS,PER,PBR,배당수익률,ROE,날짜,종가,거래량,상장주식수,등락률,KOSPI,KOSDAQ,NASDAQ,Dow Jones,S&P 500,Nikkei
67310,하나마이크론,,6331.0,,2.89,0.27,,20240731,18310,98083,52169475,-1.35,2745.989990234375,796.2000122070312,,,,38377.41015625
