종목코드,종목명,EPS,BPS,PER,PBR,배당수익률,ROE,날짜,종가,거래량,상장주식수,등락률,KOSPI,KOSDAQ,NASDAQ,Dow Jones,S&P 500,Nikkei
293480,하나제약,1291.0,16069.0,9.79,0.79,4.03,8.03410293110959,20240731,12640,1962,17772946,0.0,2745.989990234375,796.2000122070312,,,,38377.41015625
