종목코드,종목명,EPS,BPS,PER,PBR,배당수익률,ROE,날짜,종가,거래량,상장주식수,등락률,KOSPI,KOSDAQ,NASDAQ,Dow Jones,S&P 500,Nikkei
71090,하이스틸,65.0,7393.0,56.62,0.5,0.27,0.8792100635736507,20240731,3660,137203,20191471,-0.68,2745.989990234375,796.2000122070312,,,,38377.41015625
