종목코드,종목명,EPS,BPS,PER,PBR,배당수익률,ROE,날짜,종가,거래량,상장주식수,등락률,KOSPI,KOSDAQ,NASDAQ,Dow Jones,S&P 500,Nikkei
149980,하이로닉,430.0,4380.0,19.37,1.9,0.0,9.817351598173516,20240731,8340,65910,18591363,-2.23,2745.989990234375,796.2000122070312,,,,38377.41015625
