종목코드,종목명,EPS,BPS,PER,PBR,배당수익률,ROE,날짜,종가,거래량,상장주식수,등락률,KOSPI,KOSDAQ,NASDAQ,Dow Jones,S&P 500,Nikkei
450330,하스,303.0,2537.0,41.19,4.92,0.0,11.94324004729996,20240731,12480,303154,7836009,-0.64,2745.989990234375,796.2000122070312,,,,38377.41015625
