종목코드,종목명,EPS,BPS,PER,PBR,배당수익률,ROE,날짜,종가,거래량,상장주식수,등락률,KOSPI,KOSDAQ,NASDAQ,Dow Jones,S&P 500,Nikkei
13030,하이록코리아,3687.0,32055.0,7.82,0.9,3.64,11.502105755732336,20240731,28900,59107,12856050,3.03,2745.989990234375,796.2000122070312,,,,38377.41015625
