종목코드,종목명,EPS,BPS,PER,PBR,배당수익률,ROE,날짜,종가,거래량,상장주식수,등락률,KOSPI,KOSDAQ,NASDAQ,Dow Jones,S&P 500,Nikkei
352820,하이브,4504.0,70090.0,38.45,2.47,0.4,6.426023683835069,20240731,173000,28115,41652097,0.58,2745.989990234375,796.2000122070312,,,,38377.41015625
