종목코드,종목명,EPS,BPS,PER,PBR,배당수익률,ROE,날짜,종가,거래량,상장주식수,등락률,KOSPI,KOSDAQ,NASDAQ,Dow Jones,S&P 500,Nikkei
65650,하이퍼코퍼레이션,,644.0,,1.98,0.0,,20240731,1275,116416,105082049,-1.85,2745.989990234375,796.2000122070312,,,,38377.41015625
