종목코드,종목명,EPS,BPS,PER,PBR,배당수익률,ROE,날짜,종가,거래량,상장주식수,등락률,KOSPI,KOSDAQ,NASDAQ,Dow Jones,S&P 500,Nikkei
140,하이트진로홀딩스,41.0,24228.0,222.68,0.38,6.02,0.1692256892851246,20240731,9130,5163,23206765,0.22,2745.989990234375,796.2000122070312,,,,38377.41015625
