종목코드,종목명,EPS,BPS,PER,PBR,배당수익률,ROE,날짜,종가,거래량,상장주식수,등락률,KOSPI,KOSDAQ,NASDAQ,Dow Jones,S&P 500,Nikkei
6200,한국전자홀딩스,,3052.0,,0.27,2.4,,20240731,832,2048,46803136,0.0,2745.989990234375,796.2000122070312,,,,38377.41015625
