종목코드,종목명,EPS,BPS,PER,PBR,배당수익률,ROE,날짜,종가,거래량,상장주식수,등락률,KOSPI,KOSDAQ,NASDAQ,Dow Jones,S&P 500,Nikkei
10040,한국내화,,5805.0,,0.43,1.78,,20240731,2525,26156,41067062,0.2,2745.989990234375,796.2000122070312,,,,38377.41015625
