종목코드,종목명,EPS,BPS,PER,PBR,배당수익률,ROE,날짜,종가,거래량,상장주식수,등락률,KOSPI,KOSDAQ,NASDAQ,Dow Jones,S&P 500,Nikkei
23760,한국캐피탈,199.0,1958.0,3.01,0.31,4.68,10.163432073544431,20240731,598,34578,315609576,0.34,2745.989990234375,796.2000122070312,,,,38377.41015625
