종목코드,종목명,EPS,BPS,PER,PBR,배당수익률,ROE,날짜,종가,거래량,상장주식수,등락률,KOSPI,KOSDAQ,NASDAQ,Dow Jones,S&P 500,Nikkei
23350,한국종합기술,1282.0,15058.0,4.19,0.36,1.86,8.513746845530616,20240731,5370,29842,10950000,-0.92,2745.989990234375,796.2000122070312,,,,38377.41015625
