종목코드,종목명,EPS,BPS,PER,PBR,배당수익률,ROE,날짜,종가,거래량,상장주식수,등락률,KOSPI,KOSDAQ,NASDAQ,Dow Jones,S&P 500,Nikkei
2960,한국쉘석유,28753.0,97039.0,11.72,3.47,7.42,29.63035480579973,20240731,337000,576,1300000,-0.15,2745.989990234375,796.2000122070312,,,,38377.41015625
