종목코드,종목명,EPS,BPS,PER,PBR,배당수익률,ROE,날짜,종가,거래량,상장주식수,등락률,KOSPI,KOSDAQ,NASDAQ,Dow Jones,S&P 500,Nikkei
10100,한국무브넥스,1549.0,10710.0,2.63,0.38,2.46,14.46311858076564,20240731,4070,40290,30450420,-0.61,2745.989990234375,796.2000122070312,,,,38377.41015625
