종목코드,종목명,EPS,BPS,PER,PBR,배당수익률,ROE,날짜,종가,거래량,상장주식수,등락률,KOSPI,KOSDAQ,NASDAQ,Dow Jones,S&P 500,Nikkei
25770,한국정보통신,838.0,7585.0,10.0,1.1,0.0,11.048121292023731,20240731,8380,6092,37444271,-1.06,2745.989990234375,796.2000122070312,,,,38377.41015625
