종목코드,종목명,EPS,BPS,PER,PBR,배당수익률,ROE,날짜,종가,거래량,상장주식수,등락률,KOSPI,KOSDAQ,NASDAQ,Dow Jones,S&P 500,Nikkei
161390,한국타이어앤테크놀로지,5904.0,78306.0,7.49,0.57,2.94,7.539652133936096,20240731,44300,237091,123875069,3.26,2745.989990234375,796.2000122070312,,,,38377.41015625
