종목코드,종목명,EPS,BPS,PER,PBR,배당수익률,ROE,날짜,종가,거래량,상장주식수,등락률,KOSPI,KOSDAQ,NASDAQ,Dow Jones,S&P 500,Nikkei
256840,한국비엔씨,388.0,3157.0,17.27,2.12,0.0,12.29014887551473,20240731,6700,1559664,67912443,-0.3,2745.989990234375,796.2000122070312,,,,38377.41015625
