종목코드,종목명,EPS,BPS,PER,PBR,배당수익률,ROE,날짜,종가,거래량,상장주식수,등락률,KOSPI,KOSDAQ,NASDAQ,Dow Jones,S&P 500,Nikkei
39340,한국경제TV,504.0,8245.0,10.65,0.65,2.98,6.112795633717404,20240731,5370,7536,23000000,1.13,2745.989990234375,796.2000122070312,,,,38377.41015625
