종목코드,종목명,EPS,BPS,PER,PBR,배당수익률,ROE,날짜,종가,거래량,상장주식수,등락률,KOSPI,KOSDAQ,NASDAQ,Dow Jones,S&P 500,Nikkei
36460,한국가스공사,,112167.0,,0.38,0.0,,20240731,42950,1102466,92313000,1.3,2745.989990234375,796.2000122070312,,,,38377.41015625
