종목코드,종목명,EPS,BPS,PER,PBR,배당수익률,ROE,날짜,종가,거래량,상장주식수,등락률,KOSPI,KOSDAQ,NASDAQ,Dow Jones,S&P 500,Nikkei
42700,한미반도체,2753.0,5875.0,45.73,21.43,0.33,46.85957446808511,20240731,125900,1135626,96993634,-2.18,2745.989990234375,796.2000122070312,,,,38377.41015625
