종목코드,종목명,EPS,BPS,PER,PBR,배당수익률,ROE,날짜,종가,거래량,상장주식수,등락률,KOSPI,KOSDAQ,NASDAQ,Dow Jones,S&P 500,Nikkei
53690,한미글로벌,1400.0,18115.0,12.89,1.0,2.22,7.728401876897599,20240731,18050,252653,10957550,3.74,2745.989990234375,796.2000122070312,,,,38377.41015625
