종목코드,종목명,EPS,BPS,PER,PBR,배당수익률,ROE,날짜,종가,거래량,상장주식수,등락률,KOSPI,KOSDAQ,NASDAQ,Dow Jones,S&P 500,Nikkei
8930,한미사이언스,1694.0,11621.0,18.48,2.69,0.64,14.577058772911109,20240731,31300,67048,68391550,-2.19,2745.989990234375,796.2000122070312,,,,38377.41015625
