종목코드,종목명,EPS,BPS,PER,PBR,배당수익률,ROE,날짜,종가,거래량,상장주식수,등락률,KOSPI,KOSDAQ,NASDAQ,Dow Jones,S&P 500,Nikkei
92460,한라IMS,4212.0,9928.0,1.91,0.81,3.72,42.42546333601933,20240731,8060,164465,17109680,4.0,2745.989990234375,796.2000122070312,,,,38377.41015625
