종목코드,종목명,EPS,BPS,PER,PBR,배당수익률,ROE,날짜,종가,거래량,상장주식수,등락률,KOSPI,KOSDAQ,NASDAQ,Dow Jones,S&P 500,Nikkei
256150,한독크린텍,667.0,7121.0,10.55,0.99,3.55,9.366661985676169,20240731,7040,1927,8395000,0.28,2745.989990234375,796.2000122070312,,,,38377.41015625
