종목코드,종목명,EPS,BPS,PER,PBR,배당수익률,ROE,날짜,종가,거래량,상장주식수,등락률,KOSPI,KOSDAQ,NASDAQ,Dow Jones,S&P 500,Nikkei
91440,한울소재과학,,1579.0,,5.59,0.0,,20240731,8830,17976,14606671,-2.54,2745.989990234375,796.2000122070312,,,,38377.41015625
