종목코드,종목명,EPS,BPS,PER,PBR,배당수익률,ROE,날짜,종가,거래량,상장주식수,등락률,KOSPI,KOSDAQ,NASDAQ,Dow Jones,S&P 500,Nikkei
20000,한섬,3818.0,63584.0,4.52,0.27,4.35,6.004655259184701,20240731,17260,14169,23398500,1.59,2745.989990234375,796.2000122070312,,,,38377.41015625
