종목코드,종목명,EPS,BPS,PER,PBR,배당수익률,ROE,날짜,종가,거래량,상장주식수,등락률,KOSPI,KOSDAQ,NASDAQ,Dow Jones,S&P 500,Nikkei
107640,한중엔시에스,,1891.0,,23.88,0.0,,20240731,45150,148271,8751446,-2.27,2745.989990234375,796.2000122070312,,,,38377.41015625
