종목코드,종목명,EPS,BPS,PER,PBR,배당수익률,ROE,날짜,종가,거래량,상장주식수,등락률,KOSPI,KOSDAQ,NASDAQ,Dow Jones,S&P 500,Nikkei
52690,한전기술,858.0,14386.0,87.88,5.24,0.68,5.964131794800501,20240731,75400,351819,38220000,1.21,2745.989990234375,796.2000122070312,,,,38377.41015625
