종목코드,종목명,EPS,BPS,PER,PBR,배당수익률,ROE,날짜,종가,거래량,상장주식수,등락률,KOSPI,KOSDAQ,NASDAQ,Dow Jones,S&P 500,Nikkei
4150,한솔홀딩스,177.0,13520.0,15.03,0.2,3.76,1.3091715976331362,20240731,2660,3421,42008577,-0.19,2745.989990234375,796.2000122070312,,,,38377.41015625
