종목코드,종목명,EPS,BPS,PER,PBR,배당수익률,ROE,날짜,종가,거래량,상장주식수,등락률,KOSPI,KOSDAQ,NASDAQ,Dow Jones,S&P 500,Nikkei
45100,한양이엔지,4540.0,31478.0,4.02,0.58,3.29,14.422771459431983,20240731,18240,38565,18000000,2.93,2745.989990234375,796.2000122070312,,,,38377.41015625
