종목코드,종목명,EPS,BPS,PER,PBR,배당수익률,ROE,날짜,종가,거래량,상장주식수,등락률,KOSPI,KOSDAQ,NASDAQ,Dow Jones,S&P 500,Nikkei
54920,한컴위드,36.0,5689.0,73.06,0.46,0.0,0.6328001406222534,20240731,2630,21648,28217081,0.0,2745.989990234375,796.2000122070312,,,,38377.41015625
