종목코드,종목명,EPS,BPS,PER,PBR,배당수익률,ROE,날짜,종가,거래량,상장주식수,등락률,KOSPI,KOSDAQ,NASDAQ,Dow Jones,S&P 500,Nikkei
79170,한창산업,301.0,11953.0,22.13,0.56,2.4,2.51819626871915,20240731,6660,1034,5200000,-0.3,2745.989990234375,796.2000122070312,,,,38377.41015625
