종목코드,종목명,EPS,BPS,PER,PBR,배당수익률,ROE,날짜,종가,거래량,상장주식수,등락률,KOSPI,KOSDAQ,NASDAQ,Dow Jones,S&P 500,Nikkei
4710,한솔테크닉스,1376.0,11022.0,3.63,0.45,2.0,12.48412266376338,20240731,5000,22506,32109878,0.3,2745.989990234375,796.2000122070312,,,,38377.41015625
