종목코드,종목명,EPS,BPS,PER,PBR,배당수익률,ROE,날짜,종가,거래량,상장주식수,등락률,KOSPI,KOSDAQ,NASDAQ,Dow Jones,S&P 500,Nikkei
11700,한신기계,,2794.0,,1.48,0.36,,20240731,4130,83341,32446151,0.85,2745.989990234375,796.2000122070312,,,,38377.41015625
