종목코드,종목명,EPS,BPS,PER,PBR,배당수익률,ROE,날짜,종가,거래량,상장주식수,등락률,KOSPI,KOSDAQ,NASDAQ,Dow Jones,S&P 500,Nikkei
198940,한주라이트메탈,,1273.0,,0.9,0.0,,20240731,1146,129812,38922978,-2.47,2745.989990234375,796.2000122070312,,,,38377.41015625
