종목코드,종목명,EPS,BPS,PER,PBR,배당수익률,ROE,날짜,종가,거래량,상장주식수,등락률,KOSPI,KOSDAQ,NASDAQ,Dow Jones,S&P 500,Nikkei
1750,한양증권,2728.0,37102.0,5.41,0.4,5.42,7.352703358309524,20240731,14770,107383,12728534,3.0,2745.989990234375,796.2000122070312,,,,38377.41015625
