종목코드,종목명,EPS,BPS,PER,PBR,배당수익률,ROE,날짜,종가,거래량,상장주식수,등락률,KOSPI,KOSDAQ,NASDAQ,Dow Jones,S&P 500,Nikkei
372910,한컴라이프케어,30.0,4609.0,155.67,1.01,0.0,0.6509004122369277,20240731,4670,6681,27674406,-0.11,2745.989990234375,796.2000122070312,,,,38377.41015625
