종목코드,종목명,EPS,BPS,PER,PBR,배당수익률,ROE,날짜,종가,거래량,상장주식수,등락률,KOSPI,KOSDAQ,NASDAQ,Dow Jones,S&P 500,Nikkei
3480,한진중공업홀딩스,290.0,13048.0,12.12,0.27,2.84,2.222562844880441,20240731,3515,10683,29529812,-0.28,2745.989990234375,796.2000122070312,,,,38377.41015625
