종목코드,종목명,EPS,BPS,PER,PBR,배당수익률,ROE,날짜,종가,거래량,상장주식수,등락률,KOSPI,KOSDAQ,NASDAQ,Dow Jones,S&P 500,Nikkei
14680,한솔케미칼,9684.0,77725.0,16.24,2.02,1.34,12.459311675779992,20240731,157300,16538,11335195,-1.07,2745.989990234375,796.2000122070312,,,,38377.41015625
