종목코드,종목명,EPS,BPS,PER,PBR,배당수익률,ROE,날짜,종가,거래량,상장주식수,등락률,KOSPI,KOSDAQ,NASDAQ,Dow Jones,S&P 500,Nikkei
3680,한성기업,216.0,9101.0,30.23,0.72,0.0,2.373365564223712,20240731,6540,15256,6209515,-0.3,2745.989990234375,796.2000122070312,,,,38377.41015625
