종목코드,종목명,EPS,BPS,PER,PBR,배당수익률,ROE,날짜,종가,거래량,상장주식수,등락률,KOSPI,KOSDAQ,NASDAQ,Dow Jones,S&P 500,Nikkei
5860,한일사료,2921.0,3961.0,1.5,1.11,1.71,73.744004039384,20240731,4395,53859,39403685,-0.11,2745.989990234375,796.2000122070312,,,,38377.41015625
