종목코드,종목명,EPS,BPS,PER,PBR,배당수익률,ROE,날짜,종가,거래량,상장주식수,등락률,KOSPI,KOSDAQ,NASDAQ,Dow Jones,S&P 500,Nikkei
24740,한일단조,239.0,3830.0,8.72,0.54,0.0,6.240208877284595,20240731,2085,61392,31532546,-0.71,2745.989990234375,796.2000122070312,,,,38377.41015625
