종목코드,종목명,EPS,BPS,PER,PBR,배당수익률,ROE,날짜,종가,거래량,상장주식수,등락률,KOSPI,KOSDAQ,NASDAQ,Dow Jones,S&P 500,Nikkei
9420,한올바이오파마,69.0,3673.0,514.49,9.67,0.0,1.8785733732643612,20240731,35450,319041,52240638,-4.7,2745.989990234375,796.2000122070312,,,,38377.41015625
