종목코드,종목명,EPS,BPS,PER,PBR,배당수익률,ROE,날짜,종가,거래량,상장주식수,등락률,KOSPI,KOSDAQ,NASDAQ,Dow Jones,S&P 500,Nikkei
2320,한진,1805.0,97491.0,10.61,0.2,3.13,1.8514529546317096,20240731,19160,7462,14947628,0.31,2745.989990234375,796.2000122070312,,,,38377.41015625
