종목코드,종목명,EPS,BPS,PER,PBR,배당수익률,ROE,날짜,종가,거래량,상장주식수,등락률,KOSPI,KOSDAQ,NASDAQ,Dow Jones,S&P 500,Nikkei
16450,한세예스24홀딩스,1437.0,12835.0,3.19,0.36,5.46,11.19594857810674,20240731,4580,38899,40000000,0.66,2745.989990234375,796.2000122070312,,,,38377.41015625
