종목코드,종목명,EPS,BPS,PER,PBR,배당수익률,ROE,날짜,종가,거래량,상장주식수,등락률,KOSPI,KOSDAQ,NASDAQ,Dow Jones,S&P 500,Nikkei
51600,한전KPS,3615.0,28280.0,10.87,1.39,5.49,12.78288543140028,20240731,39300,214979,45000000,1.68,2745.989990234375,796.2000122070312,,,,38377.41015625
