종목코드,종목명,EPS,BPS,PER,PBR,배당수익률,ROE,날짜,종가,거래량,상장주식수,등락률,KOSPI,KOSDAQ,NASDAQ,Dow Jones,S&P 500,Nikkei
00088K,한화3우B,,,,,4.97,,20240731,16090,15262,22472000,0.56,2745.989990234375,796.2000122070312,,,,38377.41015625
