종목코드,종목명,EPS,BPS,PER,PBR,배당수익률,ROE,날짜,종가,거래량,상장주식수,등락률,KOSPI,KOSDAQ,NASDAQ,Dow Jones,S&P 500,Nikkei
88350,한화생명,954.0,17352.0,3.22,0.18,4.88,5.49792531120332,20240731,3075,686569,868530000,1.82,2745.989990234375,796.2000122070312,,,,38377.41015625
