종목코드,종목명,EPS,BPS,PER,PBR,배당수익률,ROE,날짜,종가,거래량,상장주식수,등락률,KOSPI,KOSDAQ,NASDAQ,Dow Jones,S&P 500,Nikkei
3530,한화투자증권,42.0,7213.0,90.0,0.52,0.0,0.5822819908498544,20240731,3765,683031,214547775,-0.4,2745.989990234375,796.2000122070312,,,,38377.41015625
