종목코드,종목명,EPS,BPS,PER,PBR,배당수익률,ROE,날짜,종가,거래량,상장주식수,등락률,KOSPI,KOSDAQ,NASDAQ,Dow Jones,S&P 500,Nikkei
03481K,해성산업1우,,,,,2.75,,20240731,8350,565,1388922,1.33,2745.989990234375,796.2000122070312,,,,38377.41015625
