종목코드,종목명,EPS,BPS,PER,PBR,배당수익률,ROE,날짜,종가,거래량,상장주식수,등락률,KOSPI,KOSDAQ,NASDAQ,Dow Jones,S&P 500,Nikkei
34810,해성산업,,23855.0,,0.32,2.97,,20240731,7570,13520,32556857,-0.66,2745.989990234375,796.2000122070312,,,,38377.41015625
