종목코드,종목명,EPS,BPS,PER,PBR,배당수익률,ROE,날짜,종가,거래량,상장주식수,등락률,KOSPI,KOSDAQ,NASDAQ,Dow Jones,S&P 500,Nikkei
453340,현대그린푸드,1160.0,18561.0,10.76,0.67,2.6,6.249663272452993,20240731,12480,18721,33880914,0.56,2745.989990234375,796.2000122070312,,,,38377.41015625
