종목코드,종목명,EPS,BPS,PER,PBR,배당수익률,ROE,날짜,종가,거래량,상장주식수,등락률,KOSPI,KOSDAQ,NASDAQ,Dow Jones,S&P 500,Nikkei
4310,현대약품,226.0,3174.0,24.69,1.76,0.63,7.120352867044738,20240731,5600,9990879,32000000,-1.23,2745.989990234375,796.2000122070312,,,,38377.41015625
