종목코드,종목명,EPS,BPS,PER,PBR,배당수익률,ROE,날짜,종가,거래량,상장주식수,등락률,KOSPI,KOSDAQ,NASDAQ,Dow Jones,S&P 500,Nikkei
39010,현대에이치티,,11307.0,,0.54,2.11,,20240731,6160,8223,8625000,0.33,2745.989990234375,796.2000122070312,,,,38377.41015625
