종목코드,종목명,EPS,BPS,PER,PBR,배당수익률,ROE,날짜,종가,거래량,상장주식수,등락률,KOSPI,KOSDAQ,NASDAQ,Dow Jones,S&P 500,Nikkei
4020,현대제철,3506.0,145198.0,7.77,0.19,3.67,2.414633810383063,20240731,27250,64141,133445785,0.18,2745.989990234375,796.2000122070312,,,,38377.41015625
