종목코드,종목명,EPS,BPS,PER,PBR,배당수익률,ROE,날짜,종가,거래량,상장주식수,등락률,KOSPI,KOSDAQ,NASDAQ,Dow Jones,S&P 500,Nikkei
5387,현대차2우B,,,,,6.91,,20240731,166300,32729,35759391,0.48,2745.989990234375,796.2000122070312,,,,38377.41015625
