종목코드,종목명,EPS,BPS,PER,PBR,배당수익률,ROE,날짜,종가,거래량,상장주식수,등락률,KOSPI,KOSDAQ,NASDAQ,Dow Jones,S&P 500,Nikkei
90850,현대이지웰,,3684.0,,1.48,1.65,,20240731,5470,117409,23746361,-1.08,2745.989990234375,796.2000122070312,,,,38377.41015625
