종목코드,종목명,EPS,BPS,PER,PBR,배당수익률,ROE,날짜,종가,거래량,상장주식수,등락률,KOSPI,KOSDAQ,NASDAQ,Dow Jones,S&P 500,Nikkei
52260,현대바이오랜드,269.0,4533.0,19.03,1.13,1.37,5.934259872049416,20240731,5120,128022,30000000,1.79,2745.989990234375,796.2000122070312,,,,38377.41015625
