종목코드,종목명,EPS,BPS,PER,PBR,배당수익률,ROE,날짜,종가,거래량,상장주식수,등락률,KOSPI,KOSDAQ,NASDAQ,Dow Jones,S&P 500,Nikkei
170030,현대공업,869.0,9542.0,7.46,0.68,3.09,9.107105428631314,20240731,6480,26804,15340000,-0.31,2745.989990234375,796.2000122070312,,,,38377.41015625
