종목코드,종목명,EPS,BPS,PER,PBR,배당수익률,ROE,날짜,종가,거래량,상장주식수,등락률,KOSPI,KOSDAQ,NASDAQ,Dow Jones,S&P 500,Nikkei
64350,현대로템,1475.0,15391.0,33.76,3.24,0.2,9.58352283802222,20240731,49800,2009630,109142293,0.4,2745.989990234375,796.2000122070312,,,,38377.41015625
