종목코드,종목명,EPS,BPS,PER,PBR,배당수익률,ROE,날짜,종가,거래량,상장주식수,등락률,KOSPI,KOSDAQ,NASDAQ,Dow Jones,S&P 500,Nikkei
12330,현대모비스,37639.0,448144.0,5.87,0.49,2.04,8.398862865507516,20240731,221000,49996,92995094,-0.45,2745.989990234375,796.2000122070312,,,,38377.41015625
