종목코드,종목명,EPS,BPS,PER,PBR,배당수익률,ROE,날짜,종가,거래량,상장주식수,등락률,KOSPI,KOSDAQ,NASDAQ,Dow Jones,S&P 500,Nikkei
5440,현대지에프홀딩스,12056.0,17334.0,0.36,0.25,4.56,69.55117110880352,20240731,4390,15552,155904301,0.34,2745.989990234375,796.2000122070312,,,,38377.41015625
