종목코드,종목명,EPS,BPS,PER,PBR,배당수익률,ROE,날짜,종가,거래량,상장주식수,등락률,KOSPI,KOSDAQ,NASDAQ,Dow Jones,S&P 500,Nikkei
57050,현대홈쇼핑,11898.0,179810.0,3.98,0.26,5.91,6.61698459485012,20240731,47400,1740,12000000,0.53,2745.989990234375,796.2000122070312,,,,38377.41015625
