종목코드,종목명,EPS,BPS,PER,PBR,배당수익률,ROE,날짜,종가,거래량,상장주식수,등락률,KOSPI,KOSDAQ,NASDAQ,Dow Jones,S&P 500,Nikkei
86280,현대글로비스,14154.0,103446.0,8.48,1.16,5.25,13.68250101502233,20240731,119900,67474,37500000,-1.24,2745.989990234375,796.2000122070312,,,,38377.41015625
