종목코드,종목명,EPS,BPS,PER,PBR,배당수익률,ROE,날짜,종가,거래량,상장주식수,등락률,KOSPI,KOSDAQ,NASDAQ,Dow Jones,S&P 500,Nikkei
227840,현대코퍼레이션홀딩스,3307.0,29944.0,3.31,0.37,4.56,11.04394870424793,20240731,10960,482,9100836,0.0,2745.989990234375,796.2000122070312,,,,38377.41015625
