종목코드,종목명,EPS,BPS,PER,PBR,배당수익률,ROE,날짜,종가,거래량,상장주식수,등락률,KOSPI,KOSDAQ,NASDAQ,Dow Jones,S&P 500,Nikkei
307950,현대오토에버,5024.0,57613.0,32.54,2.84,0.87,8.720254109315606,20240731,163500,32414,27423982,-1.39,2745.989990234375,796.2000122070312,,,,38377.41015625
