종목코드,종목명,EPS,BPS,PER,PBR,배당수익률,ROE,날짜,종가,거래량,상장주식수,등락률,KOSPI,KOSDAQ,NASDAQ,Dow Jones,S&P 500,Nikkei
92300,현우산업,568.0,5492.0,5.86,0.61,3.0,10.34231609613984,20240731,3335,22421,18672816,-1.48,2745.989990234375,796.2000122070312,,,,38377.41015625
