종목코드,종목명,EPS,BPS,PER,PBR,배당수익률,ROE,날짜,종가,거래량,상장주식수,등락률,KOSPI,KOSDAQ,NASDAQ,Dow Jones,S&P 500,Nikkei
111110,호전실업,1864.0,16258.0,3.77,0.43,4.27,11.465124861606592,20240731,7030,2066,9749984,-0.99,2745.989990234375,796.2000122070312,,,,38377.41015625
