종목코드,종목명,EPS,BPS,PER,PBR,배당수익률,ROE,날짜,종가,거래량,상장주식수,등락률,KOSPI,KOSDAQ,NASDAQ,Dow Jones,S&P 500,Nikkei
8770,호텔신라,2270.0,16074.0,21.92,3.1,0.4,14.122184894861268,20240731,49750,48162,39248121,1.53,2745.989990234375,796.2000122070312,,,,38377.41015625
