종목코드,종목명,EPS,BPS,PER,PBR,배당수익률,ROE,날짜,종가,거래량,상장주식수,등락률,KOSPI,KOSDAQ,NASDAQ,Dow Jones,S&P 500,Nikkei
60560,홈센타홀딩스,181.0,1245.0,6.03,0.88,1.83,14.538152610441768,20240731,1091,342728,127669525,-2.06,2745.989990234375,796.2000122070312,,,,38377.41015625
