종목코드,종목명,EPS,BPS,PER,PBR,배당수익률,ROE,날짜,종가,거래량,상장주식수,등락률,KOSPI,KOSDAQ,NASDAQ,Dow Jones,S&P 500,Nikkei
850,화천기공,4801.0,157067.0,6.17,0.19,4.39,3.0566573500480687,20240731,29600,309,2200000,-0.17,2745.989990234375,796.2000122070312,,,,38377.41015625
