종목코드,종목명,EPS,BPS,PER,PBR,배당수익률,ROE,날짜,종가,거래량,상장주식수,등락률,KOSPI,KOSDAQ,NASDAQ,Dow Jones,S&P 500,Nikkei
378850,화승알앤에이,1275.0,5925.0,3.18,0.68,1.23,21.518987341772156,20240731,4055,55390,18993623,-0.61,2745.989990234375,796.2000122070312,,,,38377.41015625
