종목코드,종목명,EPS,BPS,PER,PBR,배당수익률,ROE,날짜,종가,거래량,상장주식수,등락률,KOSPI,KOSDAQ,NASDAQ,Dow Jones,S&P 500,Nikkei
133820,화인베스틸,,2043.0,,0.5,0.0,,20240731,1031,4442,30826118,-0.87,2745.989990234375,796.2000122070312,,,,38377.41015625
