종목코드,종목명,EPS,BPS,PER,PBR,배당수익률,ROE,날짜,종가,거래량,상장주식수,등락률,KOSPI,KOSDAQ,NASDAQ,Dow Jones,S&P 500,Nikkei
10690,화신,2274.0,12808.0,4.63,0.82,1.42,17.754528419737664,20240731,10530,78972,34920410,-0.57,2745.989990234375,796.2000122070312,,,,38377.41015625
