종목코드,종목명,EPS,BPS,PER,PBR,배당수익률,ROE,날짜,종가,거래량,상장주식수,등락률,KOSPI,KOSDAQ,NASDAQ,Dow Jones,S&P 500,Nikkei
10660,화천기계,38.0,6253.0,79.08,0.48,1.0,0.6077083000159923,20240731,3005,43879,22000000,0.0,2745.989990234375,796.2000122070312,,,,38377.41015625
