종목코드,종목명,EPS,BPS,PER,PBR,배당수익률,ROE,날짜,종가,거래량,상장주식수,등락률,KOSPI,KOSDAQ,NASDAQ,Dow Jones,S&P 500,Nikkei
126640,화신정공,258.0,3370.0,5.31,0.41,3.65,7.655786350148368,20240731,1369,5238,36373887,0.0,2745.989990234375,796.2000122070312,,,,38377.41015625
