종목코드,종목명,EPS,BPS,PER,PBR,배당수익률,ROE,날짜,종가,거래량,상장주식수,등락률,KOSPI,KOSDAQ,NASDAQ,Dow Jones,S&P 500,Nikkei
16580,환인제약,1950.0,23463.0,7.42,0.62,2.07,8.310957678046286,20240731,14480,66871,18600070,-2.1,2745.989990234375,796.2000122070312,,,,38377.41015625
