종목코드,종목명,EPS,BPS,PER,PBR,배당수익률,ROE,날짜,종가,거래량,상장주식수,등락률,KOSPI,KOSDAQ,NASDAQ,Dow Jones,S&P 500,Nikkei
5870,휴니드,1366.0,12343.0,4.68,0.52,0.0,11.067001539334036,20240731,6390,20039,14116015,0.63,2745.989990234375,796.2000122070312,,,,38377.41015625
