종목코드,종목명,EPS,BPS,PER,PBR,배당수익률,ROE,날짜,종가,거래량,상장주식수,등락률,KOSPI,KOSDAQ,NASDAQ,Dow Jones,S&P 500,Nikkei
145020,휴젤,8217.0,68347.0,29.45,3.54,0.0,12.022473554069672,20240731,243000,16802,12604033,-2.21,2745.989990234375,796.2000122070312,,,,38377.41015625
