종목코드,종목명,EPS,BPS,PER,PBR,배당수익률,ROE,날짜,종가,거래량,상장주식수,등락률,KOSPI,KOSDAQ,NASDAQ,Dow Jones,S&P 500,Nikkei
540,흥국화재,4664.0,20881.0,0.9,0.2,0.0,22.33609501460658,20240731,4200,16496,64242645,0.72,2745.989990234375,796.2000122070312,,,,38377.41015625
