종목코드,종목명,EPS,BPS,PER,PBR,배당수익률,ROE,날짜,종가,거래량,상장주식수,등락률,KOSPI,KOSDAQ,NASDAQ,Dow Jones,S&P 500,Nikkei
10240,흥국,1182.0,8598.0,4.48,0.62,4.53,13.747383112351711,20240731,5300,6619,12322696,-0.93,2745.989990234375,796.2000122070312,,,,38377.41015625
