종목코드,종목명,EPS,BPS,PER,PBR,배당수익률,ROE,날짜,종가,거래량,상장주식수,등락률,KOSPI,KOSDAQ,NASDAQ,Dow Jones,S&P 500,Nikkei
3280,흥아해운,142.0,690.0,15.32,3.15,0.0,20.57971014492753,20240731,2180,831626,240424899,0.69,2745.989990234375,796.2000122070312,,,,38377.41015625
