종목코드,종목명,EPS,BPS,PER,PBR,배당수익률,ROE,날짜,종가,거래량,상장주식수,등락률,KOSPI,KOSDAQ,NASDAQ,Dow Jones,S&P 500,Nikkei
238490,힘스,511.0,6174.0,10.25,0.85,0.95,8.276643990929704,20240731,5210,9735,11312236,2.16,2745.989990234375,796.2000122070312,,,,38377.41015625
