종목코드,종목명,EPS,BPS,PER,PBR,배당수익률,ROE,날짜,종가,거래량,상장주식수,등락률
060310,3S,30.0,947.0,76.0,2.41,0.0,3.167898627243928,20240304,2880.0,668831.0,48536642.0,1.23
060310,3S,30.0,947.0,76.0,2.41,0.0,3.167898627243928,20240305,2790.0,908884.0,48536642.0,-3.13
060310,3S,30.0,947.0,76.0,2.41,0.0,3.167898627243928,20240306,2790.0,643726.0,48536642.0,0.0
060310,3S,30.0,947.0,76.0,2.41,0.0,3.167898627243928,20240307,2790.0,1865313.0,48536642.0,0.0
060310,3S,30.0,947.0,76.0,2.41,0.0,3.167898627243928,20240308,2810.0,832167.0,48536642.0,0.72
