종목코드,종목명,EPS,BPS,PER,PBR,배당수익률,ROE,날짜,종가,거래량,상장주식수,등락률
001460,BYC,2836.0,64090.0,11.41,0.5,0.93,4.425027305351849,20240304,441000.0,441.0,624615.0,2.68
001460,BYC,2836.0,64090.0,11.41,0.5,0.93,4.425027305351849,20240305,492500.0,5350.0,624615.0,11.68
001460,BYC,2836.0,64090.0,11.41,0.5,0.93,4.425027305351849,20240306,503000.0,2770.0,624615.0,2.13
001460,BYC,2836.0,64090.0,11.41,0.5,0.93,4.425027305351849,20240307,486000.0,617.0,624615.0,-3.38
001460,BYC,2836.0,64090.0,11.41,0.5,0.93,4.425027305351849,20240308,490500.0,372.0,624615.0,0.93
