종목코드,종목명,EPS,BPS,PER,PBR,배당수익률,ROE,날짜,종가,거래량,상장주식수,등락률
001040,CJ,5806.0,164443.0,22.25,0.79,2.32,3.5307066886398326,20240304,96200.0,102878.0,29176998.0,-0.72
001040,CJ,5806.0,164443.0,22.25,0.79,2.32,3.5307066886398326,20240305,96600.0,114778.0,29176998.0,0.42
001040,CJ,5806.0,164443.0,22.25,0.79,2.32,3.5307066886398326,20240306,96600.0,83610.0,29176998.0,0.0
001040,CJ,5806.0,164443.0,22.25,0.79,2.32,3.5307066886398326,20240307,94100.0,90959.0,29176998.0,-2.59
001040,CJ,5806.0,164443.0,22.25,0.79,2.32,3.5307066886398326,20240308,94500.0,98684.0,29176998.0,0.43
