종목코드,종목명,EPS,BPS,PER,PBR,배당수익률,ROE,날짜,종가,거래량,상장주식수,등락률
000480,CR홀딩스,14.0,14318.0,425.71,0.42,6.88,0.09777901941611956,20240304,6370.0,31171.0,46890490.0,2.91
000480,CR홀딩스,14.0,14318.0,425.71,0.42,6.88,0.09777901941611956,20240305,6230.0,35726.0,46890490.0,-2.2
000480,CR홀딩스,14.0,14318.0,425.71,0.42,6.88,0.09777901941611956,20240306,6310.0,18178.0,46890490.0,1.28
000480,CR홀딩스,14.0,14318.0,425.71,0.42,6.88,0.09777901941611956,20240307,6160.0,36019.0,46890490.0,-2.38
000480,CR홀딩스,14.0,14318.0,425.71,0.42,6.88,0.09777901941611956,20240308,6230.0,12077.0,46890490.0,1.14
