종목코드,종목명,EPS,BPS,PER,PBR,배당수익률,ROE,날짜,종가,거래량,상장주식수,등락률
005830,DB손해보험,28955.0,170486.0,3.74,0.64,4.89,16.983799256243913,20240304,99100.0,159187.0,70800000.0,0.3
005830,DB손해보험,28955.0,170486.0,3.74,0.64,4.89,16.983799256243913,20240305,98000.0,151027.0,70800000.0,-1.11
005830,DB손해보험,28955.0,170486.0,3.74,0.64,4.89,16.983799256243913,20240306,96100.0,188493.0,70800000.0,-1.94
005830,DB손해보험,28955.0,170486.0,3.74,0.64,4.89,16.983799256243913,20240307,97400.0,219374.0,70800000.0,1.35
005830,DB손해보험,28955.0,170486.0,3.74,0.64,4.89,16.983799256243913,20240308,97200.0,215717.0,70800000.0,-0.21
