종목코드,종목명,EPS,BPS,PER,PBR,배당수익률,ROE,날짜,종가,거래량,상장주식수,등락률
017860,DS단석,7966.0,47319.0,11.02,1.86,0.0,16.834675288995964,20240304,172400.0,53340.0,5861404.0,-2.6
017860,DS단석,7966.0,47319.0,11.02,1.86,0.0,16.834675288995964,20240305,169000.0,42986.0,5861404.0,-1.97
017860,DS단석,7966.0,47319.0,11.02,1.86,0.0,16.834675288995964,20240306,169300.0,38729.0,5861404.0,0.18
017860,DS단석,7966.0,47319.0,11.02,1.86,0.0,16.834675288995964,20240307,169900.0,38182.0,5861404.0,0.35
017860,DS단석,7966.0,47319.0,11.02,1.86,0.0,16.834675288995964,20240308,166800.0,43874.0,5861404.0,-1.82
