종목코드,종목명,EPS,BPS,PER,PBR,배당수익률,ROE,날짜,종가,거래량,상장주식수,등락률
329180,HD현대중공업,278.0,58660.0,735.61,3.49,0.0,0.4739174906239345,20240304,113600.0,178233.0,88773116.0,-3.65
329180,HD현대중공업,278.0,58660.0,735.61,3.49,0.0,0.4739174906239345,20240305,112300.0,123692.0,88773116.0,-1.14
329180,HD현대중공업,278.0,58660.0,735.61,3.49,0.0,0.4739174906239345,20240306,111500.0,101377.0,88773116.0,-0.71
329180,HD현대중공업,278.0,58660.0,735.61,3.49,0.0,0.4739174906239345,20240307,111600.0,72380.0,88773116.0,0.09
329180,HD현대중공업,278.0,58660.0,735.61,3.49,0.0,0.4739174906239345,20240308,110900.0,83688.0,88773116.0,-0.63
