종목코드,종목명,EPS,BPS,PER,PBR,배당수익률,ROE,날짜,종가,거래량,상장주식수,등락률
204320,HL만도,2890.0,47505.0,13.29,0.81,1.56,6.0835701505104725,20240304,33100.0,189532.0,46957120.0,-0.15
204320,HL만도,2890.0,47505.0,13.29,0.81,1.56,6.0835701505104725,20240305,33200.0,211358.0,46957120.0,0.3
204320,HL만도,2890.0,47505.0,13.29,0.81,1.56,6.0835701505104725,20240306,33150.0,223122.0,46957120.0,-0.15
204320,HL만도,2890.0,47505.0,13.29,0.81,1.56,6.0835701505104725,20240307,33400.0,143004.0,46957120.0,0.75
204320,HL만도,2890.0,47505.0,13.29,0.81,1.56,6.0835701505104725,20240308,33150.0,154718.0,46957120.0,-0.75
