종목코드,종목명,EPS,BPS,PER,PBR,배당수익률,ROE,날짜,종가,거래량,상장주식수,등락률
175330,JB금융지주,2907.0,26120.0,4.9,0.55,6.0,11.129402756508423,20240304,13640.0,641278.0,195083198.0,3.65
175330,JB금융지주,2907.0,26120.0,4.9,0.55,6.0,11.129402756508423,20240305,13900.0,722793.0,195083198.0,1.91
175330,JB금융지주,2907.0,26120.0,4.9,0.55,6.0,11.129402756508423,20240306,13590.0,430199.0,195083198.0,-2.23
175330,JB금융지주,2907.0,26120.0,4.9,0.55,6.0,11.129402756508423,20240307,14010.0,542274.0,195083198.0,3.09
175330,JB금융지주,2907.0,26120.0,4.9,0.55,6.0,11.129402756508423,20240308,13800.0,641470.0,195083198.0,-1.5
