종목코드,종목명,EPS,BPS,PER,PBR,배당수익률,ROE,날짜,종가,거래량,상장주식수,등락률
044450,KSS해운,755.0,18624.0,11.06,0.45,4.19,4.053908934707904,20240304,8930.0,40486.0,23085880.0,0.45
044450,KSS해운,755.0,18624.0,11.06,0.45,4.19,4.053908934707904,20240305,8990.0,57423.0,23085880.0,0.67
044450,KSS해운,755.0,18624.0,11.06,0.45,4.19,4.053908934707904,20240306,8740.0,118272.0,23085880.0,-2.78
044450,KSS해운,755.0,18624.0,11.06,0.45,4.19,4.053908934707904,20240307,8570.0,79395.0,23085880.0,-1.95
044450,KSS해운,755.0,18624.0,11.06,0.45,4.19,4.053908934707904,20240308,8510.0,72205.0,23085880.0,-0.7
