종목코드,종목명,EPS,BPS,PER,PBR,배당수익률,ROE,날짜,종가,거래량,상장주식수,등락률
033780,KT&G,7843.0,81326.0,11.82,1.14,5.61,9.643902319061555,20240304,92800.0,173358.0,133822497.0,-0.22
033780,KT&G,7843.0,81326.0,11.82,1.14,5.61,9.643902319061555,20240305,92300.0,121411.0,133822497.0,-0.54
033780,KT&G,7843.0,81326.0,11.82,1.14,5.61,9.643902319061555,20240306,91900.0,158444.0,133822497.0,-0.43
033780,KT&G,7843.0,81326.0,11.82,1.14,5.61,9.643902319061555,20240307,91800.0,110621.0,133822497.0,-0.11
033780,KT&G,7843.0,81326.0,11.82,1.14,5.61,9.643902319061555,20240308,93900.0,340112.0,133822497.0,2.29
