종목코드,종목명,EPS,BPS,PER,PBR,배당수익률,ROE,날짜,종가,거래량,상장주식수,등락률
122450,KX,420.0,6234.0,10.12,0.68,4.71,6.737247353224254,20240304,4930.0,17890.0,45335964.0,0.1
122450,KX,420.0,6234.0,10.12,0.68,4.71,6.737247353224254,20240305,4895.0,11729.0,45335964.0,-0.71
122450,KX,420.0,6234.0,10.12,0.68,4.71,6.737247353224254,20240306,4900.0,19955.0,45335964.0,0.1
122450,KX,420.0,6234.0,10.12,0.68,4.71,6.737247353224254,20240307,4835.0,13507.0,45335964.0,-1.33
122450,KX,420.0,6234.0,10.12,0.68,4.71,6.737247353224254,20240308,4895.0,20675.0,45335964.0,1.24
