종목코드,종목명,EPS,BPS,PER,PBR,배당수익률,ROE,날짜,종가,거래량,상장주식수,등락률
093050,LF,2899.0,53693.0,4.91,0.27,4.92,5.399214050248636,20240304,13110.0,38994.0,29240000.0,0.23
093050,LF,2899.0,53693.0,4.91,0.27,4.92,5.399214050248636,20240305,13160.0,35379.0,29240000.0,0.38
093050,LF,2899.0,53693.0,4.91,0.27,4.92,5.399214050248636,20240306,13120.0,25160.0,29240000.0,-0.3
093050,LF,2899.0,53693.0,4.91,0.27,4.92,5.399214050248636,20240307,13640.0,202428.0,29240000.0,3.96
093050,LF,2899.0,53693.0,4.91,0.27,4.92,5.399214050248636,20240308,14170.0,140730.0,29240000.0,3.89
