종목코드,종목명,EPS,BPS,PER,PBR,배당수익률,ROE,날짜,종가,거래량,상장주식수,등락률
417200,LS머트리얼즈,214.0,2668.0,88.93,7.13,0.12,8.020989505247377,20240304,25550.0,973525.0,67652659.0,-2.11
417200,LS머트리얼즈,214.0,2668.0,88.93,7.13,0.12,8.020989505247377,20240305,25000.0,1585211.0,67652659.0,-2.15
417200,LS머트리얼즈,214.0,2668.0,88.93,7.13,0.12,8.020989505247377,20240306,24950.0,593800.0,67652659.0,-0.2
417200,LS머트리얼즈,214.0,2668.0,88.93,7.13,0.12,8.020989505247377,20240307,24600.0,719411.0,67652659.0,-1.4
417200,LS머트리얼즈,214.0,2668.0,88.93,7.13,0.12,8.020989505247377,20240308,24300.0,792865.0,67652659.0,-1.22
