종목코드,종목명,EPS,BPS,PER,PBR,배당수익률,ROE,날짜,종가,거래량,상장주식수,등락률
008260,NI스틸,1756.0,8188.0,2.42,0.52,2.94,21.44601856375183,20240304,5030.0,134952.0,28600117.0,0.9
008260,NI스틸,1756.0,8188.0,2.42,0.52,2.94,21.44601856375183,20240305,4985.0,63962.0,28600117.0,-0.89
008260,NI스틸,1756.0,8188.0,2.42,0.52,2.94,21.44601856375183,20240306,4965.0,85262.0,28600117.0,-0.4
008260,NI스틸,1756.0,8188.0,2.42,0.52,2.94,21.44601856375183,20240307,4900.0,81020.0,28600117.0,-1.31
008260,NI스틸,1756.0,8188.0,2.42,0.52,2.94,21.44601856375183,20240308,4970.0,40472.0,28600117.0,1.43
