종목코드,종목명,EPS,BPS,PER,PBR,배당수익률,ROE,날짜,종가,거래량,상장주식수,등락률
456040,OCI,7052.0,132933.0,11.64,0.62,2.44,5.304928046459494,20240304,83700.0,25263.0,8990535.0,-0.95
456040,OCI,7052.0,132933.0,11.64,0.62,2.44,5.304928046459494,20240305,83800.0,18174.0,8990535.0,0.12
456040,OCI,7052.0,132933.0,11.64,0.62,2.44,5.304928046459494,20240306,83800.0,24299.0,8990535.0,0.0
456040,OCI,7052.0,132933.0,11.64,0.62,2.44,5.304928046459494,20240307,83100.0,22866.0,8990535.0,-0.84
456040,OCI,7052.0,132933.0,11.64,0.62,2.44,5.304928046459494,20240308,82900.0,25887.0,8990535.0,-0.24
