종목코드,종목명,EPS,BPS,PER,PBR,배당수익률,ROE,날짜,종가,거래량,상장주식수,등락률
019550,SBI인베스트먼트,52.0,783.0,15.35,1.02,0.0,6.641123882503193,20240304,892.0,369750.0,162066575.0,0.11
019550,SBI인베스트먼트,52.0,783.0,15.35,1.02,0.0,6.641123882503193,20240305,901.0,1575600.0,162066575.0,1.01
019550,SBI인베스트먼트,52.0,783.0,15.35,1.02,0.0,6.641123882503193,20240306,891.0,397039.0,162066575.0,-1.11
019550,SBI인베스트먼트,52.0,783.0,15.35,1.02,0.0,6.641123882503193,20240307,888.0,416026.0,162066575.0,-0.34
019550,SBI인베스트먼트,52.0,783.0,15.35,1.02,0.0,6.641123882503193,20240308,885.0,221429.0,162066575.0,-0.34
