종목코드,종목명,EPS,BPS,PER,PBR,배당수익률,ROE,날짜,종가,거래량,상장주식수,등락률
034120,SBS,2613.0,47382.0,6.44,0.36,2.97,5.514752437634544,20240304,24600.0,43471.0,18551238.0,-0.2
034120,SBS,2613.0,47382.0,6.44,0.36,2.97,5.514752437634544,20240305,24550.0,64523.0,18551238.0,-0.2
034120,SBS,2613.0,47382.0,6.44,0.36,2.97,5.514752437634544,20240306,24300.0,56232.0,18551238.0,-1.02
034120,SBS,2613.0,47382.0,6.44,0.36,2.97,5.514752437634544,20240307,24150.0,75057.0,18551238.0,-0.62
034120,SBS,2613.0,47382.0,6.44,0.36,2.97,5.514752437634544,20240308,24150.0,79873.0,18551238.0,0.0
