종목코드,종목명,EPS,BPS,PER,PBR,배당수익률,ROE,날짜,종가,거래량,상장주식수,등락률
063440,SM Life Design,103.0,1239.0,14.72,1.22,0.0,8.313155770782888,20240304,1852.0,96340.0,46029154.0,-0.27
063440,SM Life Design,103.0,1239.0,14.72,1.22,0.0,8.313155770782888,20240305,1824.0,195429.0,46029154.0,-1.51
063440,SM Life Design,103.0,1239.0,14.72,1.22,0.0,8.313155770782888,20240306,1822.0,131048.0,46029154.0,-0.11
063440,SM Life Design,103.0,1239.0,14.72,1.22,0.0,8.313155770782888,20240307,1805.0,114453.0,46029154.0,-0.93
063440,SM Life Design,103.0,1239.0,14.72,1.22,0.0,8.313155770782888,20240308,1817.0,69457.0,46029154.0,0.66
