종목코드,종목명,EPS,BPS,PER,PBR,배당수익률,ROE,날짜,종가,거래량,상장주식수,등락률
465770,STX그린로지스,201.0,4260.0,58.86,2.78,0.0,4.71830985915493,20240304,9090.0,39819.0,7171032.0,0.33
465770,STX그린로지스,201.0,4260.0,58.86,2.78,0.0,4.71830985915493,20240305,8810.0,76284.0,7171032.0,-3.08
465770,STX그린로지스,201.0,4260.0,58.86,2.78,0.0,4.71830985915493,20240306,8810.0,64061.0,7171032.0,0.0
465770,STX그린로지스,201.0,4260.0,58.86,2.78,0.0,4.71830985915493,20240307,8690.0,79957.0,7171032.0,-1.36
465770,STX그린로지스,201.0,4260.0,58.86,2.78,0.0,4.71830985915493,20240308,8420.0,52503.0,7171032.0,-3.11
