종목코드,종목명,EPS,BPS,PER,PBR,배당수익률,ROE,날짜,종가,거래량,상장주식수,등락률
084870,TBH글로벌,323.0,3022.0,4.19,0.45,7.39,10.688285903375249,20240304,1652.0,76231.0,20856819.0,-3.67
084870,TBH글로벌,323.0,3022.0,4.19,0.45,7.39,10.688285903375249,20240305,1674.0,24843.0,20856819.0,1.33
084870,TBH글로벌,323.0,3022.0,4.19,0.45,7.39,10.688285903375249,20240306,1652.0,24705.0,20856819.0,-1.31
084870,TBH글로벌,323.0,3022.0,4.19,0.45,7.39,10.688285903375249,20240307,1660.0,10670.0,20856819.0,0.48
084870,TBH글로벌,323.0,3022.0,4.19,0.45,7.39,10.688285903375249,20240308,1634.0,16972.0,20856819.0,-1.57
