종목코드,종목명,EPS,BPS,PER,PBR,배당수익률,ROE,날짜,종가,거래량,상장주식수,등락률
032540,TJ미디어,337.0,6177.0,16.88,0.92,5.62,5.45572284280395,20240304,6120.0,42073.0,13931609.0,-0.33
032540,TJ미디어,337.0,6177.0,16.88,0.92,5.62,5.45572284280395,20240305,6150.0,16055.0,13931609.0,0.49
032540,TJ미디어,337.0,6177.0,16.88,0.92,5.62,5.45572284280395,20240306,6190.0,14233.0,13931609.0,0.65
032540,TJ미디어,337.0,6177.0,16.88,0.92,5.62,5.45572284280395,20240307,6170.0,18277.0,13931609.0,-0.32
032540,TJ미디어,337.0,6177.0,16.88,0.92,5.62,5.45572284280395,20240308,6150.0,20856.0,13931609.0,-0.32
