종목코드,종목명,EPS,BPS,PER,PBR,배당수익률,ROE,날짜,종가,거래량,상장주식수,등락률
246690,TS인베스트먼트,258.0,2029.0,4.5,0.57,0.86,12.715623459832429,20240304,1381.0,71376.0,41477862.0,-1.07
246690,TS인베스트먼트,258.0,2029.0,4.5,0.57,0.86,12.715623459832429,20240305,1379.0,447194.0,41477862.0,-0.14
246690,TS인베스트먼트,258.0,2029.0,4.5,0.57,0.86,12.715623459832429,20240306,1371.0,119330.0,41477862.0,-0.58
246690,TS인베스트먼트,258.0,2029.0,4.5,0.57,0.86,12.715623459832429,20240307,1326.0,125777.0,41477862.0,-3.28
246690,TS인베스트먼트,258.0,2029.0,4.5,0.57,0.86,12.715623459832429,20240308,1327.0,80309.0,41477862.0,0.08
