종목코드,종목명,EPS,BPS,PER,PBR,배당수익률,ROE,날짜,종가,거래량,상장주식수,등락률
057030,YBM넷,313.0,3196.0,11.44,1.12,4.19,9.793491864831038,20240304,5110.0,1562844.0,16312697.0,4.18
057030,YBM넷,313.0,3196.0,11.44,1.12,4.19,9.793491864831038,20240305,4980.0,394784.0,16312697.0,-2.54
057030,YBM넷,313.0,3196.0,11.44,1.12,4.19,9.793491864831038,20240306,4800.0,291106.0,16312697.0,-3.61
057030,YBM넷,313.0,3196.0,11.44,1.12,4.19,9.793491864831038,20240307,4630.0,206555.0,16312697.0,-3.54
057030,YBM넷,313.0,3196.0,11.44,1.12,4.19,9.793491864831038,20240308,4570.0,119181.0,16312697.0,-1.3
