종목코드,종목명,EPS,BPS,PER,PBR,배당수익률,ROE,날짜,종가,거래량,상장주식수,등락률
039240,경남스틸,317.0,3999.0,9.35,0.74,4.05,7.926981745436359,20240304,3020.0,82575.0,26979604.0,0.0
039240,경남스틸,317.0,3999.0,9.35,0.74,4.05,7.926981745436359,20240305,3015.0,55146.0,26979604.0,-0.17
039240,경남스틸,317.0,3999.0,9.35,0.74,4.05,7.926981745436359,20240306,3010.0,53759.0,26979604.0,-0.17
039240,경남스틸,317.0,3999.0,9.35,0.74,4.05,7.926981745436359,20240307,2990.0,38348.0,26979604.0,-0.66
039240,경남스틸,317.0,3999.0,9.35,0.74,4.05,7.926981745436359,20240308,2990.0,31808.0,26979604.0,0.0
