종목코드,종목명,EPS,BPS,PER,PBR,배당수익률,ROE,날짜,종가,거래량,상장주식수,등락률
002100,경농,1059.0,13544.0,9.34,0.73,4.55,7.818960425280568,20240304,10000.0,42557.0,19522575.0,0.0
002100,경농,1059.0,13544.0,9.34,0.73,4.55,7.818960425280568,20240305,10040.0,31599.0,19522575.0,0.4
002100,경농,1059.0,13544.0,9.34,0.73,4.55,7.818960425280568,20240306,10000.0,17877.0,19522575.0,-0.4
002100,경농,1059.0,13544.0,9.34,0.73,4.55,7.818960425280568,20240307,9990.0,33828.0,19522575.0,-0.1
002100,경농,1059.0,13544.0,9.34,0.73,4.55,7.818960425280568,20240308,10070.0,46069.0,19522575.0,0.8
