종목코드,종목명,EPS,BPS,PER,PBR,배당수익률,ROE,날짜,종가,거래량,상장주식수,등락률
024910,경창산업,257.0,3777.0,9.18,0.62,2.12,6.804342070426264,20240304,2310.0,60565.0,35819005.0,0.65
024910,경창산업,257.0,3777.0,9.18,0.62,2.12,6.804342070426264,20240305,2295.0,60223.0,35819005.0,-0.65
024910,경창산업,257.0,3777.0,9.18,0.62,2.12,6.804342070426264,20240306,2265.0,62159.0,35819005.0,-1.31
024910,경창산업,257.0,3777.0,9.18,0.62,2.12,6.804342070426264,20240307,2190.0,81161.0,35819005.0,-3.31
024910,경창산업,257.0,3777.0,9.18,0.62,2.12,6.804342070426264,20240308,2230.0,32748.0,35819005.0,1.83
