종목코드,종목명,EPS,BPS,PER,PBR,배당수익률,ROE,날짜,종가,거래량,상장주식수,등락률
010130,고려아연,26139.0,451351.0,18.55,1.07,3.09,5.791279957283799,20240304,445500.0,35213.0,20908588.0,-0.45
010130,고려아연,26139.0,451351.0,18.55,1.07,3.09,5.791279957283799,20240305,443500.0,32511.0,20908588.0,-0.45
010130,고려아연,26139.0,451351.0,18.55,1.07,3.09,5.791279957283799,20240306,436000.0,60208.0,20908588.0,-1.69
010130,고려아연,26139.0,451351.0,18.55,1.07,3.09,5.791279957283799,20240307,444500.0,33912.0,20908588.0,1.95
010130,고려아연,26139.0,451351.0,18.55,1.07,3.09,5.791279957283799,20240308,457000.0,50275.0,20908588.0,2.81
