종목코드,종목명,EPS,BPS,PER,PBR,배당수익률,ROE,날짜,종가,거래량,상장주식수,등락률
215000,골프존,12973.0,68089.0,5.6,1.07,6.19,19.05300415632481,20240304,77400.0,41981.0,6275415.0,-1.28
215000,골프존,12973.0,68089.0,5.6,1.07,6.19,19.05300415632481,20240305,77700.0,44713.0,6275415.0,0.39
215000,골프존,12973.0,68089.0,5.6,1.07,6.19,19.05300415632481,20240306,80700.0,56895.0,6275415.0,3.86
215000,골프존,12973.0,68089.0,5.6,1.07,6.19,19.05300415632481,20240307,80600.0,21365.0,6275415.0,-0.12
215000,골프존,12973.0,68089.0,5.6,1.07,6.19,19.05300415632481,20240308,80700.0,23030.0,6275415.0,0.12
