종목코드,종목명,EPS,BPS,PER,PBR,배당수익률,ROE,날짜,종가,거래량,상장주식수,등락률
030610,교보증권,843.0,16632.0,6.0,0.3,4.94,5.0685425685425685,20240304,5310.0,20756.0,113962961.0,0.76
030610,교보증권,843.0,16632.0,6.0,0.3,4.94,5.0685425685425685,20240305,5230.0,30195.0,113962961.0,-1.51
030610,교보증권,843.0,16632.0,6.0,0.3,4.94,5.0685425685425685,20240306,5240.0,19520.0,113962961.0,0.19
030610,교보증권,843.0,16632.0,6.0,0.3,4.94,5.0685425685425685,20240307,5300.0,36410.0,113962961.0,1.15
030610,교보증권,843.0,16632.0,6.0,0.3,4.94,5.0685425685425685,20240308,5320.0,18003.0,113962961.0,0.38
