종목코드,종목명,EPS,BPS,PER,PBR,배당수익률,ROE,날짜,종가,거래량,상장주식수,등락률
066620,국보디자인,4084.0,31855.0,3.94,0.51,2.48,12.820593313451578,20240304,14600.0,11092.0,7500000.0,-0.68
066620,국보디자인,4084.0,31855.0,3.94,0.51,2.48,12.820593313451578,20240305,14490.0,7448.0,7500000.0,-0.75
066620,국보디자인,4084.0,31855.0,3.94,0.51,2.48,12.820593313451578,20240306,14510.0,3223.0,7500000.0,0.14
066620,국보디자인,4084.0,31855.0,3.94,0.51,2.48,12.820593313451578,20240307,14470.0,2184.0,7500000.0,-0.28
066620,국보디자인,4084.0,31855.0,3.94,0.51,2.48,12.820593313451578,20240308,14460.0,4175.0,7500000.0,-0.07
