종목코드,종목명,EPS,BPS,PER,PBR,배당수익률,ROE,날짜,종가,거래량,상장주식수,등락률
011780,금호석유,16727.0,221466.0,8.44,0.64,2.05,7.552852356569407,20240304,151500.0,117644.0,28547679.0,2.43
011780,금호석유,16727.0,221466.0,8.44,0.64,2.05,7.552852356569407,20240305,147500.0,76905.0,28547679.0,-2.64
011780,금호석유,16727.0,221466.0,8.44,0.64,2.05,7.552852356569407,20240306,144400.0,101409.0,28547679.0,-2.1
011780,금호석유,16727.0,221466.0,8.44,0.64,2.05,7.552852356569407,20240307,145600.0,383777.0,28547679.0,0.83
011780,금호석유,16727.0,221466.0,8.44,0.64,2.05,7.552852356569407,20240308,139700.0,232089.0,28547679.0,-4.05
