종목코드,종목명,EPS,BPS,PER,PBR,배당수익률,ROE,날짜,종가,거래량,상장주식수,등락률
002990,금호건설,31.0,13006.0,118.39,0.28,0.0,0.23835153006304782,20240304,4995.0,43453.0,36953595.0,-0.5
002990,금호건설,31.0,13006.0,118.39,0.28,0.0,0.23835153006304782,20240305,4950.0,57306.0,36953595.0,-0.9
002990,금호건설,31.0,13006.0,118.39,0.28,0.0,0.23835153006304782,20240306,4945.0,38057.0,36953595.0,-0.1
002990,금호건설,31.0,13006.0,118.39,0.28,0.0,0.23835153006304782,20240307,4880.0,63097.0,36953595.0,-1.31
002990,금호건설,31.0,13006.0,118.39,0.28,0.0,0.23835153006304782,20240308,4890.0,61425.0,36953595.0,0.2
