종목코드,종목명,EPS,BPS,PER,PBR,배당수익률,ROE,날짜,종가,거래량,상장주식수,등락률
121600,나노신소재,1489.0,19951.0,63.13,4.71,0.27,7.463285048368502,20240304,136700.0,310713.0,12159878.0,-2.01
121600,나노신소재,1489.0,19951.0,63.13,4.71,0.27,7.463285048368502,20240305,129000.0,319094.0,12159878.0,-5.63
121600,나노신소재,1489.0,19951.0,63.13,4.71,0.27,7.463285048368502,20240306,125700.0,266532.0,12159878.0,-2.56
121600,나노신소재,1489.0,19951.0,63.13,4.71,0.27,7.463285048368502,20240307,134500.0,479006.0,12159878.0,7.0
121600,나노신소재,1489.0,19951.0,63.13,4.71,0.27,7.463285048368502,20240308,131100.0,178413.0,12159878.0,-2.53
