종목코드,종목명,EPS,BPS,PER,PBR,배당수익률,ROE,날짜,종가,거래량,상장주식수,등락률
417010,나노팀,259.0,2600.0,38.22,3.81,0.0,9.961538461538462,20240304,12210.0,61435.0,19154328.0,-1.85
417010,나노팀,259.0,2600.0,38.22,3.81,0.0,9.961538461538462,20240305,11980.0,67146.0,19154328.0,-1.88
417010,나노팀,259.0,2600.0,38.22,3.81,0.0,9.961538461538462,20240306,11690.0,69165.0,19154328.0,-2.42
417010,나노팀,259.0,2600.0,38.22,3.81,0.0,9.961538461538462,20240307,13150.0,427276.0,19154328.0,12.49
417010,나노팀,259.0,2600.0,38.22,3.81,0.0,9.961538461538462,20240308,12710.0,109281.0,19154328.0,-3.35
