종목코드,종목명,EPS,BPS,PER,PBR,배당수익률,ROE,날짜,종가,거래량,상장주식수,등락률
095660,네오위즈,2380.0,24005.0,8.66,0.86,1.19,9.914601124765673,20240304,22200.0,222011.0,22033719.0,0.45
095660,네오위즈,2380.0,24005.0,8.66,0.86,1.19,9.914601124765673,20240305,21650.0,315963.0,22033719.0,-2.48
095660,네오위즈,2380.0,24005.0,8.66,0.86,1.19,9.914601124765673,20240306,21650.0,167079.0,22033719.0,0.0
095660,네오위즈,2380.0,24005.0,8.66,0.86,1.19,9.914601124765673,20240307,21400.0,240908.0,22033719.0,-1.15
095660,네오위즈,2380.0,24005.0,8.66,0.86,1.19,9.914601124765673,20240308,21450.0,137904.0,22033719.0,0.23
