종목코드,종목명,EPS,BPS,PER,PBR,배당수익률,ROE,날짜,종가,거래량,상장주식수,등락률
348210,넥스틴,3088.0,12469.0,17.94,4.44,0.9,24.765418237228324,20240304,76200.0,160323.0,10278332.0,0.0
348210,넥스틴,3088.0,12469.0,17.94,4.44,0.9,24.765418237228324,20240305,75900.0,110744.0,10278332.0,-0.39
348210,넥스틴,3088.0,12469.0,17.94,4.44,0.9,24.765418237228324,20240306,74400.0,91685.0,10278332.0,-1.98
348210,넥스틴,3088.0,12469.0,17.94,4.44,0.9,24.765418237228324,20240307,74400.0,95386.0,10278332.0,0.0
348210,넥스틴,3088.0,12469.0,17.94,4.44,0.9,24.765418237228324,20240308,74400.0,114067.0,10278332.0,0.0
