종목코드,종목명,EPS,BPS,PER,PBR,배당수익률,ROE,날짜,종가,거래량,상장주식수,등락률
089140,넥스턴바이오,1087.0,14687.0,2.76,0.2,0.0,7.401103016272895,20240304,4290.0,109930.0,9403535.0,4.25
089140,넥스턴바이오,1087.0,14687.0,2.76,0.2,0.0,7.401103016272895,20240305,4575.0,212663.0,9403535.0,6.64
089140,넥스턴바이오,1087.0,14687.0,2.76,0.2,0.0,7.401103016272895,20240306,4485.0,82879.0,9403535.0,-1.97
089140,넥스턴바이오,1087.0,14687.0,2.76,0.2,0.0,7.401103016272895,20240307,4220.0,93607.0,9403535.0,-5.91
089140,넥스턴바이오,1087.0,14687.0,2.76,0.2,0.0,7.401103016272895,20240308,4440.0,92611.0,9403535.0,5.21
