종목코드,종목명,EPS,BPS,PER,PBR,배당수익률,ROE,날짜,종가,거래량,상장주식수,등락률
040160,누리플렉스,260.0,7304.0,11.42,0.41,1.68,3.5596933187294635,20240304,4020.0,52970.0,12055535.0,2.29
040160,누리플렉스,260.0,7304.0,11.42,0.41,1.68,3.5596933187294635,20240305,3965.0,26017.0,12055535.0,-1.37
040160,누리플렉스,260.0,7304.0,11.42,0.41,1.68,3.5596933187294635,20240306,3970.0,37467.0,12055535.0,0.13
040160,누리플렉스,260.0,7304.0,11.42,0.41,1.68,3.5596933187294635,20240307,3920.0,41269.0,12055535.0,-1.26
040160,누리플렉스,260.0,7304.0,11.42,0.41,1.68,3.5596933187294635,20240308,3885.0,31300.0,12055535.0,-0.89
