종목코드,종목명,EPS,BPS,PER,PBR,배당수익률,ROE,날짜,종가,거래량,상장주식수,등락률
068240,다원시스,108.0,6041.0,99.44,1.78,0.0,1.7877834795563647,20240304,12670.0,151428.0,34263437.0,-1.55
068240,다원시스,108.0,6041.0,99.44,1.78,0.0,1.7877834795563647,20240305,12530.0,169518.0,34263437.0,-1.1
068240,다원시스,108.0,6041.0,99.44,1.78,0.0,1.7877834795563647,20240306,12700.0,102284.0,34263437.0,1.36
068240,다원시스,108.0,6041.0,99.44,1.78,0.0,1.7877834795563647,20240307,13010.0,221029.0,34263437.0,2.44
068240,다원시스,108.0,6041.0,99.44,1.78,0.0,1.7877834795563647,20240308,13100.0,111016.0,34263437.0,0.69
