종목코드,종목명,EPS,BPS,PER,PBR,배당수익률,ROE,날짜,종가,거래량,상장주식수,등락률
015230,대창단조,1310.0,10294.0,4.15,0.53,3.31,12.725859724111132,20240304,5690.0,38267.0,28572230.0,-1.04
015230,대창단조,1310.0,10294.0,4.15,0.53,3.31,12.725859724111132,20240305,5540.0,90754.0,28572230.0,-2.64
015230,대창단조,1310.0,10294.0,4.15,0.53,3.31,12.725859724111132,20240306,5530.0,46902.0,28572230.0,-0.18
015230,대창단조,1310.0,10294.0,4.15,0.53,3.31,12.725859724111132,20240307,5500.0,179013.0,28572230.0,-0.54
015230,대창단조,1310.0,10294.0,4.15,0.53,3.31,12.725859724111132,20240308,5500.0,47132.0,28572230.0,0.0
