종목코드,종목명,EPS,BPS,PER,PBR,배당수익률,ROE,날짜,종가,거래량,상장주식수,등락률
027830,대성창투,46.0,1573.0,37.15,1.09,0.0,2.9243483788938334,20240304,1964.0,959825.0,54000000.0,1.5
027830,대성창투,46.0,1573.0,37.15,1.09,0.0,2.9243483788938334,20240305,2000.0,4280243.0,54000000.0,1.83
027830,대성창투,46.0,1573.0,37.15,1.09,0.0,2.9243483788938334,20240306,2050.0,27623834.0,54000000.0,2.5
027830,대성창투,46.0,1573.0,37.15,1.09,0.0,2.9243483788938334,20240307,1938.0,2558076.0,54000000.0,-5.46
027830,대성창투,46.0,1573.0,37.15,1.09,0.0,2.9243483788938334,20240308,1908.0,1135036.0,54000000.0,-1.55
