종목코드,종목명,EPS,BPS,PER,PBR,배당수익률,ROE,날짜,종가,거래량,상장주식수,등락률
054670,대한뉴팜,894.0,7791.0,10.85,1.25,1.03,11.474778590681556,20240304,8400.0,28639.0,14354920.0,-0.24
054670,대한뉴팜,894.0,7791.0,10.85,1.25,1.03,11.474778590681556,20240305,8350.0,26198.0,14354920.0,-0.6
054670,대한뉴팜,894.0,7791.0,10.85,1.25,1.03,11.474778590681556,20240306,8450.0,14529.0,14354920.0,1.2
054670,대한뉴팜,894.0,7791.0,10.85,1.25,1.03,11.474778590681556,20240307,8310.0,49206.0,14354920.0,-1.66
054670,대한뉴팜,894.0,7791.0,10.85,1.25,1.03,11.474778590681556,20240308,8210.0,29789.0,14354920.0,-1.2
