종목코드,종목명,EPS,BPS,PER,PBR,배당수익률,ROE,날짜,종가,거래량,상장주식수,등락률
460860,동국제강,2869.0,34740.0,3.17,0.26,7.7,8.258491652274035,20240304,12580.0,196739.0,49608017.0,-2.48
460860,동국제강,2869.0,34740.0,3.17,0.26,7.7,8.258491652274035,20240305,12250.0,183903.0,49608017.0,-2.62
460860,동국제강,2869.0,34740.0,3.17,0.26,7.7,8.258491652274035,20240306,12120.0,135971.0,49608017.0,-1.06
460860,동국제강,2869.0,34740.0,3.17,0.26,7.7,8.258491652274035,20240307,11680.0,466620.0,49608017.0,-3.63
460860,동국제강,2869.0,34740.0,3.17,0.26,7.7,8.258491652274035,20240308,11730.0,140979.0,49608017.0,0.43
