종목코드,종목명,EPS,BPS,PER,PBR,배당수익률,ROE,날짜,종가,거래량,상장주식수,등락률
004140,동방,310.0,2969.0,10.71,1.12,0.6,10.441226002020883,20240304,2160.0,251423.0,47971766.0,-1.14
004140,동방,310.0,2969.0,10.71,1.12,0.6,10.441226002020883,20240305,2130.0,293606.0,47971766.0,-1.39
004140,동방,310.0,2969.0,10.71,1.12,0.6,10.441226002020883,20240306,2095.0,365888.0,47971766.0,-1.64
004140,동방,310.0,2969.0,10.71,1.12,0.6,10.441226002020883,20240307,2065.0,360821.0,47971766.0,-1.43
004140,동방,310.0,2969.0,10.71,1.12,0.6,10.441226002020883,20240308,2040.0,294157.0,47971766.0,-1.21
