종목코드,종목명,EPS,BPS,PER,PBR,배당수익률,ROE,날짜,종가,거래량,상장주식수,등락률
005290,동진쎄미켐,2476.0,15658.0,14.08,2.23,0.34,15.813002937795376,20240304,38350.0,831708.0,51414494.0,3.09
005290,동진쎄미켐,2476.0,15658.0,14.08,2.23,0.34,15.813002937795376,20240305,37950.0,349571.0,51414494.0,-1.04
005290,동진쎄미켐,2476.0,15658.0,14.08,2.23,0.34,15.813002937795376,20240306,41500.0,2473474.0,51414494.0,9.35
005290,동진쎄미켐,2476.0,15658.0,14.08,2.23,0.34,15.813002937795376,20240307,40250.0,1543689.0,51414494.0,-3.01
005290,동진쎄미켐,2476.0,15658.0,14.08,2.23,0.34,15.813002937795376,20240308,40150.0,851603.0,51414494.0,-0.25
