종목코드,종목명,EPS,BPS,PER,PBR,배당수익률,ROE,날짜,종가,거래량,상장주식수,등락률
109860,동일금속,36.0,17698.0,251.11,0.51,4.42,0.20341281500734545,20240304,9250.0,3488.0,9100000.0,-1.6
109860,동일금속,36.0,17698.0,251.11,0.51,4.42,0.20341281500734545,20240305,9360.0,16635.0,9100000.0,1.19
109860,동일금속,36.0,17698.0,251.11,0.51,4.42,0.20341281500734545,20240306,9360.0,1726.0,9100000.0,0.0
109860,동일금속,36.0,17698.0,251.11,0.51,4.42,0.20341281500734545,20240307,9290.0,3545.0,9100000.0,-0.75
109860,동일금속,36.0,17698.0,251.11,0.51,4.42,0.20341281500734545,20240308,9290.0,4994.0,9100000.0,0.0
