종목코드,종목명,EPS,BPS,PER,PBR,배당수익률,ROE,날짜,종가,거래량,상장주식수,등락률
001520,동양,95.0,4135.0,8.73,0.2,4.83,2.2974607013301087,20240304,998.0,259258.0,238684063.0,1.11
001520,동양,95.0,4135.0,8.73,0.2,4.83,2.2974607013301087,20240305,989.0,138405.0,238684063.0,-0.9
001520,동양,95.0,4135.0,8.73,0.2,4.83,2.2974607013301087,20240306,976.0,157007.0,238684063.0,-1.31
001520,동양,95.0,4135.0,8.73,0.2,4.83,2.2974607013301087,20240307,973.0,117026.0,238684063.0,-0.31
001520,동양,95.0,4135.0,8.73,0.2,4.83,2.2974607013301087,20240308,971.0,136174.0,238684063.0,-0.21
