종목코드,종목명,EPS,BPS,PER,PBR,배당수익률,ROE,날짜,종가,거래량,상장주식수,등락률
113810,디젠스,90.0,541.0,9.89,1.65,0.0,16.635859519408502,20240304,1060.0,240067.0,32628051.0,-0.19
113810,디젠스,90.0,541.0,9.89,1.65,0.0,16.635859519408502,20240305,1050.0,243694.0,32628051.0,-0.94
113810,디젠스,90.0,541.0,9.89,1.65,0.0,16.635859519408502,20240306,1037.0,242446.0,32628051.0,-1.24
113810,디젠스,90.0,541.0,9.89,1.65,0.0,16.635859519408502,20240307,1026.0,179888.0,32628051.0,-1.06
113810,디젠스,90.0,541.0,9.89,1.65,0.0,16.635859519408502,20240308,1027.0,163301.0,32628051.0,0.1
