종목코드,종목명,EPS,BPS,PER,PBR,배당수익률,ROE,날짜,종가,거래량,상장주식수,등락률
110990,디아이티,719.0,10145.0,25.03,1.77,1.0,7.087235091177921,20240304,24800.0,520059.0,18900000.0,6.9
110990,디아이티,719.0,10145.0,25.03,1.77,1.0,7.087235091177921,20240305,22950.0,504045.0,18900000.0,-7.46
110990,디아이티,719.0,10145.0,25.03,1.77,1.0,7.087235091177921,20240306,22600.0,344381.0,18900000.0,-1.53
110990,디아이티,719.0,10145.0,25.03,1.77,1.0,7.087235091177921,20240307,21350.0,588634.0,18900000.0,-5.53
110990,디아이티,719.0,10145.0,25.03,1.77,1.0,7.087235091177921,20240308,20850.0,515082.0,18900000.0,-2.34
