종목코드,종목명,EPS,BPS,PER,PBR,배당수익률,ROE,날짜,종가,거래량,상장주식수,등락률
217500,러셀,91.0,1889.0,24.18,1.16,1.36,4.817363684489147,20240304,3215.0,75778.0,31812000.0,0.94
217500,러셀,91.0,1889.0,24.18,1.16,1.36,4.817363684489147,20240305,3235.0,116143.0,31812000.0,0.62
217500,러셀,91.0,1889.0,24.18,1.16,1.36,4.817363684489147,20240306,3150.0,106543.0,31812000.0,-2.63
217500,러셀,91.0,1889.0,24.18,1.16,1.36,4.817363684489147,20240307,3155.0,97922.0,31812000.0,0.16
217500,러셀,91.0,1889.0,24.18,1.16,1.36,4.817363684489147,20240308,3115.0,137334.0,31812000.0,-1.27
