종목코드,종목명,EPS,BPS,PER,PBR,배당수익률,ROE,날짜,종가,거래량,상장주식수,등락률
443250,레뷰코퍼레이션,436.0,4931.0,22.71,2.01,0.0,8.842019874264855,20240304,11300.0,52449.0,11105026.0,-1.82
443250,레뷰코퍼레이션,436.0,4931.0,22.71,2.01,0.0,8.842019874264855,20240305,11500.0,67894.0,11105026.0,1.77
443250,레뷰코퍼레이션,436.0,4931.0,22.71,2.01,0.0,8.842019874264855,20240306,11360.0,219412.0,11105026.0,-1.22
443250,레뷰코퍼레이션,436.0,4931.0,22.71,2.01,0.0,8.842019874264855,20240307,11050.0,65400.0,11105026.0,-2.73
443250,레뷰코퍼레이션,436.0,4931.0,22.71,2.01,0.0,8.842019874264855,20240308,11200.0,80794.0,11105026.0,1.36
