종목코드,종목명,EPS,BPS,PER,PBR,배당수익률,ROE,날짜,종가,거래량,상장주식수,등락률
199550,레이저옵텍,2.0,1997.0,4500.0,4.51,0.0,0.10015022533800699,20240304,13070.0,11586780.0,11392833.0,0.23
199550,레이저옵텍,2.0,1997.0,4500.0,4.51,0.0,0.10015022533800699,20240305,12000.0,4525523.0,11392833.0,-8.19
199550,레이저옵텍,2.0,1997.0,4500.0,4.51,0.0,0.10015022533800699,20240306,11930.0,4929691.0,11392833.0,-0.58
199550,레이저옵텍,2.0,1997.0,4500.0,4.51,0.0,0.10015022533800699,20240307,11910.0,2325500.0,11392833.0,-0.17
199550,레이저옵텍,2.0,1997.0,4500.0,4.51,0.0,0.10015022533800699,20240308,11260.0,928228.0,11392833.0,-5.46
