종목코드,종목명,EPS,BPS,PER,PBR,배당수익률,ROE,날짜,종가,거래량,상장주식수,등락률
281740,레이크머티리얼즈,367.0,1671.0,43.71,9.6,0.0,21.962896469180134,20240304,20650.0,1122355.0,65730548.0,-0.96
281740,레이크머티리얼즈,367.0,1671.0,43.71,9.6,0.0,21.962896469180134,20240305,21850.0,2210502.0,65730548.0,5.81
281740,레이크머티리얼즈,367.0,1671.0,43.71,9.6,0.0,21.962896469180134,20240306,21050.0,1072412.0,65730548.0,-3.66
281740,레이크머티리얼즈,367.0,1671.0,43.71,9.6,0.0,21.962896469180134,20240307,23400.0,5257734.0,65730548.0,11.16
281740,레이크머티리얼즈,367.0,1671.0,43.71,9.6,0.0,21.962896469180134,20240308,29650.0,19408438.0,65730548.0,26.71
