종목코드,종목명,EPS,BPS,PER,PBR,배당수익률,ROE,날짜,종가,거래량,상장주식수,등락률
067730,로지시스,53.0,1760.0,50.57,1.52,2.24,3.0113636363636362,20240304,3335.0,23570.0,9673922.0,-0.74
067730,로지시스,53.0,1760.0,50.57,1.52,2.24,3.0113636363636362,20240305,3290.0,12737.0,9673922.0,-1.35
067730,로지시스,53.0,1760.0,50.57,1.52,2.24,3.0113636363636362,20240306,3275.0,18580.0,9673922.0,-0.46
067730,로지시스,53.0,1760.0,50.57,1.52,2.24,3.0113636363636362,20240307,3250.0,11229.0,9673922.0,-0.76
067730,로지시스,53.0,1760.0,50.57,1.52,2.24,3.0113636363636362,20240308,3320.0,8166.0,9673922.0,2.15
