종목코드,종목명,EPS,BPS,PER,PBR,배당수익률,ROE,날짜,종가,거래량,상장주식수,등락률
000400,롯데손해보험,966.0,4064.0,2.8,0.66,0.0,23.769685039370078,20240304,2860.0,685376.0,310336320.0,0.0
000400,롯데손해보험,966.0,4064.0,2.8,0.66,0.0,23.769685039370078,20240305,2900.0,955878.0,310336320.0,1.4
000400,롯데손해보험,966.0,4064.0,2.8,0.66,0.0,23.769685039370078,20240306,2875.0,580919.0,310336320.0,-0.86
000400,롯데손해보험,966.0,4064.0,2.8,0.66,0.0,23.769685039370078,20240307,2820.0,315015.0,310336320.0,-1.91
000400,롯데손해보험,966.0,4064.0,2.8,0.66,0.0,23.769685039370078,20240308,2810.0,612069.0,310336320.0,-0.35
