종목코드,종목명,EPS,BPS,PER,PBR,배당수익률,ROE,날짜,종가,거래량,상장주식수,등락률
058470,리노공업,7308.0,36700.0,26.97,5.37,1.52,19.912806539509535,20240304,207500.0,241789.0,15242370.0,-0.24
058470,리노공업,7308.0,36700.0,26.97,5.37,1.52,19.912806539509535,20240305,204000.0,129708.0,15242370.0,-1.69
058470,리노공업,7308.0,36700.0,26.97,5.37,1.52,19.912806539509535,20240306,207000.0,118712.0,15242370.0,1.47
058470,리노공업,7308.0,36700.0,26.97,5.37,1.52,19.912806539509535,20240307,205000.0,116461.0,15242370.0,-0.97
058470,리노공업,7308.0,36700.0,26.97,5.37,1.52,19.912806539509535,20240308,215500.0,400814.0,15242370.0,5.12
