종목코드,종목명,EPS,BPS,PER,PBR,배당수익률,ROE,날짜,종가,거래량,상장주식수,등락률
277070,린드먼아시아,285.0,4451.0,18.6,1.19,0.81,6.4030554931476065,20240304,6760.0,165768.0,13692000.0,0.75
277070,린드먼아시아,285.0,4451.0,18.6,1.19,0.81,6.4030554931476065,20240305,6680.0,64906.0,13692000.0,-1.18
277070,린드먼아시아,285.0,4451.0,18.6,1.19,0.81,6.4030554931476065,20240306,6870.0,191038.0,13692000.0,2.84
277070,린드먼아시아,285.0,4451.0,18.6,1.19,0.81,6.4030554931476065,20240307,6400.0,253074.0,13692000.0,-6.84
277070,린드먼아시아,285.0,4451.0,18.6,1.19,0.81,6.4030554931476065,20240308,6390.0,54607.0,13692000.0,-0.16
