종목코드,종목명,EPS,BPS,PER,PBR,배당수익률,ROE,날짜,종가,거래량,상장주식수,등락률
195500,마니커에프앤지,130.0,4168.0,24.85,0.77,0.0,3.1190019193857963,20240304,3085.0,45125.0,15928000.0,0.98
195500,마니커에프앤지,130.0,4168.0,24.85,0.77,0.0,3.1190019193857963,20240305,3060.0,60067.0,15928000.0,-0.81
195500,마니커에프앤지,130.0,4168.0,24.85,0.77,0.0,3.1190019193857963,20240306,3045.0,49756.0,15928000.0,-0.49
195500,마니커에프앤지,130.0,4168.0,24.85,0.77,0.0,3.1190019193857963,20240307,3020.0,39888.0,15928000.0,-0.82
195500,마니커에프앤지,130.0,4168.0,24.85,0.77,0.0,3.1190019193857963,20240308,3010.0,69458.0,15928000.0,-0.33
