종목코드,종목명,EPS,BPS,PER,PBR,배당수익률,ROE,날짜,종가,거래량,상장주식수,등락률
305090,마이크로디지탈,38.0,555.0,295.53,20.23,0.0,6.846846846846846,20240304,5600.0,156609.0,15636664.0,-3.45
305090,마이크로디지탈,38.0,555.0,295.53,20.23,0.0,6.846846846846846,20240305,5390.0,58248.0,15636664.0,-3.75
305090,마이크로디지탈,38.0,555.0,295.53,20.23,0.0,6.846846846846846,20240306,5270.0,129403.0,15636664.0,-2.23
305090,마이크로디지탈,38.0,555.0,295.53,20.23,0.0,6.846846846846846,20240307,4915.0,215605.0,15636664.0,-6.74
305090,마이크로디지탈,38.0,555.0,295.53,20.23,0.0,6.846846846846846,20240308,5430.0,143393.0,15636664.0,10.48
