종목코드,종목명,EPS,BPS,PER,PBR,배당수익률,ROE,날짜,종가,거래량,상장주식수,등락률
005990,매일홀딩스,3970.0,30646.0,2.08,0.27,2.42,12.954382301115968,20240304,7990.0,7897.0,13718304.0,-1.96
005990,매일홀딩스,3970.0,30646.0,2.08,0.27,2.42,12.954382301115968,20240305,7990.0,1585.0,13718304.0,0.0
005990,매일홀딩스,3970.0,30646.0,2.08,0.27,2.42,12.954382301115968,20240306,7950.0,8634.0,13718304.0,-0.5
005990,매일홀딩스,3970.0,30646.0,2.08,0.27,2.42,12.954382301115968,20240307,8010.0,2794.0,13718304.0,0.75
005990,매일홀딩스,3970.0,30646.0,2.08,0.27,2.42,12.954382301115968,20240308,8030.0,3451.0,13718304.0,0.25
