종목코드,종목명,EPS,BPS,PER,PBR,배당수익률,ROE,날짜,종가,거래량,상장주식수,등락률
072870,메가스터디,1900.0,27338.0,5.93,0.41,7.54,6.950032921208574,20240304,10980.0,39764.0,11920959.0,0.18
072870,메가스터디,1900.0,27338.0,5.93,0.41,7.54,6.950032921208574,20240305,11000.0,18605.0,11920959.0,0.18
072870,메가스터디,1900.0,27338.0,5.93,0.41,7.54,6.950032921208574,20240306,11090.0,9567.0,11920959.0,0.82
072870,메가스터디,1900.0,27338.0,5.93,0.41,7.54,6.950032921208574,20240307,11080.0,34994.0,11920959.0,-0.09
072870,메가스터디,1900.0,27338.0,5.93,0.41,7.54,6.950032921208574,20240308,11000.0,8350.0,11920959.0,-0.72
