종목코드,종목명,EPS,BPS,PER,PBR,배당수익률,ROE,날짜,종가,거래량,상장주식수,등락률
041920,메디아나,557.0,6305.0,10.22,0.9,0.44,8.834258524980175,20240304,6270.0,90649.0,18598223.0,-1.57
041920,메디아나,557.0,6305.0,10.22,0.9,0.44,8.834258524980175,20240305,6210.0,93048.0,18598223.0,-0.96
041920,메디아나,557.0,6305.0,10.22,0.9,0.44,8.834258524980175,20240306,6140.0,140140.0,18598223.0,-1.13
041920,메디아나,557.0,6305.0,10.22,0.9,0.44,8.834258524980175,20240307,6090.0,126007.0,18598223.0,-0.81
041920,메디아나,557.0,6305.0,10.22,0.9,0.44,8.834258524980175,20240308,6200.0,117518.0,18598223.0,1.81
