종목코드,종목명,EPS,BPS,PER,PBR,배당수익률,ROE,날짜,종가,거래량,상장주식수,등락률
009900,명신산업,2909.0,10199.0,4.52,1.29,0.76,28.52240415727032,20240304,16100.0,174781.0,52470133.0,-0.06
009900,명신산업,2909.0,10199.0,4.52,1.29,0.76,28.52240415727032,20240305,15660.0,378224.0,52470133.0,-2.73
009900,명신산업,2909.0,10199.0,4.52,1.29,0.76,28.52240415727032,20240306,15480.0,243004.0,52470133.0,-1.15
009900,명신산업,2909.0,10199.0,4.52,1.29,0.76,28.52240415727032,20240307,15160.0,268475.0,52470133.0,-2.07
009900,명신산업,2909.0,10199.0,4.52,1.29,0.76,28.52240415727032,20240308,15330.0,154013.0,52470133.0,1.12
