종목코드,종목명,EPS,BPS,PER,PBR,배당수익률,ROE,날짜,종가,거래량,상장주식수,등락률
101330,모베이스,687.0,13907.0,5.23,0.26,1.95,4.939958294384123,20240304,3620.0,113926.0,23147029.0,0.98
101330,모베이스,687.0,13907.0,5.23,0.26,1.95,4.939958294384123,20240305,3530.0,175106.0,23147029.0,-2.49
101330,모베이스,687.0,13907.0,5.23,0.26,1.95,4.939958294384123,20240306,3520.0,146876.0,23147029.0,-0.28
101330,모베이스,687.0,13907.0,5.23,0.26,1.95,4.939958294384123,20240307,3485.0,125727.0,23147029.0,-0.99
101330,모베이스,687.0,13907.0,5.23,0.26,1.95,4.939958294384123,20240308,3510.0,100833.0,23147029.0,0.72
