종목코드,종목명,EPS,BPS,PER,PBR,배당수익률,ROE,날짜,종가,거래량,상장주식수,등락률
118990,모트렉스,1330.0,8377.0,8.67,1.38,0.0,15.876805538975766,20240304,15200.0,128787.0,24861990.0,0.86
118990,모트렉스,1330.0,8377.0,8.67,1.38,0.0,15.876805538975766,20240305,14860.0,173888.0,24861990.0,-2.24
118990,모트렉스,1330.0,8377.0,8.67,1.38,0.0,15.876805538975766,20240306,14700.0,166909.0,24861990.0,-1.08
118990,모트렉스,1330.0,8377.0,8.67,1.38,0.0,15.876805538975766,20240307,14420.0,204659.0,24861990.0,-1.9
118990,모트렉스,1330.0,8377.0,8.67,1.38,0.0,15.876805538975766,20240308,14370.0,145779.0,24861990.0,-0.35
