종목코드,종목명,EPS,BPS,PER,PBR,배당수익률,ROE,날짜,종가,거래량,상장주식수,등락률
008420,문배철강,961.0,9524.0,2.79,0.28,1.87,10.09029819403612,20240304,3015.0,42966.0,20503505.0,0.5
008420,문배철강,961.0,9524.0,2.79,0.28,1.87,10.09029819403612,20240305,3000.0,74257.0,20503505.0,-0.5
008420,문배철강,961.0,9524.0,2.79,0.28,1.87,10.09029819403612,20240306,2965.0,98265.0,20503505.0,-1.17
008420,문배철강,961.0,9524.0,2.79,0.28,1.87,10.09029819403612,20240307,2995.0,94259.0,20503505.0,1.01
008420,문배철강,961.0,9524.0,2.79,0.28,1.87,10.09029819403612,20240308,3010.0,44195.0,20503505.0,0.5
