종목코드,종목명,EPS,BPS,PER,PBR,배당수익률,ROE,날짜,종가,거래량,상장주식수,등락률
254490,미래반도체,355.0,5554.0,34.39,2.2,0.0,6.391789701116313,20240304,22350.0,179439.0,14438000.0,4.2
254490,미래반도체,355.0,5554.0,34.39,2.2,0.0,6.391789701116313,20240305,22300.0,287428.0,14438000.0,-0.22
254490,미래반도체,355.0,5554.0,34.39,2.2,0.0,6.391789701116313,20240306,22350.0,139892.0,14438000.0,0.22
254490,미래반도체,355.0,5554.0,34.39,2.2,0.0,6.391789701116313,20240307,22100.0,207994.0,14438000.0,-1.12
254490,미래반도체,355.0,5554.0,34.39,2.2,0.0,6.391789701116313,20240308,22700.0,189970.0,14438000.0,2.71
