종목코드,종목명,EPS,BPS,PER,PBR,배당수익률,ROE,날짜,종가,거래량,상장주식수,등락률
218150,미래생명자원,23.0,2265.0,190.0,1.93,0.0,1.0154525386313467,20240304,4600.0,214509.0,20415802.0,1.21
218150,미래생명자원,23.0,2265.0,190.0,1.93,0.0,1.0154525386313467,20240305,4530.0,110273.0,20415802.0,-1.52
218150,미래생명자원,23.0,2265.0,190.0,1.93,0.0,1.0154525386313467,20240306,4460.0,139864.0,20415802.0,-1.55
218150,미래생명자원,23.0,2265.0,190.0,1.93,0.0,1.0154525386313467,20240307,4400.0,133811.0,20415802.0,-1.35
218150,미래생명자원,23.0,2265.0,190.0,1.93,0.0,1.0154525386313467,20240308,4405.0,94093.0,20415802.0,0.11
