종목코드,종목명,EPS,BPS,PER,PBR,배당수익률,ROE,날짜,종가,거래량,상장주식수,등락률
053030,바이넥스,151.0,5863.0,143.05,3.68,0.0,2.575473307180624,20240304,10810.0,320478.0,31761048.0,-1.1
053030,바이넥스,151.0,5863.0,143.05,3.68,0.0,2.575473307180624,20240305,10880.0,395827.0,31761048.0,0.65
053030,바이넥스,151.0,5863.0,143.05,3.68,0.0,2.575473307180624,20240306,11050.0,325080.0,31761048.0,1.56
053030,바이넥스,151.0,5863.0,143.05,3.68,0.0,2.575473307180624,20240307,10970.0,314803.0,31761048.0,-0.72
053030,바이넥스,151.0,5863.0,143.05,3.68,0.0,2.575473307180624,20240308,13690.0,10650283.0,31761048.0,24.79
