종목코드,종목명,EPS,BPS,PER,PBR,배당수익률,ROE,날짜,종가,거래량,상장주식수,등락률
007210,벽산,591.0,4808.0,3.55,0.44,2.86,12.292013311148086,20240304,2410.0,296163.0,68560000.0,-2.23
007210,벽산,591.0,4808.0,3.55,0.44,2.86,12.292013311148086,20240305,2355.0,268794.0,68560000.0,-2.28
007210,벽산,591.0,4808.0,3.55,0.44,2.86,12.292013311148086,20240306,2355.0,110939.0,68560000.0,0.0
007210,벽산,591.0,4808.0,3.55,0.44,2.86,12.292013311148086,20240307,2290.0,206111.0,68560000.0,-2.76
007210,벽산,591.0,4808.0,3.55,0.44,2.86,12.292013311148086,20240308,2330.0,125433.0,68560000.0,1.75
