종목코드,종목명,EPS,BPS,PER,PBR,배당수익률,ROE,날짜,종가,거래량,상장주식수,등락률
006910,보성파워텍,89.0,1733.0,36.52,1.88,0.0,5.135603000577034,20240304,3095.0,272184.0,49129824.0,-0.16
006910,보성파워텍,89.0,1733.0,36.52,1.88,0.0,5.135603000577034,20240305,3145.0,340632.0,49129824.0,1.62
006910,보성파워텍,89.0,1733.0,36.52,1.88,0.0,5.135603000577034,20240306,3130.0,178810.0,49129824.0,-0.48
006910,보성파워텍,89.0,1733.0,36.52,1.88,0.0,5.135603000577034,20240307,3060.0,262758.0,49129824.0,-2.24
006910,보성파워텍,89.0,1733.0,36.52,1.88,0.0,5.135603000577034,20240308,3015.0,278969.0,49129824.0,-1.47
