종목코드,종목명,EPS,BPS,PER,PBR,배당수익률,ROE,날짜,종가,거래량,상장주식수,등락률
026940,부국철강,181.0,6623.0,15.39,0.42,2.69,2.7329004982636267,20240304,3490.0,227582.0,20000000.0,-0.43
026940,부국철강,181.0,6623.0,15.39,0.42,2.69,2.7329004982636267,20240305,3395.0,252941.0,20000000.0,-2.72
026940,부국철강,181.0,6623.0,15.39,0.42,2.69,2.7329004982636267,20240306,3355.0,126017.0,20000000.0,-1.18
026940,부국철강,181.0,6623.0,15.39,0.42,2.69,2.7329004982636267,20240307,3325.0,164190.0,20000000.0,-0.89
026940,부국철강,181.0,6623.0,15.39,0.42,2.69,2.7329004982636267,20240308,3340.0,137629.0,20000000.0,0.45
