종목코드,종목명,EPS,BPS,PER,PBR,배당수익률,ROE,날짜,종가,거래량,상장주식수,등락률
100120,뷰웍스,1603.0,23482.0,16.56,1.13,1.32,6.826505408397922,20240304,28500.0,7344.0,10001865.0,-0.87
100120,뷰웍스,1603.0,23482.0,16.56,1.13,1.32,6.826505408397922,20240305,28150.0,8196.0,10001865.0,-1.23
100120,뷰웍스,1603.0,23482.0,16.56,1.13,1.32,6.826505408397922,20240306,27700.0,9811.0,10001865.0,-1.6
100120,뷰웍스,1603.0,23482.0,16.56,1.13,1.32,6.826505408397922,20240307,27600.0,29328.0,10001865.0,-0.36
100120,뷰웍스,1603.0,23482.0,16.56,1.13,1.32,6.826505408397922,20240308,28000.0,15644.0,10001865.0,1.45
