종목코드,종목명,EPS,BPS,PER,PBR,배당수익률,ROE,날짜,종가,거래량,상장주식수,등락률
337930,브랜드엑스코퍼레이션,384.0,3029.0,21.22,2.69,0.98,12.677451304060746,20240304,5210.0,112062.0,29266589.0,-1.14
337930,브랜드엑스코퍼레이션,384.0,3029.0,21.22,2.69,0.98,12.677451304060746,20240305,5110.0,260595.0,29266589.0,-1.92
337930,브랜드엑스코퍼레이션,384.0,3029.0,21.22,2.69,0.98,12.677451304060746,20240306,4990.0,159951.0,29266589.0,-2.35
337930,브랜드엑스코퍼레이션,384.0,3029.0,21.22,2.69,0.98,12.677451304060746,20240307,4920.0,153316.0,29266589.0,-1.4
337930,브랜드엑스코퍼레이션,384.0,3029.0,21.22,2.69,0.98,12.677451304060746,20240308,4925.0,197471.0,29266589.0,0.1
