종목코드,종목명,EPS,BPS,PER,PBR,배당수익률,ROE,날짜,종가,거래량,상장주식수,등락률
141000,비아트론,145.0,14987.0,52.76,0.51,0.0,0.9675051711483286,20240304,8200.0,7299.0,12114710.0,0.49
141000,비아트론,145.0,14987.0,52.76,0.51,0.0,0.9675051711483286,20240305,8080.0,16812.0,12114710.0,-1.46
141000,비아트론,145.0,14987.0,52.76,0.51,0.0,0.9675051711483286,20240306,8110.0,9551.0,12114710.0,0.37
141000,비아트론,145.0,14987.0,52.76,0.51,0.0,0.9675051711483286,20240307,8470.0,45693.0,12114710.0,4.44
141000,비아트론,145.0,14987.0,52.76,0.51,0.0,0.9675051711483286,20240308,8450.0,31334.0,12114710.0,-0.24
