종목코드,종목명,EPS,BPS,PER,PBR,배당수익률,ROE,날짜,종가,거래량,상장주식수,등락률
093190,빅솔론,688.0,11281.0,6.6,0.4,4.41,6.09875011080578,20240304,5450.0,40782.0,19238905.0,-0.18
093190,빅솔론,688.0,11281.0,6.6,0.4,4.41,6.09875011080578,20240305,5450.0,34258.0,19238905.0,0.0
093190,빅솔론,688.0,11281.0,6.6,0.4,4.41,6.09875011080578,20240306,5460.0,23287.0,19238905.0,0.18
093190,빅솔론,688.0,11281.0,6.6,0.4,4.41,6.09875011080578,20240307,5480.0,15801.0,19238905.0,0.37
093190,빅솔론,688.0,11281.0,6.6,0.4,4.41,6.09875011080578,20240308,5470.0,23740.0,19238905.0,-0.18
