종목코드,종목명,EPS,BPS,PER,PBR,배당수익률,ROE,날짜,종가,거래량,상장주식수,등락률
143240,사람인,1740.0,16087.0,10.39,1.12,2.77,10.816186983278424,20240304,17700.0,30187.0,11683263.0,0.74
143240,사람인,1740.0,16087.0,10.39,1.12,2.77,10.816186983278424,20240305,17910.0,27963.0,11683263.0,1.19
143240,사람인,1740.0,16087.0,10.39,1.12,2.77,10.816186983278424,20240306,17950.0,9541.0,11683263.0,0.22
143240,사람인,1740.0,16087.0,10.39,1.12,2.77,10.816186983278424,20240307,17980.0,35425.0,11683263.0,0.17
143240,사람인,1740.0,16087.0,10.39,1.12,2.77,10.816186983278424,20240308,18030.0,13074.0,11683263.0,0.28
