종목코드,종목명,EPS,BPS,PER,PBR,배당수익률,ROE,날짜,종가,거래량,상장주식수,등락률
007160,사조산업,3853.0,105818.0,11.82,0.43,0.44,3.6411574590334346,20240304,40200.0,13424.0,5000000.0,-0.99
007160,사조산업,3853.0,105818.0,11.82,0.43,0.44,3.6411574590334346,20240305,40200.0,5731.0,5000000.0,0.0
007160,사조산업,3853.0,105818.0,11.82,0.43,0.44,3.6411574590334346,20240306,40250.0,2776.0,5000000.0,0.12
007160,사조산업,3853.0,105818.0,11.82,0.43,0.44,3.6411574590334346,20240307,40250.0,4276.0,5000000.0,0.0
007160,사조산업,3853.0,105818.0,11.82,0.43,0.44,3.6411574590334346,20240308,40150.0,5296.0,5000000.0,-0.25
