종목코드,종목명,EPS,BPS,PER,PBR,배당수익률,ROE,날짜,종가,거래량,상장주식수,등락률
002170,삼양통상,7753.0,155143.0,6.05,0.3,3.2,4.9973250485036385,20240304,50900.0,4660.0,3000000.0,0.0
002170,삼양통상,7753.0,155143.0,6.05,0.3,3.2,4.9973250485036385,20240305,50800.0,2100.0,3000000.0,-0.2
002170,삼양통상,7753.0,155143.0,6.05,0.3,3.2,4.9973250485036385,20240306,50700.0,1258.0,3000000.0,-0.2
002170,삼양통상,7753.0,155143.0,6.05,0.3,3.2,4.9973250485036385,20240307,50500.0,2546.0,3000000.0,-0.39
002170,삼양통상,7753.0,155143.0,6.05,0.3,3.2,4.9973250485036385,20240308,50000.0,1377.0,3000000.0,-0.99
