종목코드,종목명,EPS,BPS,PER,PBR,배당수익률,ROE,날짜,종가,거래량,상장주식수,등락률
004380,삼익THK,48.0,9792.0,222.92,1.09,0.93,0.49019607843137253,20240304,15630.0,1348134.0,21000000.0,4.76
004380,삼익THK,48.0,9792.0,222.92,1.09,0.93,0.49019607843137253,20240305,15220.0,504548.0,21000000.0,-2.62
004380,삼익THK,48.0,9792.0,222.92,1.09,0.93,0.49019607843137253,20240306,15330.0,302738.0,21000000.0,0.72
004380,삼익THK,48.0,9792.0,222.92,1.09,0.93,0.49019607843137253,20240307,13980.0,891455.0,21000000.0,-8.81
004380,삼익THK,48.0,9792.0,222.92,1.09,0.93,0.49019607843137253,20240308,14350.0,274884.0,21000000.0,2.65
