종목코드,종목명,EPS,BPS,PER,PBR,배당수익률,ROE,날짜,종가,거래량,상장주식수,등락률
016360,삼성증권,6130.0,74162.0,7.24,0.6,4.95,8.26568862759904,20240304,41950.0,317464.0,89300000.0,0.96
016360,삼성증권,6130.0,74162.0,7.24,0.6,4.95,8.26568862759904,20240305,41050.0,228354.0,89300000.0,-2.15
016360,삼성증권,6130.0,74162.0,7.24,0.6,4.95,8.26568862759904,20240306,40550.0,294557.0,89300000.0,-1.22
016360,삼성증권,6130.0,74162.0,7.24,0.6,4.95,8.26568862759904,20240307,40850.0,183742.0,89300000.0,0.74
016360,삼성증권,6130.0,74162.0,7.24,0.6,4.95,8.26568862759904,20240308,40950.0,132320.0,89300000.0,0.24
