종목코드,종목명,EPS,BPS,PER,PBR,배당수익률,ROE,날짜,종가,거래량,상장주식수,등락률
005930,삼성전자,2131.0,52002.0,38.01,1.56,1.78,4.097919310795739,20240304,74900.0,23210474.0,5969782550.0,2.04
005930,삼성전자,2131.0,52002.0,38.01,1.56,1.78,4.097919310795739,20240305,73700.0,19505125.0,5969782550.0,-1.6
005930,삼성전자,2131.0,52002.0,38.01,1.56,1.78,4.097919310795739,20240306,72900.0,21547905.0,5969782550.0,-1.09
005930,삼성전자,2131.0,52002.0,38.01,1.56,1.78,4.097919310795739,20240307,72200.0,14516963.0,5969782550.0,-0.96
005930,삼성전자,2131.0,52002.0,38.01,1.56,1.78,4.097919310795739,20240308,73300.0,19271349.0,5969782550.0,1.52
