종목코드,종목명,EPS,BPS,PER,PBR,배당수익률,ROE,날짜,종가,거래량,상장주식수,등락률
032750,삼진,13.0,10240.0,348.85,0.44,1.54,0.126953125,20240304,5420.0,51674.0,8063866.0,0.37
032750,삼진,13.0,10240.0,348.85,0.44,1.54,0.126953125,20240305,5390.0,38299.0,8063866.0,-0.55
032750,삼진,13.0,10240.0,348.85,0.44,1.54,0.126953125,20240306,5260.0,24516.0,8063866.0,-2.41
032750,삼진,13.0,10240.0,348.85,0.44,1.54,0.126953125,20240307,5210.0,33710.0,8063866.0,-0.95
032750,삼진,13.0,10240.0,348.85,0.44,1.54,0.126953125,20240308,5330.0,16540.0,8063866.0,2.3
