종목코드,종목명,EPS,BPS,PER,PBR,배당수익률,ROE,날짜,종가,거래량,상장주식수,등락률
009770,삼정펄프,5589.0,89655.0,4.74,0.3,3.77,6.233896603647315,20240304,25700.0,786.0,2499971.0,0.39
009770,삼정펄프,5589.0,89655.0,4.74,0.3,3.77,6.233896603647315,20240305,25500.0,815.0,2499971.0,-0.78
009770,삼정펄프,5589.0,89655.0,4.74,0.3,3.77,6.233896603647315,20240306,25400.0,340.0,2499971.0,-0.39
009770,삼정펄프,5589.0,89655.0,4.74,0.3,3.77,6.233896603647315,20240307,25300.0,633.0,2499971.0,-0.39
009770,삼정펄프,5589.0,89655.0,4.74,0.3,3.77,6.233896603647315,20240308,25450.0,562.0,2499971.0,0.59
