종목코드,종목명,EPS,BPS,PER,PBR,배당수익률,ROE,날짜,종가,거래량,상장주식수,등락률
272550,삼양패키징,1611.0,23724.0,11.71,0.79,2.65,6.790591805766312,20240304,17750.0,22826.0,15788671.0,-0.56
272550,삼양패키징,1611.0,23724.0,11.71,0.79,2.65,6.790591805766312,20240305,17800.0,18734.0,15788671.0,0.28
272550,삼양패키징,1611.0,23724.0,11.71,0.79,2.65,6.790591805766312,20240306,17420.0,18885.0,15788671.0,-2.13
272550,삼양패키징,1611.0,23724.0,11.71,0.79,2.65,6.790591805766312,20240307,17540.0,23162.0,15788671.0,0.69
272550,삼양패키징,1611.0,23724.0,11.71,0.79,2.65,6.790591805766312,20240308,17650.0,11783.0,15788671.0,0.63
