종목코드,종목명,EPS,BPS,PER,PBR,배당수익률,ROE,날짜,종가,거래량,상장주식수,등락률
029780,삼성카드,5711.0,76243.0,7.11,0.53,6.16,7.490523720210381,20240304,38800.0,208227.0,115858891.0,3.33
029780,삼성카드,5711.0,76243.0,7.11,0.53,6.16,7.490523720210381,20240305,39100.0,99311.0,115858891.0,0.77
029780,삼성카드,5711.0,76243.0,7.11,0.53,6.16,7.490523720210381,20240306,39300.0,82278.0,115858891.0,0.51
029780,삼성카드,5711.0,76243.0,7.11,0.53,6.16,7.490523720210381,20240307,39350.0,93840.0,115858891.0,0.13
029780,삼성카드,5711.0,76243.0,7.11,0.53,6.16,7.490523720210381,20240308,39700.0,140941.0,115858891.0,0.89
