종목코드,종목명,EPS,BPS,PER,PBR,배당수익률,ROE,날짜,종가,거래량,상장주식수,등락률
028260,삼성물산,13556.0,209233.0,11.09,0.72,1.7,6.478901511711824,20240304,163000.0,798691.0,185591670.0,4.02
028260,삼성물산,13556.0,209233.0,11.09,0.72,1.7,6.478901511711824,20240305,165000.0,589448.0,185591670.0,1.23
028260,삼성물산,13556.0,209233.0,11.09,0.72,1.7,6.478901511711824,20240306,163700.0,446973.0,185591670.0,-0.79
028260,삼성물산,13556.0,209233.0,11.09,0.72,1.7,6.478901511711824,20240307,164500.0,404411.0,185591670.0,0.49
028260,삼성물산,13556.0,209233.0,11.09,0.72,1.7,6.478901511711824,20240308,168200.0,404394.0,185591670.0,2.25
