종목코드,종목명,EPS,BPS,PER,PBR,배당수익률,ROE,날짜,종가,거래량,상장주식수,등락률
009150,삼성전기,5597.0,103878.0,27.51,1.48,0.75,5.388051367950865,20240304,138000.0,605330.0,74693696.0,-1.43
009150,삼성전기,5597.0,103878.0,27.51,1.48,0.75,5.388051367950865,20240305,136300.0,277000.0,74693696.0,-1.23
009150,삼성전기,5597.0,103878.0,27.51,1.48,0.75,5.388051367950865,20240306,133400.0,551552.0,74693696.0,-2.13
009150,삼성전기,5597.0,103878.0,27.51,1.48,0.75,5.388051367950865,20240307,132600.0,319123.0,74693696.0,-0.6
009150,삼성전기,5597.0,103878.0,27.51,1.48,0.75,5.388051367950865,20240308,135400.0,346422.0,74693696.0,2.11
