종목코드,종목명,EPS,BPS,PER,PBR,배당수익률,ROE,날짜,종가,거래량,상장주식수,등락률
000390,삼화페인트,685.0,13069.0,10.74,0.56,5.43,5.241410972530415,20240304,6720.0,57297.0,27203469.0,0.0
000390,삼화페인트,685.0,13069.0,10.74,0.56,5.43,5.241410972530415,20240305,6730.0,38244.0,27203469.0,0.15
000390,삼화페인트,685.0,13069.0,10.74,0.56,5.43,5.241410972530415,20240306,6830.0,106510.0,27203469.0,1.49
000390,삼화페인트,685.0,13069.0,10.74,0.56,5.43,5.241410972530415,20240307,6830.0,51196.0,27203469.0,0.0
000390,삼화페인트,685.0,13069.0,10.74,0.56,5.43,5.241410972530415,20240308,6790.0,58916.0,27203469.0,-0.59
