종목코드,종목명,EPS,BPS,PER,PBR,배당수익률,ROE,날짜,종가,거래량,상장주식수,등락률
091580,상신이디피,1944.0,10904.0,6.56,1.17,0.94,17.828319882611883,20240304,16460.0,100703.0,13628219.0,2.55
091580,상신이디피,1944.0,10904.0,6.56,1.17,0.94,17.828319882611883,20240305,16060.0,103171.0,13628219.0,-2.43
091580,상신이디피,1944.0,10904.0,6.56,1.17,0.94,17.828319882611883,20240306,16000.0,55681.0,13628219.0,-0.37
091580,상신이디피,1944.0,10904.0,6.56,1.17,0.94,17.828319882611883,20240307,18000.0,3526915.0,13628219.0,12.5
091580,상신이디피,1944.0,10904.0,6.56,1.17,0.94,17.828319882611883,20240308,18390.0,1785418.0,13628219.0,2.17
