종목코드,종목명,EPS,BPS,PER,PBR,배당수익률,ROE,날짜,종가,거래량,상장주식수,등락률
263810,상신전자,157.0,3048.0,22.45,1.16,0.0,5.150918635170604,20240304,4535.0,99316.0,14244718.0,-0.22
263810,상신전자,157.0,3048.0,22.45,1.16,0.0,5.150918635170604,20240305,4400.0,127756.0,14244718.0,-2.98
263810,상신전자,157.0,3048.0,22.45,1.16,0.0,5.150918635170604,20240306,4235.0,194617.0,14244718.0,-3.75
263810,상신전자,157.0,3048.0,22.45,1.16,0.0,5.150918635170604,20240307,4210.0,148549.0,14244718.0,-0.59
263810,상신전자,157.0,3048.0,22.45,1.16,0.0,5.150918635170604,20240308,4325.0,145735.0,14244718.0,2.73
