종목코드,종목명,EPS,BPS,PER,PBR,배당수익률,ROE,날짜,종가,거래량,상장주식수,등락률
100660,서암기계공업,153.0,5214.0,32.19,0.94,0.71,2.934407364787112,20240304,4895.0,77571.0,12600000.0,-1.11
100660,서암기계공업,153.0,5214.0,32.19,0.94,0.71,2.934407364787112,20240305,4890.0,67489.0,12600000.0,-0.1
100660,서암기계공업,153.0,5214.0,32.19,0.94,0.71,2.934407364787112,20240306,4835.0,60994.0,12600000.0,-1.12
100660,서암기계공업,153.0,5214.0,32.19,0.94,0.71,2.934407364787112,20240307,4780.0,113487.0,12600000.0,-1.14
100660,서암기계공업,153.0,5214.0,32.19,0.94,0.71,2.934407364787112,20240308,4800.0,66896.0,12600000.0,0.42
