종목코드,종목명,EPS,BPS,PER,PBR,배당수익률,ROE,날짜,종가,거래량,상장주식수,등락률
007860,서연,5174.0,29621.0,1.58,0.28,1.84,17.467337362006685,20240304,11350.0,808422.0,23479844.0,4.13
007860,서연,5174.0,29621.0,1.58,0.28,1.84,17.467337362006685,20240305,10950.0,376507.0,23479844.0,-3.52
007860,서연,5174.0,29621.0,1.58,0.28,1.84,17.467337362006685,20240306,10900.0,220996.0,23479844.0,-0.46
007860,서연,5174.0,29621.0,1.58,0.28,1.84,17.467337362006685,20240307,10540.0,248319.0,23479844.0,-3.3
007860,서연,5174.0,29621.0,1.58,0.28,1.84,17.467337362006685,20240308,10440.0,190925.0,23479844.0,-0.95
