종목코드,종목명,EPS,BPS,PER,PBR,배당수익률,ROE,날짜,종가,거래량,상장주식수,등락률
200880,서연이화,5839.0,32626.0,2.77,0.5,1.24,17.896769447679763,20240304,19920.0,540208.0,27028437.0,0.71
200880,서연이화,5839.0,32626.0,2.77,0.5,1.24,17.896769447679763,20240305,19600.0,364383.0,27028437.0,-1.61
200880,서연이화,5839.0,32626.0,2.77,0.5,1.24,17.896769447679763,20240306,19480.0,294713.0,27028437.0,-0.61
200880,서연이화,5839.0,32626.0,2.77,0.5,1.24,17.896769447679763,20240307,19030.0,360804.0,27028437.0,-2.31
200880,서연이화,5839.0,32626.0,2.77,0.5,1.24,17.896769447679763,20240308,19180.0,373250.0,27028437.0,0.79
