종목코드,종목명,EPS,BPS,PER,PBR,배당수익률,ROE,날짜,종가,거래량,상장주식수,등락률
086710,선진뷰티사이언스,467.0,5817.0,30.0,2.41,0.29,8.028193226749183,20240304,7940.0,42070.0,12203280.0,-1.37
086710,선진뷰티사이언스,467.0,5817.0,30.0,2.41,0.29,8.028193226749183,20240305,7820.0,58787.0,12203280.0,-1.51
086710,선진뷰티사이언스,467.0,5817.0,30.0,2.41,0.29,8.028193226749183,20240306,7880.0,19623.0,12203280.0,0.77
086710,선진뷰티사이언스,467.0,5817.0,30.0,2.41,0.29,8.028193226749183,20240307,7900.0,19015.0,12203280.0,0.25
086710,선진뷰티사이언스,467.0,5817.0,30.0,2.41,0.29,8.028193226749183,20240308,8080.0,34517.0,12203280.0,2.28
