종목코드,종목명,EPS,BPS,PER,PBR,배당수익률,ROE,날짜,종가,거래량,상장주식수,등락률
340440,세림B&G,134.0,1165.0,11.37,1.31,0.0,11.50214592274678,20240304,1794.0,27821.0,28378364.0,0.0
340440,세림B&G,134.0,1165.0,11.37,1.31,0.0,11.50214592274678,20240305,1780.0,49542.0,28378364.0,-0.78
340440,세림B&G,134.0,1165.0,11.37,1.31,0.0,11.50214592274678,20240306,1743.0,44555.0,28378364.0,-2.08
340440,세림B&G,134.0,1165.0,11.37,1.31,0.0,11.50214592274678,20240307,1708.0,57446.0,28378364.0,-2.01
340440,세림B&G,134.0,1165.0,11.37,1.31,0.0,11.50214592274678,20240308,1703.0,86630.0,28378364.0,-0.29
