종목코드,종목명,EPS,BPS,PER,PBR,배당수익률,ROE,날짜,종가,거래량,상장주식수,등락률
004360,세방,3195.0,48847.0,4.33,0.28,2.17,6.5408315761459255,20240304,12790.0,72298.0,19308690.0,1.19
004360,세방,3195.0,48847.0,4.33,0.28,2.17,6.5408315761459255,20240305,12640.0,73715.0,19308690.0,-1.17
004360,세방,3195.0,48847.0,4.33,0.28,2.17,6.5408315761459255,20240306,12630.0,69132.0,19308690.0,-0.08
004360,세방,3195.0,48847.0,4.33,0.28,2.17,6.5408315761459255,20240307,12440.0,56952.0,19308690.0,-1.5
004360,세방,3195.0,48847.0,4.33,0.28,2.17,6.5408315761459255,20240308,12450.0,49251.0,19308690.0,0.08
