종목코드,종목명,EPS,BPS,PER,PBR,배당수익률,ROE,날짜,종가,거래량,상장주식수,등락률
396300,세아메카닉스,240.0,2653.0,12.52,1.13,0.0,9.046362608367886,20240304,3850.0,75245.0,26489500.0,0.92
396300,세아메카닉스,240.0,2653.0,12.52,1.13,0.0,9.046362608367886,20240305,3795.0,93959.0,26489500.0,-1.43
396300,세아메카닉스,240.0,2653.0,12.52,1.13,0.0,9.046362608367886,20240306,3770.0,88567.0,26489500.0,-0.66
396300,세아메카닉스,240.0,2653.0,12.52,1.13,0.0,9.046362608367886,20240307,3840.0,777191.0,26489500.0,1.86
396300,세아메카닉스,240.0,2653.0,12.52,1.13,0.0,9.046362608367886,20240308,4080.0,3380228.0,26489500.0,6.25
