종목코드,종목명,EPS,BPS,PER,PBR,배당수익률,ROE,날짜,종가,거래량,상장주식수,등락률
252500,세화피앤씨,67.0,946.0,14.22,1.01,1.78,7.08245243128964,20240304,852.0,103961.0,41486390.0,-2.29
252500,세화피앤씨,67.0,946.0,14.22,1.01,1.78,7.08245243128964,20240305,845.0,119724.0,41486390.0,-0.82
252500,세화피앤씨,67.0,946.0,14.22,1.01,1.78,7.08245243128964,20240306,848.0,69867.0,41486390.0,0.36
252500,세화피앤씨,67.0,946.0,14.22,1.01,1.78,7.08245243128964,20240307,834.0,51476.0,41486390.0,-1.65
252500,세화피앤씨,67.0,946.0,14.22,1.01,1.78,7.08245243128964,20240308,842.0,70469.0,41486390.0,0.96
