종목코드,종목명,EPS,BPS,PER,PBR,배당수익률,ROE,날짜,종가,거래량,상장주식수,등락률
415380,스튜디오삼익,649.0,5806.0,14.92,1.67,0.0,11.178091629348948,20240304,18930.0,47141.0,4225498.0,-1.1
415380,스튜디오삼익,649.0,5806.0,14.92,1.67,0.0,11.178091629348948,20240305,19500.0,638621.0,4225498.0,3.01
415380,스튜디오삼익,649.0,5806.0,14.92,1.67,0.0,11.178091629348948,20240306,17990.0,256404.0,4225498.0,-7.74
415380,스튜디오삼익,649.0,5806.0,14.92,1.67,0.0,11.178091629348948,20240307,16140.0,701263.0,4225498.0,-10.28
415380,스튜디오삼익,649.0,5806.0,14.92,1.67,0.0,11.178091629348948,20240308,16110.0,166085.0,4225498.0,-0.19
