종목코드,종목명,EPS,BPS,PER,PBR,배당수익률,ROE,날짜,종가,거래량,상장주식수,등락률
020710,시공테크,436.0,6933.0,9.98,0.63,1.84,6.288763882878985,20240304,4355.0,56259.0,20047970.0,0.11
020710,시공테크,436.0,6933.0,9.98,0.63,1.84,6.288763882878985,20240305,4295.0,90873.0,20047970.0,-1.38
020710,시공테크,436.0,6933.0,9.98,0.63,1.84,6.288763882878985,20240306,4280.0,16313.0,20047970.0,-0.35
020710,시공테크,436.0,6933.0,9.98,0.63,1.84,6.288763882878985,20240307,4290.0,34226.0,20047970.0,0.23
020710,시공테크,436.0,6933.0,9.98,0.63,1.84,6.288763882878985,20240308,4295.0,26415.0,20047970.0,0.12
