종목코드,종목명,EPS,BPS,PER,PBR,배당수익률,ROE,날짜,종가,거래량,상장주식수,등락률
048870,시너지이노베이션,28.0,2153.0,95.89,1.25,0.0,1.3005109150023224,20240304,2800.0,190432.0,82708344.0,-2.1
048870,시너지이노베이션,28.0,2153.0,95.89,1.25,0.0,1.3005109150023224,20240305,2975.0,596739.0,82708344.0,6.25
048870,시너지이노베이션,28.0,2153.0,95.89,1.25,0.0,1.3005109150023224,20240306,3000.0,406610.0,82708344.0,0.84
048870,시너지이노베이션,28.0,2153.0,95.89,1.25,0.0,1.3005109150023224,20240307,2920.0,314686.0,82708344.0,-2.67
048870,시너지이노베이션,28.0,2153.0,95.89,1.25,0.0,1.3005109150023224,20240308,3090.0,1228879.0,82708344.0,5.82
