종목코드,종목명,EPS,BPS,PER,PBR,배당수익률,ROE,날짜,종가,거래량,상장주식수,등락률
029530,신도리코,6371.0,114955.0,5.85,0.32,4.03,5.542168674698795,20240304,40400.0,40610.0,10080029.0,5.07
029530,신도리코,6371.0,114955.0,5.85,0.32,4.03,5.542168674698795,20240305,38850.0,24096.0,10080029.0,-3.84
029530,신도리코,6371.0,114955.0,5.85,0.32,4.03,5.542168674698795,20240306,38850.0,11577.0,10080029.0,0.0
029530,신도리코,6371.0,114955.0,5.85,0.32,4.03,5.542168674698795,20240307,38200.0,30841.0,10080029.0,-1.67
029530,신도리코,6371.0,114955.0,5.85,0.32,4.03,5.542168674698795,20240308,37650.0,33616.0,10080029.0,-1.44
