종목코드,종목명,EPS,BPS,PER,PBR,배당수익률,ROE,날짜,종가,거래량,상장주식수,등락률
004170,신세계,23574.0,445995.0,6.26,0.33,2.71,5.285709481047994,20240304,172100.0,48308.0,9845181.0,-1.54
004170,신세계,23574.0,445995.0,6.26,0.33,2.71,5.285709481047994,20240305,169600.0,27798.0,9845181.0,-1.45
004170,신세계,23574.0,445995.0,6.26,0.33,2.71,5.285709481047994,20240306,168600.0,30094.0,9845181.0,-0.59
004170,신세계,23574.0,445995.0,6.26,0.33,2.71,5.285709481047994,20240307,168500.0,14254.0,9845181.0,-0.06
004170,신세계,23574.0,445995.0,6.26,0.33,2.71,5.285709481047994,20240308,168500.0,26095.0,9845181.0,0.0
