종목코드,종목명,EPS,BPS,PER,PBR,배당수익률,ROE,날짜,종가,거래량,상장주식수,등락률
162300,신스틸,158.0,1740.0,19.11,1.74,0.63,9.080459770114944,20240304,3830.0,560016.0,41471382.0,4.93
162300,신스틸,158.0,1740.0,19.11,1.74,0.63,9.080459770114944,20240305,3845.0,451260.0,41471382.0,0.39
162300,신스틸,158.0,1740.0,19.11,1.74,0.63,9.080459770114944,20240306,3865.0,604022.0,41471382.0,0.52
162300,신스틸,158.0,1740.0,19.11,1.74,0.63,9.080459770114944,20240307,3720.0,350679.0,41471382.0,-3.75
162300,신스틸,158.0,1740.0,19.11,1.74,0.63,9.080459770114944,20240308,3715.0,262960.0,41471382.0,-0.13
