종목코드,종목명,EPS,BPS,PER,PBR,배당수익률,ROE,날짜,종가,거래량,상장주식수,등락률
416180,신성에스티,1229.0,10776.0,26.36,3.01,0.62,11.40497401633259,20240304,42000.0,298171.0,9039778.0,-3.23
416180,신성에스티,1229.0,10776.0,26.36,3.01,0.62,11.40497401633259,20240305,37150.0,409406.0,9039778.0,-11.55
416180,신성에스티,1229.0,10776.0,26.36,3.01,0.62,11.40497401633259,20240306,40300.0,521570.0,9039778.0,8.48
416180,신성에스티,1229.0,10776.0,26.36,3.01,0.62,11.40497401633259,20240307,37650.0,229828.0,9039778.0,-6.58
416180,신성에스티,1229.0,10776.0,26.36,3.01,0.62,11.40497401633259,20240308,38950.0,195513.0,9039778.0,3.45
