종목코드,종목명,EPS,BPS,PER,PBR,배당수익률,ROE,날짜,종가,거래량,상장주식수,등락률
002700,신일전자,15.0,1170.0,108.73,1.39,0.92,1.282051282051282,20240304,1858.0,268057.0,71047521.0,0.6
002700,신일전자,15.0,1170.0,108.73,1.39,0.92,1.282051282051282,20240305,1846.0,198157.0,71047521.0,-0.65
002700,신일전자,15.0,1170.0,108.73,1.39,0.92,1.282051282051282,20240306,1839.0,130261.0,71047521.0,-0.38
002700,신일전자,15.0,1170.0,108.73,1.39,0.92,1.282051282051282,20240307,1808.0,390909.0,71047521.0,-1.69
002700,신일전자,15.0,1170.0,108.73,1.39,0.92,1.282051282051282,20240308,1813.0,341337.0,71047521.0,0.28
