종목코드,종목명,EPS,BPS,PER,PBR,배당수익률,ROE,날짜,종가,거래량,상장주식수,등락률
035510,신세계 I&C,2316.0,29077.0,4.15,0.33,3.64,7.965058293496578,20240304,12550.0,54356.0,17200000.0,0.32
035510,신세계 I&C,2316.0,29077.0,4.15,0.33,3.64,7.965058293496578,20240305,12200.0,74631.0,17200000.0,-2.79
035510,신세계 I&C,2316.0,29077.0,4.15,0.33,3.64,7.965058293496578,20240306,12200.0,38590.0,17200000.0,0.0
035510,신세계 I&C,2316.0,29077.0,4.15,0.33,3.64,7.965058293496578,20240307,12210.0,37674.0,17200000.0,0.08
035510,신세계 I&C,2316.0,29077.0,4.15,0.33,3.64,7.965058293496578,20240308,12480.0,44383.0,17200000.0,2.21
