종목코드,종목명,EPS,BPS,PER,PBR,배당수익률,ROE,날짜,종가,거래량,상장주식수,등락률
017000,신원종합개발,737.0,9068.0,3.67,0.3,0.0,8.127481252756947,20240304,2995.0,22875.0,11668027.0,-0.5
017000,신원종합개발,737.0,9068.0,3.67,0.3,0.0,8.127481252756947,20240305,2970.0,65938.0,11668027.0,-0.83
017000,신원종합개발,737.0,9068.0,3.67,0.3,0.0,8.127481252756947,20240306,2955.0,26117.0,11668027.0,-0.51
017000,신원종합개발,737.0,9068.0,3.67,0.3,0.0,8.127481252756947,20240307,2955.0,16439.0,11668027.0,0.0
017000,신원종합개발,737.0,9068.0,3.67,0.3,0.0,8.127481252756947,20240308,2930.0,40984.0,11668027.0,-0.85
