종목코드,종목명,EPS,BPS,PER,PBR,배당수익률,ROE,날짜,종가,거래량,상장주식수,등락률
004080,신흥,980.0,12064.0,14.41,1.17,1.91,8.123342175066313,20240304,14360.0,1521.0,9500000.0,0.07
004080,신흥,980.0,12064.0,14.41,1.17,1.91,8.123342175066313,20240305,14360.0,2492.0,9500000.0,0.0
004080,신흥,980.0,12064.0,14.41,1.17,1.91,8.123342175066313,20240306,14370.0,1647.0,9500000.0,0.07
004080,신흥,980.0,12064.0,14.41,1.17,1.91,8.123342175066313,20240307,14370.0,1085.0,9500000.0,0.0
004080,신흥,980.0,12064.0,14.41,1.17,1.91,8.123342175066313,20240308,14390.0,826.0,9500000.0,0.14
