종목코드,종목명,EPS,BPS,PER,PBR,배당수익률,ROE,날짜,종가,거래량,상장주식수,등락률
257720,실리콘투,631.0,2235.0,71.16,20.09,0.0,28.232662192393736,20240304,9230.0,1153263.0,60389234.0,-0.32
257720,실리콘투,631.0,2235.0,71.16,20.09,0.0,28.232662192393736,20240305,9230.0,1154178.0,60389234.0,0.0
257720,실리콘투,631.0,2235.0,71.16,20.09,0.0,28.232662192393736,20240306,9330.0,866384.0,60389234.0,1.08
257720,실리콘투,631.0,2235.0,71.16,20.09,0.0,28.232662192393736,20240307,8980.0,698500.0,60389234.0,-3.75
257720,실리콘투,631.0,2235.0,71.16,20.09,0.0,28.232662192393736,20240308,9420.0,898548.0,60389234.0,4.9
