종목코드,종목명,EPS,BPS,PER,PBR,배당수익률,ROE,날짜,종가,거래량,상장주식수,등락률
049960,쎌바이오텍,921.0,16348.0,15.31,0.86,3.19,5.6337166625886965,20240304,12130.0,31381.0,9400000.0,-2.26
049960,쎌바이오텍,921.0,16348.0,15.31,0.86,3.19,5.6337166625886965,20240305,11910.0,17079.0,9400000.0,-1.81
049960,쎌바이오텍,921.0,16348.0,15.31,0.86,3.19,5.6337166625886965,20240306,12120.0,18897.0,9400000.0,1.76
049960,쎌바이오텍,921.0,16348.0,15.31,0.86,3.19,5.6337166625886965,20240307,11900.0,23225.0,9400000.0,-1.82
049960,쎌바이오텍,921.0,16348.0,15.31,0.86,3.19,5.6337166625886965,20240308,12000.0,26505.0,9400000.0,0.84
