종목코드,종목명,EPS,BPS,PER,PBR,배당수익률,ROE,날짜,종가,거래량,상장주식수,등락률
050890,쏠리드,671.0,4478.0,7.66,1.15,0.97,14.98436802143814,20240304,5930.0,904683.0,61221640.0,-2.47
050890,쏠리드,671.0,4478.0,7.66,1.15,0.97,14.98436802143814,20240305,5870.0,449394.0,61221640.0,-1.01
050890,쏠리드,671.0,4478.0,7.66,1.15,0.97,14.98436802143814,20240306,5830.0,718115.0,61221640.0,-0.68
050890,쏠리드,671.0,4478.0,7.66,1.15,0.97,14.98436802143814,20240307,5690.0,420333.0,61221640.0,-2.4
050890,쏠리드,671.0,4478.0,7.66,1.15,0.97,14.98436802143814,20240308,5680.0,459928.0,61221640.0,-0.18
