종목코드,종목명,EPS,BPS,PER,PBR,배당수익률,ROE,날짜,종가,거래량,상장주식수,등락률
074430,아미노로직스,28.0,620.0,48.5,2.19,0.0,4.516129032258064,20240304,1550.0,5233649.0,87826844.0,-5.78
074430,아미노로직스,28.0,620.0,48.5,2.19,0.0,4.516129032258064,20240305,1536.0,2411451.0,87826844.0,-0.9
074430,아미노로직스,28.0,620.0,48.5,2.19,0.0,4.516129032258064,20240306,1525.0,1117857.0,87826844.0,-0.72
074430,아미노로직스,28.0,620.0,48.5,2.19,0.0,4.516129032258064,20240307,1503.0,697906.0,87826844.0,-1.44
074430,아미노로직스,28.0,620.0,48.5,2.19,0.0,4.516129032258064,20240308,1518.0,538494.0,87826844.0,1.0
