종목코드,종목명,EPS,BPS,PER,PBR,배당수익률,ROE,날짜,종가,거래량,상장주식수,등락률
059120,아진엑스텍,54.0,4694.0,167.96,1.93,0.0,1.1504047720494248,20240304,11050.0,167803.0,9748596.0,2.7
059120,아진엑스텍,54.0,4694.0,167.96,1.93,0.0,1.1504047720494248,20240305,10960.0,115478.0,9748596.0,-0.81
059120,아진엑스텍,54.0,4694.0,167.96,1.93,0.0,1.1504047720494248,20240306,10890.0,148618.0,9748596.0,-0.64
059120,아진엑스텍,54.0,4694.0,167.96,1.93,0.0,1.1504047720494248,20240307,10540.0,205381.0,9748596.0,-3.21
059120,아진엑스텍,54.0,4694.0,167.96,1.93,0.0,1.1504047720494248,20240308,10850.0,117558.0,9748596.0,2.94
