종목코드,종목명,EPS,BPS,PER,PBR,배당수익률,ROE,날짜,종가,거래량,상장주식수,등락률
339950,아이비김영,180.0,1036.0,9.79,1.7,1.13,17.374517374517374,20240304,2505.0,12804418.0,44946655.0,12.58
339950,아이비김영,180.0,1036.0,9.79,1.7,1.13,17.374517374517374,20240305,2390.0,4488294.0,44946655.0,-4.59
339950,아이비김영,180.0,1036.0,9.79,1.7,1.13,17.374517374517374,20240306,2340.0,1730456.0,44946655.0,-2.09
339950,아이비김영,180.0,1036.0,9.79,1.7,1.13,17.374517374517374,20240307,2255.0,1015119.0,44946655.0,-3.63
339950,아이비김영,180.0,1036.0,9.79,1.7,1.13,17.374517374517374,20240308,2215.0,922366.0,44946655.0,-1.77
