종목코드,종목명,EPS,BPS,PER,PBR,배당수익률,ROE,날짜,종가,거래량,상장주식수,등락률
052790,액토즈소프트,3115.0,22769.0,2.61,0.36,0.0,13.680881900830075,20240304,9210.0,144615.0,11330638.0,2.56
052790,액토즈소프트,3115.0,22769.0,2.61,0.36,0.0,13.680881900830075,20240305,9250.0,67281.0,11330638.0,0.43
052790,액토즈소프트,3115.0,22769.0,2.61,0.36,0.0,13.680881900830075,20240306,8970.0,51723.0,11330638.0,-3.03
052790,액토즈소프트,3115.0,22769.0,2.61,0.36,0.0,13.680881900830075,20240307,9080.0,49133.0,11330638.0,1.23
052790,액토즈소프트,3115.0,22769.0,2.61,0.36,0.0,13.680881900830075,20240308,9290.0,49398.0,11330638.0,2.31
