종목코드,종목명,EPS,BPS,PER,PBR,배당수익률,ROE,날짜,종가,거래량,상장주식수,등락률
030960,양지사,89.0,13503.0,122.02,0.8,0.46,0.6591127897504258,20240304,11210.0,18700.0,15980000.0,0.63
030960,양지사,89.0,13503.0,122.02,0.8,0.46,0.6591127897504258,20240305,11260.0,22946.0,15980000.0,0.45
030960,양지사,89.0,13503.0,122.02,0.8,0.46,0.6591127897504258,20240306,11290.0,37244.0,15980000.0,0.27
030960,양지사,89.0,13503.0,122.02,0.8,0.46,0.6591127897504258,20240307,11210.0,23382.0,15980000.0,-0.71
030960,양지사,89.0,13503.0,122.02,0.8,0.46,0.6591127897504258,20240308,11170.0,18093.0,15980000.0,-0.36
