종목코드,종목명,EPS,BPS,PER,PBR,배당수익률,ROE,날짜,종가,거래량,상장주식수,등락률
005850,에스엘,7285.0,41872.0,5.04,0.88,2.45,17.398261367978602,20240304,33900.0,103901.0,46448520.0,0.44
005850,에스엘,7285.0,41872.0,5.04,0.88,2.45,17.398261367978602,20240305,32750.0,140194.0,46448520.0,-3.39
005850,에스엘,7285.0,41872.0,5.04,0.88,2.45,17.398261367978602,20240306,32800.0,90804.0,46448520.0,0.15
005850,에스엘,7285.0,41872.0,5.04,0.88,2.45,17.398261367978602,20240307,32450.0,116194.0,46448520.0,-1.07
005850,에스엘,7285.0,41872.0,5.04,0.88,2.45,17.398261367978602,20240308,32400.0,130924.0,46448520.0,-0.15
