종목코드,종목명,EPS,BPS,PER,PBR,배당수익률,ROE,날짜,종가,거래량,상장주식수,등락률
237690,에스티팜,1041.0,20445.0,90.59,4.61,0.53,5.091709464416728,20240304,63900.0,63095.0,18808775.0,0.47
237690,에스티팜,1041.0,20445.0,90.59,4.61,0.53,5.091709464416728,20240305,66000.0,120443.0,18808775.0,3.29
237690,에스티팜,1041.0,20445.0,90.59,4.61,0.53,5.091709464416728,20240306,69000.0,224542.0,18808775.0,4.55
237690,에스티팜,1041.0,20445.0,90.59,4.61,0.53,5.091709464416728,20240307,68800.0,138852.0,18808775.0,-0.29
237690,에스티팜,1041.0,20445.0,90.59,4.61,0.53,5.091709464416728,20240308,77500.0,637987.0,18808775.0,12.65
