종목코드,종목명,EPS,BPS,PER,PBR,배당수익률,ROE,날짜,종가,거래량,상장주식수,등락률
045660,에이텍,618.0,11830.0,25.0,1.31,1.29,5.224006762468301,20240304,14090.0,96981.0,8260000.0,1.29
045660,에이텍,618.0,11830.0,25.0,1.31,1.29,5.224006762468301,20240305,13950.0,86191.0,8260000.0,-0.99
045660,에이텍,618.0,11830.0,25.0,1.31,1.29,5.224006762468301,20240306,14370.0,123938.0,8260000.0,3.01
045660,에이텍,618.0,11830.0,25.0,1.31,1.29,5.224006762468301,20240307,14340.0,77818.0,8260000.0,-0.21
045660,에이텍,618.0,11830.0,25.0,1.31,1.29,5.224006762468301,20240308,14150.0,74169.0,8260000.0,-1.32
