종목코드,종목명,EPS,BPS,PER,PBR,배당수익률,ROE,날짜,종가,거래량,상장주식수,등락률
044780,에이치케이,103.0,3297.0,13.65,0.43,0.0,3.124052168638156,20240304,1665.0,70098.0,18505787.0,-1.07
044780,에이치케이,103.0,3297.0,13.65,0.43,0.0,3.124052168638156,20240305,1660.0,45685.0,18505787.0,-0.3
044780,에이치케이,103.0,3297.0,13.65,0.43,0.0,3.124052168638156,20240306,1654.0,41399.0,18505787.0,-0.36
044780,에이치케이,103.0,3297.0,13.65,0.43,0.0,3.124052168638156,20240307,1632.0,64342.0,18505787.0,-1.33
044780,에이치케이,103.0,3297.0,13.65,0.43,0.0,3.124052168638156,20240308,1632.0,34164.0,18505787.0,0.0
