종목코드,종목명,EPS,BPS,PER,PBR,배당수익률,ROE,날짜,종가,거래량,상장주식수,등락률
278470,에이피알,11245.0,27071.0,25.39,10.55,0.0,41.53891618336966,20240304,299500.0,479366.0,7584378.0,0.5
278470,에이피알,11245.0,27071.0,25.39,10.55,0.0,41.53891618336966,20240305,277500.0,466188.0,7584378.0,-7.35
278470,에이피알,11245.0,27071.0,25.39,10.55,0.0,41.53891618336966,20240306,286500.0,393427.0,7584378.0,3.24
278470,에이피알,11245.0,27071.0,25.39,10.55,0.0,41.53891618336966,20240307,264500.0,329553.0,7584378.0,-7.68
278470,에이피알,11245.0,27071.0,25.39,10.55,0.0,41.53891618336966,20240308,262000.0,298477.0,7584378.0,-0.95
