종목코드,종목명,EPS,BPS,PER,PBR,배당수익률,ROE,날짜,종가,거래량,상장주식수,등락률
234300,에스트래픽,626.0,3446.0,5.89,1.07,1.09,18.16598955310505,20240304,4210.0,210752.0,27532242.0,0.0
234300,에스트래픽,626.0,3446.0,5.89,1.07,1.09,18.16598955310505,20240305,4140.0,239526.0,27532242.0,-1.66
234300,에스트래픽,626.0,3446.0,5.89,1.07,1.09,18.16598955310505,20240306,4120.0,200248.0,27532242.0,-0.48
234300,에스트래픽,626.0,3446.0,5.89,1.07,1.09,18.16598955310505,20240307,4060.0,274941.0,27532242.0,-1.46
234300,에스트래픽,626.0,3446.0,5.89,1.07,1.09,18.16598955310505,20240308,4015.0,185108.0,27532242.0,-1.11
