종목코드,종목명,EPS,BPS,PER,PBR,배당수익률,ROE,날짜,종가,거래량,상장주식수,등락률
073540,에프알텍,175.0,5098.0,8.28,0.28,0.0,3.432718713220871,20240304,2345.0,34590.0,11400000.0,-1.05
073540,에프알텍,175.0,5098.0,8.28,0.28,0.0,3.432718713220871,20240305,2300.0,10730.0,11400000.0,-1.92
073540,에프알텍,175.0,5098.0,8.28,0.28,0.0,3.432718713220871,20240306,2240.0,15922.0,11400000.0,-2.61
073540,에프알텍,175.0,5098.0,8.28,0.28,0.0,3.432718713220871,20240307,2220.0,21325.0,11400000.0,-0.89
073540,에프알텍,175.0,5098.0,8.28,0.28,0.0,3.432718713220871,20240308,2265.0,18154.0,11400000.0,2.03
