종목코드,종목명,EPS,BPS,PER,PBR,배당수익률,ROE,날짜,종가,거래량,상장주식수,등락률
179290,엠아이텍,398.0,2879.0,17.21,2.38,1.17,13.824244529350468,20240304,6060.0,76739.0,32295678.0,-2.73
179290,엠아이텍,398.0,2879.0,17.21,2.38,1.17,13.824244529350468,20240305,6030.0,43160.0,32295678.0,-0.5
179290,엠아이텍,398.0,2879.0,17.21,2.38,1.17,13.824244529350468,20240306,6090.0,39105.0,32295678.0,1.0
179290,엠아이텍,398.0,2879.0,17.21,2.38,1.17,13.824244529350468,20240307,5940.0,85941.0,32295678.0,-2.46
179290,엠아이텍,398.0,2879.0,17.21,2.38,1.17,13.824244529350468,20240308,6450.0,953904.0,32295678.0,8.59
