종목코드,종목명,EPS,BPS,PER,PBR,배당수익률,ROE,날짜,종가,거래량,상장주식수,등락률
347890,엠투아이,378.0,4374.0,17.01,1.47,3.42,8.641975308641975,20240304,7700.0,27083.0,16913204.0,-0.13
347890,엠투아이,378.0,4374.0,17.01,1.47,3.42,8.641975308641975,20240305,7700.0,25508.0,16913204.0,0.0
347890,엠투아이,378.0,4374.0,17.01,1.47,3.42,8.641975308641975,20240306,7600.0,27301.0,16913204.0,-1.3
347890,엠투아이,378.0,4374.0,17.01,1.47,3.42,8.641975308641975,20240307,7640.0,48057.0,16913204.0,0.53
347890,엠투아이,378.0,4374.0,17.01,1.47,3.42,8.641975308641975,20240308,7760.0,34785.0,16913204.0,1.57
