종목코드,종목명,EPS,BPS,PER,PBR,배당수익률,ROE,날짜,종가,거래량,상장주식수,등락률
352910,오비고,33.0,3017.0,211.21,2.31,0.0,1.0938017898574743,20240304,7970.0,109682.0,12194808.0,-3.74
352910,오비고,33.0,3017.0,211.21,2.31,0.0,1.0938017898574743,20240305,7960.0,37970.0,12194808.0,-0.13
352910,오비고,33.0,3017.0,211.21,2.31,0.0,1.0938017898574743,20240306,7890.0,23325.0,12194808.0,-0.88
352910,오비고,33.0,3017.0,211.21,2.31,0.0,1.0938017898574743,20240307,7930.0,10594.0,12194808.0,0.51
352910,오비고,33.0,3017.0,211.21,2.31,0.0,1.0938017898574743,20240308,7790.0,54833.0,12194808.0,-1.77
