종목코드,종목명,EPS,BPS,PER,PBR,배당수익률,ROE,날짜,종가,거래량,상장주식수,등락률
226400,오스테오닉,193.0,2620.0,25.13,1.85,0.0,7.366412213740459,20240304,5160.0,500167.0,20661601.0,-6.18
226400,오스테오닉,193.0,2620.0,25.13,1.85,0.0,7.366412213740459,20240305,5460.0,697750.0,20661601.0,5.81
226400,오스테오닉,193.0,2620.0,25.13,1.85,0.0,7.366412213740459,20240306,5380.0,166709.0,20661601.0,-1.47
226400,오스테오닉,193.0,2620.0,25.13,1.85,0.0,7.366412213740459,20240307,5440.0,257217.0,20661601.0,1.12
226400,오스테오닉,193.0,2620.0,25.13,1.85,0.0,7.366412213740459,20240308,5320.0,867917.0,20661601.0,-2.21
