Á¾¸ñÄÚµå,Á¾¸ñ¸í,EPS,BPS,PER,PBR,¹è´ç¼öÀÍ·ü,ROE,³¯Â¥,Á¾°¡,°Å·¡·®,»óÀåÁÖ½Ä¼ö,µî¶ô·ü
440320,¿ÀÇÂ³î,155.0,3828.0,35.23,1.43,0.0,4.049111807732498,20240304,8620.0,107650.0,9805000.0,6.16
440320,¿ÀÇÂ³î,155.0,3828.0,35.23,1.43,0.0,4.049111807732498,20240305,8470.0,72028.0,9805000.0,-1.74
440320,¿ÀÇÂ³î,155.0,3828.0,35.23,1.43,0.0,4.049111807732498,20240306,8410.0,54464.0,9805000.0,-0.71
440320,¿ÀÇÂ³î,155.0,3828.0,35.23,1.43,0.0,4.049111807732498,20240307,8020.0,92089.0,9805000.0,-4.64
440320,¿ÀÇÂ³î,155.0,3828.0,35.23,1.43,0.0,4.049111807732498,20240308,7670.0,109754.0,9805000.0,-4.36
