종목코드,종목명,EPS,BPS,PER,PBR,배당수익률,ROE,날짜,종가,거래량,상장주식수,등락률
309930,오하임앤컴퍼니,116.0,1440.0,23.15,1.86,0.0,8.055555555555555,20240304,3230.0,2221908.0,21275390.0,23.75
309930,오하임앤컴퍼니,116.0,1440.0,23.15,1.86,0.0,8.055555555555555,20240305,3280.0,738895.0,21275390.0,1.55
309930,오하임앤컴퍼니,116.0,1440.0,23.15,1.86,0.0,8.055555555555555,20240306,3650.0,512024.0,21275390.0,11.28
309930,오하임앤컴퍼니,116.0,1440.0,23.15,1.86,0.0,8.055555555555555,20240307,3800.0,414158.0,21275390.0,4.11
309930,오하임앤컴퍼니,116.0,1440.0,23.15,1.86,0.0,8.055555555555555,20240308,4000.0,334701.0,21275390.0,5.26
