종목코드,종목명,EPS,BPS,PER,PBR,배당수익률,ROE,날짜,종가,거래량,상장주식수,등락률
082210,옵트론텍,389.0,1473.0,7.46,1.97,0.0,26.40868974881195,20240304,4065.0,99304.0,25625170.0,-2.63
082210,옵트론텍,389.0,1473.0,7.46,1.97,0.0,26.40868974881195,20240305,4080.0,77452.0,25625170.0,0.37
082210,옵트론텍,389.0,1473.0,7.46,1.97,0.0,26.40868974881195,20240306,4065.0,118147.0,25625170.0,-0.37
082210,옵트론텍,389.0,1473.0,7.46,1.97,0.0,26.40868974881195,20240307,3870.0,141153.0,25625170.0,-4.8
082210,옵트론텍,389.0,1473.0,7.46,1.97,0.0,26.40868974881195,20240308,4040.0,158657.0,25625170.0,4.39
