종목코드,종목명,EPS,BPS,PER,PBR,배당수익률,ROE,날짜,종가,거래량,상장주식수,등락률
332570,와이팜,529.0,2210.0,6.41,1.53,0.0,23.936651583710407,20240304,3610.0,227896.0,40484076.0,0.14
332570,와이팜,529.0,2210.0,6.41,1.53,0.0,23.936651583710407,20240305,3510.0,324790.0,40484076.0,-2.77
332570,와이팜,529.0,2210.0,6.41,1.53,0.0,23.936651583710407,20240306,3320.0,667218.0,40484076.0,-5.41
332570,와이팜,529.0,2210.0,6.41,1.53,0.0,23.936651583710407,20240307,3295.0,346006.0,40484076.0,-0.75
332570,와이팜,529.0,2210.0,6.41,1.53,0.0,23.936651583710407,20240308,3305.0,269569.0,41352010.0,0.3
