종목코드,종목명,EPS,BPS,PER,PBR,배당수익률,ROE,날짜,종가,거래량,상장주식수,등락률
153490,우리이앤엘,107.0,1616.0,7.93,0.52,0.0,6.621287128712872,20240304,1110.0,2481076.0,51480000.0,2.49
153490,우리이앤엘,107.0,1616.0,7.93,0.52,0.0,6.621287128712872,20240305,1103.0,359963.0,51480000.0,-0.63
153490,우리이앤엘,107.0,1616.0,7.93,0.52,0.0,6.621287128712872,20240306,1097.0,362574.0,51480000.0,-0.54
153490,우리이앤엘,107.0,1616.0,7.93,0.52,0.0,6.621287128712872,20240307,1066.0,239190.0,51480000.0,-2.83
153490,우리이앤엘,107.0,1616.0,7.93,0.52,0.0,6.621287128712872,20240308,1083.0,158484.0,51480000.0,1.59
