종목코드,종목명,EPS,BPS,PER,PBR,배당수익률,ROE,날짜,종가,거래량,상장주식수,등락률
307280,원바이오젠,157.0,908.0,9.85,1.7,1.29,17.290748898678416,20240304,1687.0,172848.0,36959013.0,-0.71
307280,원바이오젠,157.0,908.0,9.85,1.7,1.29,17.290748898678416,20240305,1697.0,95577.0,36959013.0,0.59
307280,원바이오젠,157.0,908.0,9.85,1.7,1.29,17.290748898678416,20240306,1694.0,84175.0,36959013.0,-0.18
307280,원바이오젠,157.0,908.0,9.85,1.7,1.29,17.290748898678416,20240307,1677.0,105083.0,36959013.0,-1.0
307280,원바이오젠,157.0,908.0,9.85,1.7,1.29,17.290748898678416,20240308,1746.0,477916.0,36959013.0,4.11
