종목코드,종목명,EPS,BPS,PER,PBR,배당수익률,ROE,날짜,종가,거래량,상장주식수,등락률
376980,원티드랩,155.0,3829.0,35.94,1.45,0.0,4.048054322277357,20240304,8240.0,112189.0,9456696.0,-4.07
376980,원티드랩,155.0,3829.0,35.94,1.45,0.0,4.048054322277357,20240305,8120.0,93384.0,9456696.0,-1.46
376980,원티드랩,155.0,3829.0,35.94,1.45,0.0,4.048054322277357,20240306,7510.0,354797.0,9456696.0,-7.51
376980,원티드랩,155.0,3829.0,35.94,1.45,0.0,4.048054322277357,20240307,7900.0,503672.0,9456696.0,5.19
376980,원티드랩,155.0,3829.0,35.94,1.45,0.0,4.048054322277357,20240308,7950.0,95921.0,9603984.0,0.63
