종목코드,종목명,EPS,BPS,PER,PBR,배당수익률,ROE,날짜,종가,거래량,상장주식수,등락률
123420,위메이드플레이,415.0,20967.0,20.48,0.41,0.0,1.979300806028521,20240304,11420.0,718085.0,11469842.0,13.29
123420,위메이드플레이,415.0,20967.0,20.48,0.41,0.0,1.979300806028521,20240305,11310.0,912706.0,11469842.0,-0.96
123420,위메이드플레이,415.0,20967.0,20.48,0.41,0.0,1.979300806028521,20240306,10970.0,113000.0,11469842.0,-3.01
123420,위메이드플레이,415.0,20967.0,20.48,0.41,0.0,1.979300806028521,20240307,12000.0,342230.0,11469842.0,9.39
123420,위메이드플레이,415.0,20967.0,20.48,0.41,0.0,1.979300806028521,20240308,11820.0,173940.0,11469842.0,-1.5
