종목코드,종목명,EPS,BPS,PER,PBR,배당수익률,ROE,날짜,종가,거래량,상장주식수,등락률
101730,위메이드맥스,194.0,2524.0,47.11,3.62,0.0,7.686212361331219,20240304,12730.0,683079.0,33295292.0,7.7
101730,위메이드맥스,194.0,2524.0,47.11,3.62,0.0,7.686212361331219,20240305,12750.0,518860.0,33295292.0,0.16
101730,위메이드맥스,194.0,2524.0,47.11,3.62,0.0,7.686212361331219,20240306,12450.0,123678.0,33295292.0,-2.35
101730,위메이드맥스,194.0,2524.0,47.11,3.62,0.0,7.686212361331219,20240307,12860.0,186304.0,33295292.0,3.29
101730,위메이드맥스,194.0,2524.0,47.11,3.62,0.0,7.686212361331219,20240308,12820.0,109679.0,33295292.0,-0.31
