종목코드,종목명,EPS,BPS,PER,PBR,배당수익률,ROE,날짜,종가,거래량,상장주식수,등락률
330350,위더스제약,603.0,6839.0,13.91,1.23,1.19,8.8170785202515,20240304,8460.0,35179.0,13202139.0,0.36
330350,위더스제약,603.0,6839.0,13.91,1.23,1.19,8.8170785202515,20240305,8310.0,43860.0,13202139.0,-1.77
330350,위더스제약,603.0,6839.0,13.91,1.23,1.19,8.8170785202515,20240306,8320.0,38428.0,13202139.0,0.12
330350,위더스제약,603.0,6839.0,13.91,1.23,1.19,8.8170785202515,20240307,8180.0,107360.0,13202139.0,-1.68
330350,위더스제약,603.0,6839.0,13.91,1.23,1.19,8.8170785202515,20240308,8400.0,41613.0,13202139.0,2.69
