종목코드,종목명,EPS,BPS,PER,PBR,배당수익률,ROE,날짜,종가,거래량,상장주식수,등락률
136540,윈스,1681.0,14933.0,7.92,0.89,3.76,11.25694769972544,20240304,12820.0,18165.0,13864162.0,0.16
136540,윈스,1681.0,14933.0,7.92,0.89,3.76,11.25694769972544,20240305,12780.0,19986.0,13864162.0,-0.31
136540,윈스,1681.0,14933.0,7.92,0.89,3.76,11.25694769972544,20240306,12800.0,6663.0,13864162.0,0.16
136540,윈스,1681.0,14933.0,7.92,0.89,3.76,11.25694769972544,20240307,12800.0,34148.0,13864162.0,0.0
136540,윈스,1681.0,14933.0,7.92,0.89,3.76,11.25694769972544,20240308,12860.0,28495.0,13864162.0,0.47
