종목코드,종목명,EPS,BPS,PER,PBR,배당수익률,ROE,날짜,종가,거래량,상장주식수,등락률
011320,유니크,330.0,6072.0,12.12,0.66,1.13,5.434782608695652,20240304,4855.0,50058.0,19320695.0,0.21
011320,유니크,330.0,6072.0,12.12,0.66,1.13,5.434782608695652,20240305,4820.0,39472.0,19320695.0,-0.72
011320,유니크,330.0,6072.0,12.12,0.66,1.13,5.434782608695652,20240306,4845.0,39045.0,19320695.0,0.52
011320,유니크,330.0,6072.0,12.12,0.66,1.13,5.434782608695652,20240307,4800.0,48665.0,19320695.0,-0.93
011320,유니크,330.0,6072.0,12.12,0.66,1.13,5.434782608695652,20240308,4810.0,28300.0,19320695.0,0.21
