종목코드,종목명,EPS,BPS,PER,PBR,배당수익률,ROE,날짜,종가,거래량,상장주식수,등락률
072130,유엔젤,120.0,4588.0,26.96,0.71,0.0,2.6155187445510024,20240304,3780.0,38498.0,13195454.0,0.0
072130,유엔젤,120.0,4588.0,26.96,0.71,0.0,2.6155187445510024,20240305,3630.0,4299399.0,13195454.0,-3.97
072130,유엔젤,120.0,4588.0,26.96,0.71,0.0,2.6155187445510024,20240306,3595.0,178786.0,13195454.0,-0.96
072130,유엔젤,120.0,4588.0,26.96,0.71,0.0,2.6155187445510024,20240307,3500.0,198355.0,13195454.0,-2.64
072130,유엔젤,120.0,4588.0,26.96,0.71,0.0,2.6155187445510024,20240308,3500.0,92985.0,13195454.0,0.0
