종목코드,종목명,EPS,BPS,PER,PBR,배당수익률,ROE,날짜,종가,거래량,상장주식수,등락률
263770,유에스티,498.0,3348.0,4.74,0.7,4.24,14.874551971326163,20240304,2805.0,42526.0,23700172.0,0.72
263770,유에스티,498.0,3348.0,4.74,0.7,4.24,14.874551971326163,20240305,2780.0,21765.0,23700172.0,-0.89
263770,유에스티,498.0,3348.0,4.74,0.7,4.24,14.874551971326163,20240306,2760.0,6941.0,23700172.0,-0.72
263770,유에스티,498.0,3348.0,4.74,0.7,4.24,14.874551971326163,20240307,2730.0,16485.0,23700172.0,-1.09
263770,유에스티,498.0,3348.0,4.74,0.7,4.24,14.874551971326163,20240308,2670.0,60363.0,23700172.0,-2.2
