종목코드,종목명,EPS,BPS,PER,PBR,배당수익률,ROE,날짜,종가,거래량,상장주식수,등락률
000100,유한양행,1815.0,27491.0,53.77,3.55,0.46,6.602160707140518,20240304,65600.0,542348.0,80209064.0,-2.67
000100,유한양행,1815.0,27491.0,53.77,3.55,0.46,6.602160707140518,20240305,68700.0,700950.0,80209064.0,4.73
000100,유한양행,1815.0,27491.0,53.77,3.55,0.46,6.602160707140518,20240306,70800.0,714146.0,80209064.0,3.06
000100,유한양행,1815.0,27491.0,53.77,3.55,0.46,6.602160707140518,20240307,69600.0,589460.0,80209064.0,-1.69
000100,유한양행,1815.0,27491.0,53.77,3.55,0.46,6.602160707140518,20240308,73600.0,918395.0,80209064.0,5.75
