종목코드,종목명,EPS,BPS,PER,PBR,배당수익률,ROE,날짜,종가,거래량,상장주식수,등락률
025820,이구산업,20.0,3766.0,222.25,1.18,1.12,0.5310674455655868,20240304,4035.0,287928.0,33442000.0,0.75
025820,이구산업,20.0,3766.0,222.25,1.18,1.12,0.5310674455655868,20240305,3970.0,462590.0,33442000.0,-1.61
025820,이구산업,20.0,3766.0,222.25,1.18,1.12,0.5310674455655868,20240306,3940.0,219734.0,33442000.0,-0.76
025820,이구산업,20.0,3766.0,222.25,1.18,1.12,0.5310674455655868,20240307,4145.0,1274834.0,33442000.0,5.2
025820,이구산업,20.0,3766.0,222.25,1.18,1.12,0.5310674455655868,20240308,4060.0,948177.0,33442000.0,-2.05
