종목코드,종목명,EPS,BPS,PER,PBR,배당수익률,ROE,날짜,종가,거래량,상장주식수,등락률
063760,이엘피,64.0,7330.0,45.63,0.4,1.71,0.8731241473396999,20240304,3300.0,44592.0,9325130.0,-1.79
063760,이엘피,64.0,7330.0,45.63,0.4,1.71,0.8731241473396999,20240305,3300.0,26146.0,9325130.0,0.0
063760,이엘피,64.0,7330.0,45.63,0.4,1.71,0.8731241473396999,20240306,3285.0,21361.0,9325130.0,-0.45
063760,이엘피,64.0,7330.0,45.63,0.4,1.71,0.8731241473396999,20240307,3410.0,32460.0,9325130.0,3.81
063760,이엘피,64.0,7330.0,45.63,0.4,1.71,0.8731241473396999,20240308,3350.0,24107.0,9325130.0,-1.76
