종목코드,종목명,EPS,BPS,PER,PBR,배당수익률,ROE,날짜,종가,거래량,상장주식수,등락률
211050,인카금융서비스,575.0,1923.0,8.01,2.39,1.52,29.901196047841914,20240304,18950.0,25251.0,10275960.0,-2.27
211050,인카금융서비스,575.0,1923.0,8.01,2.39,1.52,29.901196047841914,20240305,19550.0,27054.0,10275960.0,3.17
211050,인카금융서비스,575.0,1923.0,8.01,2.39,1.52,29.901196047841914,20240306,20150.0,76682.0,10275960.0,3.07
211050,인카금융서비스,575.0,1923.0,8.01,2.39,1.52,29.901196047841914,20240307,21450.0,56612.0,10275960.0,6.45
211050,인카금융서비스,575.0,1923.0,8.01,2.39,1.52,29.901196047841914,20240308,23000.0,58199.0,10275960.0,7.23
