종목코드,종목명,EPS,BPS,PER,PBR,배당수익률,ROE,날짜,종가,거래량,상장주식수,등락률
034590,인천도시가스,4251.0,51324.0,6.03,0.5,4.87,8.282674772036474,20240304,25450.0,1531.0,4374754.0,0.39
034590,인천도시가스,4251.0,51324.0,6.03,0.5,4.87,8.282674772036474,20240305,25350.0,851.0,4374754.0,-0.39
034590,인천도시가스,4251.0,51324.0,6.03,0.5,4.87,8.282674772036474,20240306,25350.0,1101.0,4374754.0,0.0
034590,인천도시가스,4251.0,51324.0,6.03,0.5,4.87,8.282674772036474,20240307,25300.0,1310.0,4374754.0,-0.2
034590,인천도시가스,4251.0,51324.0,6.03,0.5,4.87,8.282674772036474,20240308,25250.0,4653.0,4374754.0,-0.2
