종목코드,종목명,EPS,BPS,PER,PBR,배당수익률,ROE,날짜,종가,거래량,상장주식수,등락률
216050,인크로스,1047.0,9480.0,7.28,0.8,4.21,11.044303797468356,20240304,10710.0,59312.0,12843222.0,-0.46
216050,인크로스,1047.0,9480.0,7.28,0.8,4.21,11.044303797468356,20240305,10420.0,166194.0,12843222.0,-2.71
216050,인크로스,1047.0,9480.0,7.28,0.8,4.21,11.044303797468356,20240306,10250.0,115886.0,12843222.0,-1.63
216050,인크로스,1047.0,9480.0,7.28,0.8,4.21,11.044303797468356,20240307,10270.0,34932.0,12843222.0,0.2
216050,인크로스,1047.0,9480.0,7.28,0.8,4.21,11.044303797468356,20240308,10210.0,40729.0,12843222.0,-0.58
