종목코드,종목명,EPS,BPS,PER,PBR,배당수익률,ROE,날짜,종가,거래량,상장주식수,등락률
189300,인텔리안테크,572.0,26164.0,95.8,2.09,0.18,2.1862100596239107,20240304,55400.0,101353.0,10733334.0,1.09
189300,인텔리안테크,572.0,26164.0,95.8,2.09,0.18,2.1862100596239107,20240305,54300.0,53810.0,10733334.0,-1.99
189300,인텔리안테크,572.0,26164.0,95.8,2.09,0.18,2.1862100596239107,20240306,57100.0,104558.0,10733334.0,5.16
189300,인텔리안테크,572.0,26164.0,95.8,2.09,0.18,2.1862100596239107,20240307,55100.0,85573.0,10733334.0,-3.5
189300,인텔리안테크,572.0,26164.0,95.8,2.09,0.18,2.1862100596239107,20240308,55700.0,50969.0,10733334.0,1.09
