종목코드,종목명,EPS,BPS,PER,PBR,배당수익률,ROE,날짜,종가,거래량,상장주식수,등락률
049070,인탑스,1715.0,39253.0,12.3,0.54,1.11,4.369092808193004,20240304,30150.0,258872.0,17200000.0,3.97
049070,인탑스,1715.0,39253.0,12.3,0.54,1.11,4.369092808193004,20240305,29300.0,185196.0,17200000.0,-2.82
049070,인탑스,1715.0,39253.0,12.3,0.54,1.11,4.369092808193004,20240306,30700.0,419069.0,17200000.0,4.78
049070,인탑스,1715.0,39253.0,12.3,0.54,1.11,4.369092808193004,20240307,30600.0,512676.0,17200000.0,-0.33
049070,인탑스,1715.0,39253.0,12.3,0.54,1.11,4.369092808193004,20240308,31350.0,492229.0,17200000.0,2.45
