종목코드,종목명,EPS,BPS,PER,PBR,배당수익률,ROE,날짜,종가,거래량,상장주식수,등락률
271940,일진하이솔루스,39.0,8699.0,519.23,2.33,0.0,0.44832739395332794,20240304,23500.0,32869.0,36313190.0,0.0
271940,일진하이솔루스,39.0,8699.0,519.23,2.33,0.0,0.44832739395332794,20240305,23850.0,40011.0,36313190.0,1.49
271940,일진하이솔루스,39.0,8699.0,519.23,2.33,0.0,0.44832739395332794,20240306,23300.0,32148.0,36313190.0,-2.31
271940,일진하이솔루스,39.0,8699.0,519.23,2.33,0.0,0.44832739395332794,20240307,23050.0,28314.0,36313190.0,-1.07
271940,일진하이솔루스,39.0,8699.0,519.23,2.33,0.0,0.44832739395332794,20240308,23450.0,21420.0,36313190.0,1.74
