종목코드,종목명,EPS,BPS,PER,PBR,배당수익률,ROE,날짜,종가,거래량,상장주식수,등락률
208140,정다운,999.0,3733.0,2.72,0.73,11.05,26.761317974819182,20240304,2595.0,230397.0,32684246.0,-1.52
208140,정다운,999.0,3733.0,2.72,0.73,11.05,26.761317974819182,20240305,2590.0,104477.0,32684246.0,-0.19
208140,정다운,999.0,3733.0,2.72,0.73,11.05,26.761317974819182,20240306,2610.0,170063.0,32684246.0,0.77
208140,정다운,999.0,3733.0,2.72,0.73,11.05,26.761317974819182,20240307,2575.0,122338.0,32684246.0,-1.34
208140,정다운,999.0,3733.0,2.72,0.73,11.05,26.761317974819182,20240308,2590.0,98315.0,32684246.0,0.58
