종목코드,종목명,EPS,BPS,PER,PBR,배당수익률,ROE,날짜,종가,거래량,상장주식수,등락률
194370,제이에스코퍼레이션,3499.0,21974.0,4.5,0.72,5.72,15.923363975607534,20240304,17260.0,105828.0,13335601.0,-0.69
194370,제이에스코퍼레이션,3499.0,21974.0,4.5,0.72,5.72,15.923363975607534,20240305,16800.0,63268.0,13335601.0,-2.67
194370,제이에스코퍼레이션,3499.0,21974.0,4.5,0.72,5.72,15.923363975607534,20240306,16560.0,44393.0,13335601.0,-1.43
194370,제이에스코퍼레이션,3499.0,21974.0,4.5,0.72,5.72,15.923363975607534,20240307,16700.0,54198.0,13335601.0,0.85
194370,제이에스코퍼레이션,3499.0,21974.0,4.5,0.72,5.72,15.923363975607534,20240308,15860.0,152588.0,13335601.0,-5.03
