종목코드,종목명,EPS,BPS,PER,PBR,배당수익률,ROE,날짜,종가,거래량,상장주식수,등락률
001560,제일연마,1536.0,13916.0,5.48,0.6,3.57,11.037654498419085,20240304,8370.0,1861.0,10000000.0,-1.88
001560,제일연마,1536.0,13916.0,5.48,0.6,3.57,11.037654498419085,20240305,8400.0,2633.0,10000000.0,0.36
001560,제일연마,1536.0,13916.0,5.48,0.6,3.57,11.037654498419085,20240306,8700.0,4689.0,10000000.0,3.57
001560,제일연마,1536.0,13916.0,5.48,0.6,3.57,11.037654498419085,20240307,8690.0,4240.0,10000000.0,-0.11
001560,제일연마,1536.0,13916.0,5.48,0.6,3.57,11.037654498419085,20240308,8620.0,3151.0,10000000.0,-0.81
