종목코드,종목명,EPS,BPS,PER,PBR,배당수익률,ROE,날짜,종가,거래량,상장주식수,등락률
094970,제이엠티,1349.0,7335.0,3.48,0.64,1.06,18.391274710293114,20240304,6040.0,1921304.0,16748240.0,6.15
094970,제이엠티,1349.0,7335.0,3.48,0.64,1.06,18.391274710293114,20240305,6080.0,421630.0,16748240.0,0.66
094970,제이엠티,1349.0,7335.0,3.48,0.64,1.06,18.391274710293114,20240306,7200.0,2818517.0,16748240.0,18.42
094970,제이엠티,1349.0,7335.0,3.48,0.64,1.06,18.391274710293114,20240307,6070.0,3121006.0,16748240.0,-15.69
094970,제이엠티,1349.0,7335.0,3.48,0.64,1.06,18.391274710293114,20240308,6330.0,669639.0,16748240.0,4.28
