종목코드,종목명,EPS,BPS,PER,PBR,배당수익률,ROE,날짜,종가,거래량,상장주식수,등락률
204270,제이앤티씨,311.0,6223.0,69.61,3.48,0.0,4.997589587015909,20240304,12250.0,375302.0,57848466.0,-2.55
204270,제이앤티씨,311.0,6223.0,69.61,3.48,0.0,4.997589587015909,20240305,12200.0,211450.0,57848466.0,-0.41
204270,제이앤티씨,311.0,6223.0,69.61,3.48,0.0,4.997589587015909,20240306,14600.0,2640440.0,57848466.0,19.67
204270,제이앤티씨,311.0,6223.0,69.61,3.48,0.0,4.997589587015909,20240307,13620.0,1158144.0,57848466.0,-6.71
204270,제이앤티씨,311.0,6223.0,69.61,3.48,0.0,4.997589587015909,20240308,14120.0,543329.0,57848466.0,3.67
