종목코드,종목명,EPS,BPS,PER,PBR,배당수익률,ROE,날짜,종가,거래량,상장주식수,등락률
271980,제일약품,343.0,10882.0,44.61,1.41,0.33,3.151994118728175,20240304,16540.0,6102.0,14704872.0,-0.42
271980,제일약품,343.0,10882.0,44.61,1.41,0.33,3.151994118728175,20240305,16470.0,6456.0,14704872.0,-0.42
271980,제일약품,343.0,10882.0,44.61,1.41,0.33,3.151994118728175,20240306,16450.0,7375.0,14704872.0,-0.12
271980,제일약품,343.0,10882.0,44.61,1.41,0.33,3.151994118728175,20240307,16310.0,7721.0,14704872.0,-0.85
271980,제일약품,343.0,10882.0,44.61,1.41,0.33,3.151994118728175,20240308,16570.0,8885.0,14704872.0,1.59
