종목코드,종목명,EPS,BPS,PER,PBR,배당수익률,ROE,날짜,종가,거래량,상장주식수,등락률
004910,조광페인트,468.0,17221.0,16.41,0.45,2.6,2.717612217641252,20240304,6160.0,5806.0,12800000.0,0.0
004910,조광페인트,468.0,17221.0,16.41,0.45,2.6,2.717612217641252,20240305,6020.0,23548.0,12800000.0,-2.27
004910,조광페인트,468.0,17221.0,16.41,0.45,2.6,2.717612217641252,20240306,6000.0,6735.0,12800000.0,-0.33
004910,조광페인트,468.0,17221.0,16.41,0.45,2.6,2.717612217641252,20240307,5860.0,33488.0,12800000.0,-2.33
004910,조광페인트,468.0,17221.0,16.41,0.45,2.6,2.717612217641252,20240308,5700.0,56835.0,12800000.0,-2.73
