종목코드,종목명,EPS,BPS,PER,PBR,배당수익률,ROE,날짜,종가,거래량,상장주식수,등락률
120030,조선선재,12933.0,146238.0,7.5,0.66,0.52,8.843802568415871,20240304,98400.0,1937.0,1257651.0,0.41
120030,조선선재,12933.0,146238.0,7.5,0.66,0.52,8.843802568415871,20240305,97100.0,1779.0,1257651.0,-1.32
120030,조선선재,12933.0,146238.0,7.5,0.66,0.52,8.843802568415871,20240306,97200.0,1079.0,1257651.0,0.1
120030,조선선재,12933.0,146238.0,7.5,0.66,0.52,8.843802568415871,20240307,96800.0,2163.0,1257651.0,-0.41
120030,조선선재,12933.0,146238.0,7.5,0.66,0.52,8.843802568415871,20240308,97700.0,3797.0,1257651.0,0.93
