종목코드,종목명,EPS,BPS,PER,PBR,배당수익률,ROE,날짜,종가,거래량,상장주식수,등락률
462520,조선내화,1990.0,17960.0,9.16,1.01,0.0,11.080178173719377,20240304,18540.0,6319.0,11855168.0,0.22
462520,조선내화,1990.0,17960.0,9.16,1.01,0.0,11.080178173719377,20240305,18180.0,15586.0,11855168.0,-1.94
462520,조선내화,1990.0,17960.0,9.16,1.01,0.0,11.080178173719377,20240306,18180.0,7765.0,11855168.0,0.0
462520,조선내화,1990.0,17960.0,9.16,1.01,0.0,11.080178173719377,20240307,18010.0,9407.0,11855168.0,-0.94
462520,조선내화,1990.0,17960.0,9.16,1.01,0.0,11.080178173719377,20240308,18100.0,4862.0,11855168.0,0.5
