종목코드,종목명,EPS,BPS,PER,PBR,배당수익률,ROE,날짜,종가,거래량,상장주식수,등락률
067000,조이시티,80.0,1517.0,26.13,1.38,0.0,5.273566249176005,20240304,2910.0,265239.0,69862693.0,-0.68
067000,조이시티,80.0,1517.0,26.13,1.38,0.0,5.273566249176005,20240305,2770.0,1099331.0,69862693.0,-4.81
067000,조이시티,80.0,1517.0,26.13,1.38,0.0,5.273566249176005,20240306,2700.0,468062.0,69862693.0,-2.53
067000,조이시티,80.0,1517.0,26.13,1.38,0.0,5.273566249176005,20240307,2770.0,219451.0,69862693.0,2.59
067000,조이시티,80.0,1517.0,26.13,1.38,0.0,5.273566249176005,20240308,2720.0,264955.0,69862693.0,-1.81
