종목코드,종목명,EPS,BPS,PER,PBR,배당수익률,ROE,날짜,종가,거래량,상장주식수,등락률
185750,종근당,15941.0,64233.0,7.15,1.77,0.97,24.817461429483288,20240304,107000.0,47804.0,13174420.0,-1.11
185750,종근당,15941.0,64233.0,7.15,1.77,0.97,24.817461429483288,20240305,107500.0,43807.0,13174420.0,0.47
185750,종근당,15941.0,64233.0,7.15,1.77,0.97,24.817461429483288,20240306,107100.0,26560.0,13174420.0,-0.37
185750,종근당,15941.0,64233.0,7.15,1.77,0.97,24.817461429483288,20240307,104400.0,46731.0,13174420.0,-2.52
185750,종근당,15941.0,64233.0,7.15,1.77,0.97,24.817461429483288,20240308,110900.0,74526.0,13174420.0,6.23
