종목코드,종목명,EPS,BPS,PER,PBR,배당수익률,ROE,날짜,종가,거래량,상장주식수,등락률
001630,종근당홀딩스,9744.0,118253.0,5.41,0.45,2.66,8.239960085579225,20240304,58900.0,4251.0,5009861.0,-0.17
001630,종근당홀딩스,9744.0,118253.0,5.41,0.45,2.66,8.239960085579225,20240305,59400.0,2898.0,5009861.0,0.85
001630,종근당홀딩스,9744.0,118253.0,5.41,0.45,2.66,8.239960085579225,20240306,58600.0,5305.0,5009861.0,-1.35
001630,종근당홀딩스,9744.0,118253.0,5.41,0.45,2.66,8.239960085579225,20240307,58000.0,1834.0,5009861.0,-1.02
001630,종근당홀딩스,9744.0,118253.0,5.41,0.45,2.66,8.239960085579225,20240308,62000.0,15618.0,5009861.0,6.9
