종목코드,종목명,EPS,BPS,PER,PBR,배당수익률,ROE,날짜,종가,거래량,상장주식수,등락률
033340,좋은사람들,29.0,581.0,48.28,2.41,0.0,4.991394148020654,20240304,2110.0,0.0,96950558.0,0.0
033340,좋은사람들,29.0,581.0,48.28,2.41,0.0,4.991394148020654,20240305,2110.0,0.0,96950558.0,0.0
033340,좋은사람들,29.0,581.0,48.28,2.41,0.0,4.991394148020654,20240306,2110.0,0.0,96950558.0,0.0
033340,좋은사람들,29.0,581.0,48.28,2.41,0.0,4.991394148020654,20240307,2110.0,0.0,96950558.0,0.0
033340,좋은사람들,29.0,581.0,48.28,2.41,0.0,4.991394148020654,20240308,2110.0,0.0,96950558.0,0.0
