종목코드,종목명,EPS,BPS,PER,PBR,배당수익률,ROE,날짜,종가,거래량,상장주식수,등락률
208350,지란지교시큐리티,1356.0,6260.0,2.42,0.52,0.0,21.661341853035143,20240304,4010.0,8199.0,8838549.0,1.13
208350,지란지교시큐리티,1356.0,6260.0,2.42,0.52,0.0,21.661341853035143,20240305,3915.0,5664.0,8838549.0,-2.37
208350,지란지교시큐리티,1356.0,6260.0,2.42,0.52,0.0,21.661341853035143,20240306,3890.0,2929.0,8838549.0,-0.64
208350,지란지교시큐리티,1356.0,6260.0,2.42,0.52,0.0,21.661341853035143,20240307,3845.0,11061.0,8838549.0,-1.16
208350,지란지교시큐리티,1356.0,6260.0,2.42,0.52,0.0,21.661341853035143,20240308,3820.0,8061.0,8838549.0,-0.65
