종목코드,종목명,EPS,BPS,PER,PBR,배당수익률,ROE,날짜,종가,거래량,상장주식수,등락률
263860,지니언스,715.0,5855.0,12.9,1.57,2.17,12.211784799316822,20240304,12600.0,100786.0,9444600.0,-1.33
263860,지니언스,715.0,5855.0,12.9,1.57,2.17,12.211784799316822,20240305,12500.0,16905.0,9444600.0,-0.79
263860,지니언스,715.0,5855.0,12.9,1.57,2.17,12.211784799316822,20240306,12190.0,48832.0,9444600.0,-2.48
263860,지니언스,715.0,5855.0,12.9,1.57,2.17,12.211784799316822,20240307,12300.0,62033.0,9444600.0,0.9
263860,지니언스,715.0,5855.0,12.9,1.57,2.17,12.211784799316822,20240308,12480.0,16452.0,9444600.0,1.46
