종목코드,종목명,EPS,BPS,PER,PBR,배당수익률,ROE,날짜,종가,거래량,상장주식수,등락률
311320,지오엘리먼트,177.0,3995.0,52.88,2.34,0.0,4.430538172715895,20240304,13390.0,187784.0,12614560.0,-0.81
311320,지오엘리먼트,177.0,3995.0,52.88,2.34,0.0,4.430538172715895,20240305,13280.0,88547.0,12614560.0,-0.82
311320,지오엘리먼트,177.0,3995.0,52.88,2.34,0.0,4.430538172715895,20240306,13070.0,98191.0,12614560.0,-1.58
311320,지오엘리먼트,177.0,3995.0,52.88,2.34,0.0,4.430538172715895,20240307,13050.0,137851.0,12614560.0,-0.15
311320,지오엘리먼트,177.0,3995.0,52.88,2.34,0.0,4.430538172715895,20240308,13450.0,137938.0,12614560.0,3.07
