종목코드,종목명,EPS,BPS,PER,PBR,배당수익률,ROE,날짜,종가,거래량,상장주식수,등락률
003780,진양산업,654.0,4385.0,9.74,1.45,3.92,14.91448118586089,20240304,6120.0,64390.0,13000000.0,-1.77
003780,진양산업,654.0,4385.0,9.74,1.45,3.92,14.91448118586089,20240305,6030.0,80961.0,13000000.0,-1.47
003780,진양산업,654.0,4385.0,9.74,1.45,3.92,14.91448118586089,20240306,6070.0,22201.0,13000000.0,0.66
003780,진양산업,654.0,4385.0,9.74,1.45,3.92,14.91448118586089,20240307,6070.0,33265.0,13000000.0,0.0
003780,진양산업,654.0,4385.0,9.74,1.45,3.92,14.91448118586089,20240308,6080.0,23766.0,13000000.0,0.16
