종목코드,종목명,EPS,BPS,PER,PBR,배당수익률,ROE,날짜,종가,거래량,상장주식수,등락률
010640,진양폴리,366.0,3222.0,17.46,1.98,3.91,11.359404096834265,20240304,5440.0,24152.0,10000000.0,-1.27
010640,진양폴리,366.0,3222.0,17.46,1.98,3.91,11.359404096834265,20240305,5390.0,16076.0,10000000.0,-0.92
010640,진양폴리,366.0,3222.0,17.46,1.98,3.91,11.359404096834265,20240306,5450.0,39532.0,10000000.0,1.11
010640,진양폴리,366.0,3222.0,17.46,1.98,3.91,11.359404096834265,20240307,5460.0,22352.0,10000000.0,0.18
010640,진양폴리,366.0,3222.0,17.46,1.98,3.91,11.359404096834265,20240308,5560.0,27486.0,10000000.0,1.83
