종목코드,종목명,EPS,BPS,PER,PBR,배당수익률,ROE,날짜,종가,거래량,상장주식수,등락률
002780,진흥기업,311.0,1828.0,2.9,0.49,0.0,17.01312910284464,20240304,1034.0,221238.0,145471745.0,0.1
002780,진흥기업,311.0,1828.0,2.9,0.49,0.0,17.01312910284464,20240305,1007.0,344710.0,145471745.0,-2.61
002780,진흥기업,311.0,1828.0,2.9,0.49,0.0,17.01312910284464,20240306,1015.0,261520.0,145471745.0,0.79
002780,진흥기업,311.0,1828.0,2.9,0.49,0.0,17.01312910284464,20240307,1013.0,84931.0,145471745.0,-0.2
002780,진흥기업,311.0,1828.0,2.9,0.49,0.0,17.01312910284464,20240308,1010.0,186467.0,145471745.0,-0.3
