종목코드,종목명,EPS,BPS,PER,PBR,배당수익률,ROE,날짜,종가,거래량,상장주식수,등락률
256940,케이피에스,210.0,3053.0,27.52,1.89,0.0,6.878480183426139,20240304,6580.0,80717.0,18748658.0,-4.5
256940,케이피에스,210.0,3053.0,27.52,1.89,0.0,6.878480183426139,20240305,6450.0,141660.0,18748658.0,-1.98
256940,케이피에스,210.0,3053.0,27.52,1.89,0.0,6.878480183426139,20240306,6330.0,51143.0,18748658.0,-1.86
256940,케이피에스,210.0,3053.0,27.52,1.89,0.0,6.878480183426139,20240307,6550.0,68372.0,18748658.0,3.48
256940,케이피에스,210.0,3053.0,27.52,1.89,0.0,6.878480183426139,20240308,6380.0,61736.0,18748658.0,-2.6
