종목코드,종목명,EPS,BPS,PER,PBR,배당수익률,ROE,날짜,종가,거래량,상장주식수,등락률
003690,코리안리,1655.0,22088.0,5.1,0.38,6.4,7.492756247736327,20240304,8010.0,467345.0,165367526.0,-0.37
003690,코리안리,1655.0,22088.0,5.1,0.38,6.4,7.492756247736327,20240305,8080.0,312256.0,165367526.0,0.87
003690,코리안리,1655.0,22088.0,5.1,0.38,6.4,7.492756247736327,20240306,8080.0,206719.0,165367526.0,0.0
003690,코리안리,1655.0,22088.0,5.1,0.38,6.4,7.492756247736327,20240307,8350.0,976201.0,165367526.0,3.34
003690,코리안리,1655.0,22088.0,5.1,0.38,6.4,7.492756247736327,20240308,8230.0,342540.0,165367526.0,-1.44
