종목코드,종목명,EPS,BPS,PER,PBR,배당수익률,ROE,날짜,종가,거래량,상장주식수,등락률
052400,코나아이,2206.0,13072.0,6.7,1.13,3.38,16.87576499388005,20240304,17630.0,65134.0,14999999.0,1.67
052400,코나아이,2206.0,13072.0,6.7,1.13,3.38,16.87576499388005,20240305,17450.0,31071.0,14999999.0,-1.02
052400,코나아이,2206.0,13072.0,6.7,1.13,3.38,16.87576499388005,20240306,17730.0,21266.0,14999999.0,1.6
052400,코나아이,2206.0,13072.0,6.7,1.13,3.38,16.87576499388005,20240307,17300.0,32360.0,14899999.0,-2.43
052400,코나아이,2206.0,13072.0,6.7,1.13,3.38,16.87576499388005,20240308,17410.0,32884.0,14899999.0,0.64
