종목코드,종목명,EPS,BPS,PER,PBR,배당수익률,ROE,날짜,종가,거래량,상장주식수,등락률
259960,크래프톤,12812.0,120194.0,22.83,2.43,0.0,10.659433915170474,20240304,217500.0,127079.0,48364493.0,-4.19
259960,크래프톤,12812.0,120194.0,22.83,2.43,0.0,10.659433915170474,20240305,218000.0,68627.0,48364493.0,0.23
259960,크래프톤,12812.0,120194.0,22.83,2.43,0.0,10.659433915170474,20240306,213000.0,70286.0,48364493.0,-2.29
259960,크래프톤,12812.0,120194.0,22.83,2.43,0.0,10.659433915170474,20240307,216000.0,74937.0,48364493.0,1.41
259960,크래프톤,12812.0,120194.0,22.83,2.43,0.0,10.659433915170474,20240308,222000.0,97789.0,48364493.0,2.78
