종목코드,종목명,EPS,BPS,PER,PBR,배당수익률,ROE,날짜,종가,거래량,상장주식수,등락률
237880,클리오,1560.0,12209.0,23.08,2.95,1.11,12.777459251371939,20240304,29950.0,89488.0,18071353.0,-0.17
237880,클리오,1560.0,12209.0,23.08,2.95,1.11,12.777459251371939,20240305,30900.0,150339.0,18071353.0,3.17
237880,클리오,1560.0,12209.0,23.08,2.95,1.11,12.777459251371939,20240306,31600.0,107431.0,18071353.0,2.27
237880,클리오,1560.0,12209.0,23.08,2.95,1.11,12.777459251371939,20240307,31150.0,118162.0,18071353.0,-1.42
237880,클리오,1560.0,12209.0,23.08,2.95,1.11,12.777459251371939,20240308,29750.0,99094.0,18071353.0,-4.49
