종목코드,종목명,EPS,BPS,PER,PBR,배당수익률,ROE,날짜,종가,거래량,상장주식수,등락률
214150,클래시스,1155.0,4430.0,43.29,11.29,0.4,26.072234762979683,20240304,31850.0,202787.0,64776702.0,-0.93
214150,클래시스,1155.0,4430.0,43.29,11.29,0.4,26.072234762979683,20240305,31850.0,186678.0,64776702.0,0.0
214150,클래시스,1155.0,4430.0,43.29,11.29,0.4,26.072234762979683,20240306,31900.0,176095.0,64776702.0,0.16
214150,클래시스,1155.0,4430.0,43.29,11.29,0.4,26.072234762979683,20240307,32750.0,321229.0,64776702.0,2.66
214150,클래시스,1155.0,4430.0,43.29,11.29,0.4,26.072234762979683,20240308,33100.0,273509.0,64776702.0,1.07
