종목코드,종목명,EPS,BPS,PER,PBR,배당수익률,ROE,날짜,종가,거래량,상장주식수,등락률
139670,키네마스터,189.0,1180.0,18.94,3.03,0.0,16.016949152542374,20240304,6320.0,319532.0,14019577.0,1.94
139670,키네마스터,189.0,1180.0,18.94,3.03,0.0,16.016949152542374,20240305,6310.0,319569.0,14019577.0,-0.16
139670,키네마스터,189.0,1180.0,18.94,3.03,0.0,16.016949152542374,20240306,6370.0,211973.0,14019577.0,0.95
139670,키네마스터,189.0,1180.0,18.94,3.03,0.0,16.016949152542374,20240307,6020.0,238023.0,14019577.0,-5.49
139670,키네마스터,189.0,1180.0,18.94,3.03,0.0,16.016949152542374,20240308,5910.0,273565.0,14019577.0,-1.83
