종목코드,종목명,EPS,BPS,PER,PBR,배당수익률,ROE,날짜,종가,거래량,상장주식수,등락률
039490,키움증권,15563.0,178201.0,8.6,0.75,2.24,8.73339655781954,20240304,132600.0,167046.0,26226706.0,5.49
039490,키움증권,15563.0,178201.0,8.6,0.75,2.24,8.73339655781954,20240305,134800.0,113712.0,26226706.0,1.66
039490,키움증권,15563.0,178201.0,8.6,0.75,2.24,8.73339655781954,20240306,129500.0,104741.0,26226706.0,-3.93
039490,키움증권,15563.0,178201.0,8.6,0.75,2.24,8.73339655781954,20240307,130100.0,46544.0,26226706.0,0.46
039490,키움증권,15563.0,178201.0,8.6,0.75,2.24,8.73339655781954,20240308,130800.0,67152.0,26226706.0,0.54
