종목코드,종목명,EPS,BPS,PER,PBR,배당수익률,ROE,날짜,종가,거래량,상장주식수,등락률
065130,탑엔지니어링,906.0,12128.0,5.14,0.38,0.0,7.470316622691294,20240304,6270.0,108042.0,17068298.0,1.95
065130,탑엔지니어링,906.0,12128.0,5.14,0.38,0.0,7.470316622691294,20240305,6060.0,196072.0,17068298.0,-3.35
065130,탑엔지니어링,906.0,12128.0,5.14,0.38,0.0,7.470316622691294,20240306,6070.0,106478.0,17068298.0,0.17
065130,탑엔지니어링,906.0,12128.0,5.14,0.38,0.0,7.470316622691294,20240307,5850.0,141239.0,17189982.0,-3.62
065130,탑엔지니어링,906.0,12128.0,5.14,0.38,0.0,7.470316622691294,20240308,6020.0,94375.0,17189982.0,2.91
