종목코드,종목명,EPS,BPS,PER,PBR,배당수익률,ROE,날짜,종가,거래량,상장주식수,등락률
015890,태경산업,790.0,10337.0,6.78,0.52,5.04,7.642449453419754,20240304,6140.0,41167.0,29228750.0,1.15
015890,태경산업,790.0,10337.0,6.78,0.52,5.04,7.642449453419754,20240305,6090.0,66114.0,29228750.0,-0.81
015890,태경산업,790.0,10337.0,6.78,0.52,5.04,7.642449453419754,20240306,6120.0,54817.0,29228750.0,0.49
015890,태경산업,790.0,10337.0,6.78,0.52,5.04,7.642449453419754,20240307,6080.0,38286.0,29228750.0,-0.65
015890,태경산업,790.0,10337.0,6.78,0.52,5.04,7.642449453419754,20240308,6040.0,58218.0,29228750.0,-0.66
