종목코드,종목명,EPS,BPS,PER,PBR,배당수익률,ROE,날짜,종가,거래량,상장주식수,등락률
054450,텔레칩스,4375.0,16679.0,3.91,1.03,1.17,26.230589363870738,20240304,29600.0,441258.0,15144233.0,4.04
054450,텔레칩스,4375.0,16679.0,3.91,1.03,1.17,26.230589363870738,20240305,29000.0,351222.0,15144233.0,-2.03
054450,텔레칩스,4375.0,16679.0,3.91,1.03,1.17,26.230589363870738,20240306,29150.0,254523.0,15144233.0,0.52
054450,텔레칩스,4375.0,16679.0,3.91,1.03,1.17,26.230589363870738,20240307,28500.0,434308.0,15144233.0,-2.23
054450,텔레칩스,4375.0,16679.0,3.91,1.03,1.17,26.230589363870738,20240308,29800.0,1302454.0,15144233.0,4.56
