종목코드,종목명,EPS,BPS,PER,PBR,배당수익률,ROE,날짜,종가,거래량,상장주식수,등락률
078000,텔코웨어,950.0,20203.0,11.11,0.52,6.07,4.7022719398109185,20240304,10480.0,4571.0,9702706.0,0.1
078000,텔코웨어,950.0,20203.0,11.11,0.52,6.07,4.7022719398109185,20240305,10550.0,3830.0,9702706.0,0.67
078000,텔코웨어,950.0,20203.0,11.11,0.52,6.07,4.7022719398109185,20240306,10580.0,2005.0,9702706.0,0.28
078000,텔코웨어,950.0,20203.0,11.11,0.52,6.07,4.7022719398109185,20240307,10880.0,14443.0,9702706.0,2.84
078000,텔코웨어,950.0,20203.0,11.11,0.52,6.07,4.7022719398109185,20240308,11040.0,31776.0,9702706.0,1.47
