종목코드,종목명,EPS,BPS,PER,PBR,배당수익률,ROE,날짜,종가,거래량,상장주식수,등락률
214420,토니모리,155.0,3964.0,62.32,2.44,0.0,3.910191725529768,20240304,5820.0,1025330.0,24054799.0,-7.47
214420,토니모리,155.0,3964.0,62.32,2.44,0.0,3.910191725529768,20240305,5910.0,329710.0,24054799.0,1.55
214420,토니모리,155.0,3964.0,62.32,2.44,0.0,3.910191725529768,20240306,5800.0,128090.0,24054799.0,-1.86
214420,토니모리,155.0,3964.0,62.32,2.44,0.0,3.910191725529768,20240307,5690.0,107039.0,24054799.0,-1.9
214420,토니모리,155.0,3964.0,62.32,2.44,0.0,3.910191725529768,20240308,5700.0,120511.0,24054799.0,0.18
