종목코드,종목명,EPS,BPS,PER,PBR,배당수익률,ROE,날짜,종가,거래량,상장주식수,등락률
356860,티엘비,257.0,11281.0,72.68,1.66,1.07,2.27816682918181,20240304,25000.0,302590.0,9832630.0,6.16
356860,티엘비,257.0,11281.0,72.68,1.66,1.07,2.27816682918181,20240305,25150.0,225688.0,9832630.0,0.6
356860,티엘비,257.0,11281.0,72.68,1.66,1.07,2.27816682918181,20240306,28200.0,5917921.0,9832630.0,12.13
356860,티엘비,257.0,11281.0,72.68,1.66,1.07,2.27816682918181,20240307,28300.0,1887948.0,9832630.0,0.35
356860,티엘비,257.0,11281.0,72.68,1.66,1.07,2.27816682918181,20240308,28000.0,680240.0,9832630.0,-1.06
