종목코드,종목명,EPS,BPS,PER,PBR,배당수익률,ROE,날짜,종가,거래량,상장주식수,등락률
004870,티웨이홀딩스,41.0,1493.0,13.71,0.38,0.0,2.7461486939048894,20240304,477.0,418349.0,111611693.0,-3.44
004870,티웨이홀딩스,41.0,1493.0,13.71,0.38,0.0,2.7461486939048894,20240305,476.0,236641.0,111611693.0,-0.21
004870,티웨이홀딩스,41.0,1493.0,13.71,0.38,0.0,2.7461486939048894,20240306,475.0,218056.0,111611693.0,-0.21
004870,티웨이홀딩스,41.0,1493.0,13.71,0.38,0.0,2.7461486939048894,20240307,473.0,317435.0,111611693.0,-0.42
004870,티웨이홀딩스,41.0,1493.0,13.71,0.38,0.0,2.7461486939048894,20240308,475.0,146595.0,111611693.0,0.42
