종목코드,종목명,EPS,BPS,PER,PBR,배당수익률,ROE,날짜,종가,거래량,상장주식수,등락률
131290,티에스이,11.0,27453.0,4327.27,1.73,0.0,0.04006848067606455,20240304,59200.0,250455.0,11061429.0,4.96
131290,티에스이,11.0,27453.0,4327.27,1.73,0.0,0.04006848067606455,20240305,56900.0,155517.0,11061429.0,-3.89
131290,티에스이,11.0,27453.0,4327.27,1.73,0.0,0.04006848067606455,20240306,57500.0,131729.0,11061429.0,1.05
131290,티에스이,11.0,27453.0,4327.27,1.73,0.0,0.04006848067606455,20240307,58100.0,184513.0,11061429.0,1.04
131290,티에스이,11.0,27453.0,4327.27,1.73,0.0,0.04006848067606455,20240308,59900.0,301895.0,11061429.0,3.1
