종목코드,종목명,EPS,BPS,PER,PBR,배당수익률,ROE,날짜,종가,거래량,상장주식수,등락률
425040,티이엠씨,1077.0,8292.0,12.42,1.61,5.23,12.988422575976847,20240304,17890.0,204661.0,21252222.0,1.36
425040,티이엠씨,1077.0,8292.0,12.42,1.61,5.23,12.988422575976847,20240305,17570.0,149042.0,21252222.0,-1.79
425040,티이엠씨,1077.0,8292.0,12.42,1.61,5.23,12.988422575976847,20240306,17250.0,325211.0,21252222.0,-1.82
425040,티이엠씨,1077.0,8292.0,12.42,1.61,5.23,12.988422575976847,20240307,17450.0,167837.0,21252222.0,1.16
425040,티이엠씨,1077.0,8292.0,12.42,1.61,5.23,12.988422575976847,20240308,19350.0,3226167.0,21252222.0,10.89
