종목코드,종목명,EPS,BPS,PER,PBR,배당수익률,ROE,날짜,종가,거래량,상장주식수,등락률
091810,티웨이항공,506.0,748.0,5.12,3.46,0.0,67.64705882352942,20240304,2660.0,2705084.0,200771551.0,-5.67
091810,티웨이항공,506.0,748.0,5.12,3.46,0.0,67.64705882352942,20240305,2725.0,960312.0,200771551.0,2.44
091810,티웨이항공,506.0,748.0,5.12,3.46,0.0,67.64705882352942,20240306,2665.0,1272680.0,200771551.0,-2.2
091810,티웨이항공,506.0,748.0,5.12,3.46,0.0,67.64705882352942,20240307,2770.0,2637425.0,200771551.0,3.94
091810,티웨이항공,506.0,748.0,5.12,3.46,0.0,67.64705882352942,20240308,2785.0,1096753.0,200771551.0,0.54
