종목코드,종목명,EPS,BPS,PER,PBR,배당수익률,ROE,날짜,종가,거래량,상장주식수,등락률
150900,파수,384.0,3009.0,15.26,1.95,1.71,12.761714855433699,20240304,6800.0,479292.0,11666922.0,-7.73
150900,파수,384.0,3009.0,15.26,1.95,1.71,12.761714855433699,20240305,6800.0,46549.0,11666922.0,0.0
150900,파수,384.0,3009.0,15.26,1.95,1.71,12.761714855433699,20240306,6710.0,103488.0,11666922.0,-1.32
150900,파수,384.0,3009.0,15.26,1.95,1.71,12.761714855433699,20240307,6820.0,72595.0,11666922.0,1.64
150900,파수,384.0,3009.0,15.26,1.95,1.71,12.761714855433699,20240308,6700.0,116554.0,11666922.0,-1.76
