종목코드,종목명,EPS,BPS,PER,PBR,배당수익률,ROE,날짜,종가,거래량,상장주식수,등락률
027710,팜스토리,91.0,1915.0,16.04,0.76,1.71,4.751958224543081,20240304,1577.0,229284.0,111416600.0,-0.38
027710,팜스토리,91.0,1915.0,16.04,0.76,1.71,4.751958224543081,20240305,1557.0,415496.0,111416600.0,-1.27
027710,팜스토리,91.0,1915.0,16.04,0.76,1.71,4.751958224543081,20240306,1545.0,278643.0,111416600.0,-0.77
027710,팜스토리,91.0,1915.0,16.04,0.76,1.71,4.751958224543081,20240307,1527.0,417893.0,111416600.0,-1.17
027710,팜스토리,91.0,1915.0,16.04,0.76,1.71,4.751958224543081,20240308,1527.0,252025.0,111416600.0,0.0
