종목코드,종목명,EPS,BPS,PER,PBR,배당수익률,ROE,날짜,종가,거래량,상장주식수,등락률
001020,페이퍼코리아,161.0,1659.0,4.67,0.45,0.0,9.70464135021097,20240304,906.0,33566.0,177983313.0,-1.2
001020,페이퍼코리아,161.0,1659.0,4.67,0.45,0.0,9.70464135021097,20240305,900.0,32984.0,177983313.0,-0.66
001020,페이퍼코리아,161.0,1659.0,4.67,0.45,0.0,9.70464135021097,20240306,897.0,43652.0,177983313.0,-0.33
001020,페이퍼코리아,161.0,1659.0,4.67,0.45,0.0,9.70464135021097,20240307,882.0,64405.0,177983313.0,-1.67
001020,페이퍼코리아,161.0,1659.0,4.67,0.45,0.0,9.70464135021097,20240308,870.0,60292.0,177983313.0,-1.36
