종목코드,종목명,EPS,BPS,PER,PBR,배당수익률,ROE,날짜,종가,거래량,상장주식수,등락률
114630,폴라리스우노,124.0,1642.0,4.88,0.37,0.0,7.551766138855055,20240304,756.0,3852215.0,77251036.0,5.44
114630,폴라리스우노,124.0,1642.0,4.88,0.37,0.0,7.551766138855055,20240305,737.0,975221.0,77251036.0,-2.51
114630,폴라리스우노,124.0,1642.0,4.88,0.37,0.0,7.551766138855055,20240306,727.0,2126424.0,77251036.0,-1.36
114630,폴라리스우노,124.0,1642.0,4.88,0.37,0.0,7.551766138855055,20240307,742.0,1943516.0,77251036.0,2.06
114630,폴라리스우노,124.0,1642.0,4.88,0.37,0.0,7.551766138855055,20240308,759.0,1037132.0,77251036.0,2.29
