종목코드,종목명,EPS,BPS,PER,PBR,배당수익률,ROE,날짜,종가,거래량,상장주식수,등락률
005810,풍산홀딩스,5878.0,72976.0,4.51,0.36,5.28,8.054702916027187,20240304,29250.0,53630.0,9998528.0,0.69
005810,풍산홀딩스,5878.0,72976.0,4.51,0.36,5.28,8.054702916027187,20240305,31200.0,119707.0,9998528.0,6.67
005810,풍산홀딩스,5878.0,72976.0,4.51,0.36,5.28,8.054702916027187,20240306,30200.0,61114.0,9748528.0,-3.21
005810,풍산홀딩스,5878.0,72976.0,4.51,0.36,5.28,8.054702916027187,20240307,30350.0,142381.0,9748528.0,0.5
005810,풍산홀딩스,5878.0,72976.0,4.51,0.36,5.28,8.054702916027187,20240308,31350.0,62261.0,9748528.0,3.29
