종목코드,종목명,EPS,BPS,PER,PBR,배당수익률,ROE,날짜,종가,거래량,상장주식수,등락률
051380,피씨디렉트,50.0,2791.0,64.2,1.15,3.12,1.791472590469366,20240304,3470.0,93160.0,15340072.0,3.12
051380,피씨디렉트,50.0,2791.0,64.2,1.15,3.12,1.791472590469366,20240305,3400.0,83319.0,15340072.0,-2.02
051380,피씨디렉트,50.0,2791.0,64.2,1.15,3.12,1.791472590469366,20240306,3405.0,59151.0,15340072.0,0.15
051380,피씨디렉트,50.0,2791.0,64.2,1.15,3.12,1.791472590469366,20240307,3375.0,119348.0,15340072.0,-0.88
051380,피씨디렉트,50.0,2791.0,64.2,1.15,3.12,1.791472590469366,20240308,3375.0,68797.0,15340072.0,0.0
