종목코드,종목명,EPS,BPS,PER,PBR,배당수익률,ROE,날짜,종가,거래량,상장주식수,등락률
137400,피엔티,3136.0,18063.0,17.16,2.98,0.0,17.361457122294194,20240304,41200.0,174923.0,22741198.0,2.23
137400,피엔티,3136.0,18063.0,17.16,2.98,0.0,17.361457122294194,20240305,44050.0,865967.0,22741198.0,6.92
137400,피엔티,3136.0,18063.0,17.16,2.98,0.0,17.361457122294194,20240306,45900.0,1044441.0,22741198.0,4.2
137400,피엔티,3136.0,18063.0,17.16,2.98,0.0,17.361457122294194,20240307,44950.0,411630.0,22741198.0,-2.07
137400,피엔티,3136.0,18063.0,17.16,2.98,0.0,17.361457122294194,20240308,44650.0,632847.0,22741198.0,-0.67
