종목코드,종목명,EPS,BPS,PER,PBR,배당수익률,ROE,날짜,종가,거래량,상장주식수,등락률
319660,피에스케이,1813.0,13552.0,16.02,2.14,0.69,13.37809917355372,20240304,26300.0,977588.0,28966714.0,3.54
319660,피에스케이,1813.0,13552.0,16.02,2.14,0.69,13.37809917355372,20240305,26550.0,585338.0,28966714.0,0.95
319660,피에스케이,1813.0,13552.0,16.02,2.14,0.69,13.37809917355372,20240306,26250.0,372171.0,28966714.0,-1.13
319660,피에스케이,1813.0,13552.0,16.02,2.14,0.69,13.37809917355372,20240307,25900.0,496736.0,28966714.0,-1.33
319660,피에스케이,1813.0,13552.0,16.02,2.14,0.69,13.37809917355372,20240308,25950.0,421305.0,28966714.0,0.19
