종목코드,종목명,EPS,BPS,PER,PBR,배당수익률,ROE,날짜,종가,거래량,상장주식수,등락률
126700,하이비젼시스템,3483.0,18323.0,5.89,1.12,2.44,19.008895923156686,20240304,22950.0,701959.0,14942112.0,-0.65
126700,하이비젼시스템,3483.0,18323.0,5.89,1.12,2.44,19.008895923156686,20240305,22500.0,874380.0,14942112.0,-1.96
126700,하이비젼시스템,3483.0,18323.0,5.89,1.12,2.44,19.008895923156686,20240306,22100.0,380694.0,14942112.0,-1.78
126700,하이비젼시스템,3483.0,18323.0,5.89,1.12,2.44,19.008895923156686,20240307,22400.0,383709.0,14942112.0,1.36
126700,하이비젼시스템,3483.0,18323.0,5.89,1.12,2.44,19.008895923156686,20240308,22450.0,314778.0,14942112.0,0.22
