종목코드,종목명,EPS,BPS,PER,PBR,배당수익률,ROE,날짜,종가,거래량,상장주식수,등락률
039340,한국경제TV,504.0,8245.0,10.54,0.64,3.01,6.112795633717404,20240304,5980.0,4958.0,23000000.0,0.5
039340,한국경제TV,504.0,8245.0,10.54,0.64,3.01,6.112795633717404,20240305,5860.0,11475.0,23000000.0,-2.01
039340,한국경제TV,504.0,8245.0,10.54,0.64,3.01,6.112795633717404,20240306,5840.0,4171.0,23000000.0,-0.34
039340,한국경제TV,504.0,8245.0,10.54,0.64,3.01,6.112795633717404,20240307,5830.0,11131.0,23000000.0,-0.17
039340,한국경제TV,504.0,8245.0,10.54,0.64,3.01,6.112795633717404,20240308,5710.0,18667.0,23000000.0,-2.06
