종목코드,종목명,EPS,BPS,PER,PBR,배당수익률,ROE,날짜,종가,거래량,상장주식수,등락률
000240,한국앤컴퍼니,1975.0,42407.0,7.95,0.37,4.46,4.657249982314241,20240304,17220.0,100830.0,94935240.0,1.18
000240,한국앤컴퍼니,1975.0,42407.0,7.95,0.37,4.46,4.657249982314241,20240305,17350.0,99543.0,94935240.0,0.75
000240,한국앤컴퍼니,1975.0,42407.0,7.95,0.37,4.46,4.657249982314241,20240306,17560.0,87863.0,94935240.0,1.21
000240,한국앤컴퍼니,1975.0,42407.0,7.95,0.37,4.46,4.657249982314241,20240307,17440.0,62559.0,94935240.0,-0.68
000240,한국앤컴퍼니,1975.0,42407.0,7.95,0.37,4.46,4.657249982314241,20240308,17390.0,86969.0,94935240.0,-0.29
