종목코드,종목명,EPS,BPS,PER,PBR,배당수익률,ROE,날짜,종가,거래량,상장주식수,등락률
000970,한국주철관,789.0,16304.0,8.37,0.4,6.06,4.839303238469087,20240304,6550.0,13428.0,22800500.0,0.0
000970,한국주철관,789.0,16304.0,8.37,0.4,6.06,4.839303238469087,20240305,6540.0,8305.0,22800500.0,-0.15
000970,한국주철관,789.0,16304.0,8.37,0.4,6.06,4.839303238469087,20240306,6450.0,24608.0,22800500.0,-1.38
000970,한국주철관,789.0,16304.0,8.37,0.4,6.06,4.839303238469087,20240307,6460.0,19859.0,22800500.0,0.16
000970,한국주철관,789.0,16304.0,8.37,0.4,6.06,4.839303238469087,20240308,6450.0,15678.0,22800500.0,-0.15
