종목코드,종목명,EPS,BPS,PER,PBR,배당수익률,ROE,날짜,종가,거래량,상장주식수,등락률
053690,한미글로벌,1400.0,18115.0,12.43,0.96,2.3,7.728401876897599,20240304,18010.0,81925.0,10957550.0,-0.33
053690,한미글로벌,1400.0,18115.0,12.43,0.96,2.3,7.728401876897599,20240305,17760.0,92084.0,10957550.0,-1.39
053690,한미글로벌,1400.0,18115.0,12.43,0.96,2.3,7.728401876897599,20240306,17740.0,49658.0,10957550.0,-0.11
053690,한미글로벌,1400.0,18115.0,12.43,0.96,2.3,7.728401876897599,20240307,17320.0,108447.0,10957550.0,-2.37
053690,한미글로벌,1400.0,18115.0,12.43,0.96,2.3,7.728401876897599,20240308,17300.0,45134.0,10957550.0,-0.12
