종목코드,종목명,EPS,BPS,PER,PBR,배당수익률,ROE,날짜,종가,거래량,상장주식수,등락률
452280,한선엔지니어링,345.0,3230.0,36.2,3.87,0.0,10.68111455108359,20240304,6840.0,32247.0,17002500.0,-1.16
452280,한선엔지니어링,345.0,3230.0,36.2,3.87,0.0,10.68111455108359,20240305,6760.0,61147.0,17002500.0,-1.17
452280,한선엔지니어링,345.0,3230.0,36.2,3.87,0.0,10.68111455108359,20240306,6590.0,65066.0,17002500.0,-2.51
452280,한선엔지니어링,345.0,3230.0,36.2,3.87,0.0,10.68111455108359,20240307,6450.0,87151.0,17002500.0,-2.12
452280,한선엔지니어링,345.0,3230.0,36.2,3.87,0.0,10.68111455108359,20240308,6650.0,418473.0,17002500.0,3.1
