종목코드,종목명,EPS,BPS,PER,PBR,배당수익률,ROE,날짜,종가,거래량,상장주식수,등락률
018880,한온시스템,96.0,4444.0,46.04,0.99,7.15,2.16021602160216,20240304,6180.0,848728.0,533800000.0,0.16
018880,한온시스템,96.0,4444.0,46.04,0.99,7.15,2.16021602160216,20240305,6080.0,1611682.0,533800000.0,-1.62
018880,한온시스템,96.0,4444.0,46.04,0.99,7.15,2.16021602160216,20240306,6080.0,660219.0,533800000.0,0.0
018880,한온시스템,96.0,4444.0,46.04,0.99,7.15,2.16021602160216,20240307,6090.0,525714.0,533800000.0,0.16
018880,한온시스템,96.0,4444.0,46.04,0.99,7.15,2.16021602160216,20240308,6060.0,1159628.0,533800000.0,-0.49
