종목코드,종목명,EPS,BPS,PER,PBR,배당수익률,ROE,날짜,종가,거래량,상장주식수,등락률
009180,한솔로지스틱스,672.0,4255.0,4.12,0.65,3.61,15.793184488836662,20240304,2485.0,124732.0,27752225.0,1.02
009180,한솔로지스틱스,672.0,4255.0,4.12,0.65,3.61,15.793184488836662,20240305,2470.0,114719.0,27752225.0,-0.6
009180,한솔로지스틱스,672.0,4255.0,4.12,0.65,3.61,15.793184488836662,20240306,2450.0,109684.0,27752225.0,-0.81
009180,한솔로지스틱스,672.0,4255.0,4.12,0.65,3.61,15.793184488836662,20240307,2430.0,161680.0,27752225.0,-0.82
009180,한솔로지스틱스,672.0,4255.0,4.12,0.65,3.61,15.793184488836662,20240308,2440.0,152554.0,27752225.0,0.41
