종목코드,종목명,EPS,BPS,PER,PBR,배당수익률,ROE,날짜,종가,거래량,상장주식수,등락률
066980,한성크린텍,18.0,2605.0,115.28,0.8,0.0,0.690978886756238,20240304,3155.0,9278419.0,50035429.0,15.36
066980,한성크린텍,18.0,2605.0,115.28,0.8,0.0,0.690978886756238,20240305,3105.0,1271622.0,50035429.0,-1.58
066980,한성크린텍,18.0,2605.0,115.28,0.8,0.0,0.690978886756238,20240306,3115.0,1071005.0,50035429.0,0.32
066980,한성크린텍,18.0,2605.0,115.28,0.8,0.0,0.690978886756238,20240307,3245.0,1569518.0,50035429.0,4.17
066980,한성크린텍,18.0,2605.0,115.28,0.8,0.0,0.690978886756238,20240308,3090.0,743306.0,50035429.0,-4.78
