종목코드,종목명,EPS,BPS,PER,PBR,배당수익률,ROE,날짜,종가,거래량,상장주식수,등락률
003480,한진중공업홀딩스,290.0,13048.0,12.16,0.27,2.84,2.2225628448804415,20240304,3330.0,19030.0,29529812.0,1.22
003480,한진중공업홀딩스,290.0,13048.0,12.16,0.27,2.84,2.2225628448804415,20240305,3310.0,13436.0,29529812.0,-0.6
003480,한진중공업홀딩스,290.0,13048.0,12.16,0.27,2.84,2.2225628448804415,20240306,3315.0,16763.0,29529812.0,0.15
003480,한진중공업홀딩스,290.0,13048.0,12.16,0.27,2.84,2.2225628448804415,20240307,3330.0,14925.0,29529812.0,0.45
003480,한진중공업홀딩스,290.0,13048.0,12.16,0.27,2.84,2.2225628448804415,20240308,3325.0,9877.0,29529812.0,-0.15
