종목코드,종목명,EPS,BPS,PER,PBR,배당수익률,ROE,날짜,종가,거래량,상장주식수,등락률
001750,한양증권,2728.0,37102.0,5.26,0.39,5.58,7.352703358309524,20240304,10540.0,8100.0,12728534.0,1.15
001750,한양증권,2728.0,37102.0,5.26,0.39,5.58,7.352703358309524,20240305,10610.0,18834.0,12728534.0,0.66
001750,한양증권,2728.0,37102.0,5.26,0.39,5.58,7.352703358309524,20240306,10590.0,10191.0,12728534.0,-0.19
001750,한양증권,2728.0,37102.0,5.26,0.39,5.58,7.352703358309524,20240307,10540.0,7288.0,12728534.0,-0.47
001750,한양증권,2728.0,37102.0,5.26,0.39,5.58,7.352703358309524,20240308,10560.0,6117.0,12728534.0,0.19
