종목코드,종목명,EPS,BPS,PER,PBR,배당수익률,ROE,날짜,종가,거래량,상장주식수,등락률
000880,한화,3920.0,111503.0,7.84,0.28,2.44,3.5156004771172076,20240304,29700.0,435369.0,74958735.0,1.02
000880,한화,3920.0,111503.0,7.84,0.28,2.44,3.5156004771172076,20240305,29400.0,363814.0,74958735.0,-1.01
000880,한화,3920.0,111503.0,7.84,0.28,2.44,3.5156004771172076,20240306,29550.0,366867.0,74958735.0,0.51
000880,한화,3920.0,111503.0,7.84,0.28,2.44,3.5156004771172076,20240307,29750.0,400738.0,74958735.0,0.68
000880,한화,3920.0,111503.0,7.84,0.28,2.44,3.5156004771172076,20240308,29650.0,364337.0,74958735.0,-0.34
