종목코드,종목명,EPS,BPS,PER,PBR,배당수익률,ROE,날짜,종가,거래량,상장주식수,등락률
000370,한화손해보험,1465.0,20905.0,3.67,0.26,3.72,7.007892848600814,20240304,4925.0,1099987.0,116738915.0,2.6
000370,한화손해보험,1465.0,20905.0,3.67,0.26,3.72,7.007892848600814,20240305,4905.0,847293.0,116738915.0,-0.41
000370,한화손해보험,1465.0,20905.0,3.67,0.26,3.72,7.007892848600814,20240306,4925.0,885628.0,116738915.0,0.41
000370,한화손해보험,1465.0,20905.0,3.67,0.26,3.72,7.007892848600814,20240307,4915.0,521949.0,116738915.0,-0.2
000370,한화손해보험,1465.0,20905.0,3.67,0.26,3.72,7.007892848600814,20240308,4810.0,502239.0,116738915.0,-2.14
