종목코드,종목명,EPS,BPS,PER,PBR,배당수익률,ROE,날짜,종가,거래량,상장주식수,등락률
088350,한화생명,954.0,17352.0,3.17,0.17,4.97,5.4979253112033195,20240304,3245.0,2821253.0,868530000.0,3.02
088350,한화생명,954.0,17352.0,3.17,0.17,4.97,5.4979253112033195,20240305,3160.0,2296224.0,868530000.0,-2.62
088350,한화생명,954.0,17352.0,3.17,0.17,4.97,5.4979253112033195,20240306,3170.0,1744127.0,868530000.0,0.32
088350,한화생명,954.0,17352.0,3.17,0.17,4.97,5.4979253112033195,20240307,3200.0,2618518.0,868530000.0,0.95
088350,한화생명,954.0,17352.0,3.17,0.17,4.97,5.4979253112033195,20240308,3150.0,1970170.0,868530000.0,-1.56
