종목코드,종목명,EPS,BPS,PER,PBR,배당수익률,ROE,날짜,종가,거래량,상장주식수,등락률
001450,현대해상,7610.0,77223.0,4.71,0.46,5.75,9.854577004260388,20240304,32500.0,601667.0,89400000.0,3.17
001450,현대해상,7610.0,77223.0,4.71,0.46,5.75,9.854577004260388,20240305,32200.0,405113.0,89400000.0,-0.92
001450,현대해상,7610.0,77223.0,4.71,0.46,5.75,9.854577004260388,20240306,32050.0,457362.0,89400000.0,-0.47
001450,현대해상,7610.0,77223.0,4.71,0.46,5.75,9.854577004260388,20240307,31900.0,324220.0,89400000.0,-0.47
001450,현대해상,7610.0,77223.0,4.71,0.46,5.75,9.854577004260388,20240308,31950.0,346432.0,89400000.0,0.16
