종목코드,종목명,EPS,BPS,PER,PBR,배당수익률,ROE,날짜,종가,거래량,상장주식수,등락률
052260,현대바이오랜드,269.0,4533.0,18.7,1.11,1.39,5.934259872049416,20240304,9100.0,44450.0,15000000.0,-2.36
052260,현대바이오랜드,269.0,4533.0,18.7,1.11,1.39,5.934259872049416,20240305,9110.0,25311.0,15000000.0,0.11
052260,현대바이오랜드,269.0,4533.0,18.7,1.11,1.39,5.934259872049416,20240306,9020.0,58877.0,15000000.0,-0.99
052260,현대바이오랜드,269.0,4533.0,18.7,1.11,1.39,5.934259872049416,20240307,9020.0,23845.0,15000000.0,0.0
052260,현대바이오랜드,269.0,4533.0,18.7,1.11,1.39,5.934259872049416,20240308,9050.0,21239.0,15000000.0,0.33
