종목코드,종목명,EPS,BPS,PER,PBR,배당수익률,ROE,날짜,종가,거래량,상장주식수,등락률
008770,호텔신라,2270.0,16074.0,21.59,3.05,0.41,14.122184894861267,20240304,59400.0,676644.0,39248121.0,-1.16
008770,호텔신라,2270.0,16074.0,21.59,3.05,0.41,14.122184894861267,20240305,59100.0,338208.0,39248121.0,-0.51
008770,호텔신라,2270.0,16074.0,21.59,3.05,0.41,14.122184894861267,20240306,59200.0,187501.0,39248121.0,0.17
008770,호텔신라,2270.0,16074.0,21.59,3.05,0.41,14.122184894861267,20240307,58100.0,394752.0,39248121.0,-1.86
008770,호텔신라,2270.0,16074.0,21.59,3.05,0.41,14.122184894861267,20240308,57900.0,386285.0,39248121.0,-0.34
