종목코드,종목명,EPS,BPS,PER,PBR,배당수익률,ROE,날짜,종가,거래량,상장주식수,등락률
000850,화천기공,4801.0,157067.0,6.18,0.19,4.38,3.0566573500480687,20240304,32950.0,2707.0,2200000.0,-0.3
000850,화천기공,4801.0,157067.0,6.18,0.19,4.38,3.0566573500480687,20240305,32600.0,2819.0,2200000.0,-1.06
000850,화천기공,4801.0,157067.0,6.18,0.19,4.38,3.0566573500480687,20240306,32400.0,2359.0,2200000.0,-0.61
000850,화천기공,4801.0,157067.0,6.18,0.19,4.38,3.0566573500480687,20240307,32500.0,2320.0,2200000.0,0.31
000850,화천기공,4801.0,157067.0,6.18,0.19,4.38,3.0566573500480687,20240308,32350.0,1347.0,2200000.0,-0.46
