종목코드,종목명,EPS,BPS,PER,PBR,배당수익률,ROE,날짜,종가,거래량,상장주식수,등락률
127980,화인써키트,395.0,3597.0,19.39,2.13,5.22,10.981373366694468,20240304,8460.0,20945.0,11840684.0,-0.82
127980,화인써키트,395.0,3597.0,19.39,2.13,5.22,10.981373366694468,20240305,8330.0,19394.0,11840684.0,-1.54
127980,화인써키트,395.0,3597.0,19.39,2.13,5.22,10.981373366694468,20240306,8440.0,27542.0,11840684.0,1.32
127980,화인써키트,395.0,3597.0,19.39,2.13,5.22,10.981373366694468,20240307,8500.0,24131.0,11840684.0,0.71
127980,화인써키트,395.0,3597.0,19.39,2.13,5.22,10.981373366694468,20240308,8660.0,40167.0,11840684.0,1.88
