종목코드,종목명,EPS,BPS,PER,PBR,배당수익률,ROE,날짜,종가,거래량,상장주식수,등락률
298020,효성티앤씨,21595.0,295349.0,14.05,1.03,3.29,7.311688883321088,20240304,290000.0,13067.0,4327682.0,0.0
298020,효성티앤씨,21595.0,295349.0,14.05,1.03,3.29,7.311688883321088,20240305,288000.0,10704.0,4327682.0,-0.69
298020,효성티앤씨,21595.0,295349.0,14.05,1.03,3.29,7.311688883321088,20240306,284000.0,21550.0,4327682.0,-1.39
298020,효성티앤씨,21595.0,295349.0,14.05,1.03,3.29,7.311688883321088,20240307,281500.0,15568.0,4327682.0,-0.88
298020,효성티앤씨,21595.0,295349.0,14.05,1.03,3.29,7.311688883321088,20240308,296000.0,25134.0,4327682.0,5.15
