종목코드,종목명,EPS,BPS,PER,PBR,배당수익률,ROE,날짜,종가,거래량,상장주식수,등락률
298050,효성첨단소재,7957.0,151670.0,39.15,2.05,2.09,5.246258323992879,20240304,327000.0,29048.0,4479948.0,-1.95
298050,효성첨단소재,7957.0,151670.0,39.15,2.05,2.09,5.246258323992879,20240305,337000.0,30377.0,4479948.0,3.06
298050,효성첨단소재,7957.0,151670.0,39.15,2.05,2.09,5.246258323992879,20240306,344000.0,28666.0,4479948.0,2.08
298050,효성첨단소재,7957.0,151670.0,39.15,2.05,2.09,5.246258323992879,20240307,337000.0,14059.0,4479948.0,-2.03
298050,효성첨단소재,7957.0,151670.0,39.15,2.05,2.09,5.246258323992879,20240308,353500.0,71866.0,4479948.0,4.9
