종목코드,종목명,EPS,BPS,PER,PBR,배당수익률,ROE,날짜,종가,거래량,상장주식수,등락률
081660,휠라홀딩스,709.0,31752.0,58.39,1.3,2.63,2.2329302091206853,20240304,39800.0,151508.0,60752222.0,3.65
081660,휠라홀딩스,709.0,31752.0,58.39,1.3,2.63,2.2329302091206853,20240305,40000.0,78083.0,60752222.0,0.5
081660,휠라홀딩스,709.0,31752.0,58.39,1.3,2.63,2.2329302091206853,20240306,39600.0,64060.0,60752222.0,-1.0
081660,휠라홀딩스,709.0,31752.0,58.39,1.3,2.63,2.2329302091206853,20240307,40150.0,66525.0,60752222.0,1.39
081660,휠라홀딩스,709.0,31752.0,58.39,1.3,2.63,2.2329302091206853,20240308,41000.0,156068.0,60752222.0,2.12
