종목코드,종목명,EPS,BPS,PER,PBR,배당수익률,ROE,날짜,종가,거래량,상장주식수,등락률
005870,휴니드,1366.0,12343.0,4.65,0.51,0.0,11.067001539334036,20240304,6820.0,245239.0,14116015.0,-1.45
005870,휴니드,1366.0,12343.0,4.65,0.51,0.0,11.067001539334036,20240305,7320.0,930886.0,14116015.0,7.33
005870,휴니드,1366.0,12343.0,4.65,0.51,0.0,11.067001539334036,20240306,7220.0,546392.0,14116015.0,-1.37
005870,휴니드,1366.0,12343.0,4.65,0.51,0.0,11.067001539334036,20240307,7420.0,696839.0,14116015.0,2.77
005870,휴니드,1366.0,12343.0,4.65,0.51,0.0,11.067001539334036,20240308,7120.0,479095.0,14116015.0,-4.04
