종목코드,종목명,EPS,BPS,PER,PBR,배당수익률,ROE,날짜,종가,거래량,상장주식수,등락률
243070,휴온스,4261.0,27406.0,7.73,1.2,1.91,15.54769028679851,20240304,36150.0,17185.0,11979665.0,-0.55
243070,휴온스,4261.0,27406.0,7.73,1.2,1.91,15.54769028679851,20240305,36200.0,15877.0,11979665.0,0.14
243070,휴온스,4261.0,27406.0,7.73,1.2,1.91,15.54769028679851,20240306,35900.0,21099.0,11979665.0,-0.83
243070,휴온스,4261.0,27406.0,7.73,1.2,1.91,15.54769028679851,20240307,34400.0,70055.0,11979665.0,-4.18
243070,휴온스,4261.0,27406.0,7.73,1.2,1.91,15.54769028679851,20240308,34550.0,21971.0,11979665.0,0.44
