종목코드,종목명,EPS,BPS,PER,PBR,배당수익률,ROE,날짜,종가,거래량,상장주식수,등락률,KOSPI,KOSDAQ,NASDAQ,Dow Jones,S&P 500,Nikkei
95570,AJ네트웍스,367.0,9326.0,12.1,0.48,6.08,3.935234827364357,20240304,4635.0,90067.0,45252759.0,-1.59,2674.27001953125,872.969970703125,16207.509765625,38989.828125,5130.9501953125,40109.23046875
95570,AJ네트웍스,367.0,9326.0,12.1,0.48,6.08,3.935234827364357,20240305,4575.0,115533.0,45252759.0,-1.29,2649.39990234375,866.3699951171875,15939.58984375,38585.19140625,5078.64990234375,40097.62890625
95570,AJ네트웍스,367.0,9326.0,12.1,0.48,6.08,3.935234827364357,20240306,4560.0,68502.0,45252759.0,-0.33,2641.489990234375,870.6699829101562,16031.5400390625,38661.05078125,5104.759765625,40090.78125
95570,AJ네트웍스,367.0,9326.0,12.1,0.48,6.08,3.935234827364357,20240307,4510.0,63047.0,45252759.0,-1.1,2647.6201171875,863.3699951171875,16273.3798828125,38791.3515625,5157.35986328125,39598.7109375
95570,AJ네트웍스,367.0,9326.0,12.1,0.48,6.08,3.935234827364357,20240308,4565.0,150980.0,45252759.0,1.22,2680.35009765625,873.1799926757812,16085.1103515625,38722.69140625,5123.68994140625,39688.94140625
