종목코드,종목명,EPS,BPS,PER,PBR,배당수익률,ROE,날짜,종가,거래량,상장주식수,등락률,KOSPI,KOSDAQ,NASDAQ,Dow Jones,S&P 500,Nikkei
139050,BF랩스,11.0,5250.0,255.0,0.53,0.0,0.2095238095238095,20240304,7540.0,44584.0,8592111.0,-0.26,2674.27001953125,872.969970703125,16207.509765625,38989.828125,5130.9501953125,40109.23046875
139050,BF랩스,11.0,5250.0,255.0,0.53,0.0,0.2095238095238095,20240305,7270.0,61543.0,8592111.0,-3.58,2649.39990234375,866.3699951171875,15939.58984375,38585.19140625,5078.64990234375,40097.62890625
139050,BF랩스,11.0,5250.0,255.0,0.53,0.0,0.2095238095238095,20240306,7490.0,36349.0,8592111.0,3.03,2641.489990234375,870.6699829101562,16031.5400390625,38661.05078125,5104.759765625,40090.78125
139050,BF랩스,11.0,5250.0,255.0,0.53,0.0,0.2095238095238095,20240307,7310.0,39498.0,8592111.0,-2.4,2647.6201171875,863.3699951171875,16273.3798828125,38791.3515625,5157.35986328125,39598.7109375
139050,BF랩스,11.0,5250.0,255.0,0.53,0.0,0.2095238095238095,20240308,7340.0,78106.0,8592111.0,0.41,2680.35009765625,873.1799926757812,16085.1103515625,38722.69140625,5123.68994140625,39688.94140625
