종목코드,종목명,EPS,BPS,PER,PBR,배당수익률,ROE,날짜,종가,거래량,상장주식수,등락률,KOSPI,KOSDAQ,NASDAQ,Dow Jones,S&P 500,Nikkei
27410,BGF,813.0,17286.0,4.38,0.21,3.37,4.703228045817425,20240304,3925.0,78711.0,95716791.0,0.13,2674.27001953125,872.969970703125,16207.509765625,38989.828125,5130.9501953125,40109.23046875
27410,BGF,813.0,17286.0,4.38,0.21,3.37,4.703228045817425,20240305,3855.0,100904.0,95716791.0,-1.78,2649.39990234375,866.3699951171875,15939.58984375,38585.19140625,5078.64990234375,40097.62890625
27410,BGF,813.0,17286.0,4.38,0.21,3.37,4.703228045817425,20240306,3820.0,108158.0,95716791.0,-0.91,2641.489990234375,870.6699829101562,16031.5400390625,38661.05078125,5104.759765625,40090.78125
27410,BGF,813.0,17286.0,4.38,0.21,3.37,4.703228045817425,20240307,3765.0,135356.0,95716791.0,-1.44,2647.6201171875,863.3699951171875,16273.3798828125,38791.3515625,5157.35986328125,39598.7109375
27410,BGF,813.0,17286.0,4.38,0.21,3.37,4.703228045817425,20240308,3805.0,60471.0,95716791.0,1.06,2680.35009765625,873.1799926757812,16085.1103515625,38722.69140625,5123.68994140625,39688.94140625
