종목코드,종목명,EPS,BPS,PER,PBR,배당수익률,ROE,날짜,종가,거래량,상장주식수,등락률,KOSPI,KOSDAQ,NASDAQ,Dow Jones,S&P 500,Nikkei
1460,BYC,2836.0,64090.0,11.44,0.51,0.92,4.425027305351849,20240304,441000.0,441.0,624615.0,2.68,2674.27001953125,872.969970703125,16207.509765625,38989.828125,5130.9501953125,40109.23046875
1460,BYC,2836.0,64090.0,11.44,0.51,0.92,4.425027305351849,20240305,492500.0,5350.0,624615.0,11.68,2649.39990234375,866.3699951171875,15939.58984375,38585.19140625,5078.64990234375,40097.62890625
1460,BYC,2836.0,64090.0,11.44,0.51,0.92,4.425027305351849,20240306,503000.0,2770.0,624615.0,2.13,2641.489990234375,870.6699829101562,16031.5400390625,38661.05078125,5104.759765625,40090.78125
1460,BYC,2836.0,64090.0,11.44,0.51,0.92,4.425027305351849,20240307,486000.0,617.0,624615.0,-3.38,2647.6201171875,863.3699951171875,16273.3798828125,38791.3515625,5157.35986328125,39598.7109375
1460,BYC,2836.0,64090.0,11.44,0.51,0.92,4.425027305351849,20240308,490500.0,372.0,624615.0,0.93,2680.35009765625,873.1799926757812,16085.1103515625,38722.69140625,5123.68994140625,39688.94140625
