종목코드,종목명,EPS,BPS,PER,PBR,배당수익률,ROE,날짜,종가,거래량,상장주식수,등락률,KOSPI,KOSDAQ,NASDAQ,Dow Jones,S&P 500,Nikkei
51500,CJ프레시웨이,4489.0,24396.0,4.24,0.78,2.36,18.400557468437448,20240304,24750.0,29274.0,11871586.0,-1.0,2674.27001953125,872.969970703125,16207.509765625,38989.828125,5130.9501953125,40109.23046875
51500,CJ프레시웨이,4489.0,24396.0,4.24,0.78,2.36,18.400557468437448,20240305,24500.0,12431.0,11871586.0,-1.01,2649.39990234375,866.3699951171875,15939.58984375,38585.19140625,5078.64990234375,40097.62890625
51500,CJ프레시웨이,4489.0,24396.0,4.24,0.78,2.36,18.400557468437448,20240306,24000.0,29086.0,11871586.0,-2.04,2641.489990234375,870.6699829101562,16031.5400390625,38661.05078125,5104.759765625,40090.78125
51500,CJ프레시웨이,4489.0,24396.0,4.24,0.78,2.36,18.400557468437448,20240307,23950.0,27511.0,11871586.0,-0.21,2647.6201171875,863.3699951171875,16273.3798828125,38791.3515625,5157.35986328125,39598.7109375
51500,CJ프레시웨이,4489.0,24396.0,4.24,0.78,2.36,18.400557468437448,20240308,24100.0,9126.0,11871586.0,0.63,2680.35009765625,873.1799926757812,16085.1103515625,38722.69140625,5123.68994140625,39688.94140625
