종목코드,종목명,EPS,BPS,PER,PBR,배당수익률,ROE,날짜,종가,거래량,상장주식수,등락률,KOSPI,KOSDAQ,NASDAQ,Dow Jones,S&P 500,Nikkei
480,CR홀딩스,14.0,14318.0,425.71,0.42,6.88,0.0977790194161195,20240304,6370.0,31171.0,46890490.0,2.91,2674.27001953125,872.969970703125,16207.509765625,38989.828125,5130.9501953125,40109.23046875
480,CR홀딩스,14.0,14318.0,425.71,0.42,6.88,0.0977790194161195,20240305,6230.0,35726.0,46890490.0,-2.2,2649.39990234375,866.3699951171875,15939.58984375,38585.19140625,5078.64990234375,40097.62890625
480,CR홀딩스,14.0,14318.0,425.71,0.42,6.88,0.0977790194161195,20240306,6310.0,18178.0,46890490.0,1.28,2641.489990234375,870.6699829101562,16031.5400390625,38661.05078125,5104.759765625,40090.78125
480,CR홀딩스,14.0,14318.0,425.71,0.42,6.88,0.0977790194161195,20240307,6160.0,36019.0,46890490.0,-2.38,2647.6201171875,863.3699951171875,16273.3798828125,38791.3515625,5157.35986328125,39598.7109375
480,CR홀딩스,14.0,14318.0,425.71,0.42,6.88,0.0977790194161195,20240308,6230.0,12077.0,46890490.0,1.14,2680.35009765625,873.1799926757812,16085.1103515625,38722.69140625,5123.68994140625,39688.94140625
