종목코드,종목명,EPS,BPS,PER,PBR,배당수익률,ROE,날짜,종가,거래량,상장주식수,등락률,KOSPI,KOSDAQ,NASDAQ,Dow Jones,S&P 500,Nikkei
1530,DI동일,164.0,30136.0,179.27,0.98,0.85,0.5441996283514734,20240304,28650.0,91830.0,24738643.0,0.53,2674.27001953125,872.969970703125,16207.509765625,38989.828125,5130.9501953125,40109.23046875
1530,DI동일,164.0,30136.0,179.27,0.98,0.85,0.5441996283514734,20240305,28600.0,94080.0,24738643.0,-0.17,2649.39990234375,866.3699951171875,15939.58984375,38585.19140625,5078.64990234375,40097.62890625
1530,DI동일,164.0,30136.0,179.27,0.98,0.85,0.5441996283514734,20240306,28500.0,63439.0,24738643.0,-0.35,2641.489990234375,870.6699829101562,16031.5400390625,38661.05078125,5104.759765625,40090.78125
1530,DI동일,164.0,30136.0,179.27,0.98,0.85,0.5441996283514734,20240307,28450.0,99986.0,24738643.0,-0.18,2647.6201171875,863.3699951171875,16273.3798828125,38791.3515625,5157.35986328125,39598.7109375
1530,DI동일,164.0,30136.0,179.27,0.98,0.85,0.5441996283514734,20240308,28450.0,169763.0,24738643.0,0.0,2680.35009765625,873.1799926757812,16085.1103515625,38722.69140625,5123.68994140625,39688.94140625
