종목코드,종목명,EPS,BPS,PER,PBR,배당수익률,ROE,날짜,종가,거래량,상장주식수,등락률,KOSPI,KOSDAQ,NASDAQ,Dow Jones,S&P 500,Nikkei
4840,DRB동일,798.0,19664.0,6.52,0.26,1.92,4.058177379983727,20240304,6320.0,496006.0,19930000.0,-3.51,2674.27001953125,872.969970703125,16207.509765625,38989.828125,5130.9501953125,40109.23046875
4840,DRB동일,798.0,19664.0,6.52,0.26,1.92,4.058177379983727,20240305,6230.0,1691955.0,19930000.0,-1.42,2649.39990234375,866.3699951171875,15939.58984375,38585.19140625,5078.64990234375,40097.62890625
4840,DRB동일,798.0,19664.0,6.52,0.26,1.92,4.058177379983727,20240306,6330.0,756941.0,19930000.0,1.61,2641.489990234375,870.6699829101562,16031.5400390625,38661.05078125,5104.759765625,40090.78125
4840,DRB동일,798.0,19664.0,6.52,0.26,1.92,4.058177379983727,20240307,6180.0,235146.0,19930000.0,-2.37,2647.6201171875,863.3699951171875,16273.3798828125,38791.3515625,5157.35986328125,39598.7109375
4840,DRB동일,798.0,19664.0,6.52,0.26,1.92,4.058177379983727,20240308,6470.0,1313901.0,19930000.0,4.69,2680.35009765625,873.1799926757812,16085.1103515625,38722.69140625,5123.68994140625,39688.94140625
