종목코드,종목명,EPS,BPS,PER,PBR,배당수익률,ROE,날짜,종가,거래량,상장주식수,등락률,KOSPI,KOSDAQ,NASDAQ,Dow Jones,S&P 500,Nikkei
241520,DSC인베스트먼트,543.0,3895.0,5.64,0.79,1.31,13.940949935815148,20240304,3800.0,1504258.0,27811403.0,1.33,2674.27001953125,872.969970703125,16207.509765625,38989.828125,5130.9501953125,40109.23046875
241520,DSC인베스트먼트,543.0,3895.0,5.64,0.79,1.31,13.940949935815148,20240305,3695.0,7507346.0,27811403.0,-2.76,2649.39990234375,866.3699951171875,15939.58984375,38585.19140625,5078.64990234375,40097.62890625
241520,DSC인베스트먼트,543.0,3895.0,5.64,0.79,1.31,13.940949935815148,20240306,3685.0,543843.0,27811403.0,-0.27,2641.489990234375,870.6699829101562,16031.5400390625,38661.05078125,5104.759765625,40090.78125
241520,DSC인베스트먼트,543.0,3895.0,5.64,0.79,1.31,13.940949935815148,20240307,3790.0,488685.0,27811403.0,2.85,2647.6201171875,863.3699951171875,16273.3798828125,38791.3515625,5157.35986328125,39598.7109375
241520,DSC인베스트먼트,543.0,3895.0,5.64,0.79,1.31,13.940949935815148,20240308,4015.0,1079698.0,27811403.0,5.94,2680.35009765625,873.1799926757812,16085.1103515625,38722.69140625,5123.68994140625,39688.94140625
