종목코드,종목명,EPS,BPS,PER,PBR,배당수익률,ROE,날짜,종가,거래량,상장주식수,등락률,KOSPI,KOSDAQ,NASDAQ,Dow Jones,S&P 500,Nikkei
155660,DSR,1093.0,13467.0,3.86,0.31,1.42,8.116135739214377,20240304,4350.0,31889.0,16000000.0,-1.14,2674.27001953125,872.969970703125,16207.509765625,38989.828125,5130.9501953125,40109.23046875
155660,DSR,1093.0,13467.0,3.86,0.31,1.42,8.116135739214377,20240305,4285.0,22517.0,16000000.0,-1.49,2649.39990234375,866.3699951171875,15939.58984375,38585.19140625,5078.64990234375,40097.62890625
155660,DSR,1093.0,13467.0,3.86,0.31,1.42,8.116135739214377,20240306,4245.0,10327.0,16000000.0,-0.93,2641.489990234375,870.6699829101562,16031.5400390625,38661.05078125,5104.759765625,40090.78125
155660,DSR,1093.0,13467.0,3.86,0.31,1.42,8.116135739214377,20240307,4270.0,9698.0,16000000.0,0.59,2647.6201171875,863.3699951171875,16273.3798828125,38791.3515625,5157.35986328125,39598.7109375
155660,DSR,1093.0,13467.0,3.86,0.31,1.42,8.116135739214377,20240308,4275.0,9075.0,16000000.0,0.12,2680.35009765625,873.1799926757812,16085.1103515625,38722.69140625,5123.68994140625,39688.94140625
