종목코드,종목명,EPS,BPS,PER,PBR,배당수익률,ROE,날짜,종가,거래량,상장주식수,등락률,KOSPI,KOSDAQ,NASDAQ,Dow Jones,S&P 500,Nikkei
440290,HB인베스트먼트,444.0,2922.0,5.07,0.77,0.0,15.195071868583163,20240304,3240.0,211721.0,26867010.0,-1.52,2674.27001953125,872.969970703125,16207.509765625,38989.828125,5130.9501953125,40109.23046875
440290,HB인베스트먼트,444.0,2922.0,5.07,0.77,0.0,15.195071868583163,20240305,3145.0,242231.0,26867010.0,-2.93,2649.39990234375,866.3699951171875,15939.58984375,38585.19140625,5078.64990234375,40097.62890625
440290,HB인베스트먼트,444.0,2922.0,5.07,0.77,0.0,15.195071868583163,20240306,3110.0,171749.0,26867010.0,-1.11,2641.489990234375,870.6699829101562,16031.5400390625,38661.05078125,5104.759765625,40090.78125
440290,HB인베스트먼트,444.0,2922.0,5.07,0.77,0.0,15.195071868583163,20240307,3095.0,144632.0,26867010.0,-0.48,2647.6201171875,863.3699951171875,16273.3798828125,38791.3515625,5157.35986328125,39598.7109375
440290,HB인베스트먼트,444.0,2922.0,5.07,0.77,0.0,15.195071868583163,20240308,3110.0,137487.0,26867010.0,0.48,2680.35009765625,873.1799926757812,16085.1103515625,38722.69140625,5123.68994140625,39688.94140625
