종목코드,종목명,EPS,BPS,PER,PBR,배당수익률,ROE,날짜,종가,거래량,상장주식수,등락률,KOSPI,KOSDAQ,NASDAQ,Dow Jones,S&P 500,Nikkei
9540,HD한국조선해양,3135.0,140052.0,64.11,1.44,0.0,2.2384542884071634,20240304,107800.0,360550.0,70773116.0,-3.66,2674.27001953125,872.969970703125,16207.509765625,38989.828125,5130.9501953125,40109.23046875
9540,HD한국조선해양,3135.0,140052.0,64.11,1.44,0.0,2.2384542884071634,20240305,110200.0,207160.0,70773116.0,2.23,2649.39990234375,866.3699951171875,15939.58984375,38585.19140625,5078.64990234375,40097.62890625
9540,HD한국조선해양,3135.0,140052.0,64.11,1.44,0.0,2.2384542884071634,20240306,112400.0,196603.0,70773116.0,2.0,2641.489990234375,870.6699829101562,16031.5400390625,38661.05078125,5104.759765625,40090.78125
9540,HD한국조선해양,3135.0,140052.0,64.11,1.44,0.0,2.2384542884071634,20240307,113500.0,142547.0,70773116.0,0.98,2647.6201171875,863.3699951171875,16273.3798828125,38791.3515625,5157.35986328125,39598.7109375
9540,HD한국조선해양,3135.0,140052.0,64.11,1.44,0.0,2.2384542884071634,20240308,112200.0,117143.0,70773116.0,-1.15,2680.35009765625,873.1799926757812,16085.1103515625,38722.69140625,5123.68994140625,39688.94140625
