종목코드,종목명,EPS,BPS,PER,PBR,배당수익률,ROE,날짜,종가,거래량,상장주식수,등락률,KOSPI,KOSDAQ,NASDAQ,Dow Jones,S&P 500,Nikkei
42670,HD현대인프라코어,1159.0,9097.0,6.93,0.88,1.37,12.74046388919424,20240304,7990.0,1471999.0,199603453.0,-0.75,2674.27001953125,872.969970703125,16207.509765625,38989.828125,5130.9501953125,40109.23046875
42670,HD현대인프라코어,1159.0,9097.0,6.93,0.88,1.37,12.74046388919424,20240305,7960.0,1499133.0,199603453.0,-0.38,2649.39990234375,866.3699951171875,15939.58984375,38585.19140625,5078.64990234375,40097.62890625
42670,HD현대인프라코어,1159.0,9097.0,6.93,0.88,1.37,12.74046388919424,20240306,7970.0,1327705.0,199603453.0,0.13,2641.489990234375,870.6699829101562,16031.5400390625,38661.05078125,5104.759765625,40090.78125
42670,HD현대인프라코어,1159.0,9097.0,6.93,0.88,1.37,12.74046388919424,20240307,8020.0,1241237.0,199603453.0,0.63,2647.6201171875,863.3699951171875,16273.3798828125,38791.3515625,5157.35986328125,39598.7109375
42670,HD현대인프라코어,1159.0,9097.0,6.93,0.88,1.37,12.74046388919424,20240308,8300.0,3948974.0,199603453.0,3.49,2680.35009765625,873.1799926757812,16085.1103515625,38722.69140625,5123.68994140625,39688.94140625
