종목코드,종목명,EPS,BPS,PER,PBR,배당수익률,ROE,날짜,종가,거래량,상장주식수,등락률,KOSPI,KOSDAQ,NASDAQ,Dow Jones,S&P 500,Nikkei
329180,HD현대중공업,278.0,58660.0,735.61,3.49,0.0,0.4739174906239345,20240304,113600.0,178233.0,88773116.0,-3.65,2674.27001953125,872.969970703125,16207.509765625,38989.828125,5130.9501953125,40109.23046875
329180,HD현대중공업,278.0,58660.0,735.61,3.49,0.0,0.4739174906239345,20240305,112300.0,123692.0,88773116.0,-1.14,2649.39990234375,866.3699951171875,15939.58984375,38585.19140625,5078.64990234375,40097.62890625
329180,HD현대중공업,278.0,58660.0,735.61,3.49,0.0,0.4739174906239345,20240306,111500.0,101377.0,88773116.0,-0.71,2641.489990234375,870.6699829101562,16031.5400390625,38661.05078125,5104.759765625,40090.78125
329180,HD현대중공업,278.0,58660.0,735.61,3.49,0.0,0.4739174906239345,20240307,111600.0,72380.0,88773116.0,0.09,2647.6201171875,863.3699951171875,16273.3798828125,38791.3515625,5157.35986328125,39598.7109375
329180,HD현대중공업,278.0,58660.0,735.61,3.49,0.0,0.4739174906239345,20240308,110900.0,83688.0,88773116.0,-0.63,2680.35009765625,873.1799926757812,16085.1103515625,38722.69140625,5123.68994140625,39688.94140625
