종목코드,종목명,EPS,BPS,PER,PBR,배당수익률,ROE,날짜,종가,거래량,상장주식수,등락률,KOSPI,KOSDAQ,NASDAQ,Dow Jones,S&P 500,Nikkei
175330,JB금융지주,2907.0,26120.0,4.96,0.55,5.93,11.129402756508425,20240304,13640.0,641278.0,195083198.0,3.65,2674.27001953125,872.969970703125,16207.509765625,38989.828125,5130.9501953125,40109.23046875
175330,JB금융지주,2907.0,26120.0,4.96,0.55,5.93,11.129402756508425,20240305,13900.0,722793.0,195083198.0,1.91,2649.39990234375,866.3699951171875,15939.58984375,38585.19140625,5078.64990234375,40097.62890625
175330,JB금융지주,2907.0,26120.0,4.96,0.55,5.93,11.129402756508425,20240306,13590.0,430199.0,195083198.0,-2.23,2641.489990234375,870.6699829101562,16031.5400390625,38661.05078125,5104.759765625,40090.78125
175330,JB금융지주,2907.0,26120.0,4.96,0.55,5.93,11.129402756508425,20240307,14010.0,542274.0,195083198.0,3.09,2647.6201171875,863.3699951171875,16273.3798828125,38791.3515625,5157.35986328125,39598.7109375
175330,JB금융지주,2907.0,26120.0,4.96,0.55,5.93,11.129402756508425,20240308,13800.0,641470.0,195083198.0,-1.5,2680.35009765625,873.1799926757812,16085.1103515625,38722.69140625,5123.68994140625,39688.94140625
