종목코드,종목명,EPS,BPS,PER,PBR,배당수익률,ROE,날짜,종가,거래량,상장주식수,등락률,KOSPI,KOSDAQ,NASDAQ,Dow Jones,S&P 500,Nikkei
318000,KBG,541.0,4834.0,11.13,1.25,1.66,11.19155978485726,20240304,8300.0,108331.0,8740223.0,-0.6,2674.27001953125,872.969970703125,16207.509765625,38989.828125,5130.9501953125,40109.23046875
318000,KBG,541.0,4834.0,11.13,1.25,1.66,11.19155978485726,20240305,8310.0,100582.0,8740223.0,0.12,2649.39990234375,866.3699951171875,15939.58984375,38585.19140625,5078.64990234375,40097.62890625
318000,KBG,541.0,4834.0,11.13,1.25,1.66,11.19155978485726,20240306,8850.0,1214992.0,8740223.0,6.5,2641.489990234375,870.6699829101562,16031.5400390625,38661.05078125,5104.759765625,40090.78125
318000,KBG,541.0,4834.0,11.13,1.25,1.66,11.19155978485726,20240307,8850.0,1943687.0,8740223.0,0.0,2647.6201171875,863.3699951171875,16273.3798828125,38791.3515625,5157.35986328125,39598.7109375
318000,KBG,541.0,4834.0,11.13,1.25,1.66,11.19155978485726,20240308,8710.0,305837.0,8740223.0,-1.58,2680.35009765625,873.1799926757812,16085.1103515625,38722.69140625,5123.68994140625,39688.94140625
