종목코드,종목명,EPS,BPS,PER,PBR,배당수익률,ROE,날짜,종가,거래량,상장주식수,등락률,KOSPI,KOSDAQ,NASDAQ,Dow Jones,S&P 500,Nikkei
24840,KBI메탈,2.0,3450.0,1097.5,0.64,0.0,0.0579710144927536,20240304,1334.0,34501.0,33952533.0,0.3,2674.27001953125,872.969970703125,16207.509765625,38989.828125,5130.9501953125,40109.23046875
24840,KBI메탈,2.0,3450.0,1097.5,0.64,0.0,0.0579710144927536,20240305,1330.0,172631.0,33952533.0,-0.3,2649.39990234375,866.3699951171875,15939.58984375,38585.19140625,5078.64990234375,40097.62890625
24840,KBI메탈,2.0,3450.0,1097.5,0.64,0.0,0.0579710144927536,20240306,1322.0,120071.0,33952533.0,-0.6,2641.489990234375,870.6699829101562,16031.5400390625,38661.05078125,5104.759765625,40090.78125
24840,KBI메탈,2.0,3450.0,1097.5,0.64,0.0,0.0579710144927536,20240307,1298.0,89422.0,33952533.0,-1.82,2647.6201171875,863.3699951171875,16273.3798828125,38791.3515625,5157.35986328125,39598.7109375
24840,KBI메탈,2.0,3450.0,1097.5,0.64,0.0,0.0579710144927536,20240308,1291.0,69837.0,33952533.0,-0.54,2680.35009765625,873.1799926757812,16085.1103515625,38722.69140625,5123.68994140625,39688.94140625
