종목코드,종목명,EPS,BPS,PER,PBR,배당수익률,ROE,날짜,종가,거래량,상장주식수,등락률,KOSPI,KOSDAQ,NASDAQ,Dow Jones,S&P 500,Nikkei
2380,KCC,28917.0,704004.0,11.29,0.46,2.45,4.107505070993915,20240304,280500.0,54243.0,8886471.0,5.65,2674.27001953125,872.969970703125,16207.509765625,38989.828125,5130.9501953125,40109.23046875
2380,KCC,28917.0,704004.0,11.29,0.46,2.45,4.107505070993915,20240305,279000.0,28641.0,8886471.0,-0.53,2649.39990234375,866.3699951171875,15939.58984375,38585.19140625,5078.64990234375,40097.62890625
2380,KCC,28917.0,704004.0,11.29,0.46,2.45,4.107505070993915,20240306,286500.0,50668.0,8886471.0,2.69,2641.489990234375,870.6699829101562,16031.5400390625,38661.05078125,5104.759765625,40090.78125
2380,KCC,28917.0,704004.0,11.29,0.46,2.45,4.107505070993915,20240307,285000.0,31387.0,8886471.0,-0.52,2647.6201171875,863.3699951171875,16273.3798828125,38791.3515625,5157.35986328125,39598.7109375
2380,KCC,28917.0,704004.0,11.29,0.46,2.45,4.107505070993915,20240308,291500.0,44343.0,8886471.0,2.28,2680.35009765625,873.1799926757812,16085.1103515625,38722.69140625,5123.68994140625,39688.94140625
