종목코드,종목명,EPS,BPS,PER,PBR,배당수익률,ROE,날짜,종가,거래량,상장주식수,등락률,KOSPI,KOSDAQ,NASDAQ,Dow Jones,S&P 500,Nikkei
344820,KCC글라스,5125.0,93331.0,8.26,0.45,5.19,5.491208708789149,20240304,40850.0,27132.0,15970512.0,-0.49,2674.27001953125,872.969970703125,16207.509765625,38989.828125,5130.9501953125,40109.23046875
344820,KCC글라스,5125.0,93331.0,8.26,0.45,5.19,5.491208708789149,20240305,40750.0,20353.0,15970512.0,-0.24,2649.39990234375,866.3699951171875,15939.58984375,38585.19140625,5078.64990234375,40097.62890625
344820,KCC글라스,5125.0,93331.0,8.26,0.45,5.19,5.491208708789149,20240306,40800.0,13241.0,15970512.0,0.12,2641.489990234375,870.6699829101562,16031.5400390625,38661.05078125,5104.759765625,40090.78125
344820,KCC글라스,5125.0,93331.0,8.26,0.45,5.19,5.491208708789149,20240307,40950.0,12611.0,15970512.0,0.37,2647.6201171875,863.3699951171875,16273.3798828125,38791.3515625,5157.35986328125,39598.7109375
344820,KCC글라스,5125.0,93331.0,8.26,0.45,5.19,5.491208708789149,20240308,41000.0,16529.0,15970512.0,0.12,2680.35009765625,873.1799926757812,16085.1103515625,38722.69140625,5123.68994140625,39688.94140625
