종목코드,종목명,EPS,BPS,PER,PBR,배당수익률,ROE,날짜,종가,거래량,상장주식수,등락률,KOSPI,KOSDAQ,NASDAQ,Dow Jones,S&P 500,Nikkei
16380,KG스틸,2342.0,18893.0,2.69,0.33,3.18,12.396125549145186,20240304,7400.0,244151.0,100008897.0,-1.07,2674.27001953125,872.969970703125,16207.509765625,38989.828125,5130.9501953125,40109.23046875
16380,KG스틸,2342.0,18893.0,2.69,0.33,3.18,12.396125549145186,20240305,7310.0,325200.0,100008897.0,-1.22,2649.39990234375,866.3699951171875,15939.58984375,38585.19140625,5078.64990234375,40097.62890625
16380,KG스틸,2342.0,18893.0,2.69,0.33,3.18,12.396125549145186,20240306,7210.0,286254.0,100008897.0,-1.37,2641.489990234375,870.6699829101562,16031.5400390625,38661.05078125,5104.759765625,40090.78125
16380,KG스틸,2342.0,18893.0,2.69,0.33,3.18,12.396125549145186,20240307,7100.0,391440.0,100008897.0,-1.53,2647.6201171875,863.3699951171875,16273.3798828125,38791.3515625,5157.35986328125,39598.7109375
16380,KG스틸,2342.0,18893.0,2.69,0.33,3.18,12.396125549145186,20240308,7240.0,552423.0,100008897.0,1.97,2680.35009765625,873.1799926757812,16085.1103515625,38722.69140625,5123.68994140625,39688.94140625
