종목코드,종목명,EPS,BPS,PER,PBR,배당수익률,ROE,날짜,종가,거래량,상장주식수,등락률,KOSPI,KOSDAQ,NASDAQ,Dow Jones,S&P 500,Nikkei
60720,KH바텍,1369.0,11142.0,8.44,1.04,3.46,12.286842577634175,20240304,13250.0,75793.0,23677442.0,0.99,2674.27001953125,872.969970703125,16207.509765625,38989.828125,5130.9501953125,40109.23046875
60720,KH바텍,1369.0,11142.0,8.44,1.04,3.46,12.286842577634175,20240305,13490.0,103989.0,23677442.0,1.81,2649.39990234375,866.3699951171875,15939.58984375,38585.19140625,5078.64990234375,40097.62890625
60720,KH바텍,1369.0,11142.0,8.44,1.04,3.46,12.286842577634175,20240306,14380.0,815173.0,23677442.0,6.6,2641.489990234375,870.6699829101562,16031.5400390625,38661.05078125,5104.759765625,40090.78125
60720,KH바텍,1369.0,11142.0,8.44,1.04,3.46,12.286842577634175,20240307,14200.0,1017089.0,23677442.0,-1.25,2647.6201171875,863.3699951171875,16273.3798828125,38791.3515625,5157.35986328125,39598.7109375
60720,KH바텍,1369.0,11142.0,8.44,1.04,3.46,12.286842577634175,20240308,14950.0,979314.0,23677442.0,5.28,2680.35009765625,873.1799926757812,16085.1103515625,38722.69140625,5123.68994140625,39688.94140625
