종목코드,종목명,EPS,BPS,PER,PBR,배당수익률,ROE,날짜,종가,거래량,상장주식수,등락률,KOSPI,KOSDAQ,NASDAQ,Dow Jones,S&P 500,Nikkei
1940,KISCO홀딩스,6602.0,84091.0,2.95,0.23,4.62,7.851018539439416,20240304,26500.0,23104.0,16176380.0,1.53,2674.27001953125,872.969970703125,16207.509765625,38989.828125,5130.9501953125,40109.23046875
1940,KISCO홀딩스,6602.0,84091.0,2.95,0.23,4.62,7.851018539439416,20240305,26350.0,37812.0,16176380.0,-0.57,2649.39990234375,866.3699951171875,15939.58984375,38585.19140625,5078.64990234375,40097.62890625
1940,KISCO홀딩스,6602.0,84091.0,2.95,0.23,4.62,7.851018539439416,20240306,27000.0,30971.0,16176380.0,2.47,2641.489990234375,870.6699829101562,16031.5400390625,38661.05078125,5104.759765625,40090.78125
1940,KISCO홀딩스,6602.0,84091.0,2.95,0.23,4.62,7.851018539439416,20240307,26400.0,16528.0,16176380.0,-2.22,2647.6201171875,863.3699951171875,16273.3798828125,38791.3515625,5157.35986328125,39598.7109375
1940,KISCO홀딩스,6602.0,84091.0,2.95,0.23,4.62,7.851018539439416,20240308,25450.0,50615.0,16176380.0,-3.6,2680.35009765625,873.1799926757812,16085.1103515625,38722.69140625,5123.68994140625,39688.94140625
