종목코드,종목명,EPS,BPS,PER,PBR,배당수익률,ROE,날짜,종가,거래량,상장주식수,등락률,KOSPI,KOSDAQ,NASDAQ,Dow Jones,S&P 500,Nikkei
58400,KNN,63.0,1622.0,12.4,0.48,2.56,3.884093711467324,20240304,918.0,604500.0,132429720.0,0.11,2674.27001953125,872.969970703125,16207.509765625,38989.828125,5130.9501953125,40109.23046875
58400,KNN,63.0,1622.0,12.4,0.48,2.56,3.884093711467324,20240305,922.0,236520.0,132429720.0,0.44,2649.39990234375,866.3699951171875,15939.58984375,38585.19140625,5078.64990234375,40097.62890625
58400,KNN,63.0,1622.0,12.4,0.48,2.56,3.884093711467324,20240306,919.0,316222.0,132429720.0,-0.33,2641.489990234375,870.6699829101562,16031.5400390625,38661.05078125,5104.759765625,40090.78125
58400,KNN,63.0,1622.0,12.4,0.48,2.56,3.884093711467324,20240307,918.0,203195.0,132429720.0,-0.11,2647.6201171875,863.3699951171875,16273.3798828125,38791.3515625,5157.35986328125,39598.7109375
58400,KNN,63.0,1622.0,12.4,0.48,2.56,3.884093711467324,20240308,930.0,217219.0,132429720.0,1.31,2680.35009765625,873.1799926757812,16085.1103515625,38722.69140625,5123.68994140625,39688.94140625
