종목코드,종목명,EPS,BPS,PER,PBR,배당수익률,ROE,날짜,종가,거래량,상장주식수,등락률,KOSPI,KOSDAQ,NASDAQ,Dow Jones,S&P 500,Nikkei
58850,KTcs,386.0,5029.0,8.02,0.62,3.23,7.675482203221316,20240304,3860.0,1379502.0,42685000.0,-1.53,2674.27001953125,872.969970703125,16207.509765625,38989.828125,5130.9501953125,40109.23046875
58850,KTcs,386.0,5029.0,8.02,0.62,3.23,7.675482203221316,20240305,3800.0,757602.0,42685000.0,-1.55,2649.39990234375,866.3699951171875,15939.58984375,38585.19140625,5078.64990234375,40097.62890625
58850,KTcs,386.0,5029.0,8.02,0.62,3.23,7.675482203221316,20240306,3735.0,579789.0,42685000.0,-1.71,2641.489990234375,870.6699829101562,16031.5400390625,38661.05078125,5104.759765625,40090.78125
58850,KTcs,386.0,5029.0,8.02,0.62,3.23,7.675482203221316,20240307,3630.0,848937.0,42685000.0,-2.81,2647.6201171875,863.3699951171875,16273.3798828125,38791.3515625,5157.35986328125,39598.7109375
58850,KTcs,386.0,5029.0,8.02,0.62,3.23,7.675482203221316,20240308,3690.0,566417.0,42685000.0,1.65,2680.35009765625,873.1799926757812,16085.1103515625,38722.69140625,5123.68994140625,39688.94140625
