종목코드,종목명,EPS,BPS,PER,PBR,배당수익률,ROE,날짜,종가,거래량,상장주식수,등락률,KOSPI,KOSDAQ,NASDAQ,Dow Jones,S&P 500,Nikkei
93050,LF,2899.0,53693.0,4.93,0.27,4.9,5.399214050248636,20240304,13110.0,38994.0,29240000.0,0.23,2674.27001953125,872.969970703125,16207.509765625,38989.828125,5130.9501953125,40109.23046875
93050,LF,2899.0,53693.0,4.93,0.27,4.9,5.399214050248636,20240305,13160.0,35379.0,29240000.0,0.38,2649.39990234375,866.3699951171875,15939.58984375,38585.19140625,5078.64990234375,40097.62890625
93050,LF,2899.0,53693.0,4.93,0.27,4.9,5.399214050248636,20240306,13120.0,25160.0,29240000.0,-0.3,2641.489990234375,870.6699829101562,16031.5400390625,38661.05078125,5104.759765625,40090.78125
93050,LF,2899.0,53693.0,4.93,0.27,4.9,5.399214050248636,20240307,13640.0,202428.0,29240000.0,3.96,2647.6201171875,863.3699951171875,16273.3798828125,38791.3515625,5157.35986328125,39598.7109375
93050,LF,2899.0,53693.0,4.93,0.27,4.9,5.399214050248636,20240308,14170.0,140730.0,29240000.0,3.89,2680.35009765625,873.1799926757812,16085.1103515625,38722.69140625,5123.68994140625,39688.94140625
