종목코드,종목명,EPS,BPS,PER,PBR,배당수익률,ROE,날짜,종가,거래량,상장주식수,등락률,KOSPI,KOSDAQ,NASDAQ,Dow Jones,S&P 500,Nikkei
51900,LG생활건강,8513.0,324268.0,41.41,1.09,0.99,2.625297593348712,20240304,321500.0,74349.0,15618197.0,0.78,2674.27001953125,872.969970703125,16207.509765625,38989.828125,5130.9501953125,40109.23046875
51900,LG생활건강,8513.0,324268.0,41.41,1.09,0.99,2.625297593348712,20240305,333000.0,148211.0,15618197.0,3.58,2649.39990234375,866.3699951171875,15939.58984375,38585.19140625,5078.64990234375,40097.62890625
51900,LG생활건강,8513.0,324268.0,41.41,1.09,0.99,2.625297593348712,20240306,342000.0,115808.0,15618197.0,2.7,2641.489990234375,870.6699829101562,16031.5400390625,38661.05078125,5104.759765625,40090.78125
51900,LG생활건강,8513.0,324268.0,41.41,1.09,0.99,2.625297593348712,20240307,335000.0,73145.0,15618197.0,-2.05,2647.6201171875,863.3699951171875,16273.3798828125,38791.3515625,5157.35986328125,39598.7109375
51900,LG생활건강,8513.0,324268.0,41.41,1.09,0.99,2.625297593348712,20240308,334500.0,57781.0,15618197.0,-0.15,2680.35009765625,873.1799926757812,16085.1103515625,38722.69140625,5123.68994140625,39688.94140625
