종목코드,종목명,EPS,BPS,PER,PBR,배당수익률,ROE,날짜,종가,거래량,상장주식수,등락률,KOSPI,KOSDAQ,NASDAQ,Dow Jones,S&P 500,Nikkei
10120,LS ELECTRIC,7012.0,58345.0,25.97,3.12,1.54,12.018167795012426,20240304,68700.0,371849.0,30000000.0,7.18,2674.27001953125,872.969970703125,16207.509765625,38989.828125,5130.9501953125,40109.23046875
10120,LS ELECTRIC,7012.0,58345.0,25.97,3.12,1.54,12.018167795012426,20240305,77800.0,3241015.0,30000000.0,13.25,2649.39990234375,866.3699951171875,15939.58984375,38585.19140625,5078.64990234375,40097.62890625
10120,LS ELECTRIC,7012.0,58345.0,25.97,3.12,1.54,12.018167795012426,20240306,79100.0,874120.0,30000000.0,1.67,2641.489990234375,870.6699829101562,16031.5400390625,38661.05078125,5104.759765625,40090.78125
10120,LS ELECTRIC,7012.0,58345.0,25.97,3.12,1.54,12.018167795012426,20240307,76800.0,569556.0,30000000.0,-2.91,2647.6201171875,863.3699951171875,16273.3798828125,38791.3515625,5157.35986328125,39598.7109375
10120,LS ELECTRIC,7012.0,58345.0,25.97,3.12,1.54,12.018167795012426,20240308,79200.0,779759.0,30000000.0,3.13,2680.35009765625,873.1799926757812,16085.1103515625,38722.69140625,5123.68994140625,39688.94140625
