종목코드,종목명,EPS,BPS,PER,PBR,배당수익률,ROE,날짜,종가,거래량,상장주식수,등락률,KOSPI,KOSDAQ,NASDAQ,Dow Jones,S&P 500,Nikkei
35420,NAVER,6661.0,154077.0,26.02,1.12,0.7,4.3231630937777865,20240304,192000.0,1186323.0,162408594.0,-1.54,2674.27001953125,872.969970703125,16207.509765625,38989.828125,5130.9501953125,40109.23046875
35420,NAVER,6661.0,154077.0,26.02,1.12,0.7,4.3231630937777865,20240305,188700.0,1096733.0,162408594.0,-1.72,2649.39990234375,866.3699951171875,15939.58984375,38585.19140625,5078.64990234375,40097.62890625
35420,NAVER,6661.0,154077.0,26.02,1.12,0.7,4.3231630937777865,20240306,189800.0,876283.0,162408594.0,0.58,2641.489990234375,870.6699829101562,16031.5400390625,38661.05078125,5104.759765625,40090.78125
35420,NAVER,6661.0,154077.0,26.02,1.12,0.7,4.3231630937777865,20240307,189000.0,775759.0,162408594.0,-0.42,2647.6201171875,863.3699951171875,16273.3798828125,38791.3515625,5157.35986328125,39598.7109375
35420,NAVER,6661.0,154077.0,26.02,1.12,0.7,4.3231630937777865,20240308,188000.0,750757.0,162408594.0,-0.53,2680.35009765625,873.1799926757812,16085.1103515625,38722.69140625,5123.68994140625,39688.94140625
