종목코드,종목명,EPS,BPS,PER,PBR,배당수익률,ROE,날짜,종가,거래량,상장주식수,등락률,KOSPI,KOSDAQ,NASDAQ,Dow Jones,S&P 500,Nikkei
5940,NH투자증권,1588.0,21757.0,8.75,0.64,5.76,7.29880038608264,20240304,11950.0,1057164.0,331665921.0,1.79,2674.27001953125,872.969970703125,16207.509765625,38989.828125,5130.9501953125,40109.23046875
5940,NH투자증권,1588.0,21757.0,8.75,0.64,5.76,7.29880038608264,20240305,11890.0,726983.0,331665921.0,-0.5,2649.39990234375,866.3699951171875,15939.58984375,38585.19140625,5078.64990234375,40097.62890625
5940,NH투자증권,1588.0,21757.0,8.75,0.64,5.76,7.29880038608264,20240306,11800.0,693813.0,331665921.0,-0.76,2641.489990234375,870.6699829101562,16031.5400390625,38661.05078125,5104.759765625,40090.78125
5940,NH투자증권,1588.0,21757.0,8.75,0.64,5.76,7.29880038608264,20240307,11930.0,541648.0,331665921.0,1.1,2647.6201171875,863.3699951171875,16273.3798828125,38791.3515625,5157.35986328125,39598.7109375
5940,NH투자증권,1588.0,21757.0,8.75,0.64,5.76,7.29880038608264,20240308,11980.0,643734.0,331665921.0,0.42,2680.35009765625,873.1799926757812,16085.1103515625,38722.69140625,5123.68994140625,39688.94140625
