종목코드,종목명,EPS,BPS,PER,PBR,배당수익률,ROE,날짜,종가,거래량,상장주식수,등락률,KOSPI,KOSDAQ,NASDAQ,Dow Jones,S&P 500,Nikkei
456040,OCI,7052.0,132933.0,11.63,0.62,2.44,5.304928046459494,20240304,83700.0,25263.0,8990535.0,-0.95,2674.27001953125,872.969970703125,16207.509765625,38989.828125,5130.9501953125,40109.23046875
456040,OCI,7052.0,132933.0,11.63,0.62,2.44,5.304928046459494,20240305,83800.0,18174.0,8990535.0,0.12,2649.39990234375,866.3699951171875,15939.58984375,38585.19140625,5078.64990234375,40097.62890625
456040,OCI,7052.0,132933.0,11.63,0.62,2.44,5.304928046459494,20240306,83800.0,24299.0,8990535.0,0.0,2641.489990234375,870.6699829101562,16031.5400390625,38661.05078125,5104.759765625,40090.78125
456040,OCI,7052.0,132933.0,11.63,0.62,2.44,5.304928046459494,20240307,83100.0,22866.0,8990535.0,-0.84,2647.6201171875,863.3699951171875,16273.3798828125,38791.3515625,5157.35986328125,39598.7109375
456040,OCI,7052.0,132933.0,11.63,0.62,2.44,5.304928046459494,20240308,82900.0,25887.0,8990535.0,-0.24,2680.35009765625,873.1799926757812,16085.1103515625,38722.69140625,5123.68994140625,39688.94140625
