종목코드,종목명,EPS,BPS,PER,PBR,배당수익률,ROE,날짜,종가,거래량,상장주식수,등락률,KOSPI,KOSDAQ,NASDAQ,Dow Jones,S&P 500,Nikkei
36120,SCI평가정보,14.0,830.0,167.5,2.83,2.13,1.686746987951807,20240304,3460.0,92875.0,35500000.0,-1.14,2674.27001953125,872.969970703125,16207.509765625,38989.828125,5130.9501953125,40109.23046875
36120,SCI평가정보,14.0,830.0,167.5,2.83,2.13,1.686746987951807,20240305,3510.0,105382.0,35500000.0,1.45,2649.39990234375,866.3699951171875,15939.58984375,38585.19140625,5078.64990234375,40097.62890625
36120,SCI평가정보,14.0,830.0,167.5,2.83,2.13,1.686746987951807,20240306,3540.0,152075.0,35500000.0,0.85,2641.489990234375,870.6699829101562,16031.5400390625,38661.05078125,5104.759765625,40090.78125
36120,SCI평가정보,14.0,830.0,167.5,2.83,2.13,1.686746987951807,20240307,3520.0,63035.0,35500000.0,-0.56,2647.6201171875,863.3699951171875,16273.3798828125,38791.3515625,5157.35986328125,39598.7109375
36120,SCI평가정보,14.0,830.0,167.5,2.83,2.13,1.686746987951807,20240308,3255.0,582666.0,35500000.0,-7.53,2680.35009765625,873.1799926757812,16085.1103515625,38722.69140625,5123.68994140625,39688.94140625
