종목코드,종목명,EPS,BPS,PER,PBR,배당수익률,ROE,날짜,종가,거래량,상장주식수,등락률,KOSPI,KOSDAQ,NASDAQ,Dow Jones,S&P 500,Nikkei
1380,SG글로벌,449.0,3137.0,5.65,0.81,0.0,14.313037934332163,20240304,1942.0,11730827.0,44964143.0,18.13,2674.27001953125,872.969970703125,16207.509765625,38989.828125,5130.9501953125,40109.23046875
1380,SG글로벌,449.0,3137.0,5.65,0.81,0.0,14.313037934332163,20240305,1954.0,1422755.0,44964143.0,0.62,2649.39990234375,866.3699951171875,15939.58984375,38585.19140625,5078.64990234375,40097.62890625
1380,SG글로벌,449.0,3137.0,5.65,0.81,0.0,14.313037934332163,20240306,2055.0,2004812.0,44964143.0,5.17,2641.489990234375,870.6699829101562,16031.5400390625,38661.05078125,5104.759765625,40090.78125
1380,SG글로벌,449.0,3137.0,5.65,0.81,0.0,14.313037934332163,20240307,2175.0,1196237.0,44964143.0,5.84,2647.6201171875,863.3699951171875,16273.3798828125,38791.3515625,5157.35986328125,39598.7109375
1380,SG글로벌,449.0,3137.0,5.65,0.81,0.0,14.313037934332163,20240308,2170.0,1158507.0,44964143.0,-0.23,2680.35009765625,873.1799926757812,16085.1103515625,38722.69140625,5123.68994140625,39688.94140625
