종목코드,종목명,EPS,BPS,PER,PBR,배당수익률,ROE,날짜,종가,거래량,상장주식수,등락률,KOSPI,KOSDAQ,NASDAQ,Dow Jones,S&P 500,Nikkei
34730,SK,,373938.0,,0.39,3.39,,20240304,193200.0,162199.0,73198329.0,0.73,2674.27001953125,872.969970703125,16207.509765625,38989.828125,5130.9501953125,40109.23046875
34730,SK,,373938.0,,0.39,3.39,,20240305,193000.0,204672.0,73198329.0,-0.1,2649.39990234375,866.3699951171875,15939.58984375,38585.19140625,5078.64990234375,40097.62890625
34730,SK,,373938.0,,0.39,3.39,,20240306,189400.0,171256.0,73198329.0,-1.87,2641.489990234375,870.6699829101562,16031.5400390625,38661.05078125,5104.759765625,40090.78125
34730,SK,,373938.0,,0.39,3.39,,20240307,191900.0,162483.0,73198329.0,1.32,2647.6201171875,863.3699951171875,16273.3798828125,38791.3515625,5157.35986328125,39598.7109375
34730,SK,,373938.0,,0.39,3.39,,20240308,189700.0,117141.0,73198329.0,-1.15,2680.35009765625,873.1799926757812,16085.1103515625,38722.69140625,5123.68994140625,39688.94140625
