종목코드,종목명,EPS,BPS,PER,PBR,배당수익률,ROE,날짜,종가,거래량,상장주식수,등락률,KOSPI,KOSDAQ,NASDAQ,Dow Jones,S&P 500,Nikkei
361610,SK아이이테크놀로지,1152.0,33825.0,32.2,1.1,0.0,3.4057649667405765,20240304,72000.0,135826.0,71297592.0,-1.77,2674.27001953125,872.969970703125,16207.509765625,38989.828125,5130.9501953125,40109.23046875
361610,SK아이이테크놀로지,1152.0,33825.0,32.2,1.1,0.0,3.4057649667405765,20240305,71800.0,148758.0,71297592.0,-0.28,2649.39990234375,866.3699951171875,15939.58984375,38585.19140625,5078.64990234375,40097.62890625
361610,SK아이이테크놀로지,1152.0,33825.0,32.2,1.1,0.0,3.4057649667405765,20240306,70900.0,134997.0,71297592.0,-1.25,2641.489990234375,870.6699829101562,16031.5400390625,38661.05078125,5104.759765625,40090.78125
361610,SK아이이테크놀로지,1152.0,33825.0,32.2,1.1,0.0,3.4057649667405765,20240307,71700.0,119170.0,71297592.0,1.13,2647.6201171875,863.3699951171875,16273.3798828125,38791.3515625,5157.35986328125,39598.7109375
361610,SK아이이테크놀로지,1152.0,33825.0,32.2,1.1,0.0,3.4057649667405765,20240308,71200.0,150686.0,71297592.0,-0.7,2680.35009765625,873.1799926757812,16085.1103515625,38722.69140625,5123.68994140625,39688.94140625
