종목코드,종목명,EPS,BPS,PER,PBR,배당수익률,ROE,날짜,종가,거래량,상장주식수,등락률,KOSPI,KOSDAQ,NASDAQ,Dow Jones,S&P 500,Nikkei
96770,SK이노베이션,2808.0,230169.0,37.0,0.45,0.0,1.219973150163575,20240304,117000.0,338468.0,100655564.0,-0.09,2674.27001953125,872.969970703125,16207.509765625,38989.828125,5130.9501953125,40109.23046875
96770,SK이노베이션,2808.0,230169.0,37.0,0.45,0.0,1.219973150163575,20240305,117400.0,389662.0,100655564.0,0.34,2649.39990234375,866.3699951171875,15939.58984375,38585.19140625,5078.64990234375,40097.62890625
96770,SK이노베이션,2808.0,230169.0,37.0,0.45,0.0,1.219973150163575,20240306,115700.0,352436.0,95735590.0,-1.45,2641.489990234375,870.6699829101562,16031.5400390625,38661.05078125,5104.759765625,40090.78125
96770,SK이노베이션,2808.0,230169.0,37.0,0.45,0.0,1.219973150163575,20240307,118800.0,489113.0,95735590.0,2.68,2647.6201171875,863.3699951171875,16273.3798828125,38791.3515625,5157.35986328125,39598.7109375
96770,SK이노베이션,2808.0,230169.0,37.0,0.45,0.0,1.219973150163575,20240308,119000.0,320682.0,95735590.0,0.17,2680.35009765625,873.1799926757812,16085.1103515625,38722.69140625,5123.68994140625,39688.94140625
