종목코드,종목명,EPS,BPS,PER,PBR,배당수익률,ROE,날짜,종가,거래량,상장주식수,등락률,KOSPI,KOSDAQ,NASDAQ,Dow Jones,S&P 500,Nikkei
660,SK하이닉스,,77752.0,,2.42,0.64,,20240304,166500.0,5230909.0,728002365.0,6.59,2674.27001953125,872.969970703125,16207.509765625,38989.828125,5130.9501953125,40109.23046875
660,SK하이닉스,,77752.0,,2.42,0.64,,20240305,165800.0,3612530.0,728002365.0,-0.42,2649.39990234375,866.3699951171875,15939.58984375,38585.19140625,5078.64990234375,40097.62890625
660,SK하이닉스,,77752.0,,2.42,0.64,,20240306,162900.0,2672526.0,728002365.0,-1.75,2641.489990234375,870.6699829101562,16031.5400390625,38661.05078125,5104.759765625,40090.78125
660,SK하이닉스,,77752.0,,2.42,0.64,,20240307,164900.0,3052700.0,728002365.0,1.23,2647.6201171875,863.3699951171875,16273.3798828125,38791.3515625,5157.35986328125,39598.7109375
660,SK하이닉스,,77752.0,,2.42,0.64,,20240308,171900.0,5089650.0,728002365.0,4.24,2680.35009765625,873.1799926757812,16085.1103515625,38722.69140625,5123.68994140625,39688.94140625
