종목코드,종목명,EPS,BPS,PER,PBR,배당수익률,ROE,날짜,종가,거래량,상장주식수,등락률,KOSPI,KOSDAQ,NASDAQ,Dow Jones,S&P 500,Nikkei
63440,SM Life Design,103.0,1239.0,14.74,1.23,0.0,8.313155770782888,20240304,1852.0,96340.0,46029154.0,-0.27,2674.27001953125,872.969970703125,16207.509765625,38989.828125,5130.9501953125,40109.23046875
63440,SM Life Design,103.0,1239.0,14.74,1.23,0.0,8.313155770782888,20240305,1824.0,195429.0,46029154.0,-1.51,2649.39990234375,866.3699951171875,15939.58984375,38585.19140625,5078.64990234375,40097.62890625
63440,SM Life Design,103.0,1239.0,14.74,1.23,0.0,8.313155770782888,20240306,1822.0,131048.0,46029154.0,-0.11,2641.489990234375,870.6699829101562,16031.5400390625,38661.05078125,5104.759765625,40090.78125
63440,SM Life Design,103.0,1239.0,14.74,1.23,0.0,8.313155770782888,20240307,1805.0,114453.0,46029154.0,-0.93,2647.6201171875,863.3699951171875,16273.3798828125,38791.3515625,5157.35986328125,39598.7109375
63440,SM Life Design,103.0,1239.0,14.74,1.23,0.0,8.313155770782888,20240308,1817.0,69457.0,46029154.0,0.66,2680.35009765625,873.1799926757812,16085.1103515625,38722.69140625,5123.68994140625,39688.94140625
