종목코드,종목명,EPS,BPS,PER,PBR,배당수익률,ROE,날짜,종가,거래량,상장주식수,등락률,KOSPI,KOSDAQ,NASDAQ,Dow Jones,S&P 500,Nikkei
64960,SNT모티브,6579.0,72007.0,6.55,0.6,3.71,9.136611718305163,20240304,44750.0,27487.0,14623136.0,0.67,2674.27001953125,872.969970703125,16207.509765625,38989.828125,5130.9501953125,40109.23046875
64960,SNT모티브,6579.0,72007.0,6.55,0.6,3.71,9.136611718305163,20240305,44750.0,21038.0,14623136.0,0.0,2649.39990234375,866.3699951171875,15939.58984375,38585.19140625,5078.64990234375,40097.62890625
64960,SNT모티브,6579.0,72007.0,6.55,0.6,3.71,9.136611718305163,20240306,46650.0,56302.0,14623136.0,4.25,2641.489990234375,870.6699829101562,16031.5400390625,38661.05078125,5104.759765625,40090.78125
64960,SNT모티브,6579.0,72007.0,6.55,0.6,3.71,9.136611718305163,20240307,45600.0,26526.0,14623136.0,-2.25,2647.6201171875,863.3699951171875,16273.3798828125,38791.3515625,5157.35986328125,39598.7109375
64960,SNT모티브,6579.0,72007.0,6.55,0.6,3.71,9.136611718305163,20240308,44850.0,23854.0,14623136.0,-1.64,2680.35009765625,873.1799926757812,16085.1103515625,38722.69140625,5123.68994140625,39688.94140625
