종목코드,종목명,EPS,BPS,PER,PBR,배당수익률,ROE,날짜,종가,거래량,상장주식수,등락률,KOSPI,KOSDAQ,NASDAQ,Dow Jones,S&P 500,Nikkei
79940,가비아,1241.0,11137.0,11.57,1.29,0.56,11.143036724432074,20240304,18110.0,72857.0,13535684.0,2.43,2674.27001953125,872.969970703125,16207.509765625,38989.828125,5130.9501953125,40109.23046875
79940,가비아,1241.0,11137.0,11.57,1.29,0.56,11.143036724432074,20240305,17670.0,70290.0,13535684.0,-2.43,2649.39990234375,866.3699951171875,15939.58984375,38585.19140625,5078.64990234375,40097.62890625
79940,가비아,1241.0,11137.0,11.57,1.29,0.56,11.143036724432074,20240306,17170.0,71865.0,13535684.0,-2.83,2641.489990234375,870.6699829101562,16031.5400390625,38661.05078125,5104.759765625,40090.78125
79940,가비아,1241.0,11137.0,11.57,1.29,0.56,11.143036724432074,20240307,16590.0,144071.0,13535684.0,-3.38,2647.6201171875,863.3699951171875,16273.3798828125,38791.3515625,5157.35986328125,39598.7109375
79940,가비아,1241.0,11137.0,11.57,1.29,0.56,11.143036724432074,20240308,16440.0,91584.0,13535684.0,-0.9,2680.35009765625,873.1799926757812,16085.1103515625,38722.69140625,5123.68994140625,39688.94140625
