종목코드,종목명,EPS,BPS,PER,PBR,배당수익률,ROE,날짜,종가,거래량,상장주식수,등락률,KOSPI,KOSDAQ,NASDAQ,Dow Jones,S&P 500,Nikkei
9450,경동나비엔,5753.0,40448.0,10.06,1.43,0.95,14.223200158227847,20240304,56000.0,70752.0,14568592.0,5.66,2674.27001953125,872.969970703125,16207.509765625,38989.828125,5130.9501953125,40109.23046875
9450,경동나비엔,5753.0,40448.0,10.06,1.43,0.95,14.223200158227847,20240305,55200.0,24460.0,14568592.0,-1.43,2649.39990234375,866.3699951171875,15939.58984375,38585.19140625,5078.64990234375,40097.62890625
9450,경동나비엔,5753.0,40448.0,10.06,1.43,0.95,14.223200158227847,20240306,53600.0,22364.0,14568592.0,-2.9,2641.489990234375,870.6699829101562,16031.5400390625,38661.05078125,5104.759765625,40090.78125
9450,경동나비엔,5753.0,40448.0,10.06,1.43,0.95,14.223200158227847,20240307,54200.0,27317.0,14568592.0,1.12,2647.6201171875,863.3699951171875,16273.3798828125,38791.3515625,5157.35986328125,39598.7109375
9450,경동나비엔,5753.0,40448.0,10.06,1.43,0.95,14.223200158227847,20240308,53500.0,17716.0,14568592.0,-1.29,2680.35009765625,873.1799926757812,16085.1103515625,38722.69140625,5123.68994140625,39688.94140625
