종목코드,종목명,EPS,BPS,PER,PBR,배당수익률,ROE,날짜,종가,거래량,상장주식수,등락률,KOSPI,KOSDAQ,NASDAQ,Dow Jones,S&P 500,Nikkei
24910,경창산업,257.0,3777.0,9.22,0.63,2.11,6.804342070426264,20240304,2310.0,60565.0,35819005.0,0.65,2674.27001953125,872.969970703125,16207.509765625,38989.828125,5130.9501953125,40109.23046875
24910,경창산업,257.0,3777.0,9.22,0.63,2.11,6.804342070426264,20240305,2295.0,60223.0,35819005.0,-0.65,2649.39990234375,866.3699951171875,15939.58984375,38585.19140625,5078.64990234375,40097.62890625
24910,경창산업,257.0,3777.0,9.22,0.63,2.11,6.804342070426264,20240306,2265.0,62159.0,35819005.0,-1.31,2641.489990234375,870.6699829101562,16031.5400390625,38661.05078125,5104.759765625,40090.78125
24910,경창산업,257.0,3777.0,9.22,0.63,2.11,6.804342070426264,20240307,2190.0,81161.0,35819005.0,-3.31,2647.6201171875,863.3699951171875,16273.3798828125,38791.3515625,5157.35986328125,39598.7109375
24910,경창산업,257.0,3777.0,9.22,0.63,2.11,6.804342070426264,20240308,2230.0,32748.0,35819005.0,1.83,2680.35009765625,873.1799926757812,16085.1103515625,38722.69140625,5123.68994140625,39688.94140625
