종목코드,종목명,EPS,BPS,PER,PBR,배당수익률,ROE,날짜,종가,거래량,상장주식수,등락률,KOSPI,KOSDAQ,NASDAQ,Dow Jones,S&P 500,Nikkei
2240,고려제강,2859.0,67120.0,6.98,0.3,1.75,4.25953516090584,20240304,22550.0,134146.0,25000000.0,-0.66,2674.27001953125,872.969970703125,16207.509765625,38989.828125,5130.9501953125,40109.23046875
2240,고려제강,2859.0,67120.0,6.98,0.3,1.75,4.25953516090584,20240305,22100.0,119246.0,25000000.0,-2.0,2649.39990234375,866.3699951171875,15939.58984375,38585.19140625,5078.64990234375,40097.62890625
2240,고려제강,2859.0,67120.0,6.98,0.3,1.75,4.25953516090584,20240306,21900.0,83871.0,25000000.0,-0.9,2641.489990234375,870.6699829101562,16031.5400390625,38661.05078125,5104.759765625,40090.78125
2240,고려제강,2859.0,67120.0,6.98,0.3,1.75,4.25953516090584,20240307,21650.0,60104.0,25000000.0,-1.14,2647.6201171875,863.3699951171875,16273.3798828125,38791.3515625,5157.35986328125,39598.7109375
2240,고려제강,2859.0,67120.0,6.98,0.3,1.75,4.25953516090584,20240308,21700.0,51104.0,25000000.0,0.23,2680.35009765625,873.1799926757812,16085.1103515625,38722.69140625,5123.68994140625,39688.94140625
