종목코드,종목명,EPS,BPS,PER,PBR,배당수익률,ROE,날짜,종가,거래량,상장주식수,등락률,KOSPI,KOSDAQ,NASDAQ,Dow Jones,S&P 500,Nikkei
121440,골프존뉴딘홀딩스,891.0,16929.0,4.11,0.22,4.56,5.263157894736842,20240304,4010.0,96063.0,42836818.0,1.13,2674.27001953125,872.969970703125,16207.509765625,38989.828125,5130.9501953125,40109.23046875
121440,골프존뉴딘홀딩스,891.0,16929.0,4.11,0.22,4.56,5.263157894736842,20240305,3975.0,84256.0,42836818.0,-0.87,2649.39990234375,866.3699951171875,15939.58984375,38585.19140625,5078.64990234375,40097.62890625
121440,골프존뉴딘홀딩스,891.0,16929.0,4.11,0.22,4.56,5.263157894736842,20240306,3915.0,90870.0,42836818.0,-1.51,2641.489990234375,870.6699829101562,16031.5400390625,38661.05078125,5104.759765625,40090.78125
121440,골프존뉴딘홀딩스,891.0,16929.0,4.11,0.22,4.56,5.263157894736842,20240307,3785.0,135212.0,42836818.0,-3.32,2647.6201171875,863.3699951171875,16273.3798828125,38791.3515625,5157.35986328125,39598.7109375
121440,골프존뉴딘홀딩스,891.0,16929.0,4.11,0.22,4.56,5.263157894736842,20240308,3835.0,246351.0,42836818.0,1.32,2680.35009765625,873.1799926757812,16085.1103515625,38722.69140625,5123.68994140625,39688.94140625
