종목코드,종목명,EPS,BPS,PER,PBR,배당수익률,ROE,날짜,종가,거래량,상장주식수,등락률,KOSPI,KOSDAQ,NASDAQ,Dow Jones,S&P 500,Nikkei
29480,광무,162.0,2378.0,23.83,1.62,0.0,6.812447434819176,20240304,3850.0,1840104.0,47887891.0,7.69,2674.27001953125,872.969970703125,16207.509765625,38989.828125,5130.9501953125,40109.23046875
29480,광무,162.0,2378.0,23.83,1.62,0.0,6.812447434819176,20240305,3950.0,1262952.0,47907203.0,2.6,2649.39990234375,866.3699951171875,15939.58984375,38585.19140625,5078.64990234375,40097.62890625
29480,광무,162.0,2378.0,23.83,1.62,0.0,6.812447434819176,20240306,4100.0,1704180.0,47907203.0,3.8,2641.489990234375,870.6699829101562,16031.5400390625,38661.05078125,5104.759765625,40090.78125
29480,광무,162.0,2378.0,23.83,1.62,0.0,6.812447434819176,20240307,3885.0,838385.0,47907203.0,-5.24,2647.6201171875,863.3699951171875,16273.3798828125,38791.3515625,5157.35986328125,39598.7109375
29480,광무,162.0,2378.0,23.83,1.62,0.0,6.812447434819176,20240308,3650.0,1342361.0,47907203.0,-6.05,2680.35009765625,873.1799926757812,16085.1103515625,38722.69140625,5123.68994140625,39688.94140625
