종목코드,종목명,EPS,BPS,PER,PBR,배당수익률,ROE,날짜,종가,거래량,상장주식수,등락률,KOSPI,KOSDAQ,NASDAQ,Dow Jones,S&P 500,Nikkei
53270,구영테크,736.0,4086.0,3.23,0.58,2.1,18.012726382770435,20240304,2970.0,215955.0,27410405.0,1.89,2674.27001953125,872.969970703125,16207.509765625,38989.828125,5130.9501953125,40109.23046875
53270,구영테크,736.0,4086.0,3.23,0.58,2.1,18.012726382770435,20240305,2925.0,140039.0,27410405.0,-1.52,2649.39990234375,866.3699951171875,15939.58984375,38585.19140625,5078.64990234375,40097.62890625
53270,구영테크,736.0,4086.0,3.23,0.58,2.1,18.012726382770435,20240306,2990.0,299945.0,27410405.0,2.22,2641.489990234375,870.6699829101562,16031.5400390625,38661.05078125,5104.759765625,40090.78125
53270,구영테크,736.0,4086.0,3.23,0.58,2.1,18.012726382770435,20240307,2955.0,148702.0,27410405.0,-1.17,2647.6201171875,863.3699951171875,16273.3798828125,38791.3515625,5157.35986328125,39598.7109375
53270,구영테크,736.0,4086.0,3.23,0.58,2.1,18.012726382770435,20240308,2880.0,2313767.0,27410405.0,-2.54,2680.35009765625,873.1799926757812,16085.1103515625,38722.69140625,5123.68994140625,39688.94140625
