종목코드,종목명,EPS,BPS,PER,PBR,배당수익률,ROE,날짜,종가,거래량,상장주식수,등락률,KOSPI,KOSDAQ,NASDAQ,Dow Jones,S&P 500,Nikkei
2720,국제약품,,4194.0,,1.52,0.0,,20240304,4625.0,108063.0,21159832.0,-0.43,2674.27001953125,872.969970703125,16207.509765625,38989.828125,5130.9501953125,40109.23046875
2720,국제약품,,4194.0,,1.52,0.0,,20240305,4625.0,84079.0,21159832.0,0.0,2649.39990234375,866.3699951171875,15939.58984375,38585.19140625,5078.64990234375,40097.62890625
2720,국제약품,,4194.0,,1.52,0.0,,20240306,4605.0,107892.0,21159832.0,-0.43,2641.489990234375,870.6699829101562,16031.5400390625,38661.05078125,5104.759765625,40090.78125
2720,국제약품,,4194.0,,1.52,0.0,,20240307,4460.0,197784.0,21159832.0,-3.15,2647.6201171875,863.3699951171875,16273.3798828125,38791.3515625,5157.35986328125,39598.7109375
2720,국제약품,,4194.0,,1.52,0.0,,20240308,4585.0,103764.0,21159832.0,2.8,2680.35009765625,873.1799926757812,16085.1103515625,38722.69140625,5123.68994140625,39688.94140625
