종목코드,종목명,EPS,BPS,PER,PBR,배당수익률,ROE,날짜,종가,거래량,상장주식수,등락률,KOSPI,KOSDAQ,NASDAQ,Dow Jones,S&P 500,Nikkei
6050,국영지앤엠,23.0,1439.0,49.09,0.78,0.89,1.5983321751216122,20240304,1289.0,128447.0,34895243.0,0.0,2674.27001953125,872.969970703125,16207.509765625,38989.828125,5130.9501953125,40109.23046875
6050,국영지앤엠,23.0,1439.0,49.09,0.78,0.89,1.5983321751216122,20240305,1259.0,66786.0,34895243.0,-2.33,2649.39990234375,866.3699951171875,15939.58984375,38585.19140625,5078.64990234375,40097.62890625
6050,국영지앤엠,23.0,1439.0,49.09,0.78,0.89,1.5983321751216122,20240306,1230.0,197050.0,34895243.0,-2.3,2641.489990234375,870.6699829101562,16031.5400390625,38661.05078125,5104.759765625,40090.78125
6050,국영지앤엠,23.0,1439.0,49.09,0.78,0.89,1.5983321751216122,20240307,1216.0,162457.0,34895243.0,-1.14,2647.6201171875,863.3699951171875,16273.3798828125,38791.3515625,5157.35986328125,39598.7109375
6050,국영지앤엠,23.0,1439.0,49.09,0.78,0.89,1.5983321751216122,20240308,1240.0,86644.0,34895243.0,1.97,2680.35009765625,873.1799926757812,16085.1103515625,38722.69140625,5123.68994140625,39688.94140625
