종목코드,종목명,EPS,BPS,PER,PBR,배당수익률,ROE,날짜,종가,거래량,상장주식수,등락률,KOSPI,KOSDAQ,NASDAQ,Dow Jones,S&P 500,Nikkei
14280,금강공업,1458.0,14331.0,3.51,0.36,2.34,10.173749214988488,20240304,6470.0,194660.0,29329357.0,1.09,2674.27001953125,872.969970703125,16207.509765625,38989.828125,5130.9501953125,40109.23046875
14280,금강공업,1458.0,14331.0,3.51,0.36,2.34,10.173749214988488,20240305,6390.0,84600.0,29329357.0,-1.24,2649.39990234375,866.3699951171875,15939.58984375,38585.19140625,5078.64990234375,40097.62890625
14280,금강공업,1458.0,14331.0,3.51,0.36,2.34,10.173749214988488,20240306,6230.0,153391.0,29329357.0,-2.5,2641.489990234375,870.6699829101562,16031.5400390625,38661.05078125,5104.759765625,40090.78125
14280,금강공업,1458.0,14331.0,3.51,0.36,2.34,10.173749214988488,20240307,5980.0,131790.0,29329357.0,-4.01,2647.6201171875,863.3699951171875,16273.3798828125,38791.3515625,5157.35986328125,39598.7109375
14280,금강공업,1458.0,14331.0,3.51,0.36,2.34,10.173749214988488,20240308,5980.0,79994.0,29329357.0,0.0,2680.35009765625,873.1799926757812,16085.1103515625,38722.69140625,5123.68994140625,39688.94140625
