종목코드,종목명,EPS,BPS,PER,PBR,배당수익률,ROE,날짜,종가,거래량,상장주식수,등락률,KOSPI,KOSDAQ,NASDAQ,Dow Jones,S&P 500,Nikkei
282720,금양그린파워,1695.0,8935.0,7.3,1.39,2.42,18.97034135422496,20240304,10000.0,35675.0,12119500.0,-2.53,2674.27001953125,872.969970703125,16207.509765625,38989.828125,5130.9501953125,40109.23046875
282720,금양그린파워,1695.0,8935.0,7.3,1.39,2.42,18.97034135422496,20240305,10710.0,1609669.0,12119500.0,7.1,2649.39990234375,866.3699951171875,15939.58984375,38585.19140625,5078.64990234375,40097.62890625
282720,금양그린파워,1695.0,8935.0,7.3,1.39,2.42,18.97034135422496,20240306,12410.0,4140858.0,12119500.0,15.87,2641.489990234375,870.6699829101562,16031.5400390625,38661.05078125,5104.759765625,40090.78125
282720,금양그린파워,1695.0,8935.0,7.3,1.39,2.42,18.97034135422496,20240307,12140.0,478294.0,12119500.0,-2.18,2647.6201171875,863.3699951171875,16273.3798828125,38791.3515625,5157.35986328125,39598.7109375
282720,금양그린파워,1695.0,8935.0,7.3,1.39,2.42,18.97034135422496,20240308,12050.0,244534.0,12119500.0,-0.74,2680.35009765625,873.1799926757812,16085.1103515625,38722.69140625,5123.68994140625,39688.94140625
