종목코드,종목명,EPS,BPS,PER,PBR,배당수익률,ROE,날짜,종가,거래량,상장주식수,등락률,KOSPI,KOSDAQ,NASDAQ,Dow Jones,S&P 500,Nikkei
190510,나무가,1455.0,9272.0,8.6,1.35,0.0,15.692407247627266,20240304,16480.0,561907.0,16258384.0,5.17,2674.27001953125,872.969970703125,16207.509765625,38989.828125,5130.9501953125,40109.23046875
190510,나무가,1455.0,9272.0,8.6,1.35,0.0,15.692407247627266,20240305,15980.0,328090.0,16258384.0,-3.03,2649.39990234375,866.3699951171875,15939.58984375,38585.19140625,5078.64990234375,40097.62890625
190510,나무가,1455.0,9272.0,8.6,1.35,0.0,15.692407247627266,20240306,15900.0,200081.0,16258384.0,-0.5,2641.489990234375,870.6699829101562,16031.5400390625,38661.05078125,5104.759765625,40090.78125
190510,나무가,1455.0,9272.0,8.6,1.35,0.0,15.692407247627266,20240307,15400.0,306849.0,16258384.0,-3.14,2647.6201171875,863.3699951171875,16273.3798828125,38791.3515625,5157.35986328125,39598.7109375
190510,나무가,1455.0,9272.0,8.6,1.35,0.0,15.692407247627266,20240308,15170.0,289566.0,16258384.0,-1.49,2680.35009765625,873.1799926757812,16085.1103515625,38722.69140625,5123.68994140625,39688.94140625
