종목코드,종목명,EPS,BPS,PER,PBR,배당수익률,ROE,날짜,종가,거래량,상장주식수,등락률,KOSPI,KOSDAQ,NASDAQ,Dow Jones,S&P 500,Nikkei
1260,남광토건,610.0,11506.0,12.43,0.66,0.0,5.301581783417348,20240304,7060.0,26130.0,9832572.0,0.28,2674.27001953125,872.969970703125,16207.509765625,38989.828125,5130.9501953125,40109.23046875
1260,남광토건,610.0,11506.0,12.43,0.66,0.0,5.301581783417348,20240305,6930.0,13793.0,9832572.0,-1.84,2649.39990234375,866.3699951171875,15939.58984375,38585.19140625,5078.64990234375,40097.62890625
1260,남광토건,610.0,11506.0,12.43,0.66,0.0,5.301581783417348,20240306,6890.0,4757.0,9832572.0,-0.58,2641.489990234375,870.6699829101562,16031.5400390625,38661.05078125,5104.759765625,40090.78125
1260,남광토건,610.0,11506.0,12.43,0.66,0.0,5.301581783417348,20240307,6810.0,6592.0,9832572.0,-1.16,2647.6201171875,863.3699951171875,16273.3798828125,38791.3515625,5157.35986328125,39598.7109375
1260,남광토건,610.0,11506.0,12.43,0.66,0.0,5.301581783417348,20240308,6730.0,11533.0,9832572.0,-1.17,2680.35009765625,873.1799926757812,16085.1103515625,38722.69140625,5123.68994140625,39688.94140625
