종목코드,종목명,EPS,BPS,PER,PBR,배당수익률,ROE,날짜,종가,거래량,상장주식수,등락률,KOSPI,KOSDAQ,NASDAQ,Dow Jones,S&P 500,Nikkei
212560,네오오토,1514.0,13688.0,5.3,0.59,1.87,11.060783167738164,20240304,10490.0,336671.0,7874963.0,-4.64,2674.27001953125,872.969970703125,16207.509765625,38989.828125,5130.9501953125,40109.23046875
212560,네오오토,1514.0,13688.0,5.3,0.59,1.87,11.060783167738164,20240305,10250.0,141759.0,7874963.0,-2.29,2649.39990234375,866.3699951171875,15939.58984375,38585.19140625,5078.64990234375,40097.62890625
212560,네오오토,1514.0,13688.0,5.3,0.59,1.87,11.060783167738164,20240306,10920.0,1734111.0,7874963.0,6.54,2641.489990234375,870.6699829101562,16031.5400390625,38661.05078125,5104.759765625,40090.78125
212560,네오오토,1514.0,13688.0,5.3,0.59,1.87,11.060783167738164,20240307,10530.0,340574.0,7874963.0,-3.57,2647.6201171875,863.3699951171875,16273.3798828125,38791.3515625,5157.35986328125,39598.7109375
212560,네오오토,1514.0,13688.0,5.3,0.59,1.87,11.060783167738164,20240308,11100.0,795720.0,7874963.0,5.41,2680.35009765625,873.1799926757812,16085.1103515625,38722.69140625,5123.68994140625,39688.94140625
