종목코드,종목명,EPS,BPS,PER,PBR,배당수익률,ROE,날짜,종가,거래량,상장주식수,등락률,KOSPI,KOSDAQ,NASDAQ,Dow Jones,S&P 500,Nikkei
253590,네오셈,219.0,2101.0,57.85,6.03,0.24,10.42360780580676,20240304,13640.0,4939831.0,43784562.0,3.18,2674.27001953125,872.969970703125,16207.509765625,38989.828125,5130.9501953125,40109.23046875
253590,네오셈,219.0,2101.0,57.85,6.03,0.24,10.42360780580676,20240305,13840.0,11756287.0,43784562.0,1.47,2649.39990234375,866.3699951171875,15939.58984375,38585.19140625,5078.64990234375,40097.62890625
253590,네오셈,219.0,2101.0,57.85,6.03,0.24,10.42360780580676,20240306,14950.0,29389556.0,43784562.0,8.02,2641.489990234375,870.6699829101562,16031.5400390625,38661.05078125,5104.759765625,40090.78125
253590,네오셈,219.0,2101.0,57.85,6.03,0.24,10.42360780580676,20240307,15390.0,24912910.0,43784562.0,2.94,2647.6201171875,863.3699951171875,16273.3798828125,38791.3515625,5157.35986328125,39598.7109375
253590,네오셈,219.0,2101.0,57.85,6.03,0.24,10.42360780580676,20240308,14740.0,5550996.0,43784562.0,-4.22,2680.35009765625,873.1799926757812,16085.1103515625,38722.69140625,5123.68994140625,39688.94140625
