종목코드,종목명,EPS,BPS,PER,PBR,배당수익률,ROE,날짜,종가,거래량,상장주식수,등락률,KOSPI,KOSDAQ,NASDAQ,Dow Jones,S&P 500,Nikkei
42420,네오위즈홀딩스,1049.0,50721.0,16.68,0.35,0.0,2.0681768892569155,20240304,25450.0,26297.0,8856866.0,1.6,2674.27001953125,872.969970703125,16207.509765625,38989.828125,5130.9501953125,40109.23046875
42420,네오위즈홀딩스,1049.0,50721.0,16.68,0.35,0.0,2.0681768892569155,20240305,26350.0,84173.0,8856866.0,3.54,2649.39990234375,866.3699951171875,15939.58984375,38585.19140625,5078.64990234375,40097.62890625
42420,네오위즈홀딩스,1049.0,50721.0,16.68,0.35,0.0,2.0681768892569155,20240306,25300.0,38402.0,8856866.0,-3.98,2641.489990234375,870.6699829101562,16031.5400390625,38661.05078125,5104.759765625,40090.78125
42420,네오위즈홀딩스,1049.0,50721.0,16.68,0.35,0.0,2.0681768892569155,20240307,25750.0,20512.0,8856866.0,1.78,2647.6201171875,863.3699951171875,16273.3798828125,38791.3515625,5157.35986328125,39598.7109375
42420,네오위즈홀딩스,1049.0,50721.0,16.68,0.35,0.0,2.0681768892569155,20240308,25100.0,26871.0,8856866.0,-2.52,2680.35009765625,873.1799926757812,16085.1103515625,38722.69140625,5123.68994140625,39688.94140625
