종목코드,종목명,EPS,BPS,PER,PBR,배당수익률,ROE,날짜,종가,거래량,상장주식수,등락률,KOSPI,KOSDAQ,NASDAQ,Dow Jones,S&P 500,Nikkei
320,노루홀딩스,2429.0,39422.0,5.52,0.34,3.73,6.161534168738268,20240304,12270.0,40531.0,13291151.0,1.57,2674.27001953125,872.969970703125,16207.509765625,38989.828125,5130.9501953125,40109.23046875
320,노루홀딩스,2429.0,39422.0,5.52,0.34,3.73,6.161534168738268,20240305,12100.0,24676.0,13291151.0,-1.39,2649.39990234375,866.3699951171875,15939.58984375,38585.19140625,5078.64990234375,40097.62890625
320,노루홀딩스,2429.0,39422.0,5.52,0.34,3.73,6.161534168738268,20240306,12060.0,37145.0,13291151.0,-0.33,2641.489990234375,870.6699829101562,16031.5400390625,38661.05078125,5104.759765625,40090.78125
320,노루홀딩스,2429.0,39422.0,5.52,0.34,3.73,6.161534168738268,20240307,12090.0,43187.0,13291151.0,0.25,2647.6201171875,863.3699951171875,16273.3798828125,38791.3515625,5157.35986328125,39598.7109375
320,노루홀딩스,2429.0,39422.0,5.52,0.34,3.73,6.161534168738268,20240308,11910.0,116022.0,13291151.0,-1.49,2680.35009765625,873.1799926757812,16085.1103515625,38722.69140625,5123.68994140625,39688.94140625
