종목코드,종목명,EPS,BPS,PER,PBR,배당수익률,ROE,날짜,종가,거래량,상장주식수,등락률,KOSPI,KOSDAQ,NASDAQ,Dow Jones,S&P 500,Nikkei
90350,노루페인트,1362.0,18290.0,6.89,0.51,3.46,7.446692181519957,20240304,10470.0,535741.0,20000000.0,-0.57,2674.27001953125,872.969970703125,16207.509765625,38989.828125,5130.9501953125,40109.23046875
90350,노루페인트,1362.0,18290.0,6.89,0.51,3.46,7.446692181519957,20240305,10470.0,360372.0,20000000.0,0.0,2649.39990234375,866.3699951171875,15939.58984375,38585.19140625,5078.64990234375,40097.62890625
90350,노루페인트,1362.0,18290.0,6.89,0.51,3.46,7.446692181519957,20240306,10380.0,256693.0,20000000.0,-0.86,2641.489990234375,870.6699829101562,16031.5400390625,38661.05078125,5104.759765625,40090.78125
90350,노루페인트,1362.0,18290.0,6.89,0.51,3.46,7.446692181519957,20240307,10080.0,550843.0,20000000.0,-2.89,2647.6201171875,863.3699951171875,16273.3798828125,38791.3515625,5157.35986328125,39598.7109375
90350,노루페인트,1362.0,18290.0,6.89,0.51,3.46,7.446692181519957,20240308,10330.0,454988.0,20000000.0,2.48,2680.35009765625,873.1799926757812,16085.1103515625,38722.69140625,5123.68994140625,39688.94140625
