종목코드,종목명,EPS,BPS,PER,PBR,배당수익률,ROE,날짜,종가,거래량,상장주식수,등락률,KOSPI,KOSDAQ,NASDAQ,Dow Jones,S&P 500,Nikkei
72710,농심홀딩스,14478.0,242037.0,4.85,0.29,3.56,5.981730066064279,20240304,67400.0,7557.0,4637790.0,0.6,2674.27001953125,872.969970703125,16207.509765625,38989.828125,5130.9501953125,40109.23046875
72710,농심홀딩스,14478.0,242037.0,4.85,0.29,3.56,5.981730066064279,20240305,67400.0,2870.0,4637790.0,0.0,2649.39990234375,866.3699951171875,15939.58984375,38585.19140625,5078.64990234375,40097.62890625
72710,농심홀딩스,14478.0,242037.0,4.85,0.29,3.56,5.981730066064279,20240306,67900.0,4804.0,4637790.0,0.74,2641.489990234375,870.6699829101562,16031.5400390625,38661.05078125,5104.759765625,40090.78125
72710,농심홀딩스,14478.0,242037.0,4.85,0.29,3.56,5.981730066064279,20240307,67800.0,2859.0,4637790.0,-0.15,2647.6201171875,863.3699951171875,16273.3798828125,38791.3515625,5157.35986328125,39598.7109375
72710,농심홀딩스,14478.0,242037.0,4.85,0.29,3.56,5.981730066064279,20240308,67800.0,2422.0,4637790.0,0.0,2680.35009765625,873.1799926757812,16085.1103515625,38722.69140625,5123.68994140625,39688.94140625
