종목코드,종목명,EPS,BPS,PER,PBR,배당수익률,ROE,날짜,종가,거래량,상장주식수,등락률,KOSPI,KOSDAQ,NASDAQ,Dow Jones,S&P 500,Nikkei
270870,뉴트리,513.0,11096.0,16.3,0.75,0.0,4.623287671232877,20240304,7800.0,16720.0,9200224.0,-1.27,2674.27001953125,872.969970703125,16207.509765625,38989.828125,5130.9501953125,40109.23046875
270870,뉴트리,513.0,11096.0,16.3,0.75,0.0,4.623287671232877,20240305,7780.0,18542.0,9200224.0,-0.26,2649.39990234375,866.3699951171875,15939.58984375,38585.19140625,5078.64990234375,40097.62890625
270870,뉴트리,513.0,11096.0,16.3,0.75,0.0,4.623287671232877,20240306,7780.0,44907.0,9200224.0,0.0,2641.489990234375,870.6699829101562,16031.5400390625,38661.05078125,5104.759765625,40090.78125
270870,뉴트리,513.0,11096.0,16.3,0.75,0.0,4.623287671232877,20240307,8290.0,201775.0,9200224.0,6.56,2647.6201171875,863.3699951171875,16273.3798828125,38791.3515625,5157.35986328125,39598.7109375
270870,뉴트리,513.0,11096.0,16.3,0.75,0.0,4.623287671232877,20240308,8630.0,439225.0,9200224.0,4.1,2680.35009765625,873.1799926757812,16085.1103515625,38722.69140625,5123.68994140625,39688.94140625
