종목코드,종목명,EPS,BPS,PER,PBR,배당수익률,ROE,날짜,종가,거래량,상장주식수,등락률,KOSPI,KOSDAQ,NASDAQ,Dow Jones,S&P 500,Nikkei
85670,뉴프렉스,278.0,2991.0,19.03,1.77,0.0,9.294550317619525,20240304,7890.0,1645581.0,24450761.0,-2.23,2674.27001953125,872.969970703125,16207.509765625,38989.828125,5130.9501953125,40109.23046875
85670,뉴프렉스,278.0,2991.0,19.03,1.77,0.0,9.294550317619525,20240305,7580.0,1109073.0,24450761.0,-3.93,2649.39990234375,866.3699951171875,15939.58984375,38585.19140625,5078.64990234375,40097.62890625
85670,뉴프렉스,278.0,2991.0,19.03,1.77,0.0,9.294550317619525,20240306,7400.0,1389151.0,24450761.0,-2.37,2641.489990234375,870.6699829101562,16031.5400390625,38661.05078125,5104.759765625,40090.78125
85670,뉴프렉스,278.0,2991.0,19.03,1.77,0.0,9.294550317619525,20240307,7220.0,1219761.0,24450761.0,-2.43,2647.6201171875,863.3699951171875,16273.3798828125,38791.3515625,5157.35986328125,39598.7109375
85670,뉴프렉스,278.0,2991.0,19.03,1.77,0.0,9.294550317619525,20240308,7080.0,1035174.0,24450761.0,-1.94,2680.35009765625,873.1799926757812,16085.1103515625,38722.69140625,5123.68994140625,39688.94140625
