종목코드,종목명,EPS,BPS,PER,PBR,배당수익률,ROE,날짜,종가,거래량,상장주식수,등락률,KOSPI,KOSDAQ,NASDAQ,Dow Jones,S&P 500,Nikkei
4780,대륙제관,822.0,8909.0,4.87,0.45,2.75,9.226624761477158,20240304,4025.0,24833.0,15903199.0,-0.49,2674.27001953125,872.969970703125,16207.509765625,38989.828125,5130.9501953125,40109.23046875
4780,대륙제관,822.0,8909.0,4.87,0.45,2.75,9.226624761477158,20240305,3985.0,13061.0,15903199.0,-0.99,2649.39990234375,866.3699951171875,15939.58984375,38585.19140625,5078.64990234375,40097.62890625
4780,대륙제관,822.0,8909.0,4.87,0.45,2.75,9.226624761477158,20240306,4010.0,12431.0,15903199.0,0.63,2641.489990234375,870.6699829101562,16031.5400390625,38661.05078125,5104.759765625,40090.78125
4780,대륙제관,822.0,8909.0,4.87,0.45,2.75,9.226624761477158,20240307,4000.0,19398.0,15903199.0,-0.25,2647.6201171875,863.3699951171875,16273.3798828125,38791.3515625,5157.35986328125,39598.7109375
4780,대륙제관,822.0,8909.0,4.87,0.45,2.75,9.226624761477158,20240308,4045.0,11833.0,15903199.0,1.13,2680.35009765625,873.1799926757812,16085.1103515625,38722.69140625,5123.68994140625,39688.94140625
