종목코드,종목명,EPS,BPS,PER,PBR,배당수익률,ROE,날짜,종가,거래량,상장주식수,등락률,KOSPI,KOSDAQ,NASDAQ,Dow Jones,S&P 500,Nikkei
353200,대덕전자,492.0,16857.0,43.6,1.27,1.4,2.918668802277985,20240304,23900.0,1361234.0,49416925.0,7.42,2674.27001953125,872.969970703125,16207.509765625,38989.828125,5130.9501953125,40109.23046875
353200,대덕전자,492.0,16857.0,43.6,1.27,1.4,2.918668802277985,20240305,23550.0,684054.0,49416925.0,-1.46,2649.39990234375,866.3699951171875,15939.58984375,38585.19140625,5078.64990234375,40097.62890625
353200,대덕전자,492.0,16857.0,43.6,1.27,1.4,2.918668802277985,20240306,24100.0,642308.0,49416925.0,2.34,2641.489990234375,870.6699829101562,16031.5400390625,38661.05078125,5104.759765625,40090.78125
353200,대덕전자,492.0,16857.0,43.6,1.27,1.4,2.918668802277985,20240307,23550.0,735507.0,49416925.0,-2.28,2647.6201171875,863.3699951171875,16273.3798828125,38791.3515625,5157.35986328125,39598.7109375
353200,대덕전자,492.0,16857.0,43.6,1.27,1.4,2.918668802277985,20240308,23500.0,569500.0,49416925.0,-0.21,2680.35009765625,873.1799926757812,16085.1103515625,38722.69140625,5123.68994140625,39688.94140625
