종목코드,종목명,EPS,BPS,PER,PBR,배당수익률,ROE,날짜,종가,거래량,상장주식수,등락률,KOSPI,KOSDAQ,NASDAQ,Dow Jones,S&P 500,Nikkei
48910,대원미디어,514.0,8346.0,17.41,1.07,1.12,6.158638868919242,20240304,11260.0,32901.0,12578946.0,-0.53,2674.27001953125,872.969970703125,16207.509765625,38989.828125,5130.9501953125,40109.23046875
48910,대원미디어,514.0,8346.0,17.41,1.07,1.12,6.158638868919242,20240305,11240.0,29318.0,12578946.0,-0.18,2649.39990234375,866.3699951171875,15939.58984375,38585.19140625,5078.64990234375,40097.62890625
48910,대원미디어,514.0,8346.0,17.41,1.07,1.12,6.158638868919242,20240306,11100.0,29357.0,12578946.0,-1.25,2641.489990234375,870.6699829101562,16031.5400390625,38661.05078125,5104.759765625,40090.78125
48910,대원미디어,514.0,8346.0,17.41,1.07,1.12,6.158638868919242,20240307,11060.0,36889.0,12578946.0,-0.36,2647.6201171875,863.3699951171875,16273.3798828125,38791.3515625,5157.35986328125,39598.7109375
48910,대원미디어,514.0,8346.0,17.41,1.07,1.12,6.158638868919242,20240308,11220.0,31192.0,12578946.0,1.45,2680.35009765625,873.1799926757812,16085.1103515625,38722.69140625,5123.68994140625,39688.94140625
