종목코드,종목명,EPS,BPS,PER,PBR,배당수익률,ROE,날짜,종가,거래량,상장주식수,등락률,KOSPI,KOSDAQ,NASDAQ,Dow Jones,S&P 500,Nikkei
117580,대성에너지,549.0,11752.0,16.72,0.78,2.72,4.671545268890402,20240304,8390.0,123647.0,27500000.0,0.96,2674.27001953125,872.969970703125,16207.509765625,38989.828125,5130.9501953125,40109.23046875
117580,대성에너지,549.0,11752.0,16.72,0.78,2.72,4.671545268890402,20240305,8350.0,115296.0,27500000.0,-0.48,2649.39990234375,866.3699951171875,15939.58984375,38585.19140625,5078.64990234375,40097.62890625
117580,대성에너지,549.0,11752.0,16.72,0.78,2.72,4.671545268890402,20240306,8190.0,146325.0,27500000.0,-1.92,2641.489990234375,870.6699829101562,16031.5400390625,38661.05078125,5104.759765625,40090.78125
117580,대성에너지,549.0,11752.0,16.72,0.78,2.72,4.671545268890402,20240307,8140.0,94392.0,27500000.0,-0.61,2647.6201171875,863.3699951171875,16273.3798828125,38791.3515625,5157.35986328125,39598.7109375
117580,대성에너지,549.0,11752.0,16.72,0.78,2.72,4.671545268890402,20240308,8110.0,91676.0,27500000.0,-0.37,2680.35009765625,873.1799926757812,16085.1103515625,38722.69140625,5123.68994140625,39688.94140625
