종목코드,종목명,EPS,BPS,PER,PBR,배당수익률,ROE,날짜,종가,거래량,상장주식수,등락률,KOSPI,KOSDAQ,NASDAQ,Dow Jones,S&P 500,Nikkei
5710,대원산업,1784.0,22246.0,3.5,0.28,2.8,8.019419221433067,20240304,6440.0,43043.0,20037600.0,-0.92,2674.27001953125,872.969970703125,16207.509765625,38989.828125,5130.9501953125,40109.23046875
5710,대원산업,1784.0,22246.0,3.5,0.28,2.8,8.019419221433067,20240305,6410.0,46319.0,20037600.0,-0.47,2649.39990234375,866.3699951171875,15939.58984375,38585.19140625,5078.64990234375,40097.62890625
5710,대원산업,1784.0,22246.0,3.5,0.28,2.8,8.019419221433067,20240306,6360.0,23653.0,20037600.0,-0.78,2641.489990234375,870.6699829101562,16031.5400390625,38661.05078125,5104.759765625,40090.78125
5710,대원산업,1784.0,22246.0,3.5,0.28,2.8,8.019419221433067,20240307,6270.0,27431.0,20037600.0,-1.42,2647.6201171875,863.3699951171875,16273.3798828125,38791.3515625,5157.35986328125,39598.7109375
5710,대원산업,1784.0,22246.0,3.5,0.28,2.8,8.019419221433067,20240308,6340.0,7198.0,20037600.0,1.12,2680.35009765625,873.1799926757812,16085.1103515625,38722.69140625,5123.68994140625,39688.94140625
