종목코드,종목명,EPS,BPS,PER,PBR,배당수익률,ROE,날짜,종가,거래량,상장주식수,등락률,KOSPI,KOSDAQ,NASDAQ,Dow Jones,S&P 500,Nikkei
78600,대주전자재료,47.0,10513.0,2429.79,10.86,0.0,0.4470655379054503,20240304,76800.0,105629.0,15480593.0,2.13,2674.27001953125,872.969970703125,16207.509765625,38989.828125,5130.9501953125,40109.23046875
78600,대주전자재료,47.0,10513.0,2429.79,10.86,0.0,0.4470655379054503,20240305,74800.0,100054.0,15480593.0,-2.6,2649.39990234375,866.3699951171875,15939.58984375,38585.19140625,5078.64990234375,40097.62890625
78600,대주전자재료,47.0,10513.0,2429.79,10.86,0.0,0.4470655379054503,20240306,78100.0,733605.0,15480593.0,4.41,2641.489990234375,870.6699829101562,16031.5400390625,38661.05078125,5104.759765625,40090.78125
78600,대주전자재료,47.0,10513.0,2429.79,10.86,0.0,0.4470655379054503,20240307,81000.0,280440.0,15480593.0,3.71,2647.6201171875,863.3699951171875,16273.3798828125,38791.3515625,5157.35986328125,39598.7109375
78600,대주전자재료,47.0,10513.0,2429.79,10.86,0.0,0.4470655379054503,20240308,78700.0,299552.0,15480593.0,-2.84,2680.35009765625,873.1799926757812,16085.1103515625,38722.69140625,5123.68994140625,39688.94140625
