종목코드,종목명,EPS,BPS,PER,PBR,배당수익률,ROE,날짜,종가,거래량,상장주식수,등락률,KOSPI,KOSDAQ,NASDAQ,Dow Jones,S&P 500,Nikkei
128820,대성산업,,15906.0,,0.23,0.0,,20240304,3925.0,116849.0,45235478.0,-0.13,2674.27001953125,872.969970703125,16207.509765625,38989.828125,5130.9501953125,40109.23046875
128820,대성산업,,15906.0,,0.23,0.0,,20240305,3860.0,134561.0,45235478.0,-1.66,2649.39990234375,866.3699951171875,15939.58984375,38585.19140625,5078.64990234375,40097.62890625
128820,대성산업,,15906.0,,0.23,0.0,,20240306,3770.0,140132.0,45235478.0,-2.33,2641.489990234375,870.6699829101562,16031.5400390625,38661.05078125,5104.759765625,40090.78125
128820,대성산업,,15906.0,,0.23,0.0,,20240307,3730.0,98715.0,45235478.0,-1.06,2647.6201171875,863.3699951171875,16273.3798828125,38791.3515625,5157.35986328125,39598.7109375
128820,대성산업,,15906.0,,0.23,0.0,,20240308,3835.0,420712.0,45235478.0,2.82,2680.35009765625,873.1799926757812,16085.1103515625,38722.69140625,5123.68994140625,39688.94140625
