종목코드,종목명,EPS,BPS,PER,PBR,배당수익률,ROE,날짜,종가,거래량,상장주식수,등락률,KOSPI,KOSDAQ,NASDAQ,Dow Jones,S&P 500,Nikkei
3220,대원제약,1140.0,12559.0,14.09,1.28,1.87,9.07715582450832,20240304,14690.0,50727.0,22190194.0,-1.01,2674.27001953125,872.969970703125,16207.509765625,38989.828125,5130.9501953125,40109.23046875
3220,대원제약,1140.0,12559.0,14.09,1.28,1.87,9.07715582450832,20240305,14770.0,1385130.0,22190194.0,0.54,2649.39990234375,866.3699951171875,15939.58984375,38585.19140625,5078.64990234375,40097.62890625
3220,대원제약,1140.0,12559.0,14.09,1.28,1.87,9.07715582450832,20240306,14940.0,249738.0,22190194.0,1.15,2641.489990234375,870.6699829101562,16031.5400390625,38661.05078125,5104.759765625,40090.78125
3220,대원제약,1140.0,12559.0,14.09,1.28,1.87,9.07715582450832,20240307,14700.0,123556.0,22190194.0,-1.61,2647.6201171875,863.3699951171875,16273.3798828125,38791.3515625,5157.35986328125,39598.7109375
3220,대원제약,1140.0,12559.0,14.09,1.28,1.87,9.07715582450832,20240308,14990.0,68200.0,22190194.0,1.97,2680.35009765625,873.1799926757812,16085.1103515625,38722.69140625,5123.68994140625,39688.94140625
