종목코드,종목명,EPS,BPS,PER,PBR,배당수익률,ROE,날짜,종가,거래량,상장주식수,등락률,KOSPI,KOSDAQ,NASDAQ,Dow Jones,S&P 500,Nikkei
54670,대한뉴팜,894.0,7791.0,10.63,1.22,1.05,11.474778590681556,20240304,8400.0,28639.0,14354920.0,-0.24,2674.27001953125,872.969970703125,16207.509765625,38989.828125,5130.9501953125,40109.23046875
54670,대한뉴팜,894.0,7791.0,10.63,1.22,1.05,11.474778590681556,20240305,8350.0,26198.0,14354920.0,-0.6,2649.39990234375,866.3699951171875,15939.58984375,38585.19140625,5078.64990234375,40097.62890625
54670,대한뉴팜,894.0,7791.0,10.63,1.22,1.05,11.474778590681556,20240306,8450.0,14529.0,14354920.0,1.2,2641.489990234375,870.6699829101562,16031.5400390625,38661.05078125,5104.759765625,40090.78125
54670,대한뉴팜,894.0,7791.0,10.63,1.22,1.05,11.474778590681556,20240307,8310.0,49206.0,14354920.0,-1.66,2647.6201171875,863.3699951171875,16273.3798828125,38791.3515625,5157.35986328125,39598.7109375
54670,대한뉴팜,894.0,7791.0,10.63,1.22,1.05,11.474778590681556,20240308,8210.0,29789.0,14354920.0,-1.2,2680.35009765625,873.1799926757812,16085.1103515625,38722.69140625,5123.68994140625,39688.94140625
