종목코드,종목명,EPS,BPS,PER,PBR,배당수익률,ROE,날짜,종가,거래량,상장주식수,등락률,KOSPI,KOSDAQ,NASDAQ,Dow Jones,S&P 500,Nikkei
131220,대한과학,543.0,5260.0,9.67,1.0,1.14,10.32319391634981,20240304,6040.0,41840.0,7454490.0,-1.95,2674.27001953125,872.969970703125,16207.509765625,38989.828125,5130.9501953125,40109.23046875
131220,대한과학,543.0,5260.0,9.67,1.0,1.14,10.32319391634981,20240305,6070.0,18539.0,7454490.0,0.5,2649.39990234375,866.3699951171875,15939.58984375,38585.19140625,5078.64990234375,40097.62890625
131220,대한과학,543.0,5260.0,9.67,1.0,1.14,10.32319391634981,20240306,6170.0,21763.0,7454490.0,1.65,2641.489990234375,870.6699829101562,16031.5400390625,38661.05078125,5104.759765625,40090.78125
131220,대한과학,543.0,5260.0,9.67,1.0,1.14,10.32319391634981,20240307,6080.0,10204.0,7454490.0,-1.46,2647.6201171875,863.3699951171875,16273.3798828125,38791.3515625,5157.35986328125,39598.7109375
131220,대한과학,543.0,5260.0,9.67,1.0,1.14,10.32319391634981,20240308,6110.0,10104.0,7454490.0,0.49,2680.35009765625,873.1799926757812,16085.1103515625,38722.69140625,5123.68994140625,39688.94140625
