종목코드,종목명,EPS,BPS,PER,PBR,배당수익률,ROE,날짜,종가,거래량,상장주식수,등락률,KOSPI,KOSDAQ,NASDAQ,Dow Jones,S&P 500,Nikkei
299170,더블유에스아이,96.0,1339.0,19.01,1.36,0.0,7.169529499626587,20240304,2100.0,55037.0,30027963.0,0.48,2674.27001953125,872.969970703125,16207.509765625,38989.828125,5130.9501953125,40109.23046875
299170,더블유에스아이,96.0,1339.0,19.01,1.36,0.0,7.169529499626587,20240305,2095.0,67691.0,30027963.0,-0.24,2649.39990234375,866.3699951171875,15939.58984375,38585.19140625,5078.64990234375,40097.62890625
299170,더블유에스아이,96.0,1339.0,19.01,1.36,0.0,7.169529499626587,20240306,2085.0,54848.0,30027963.0,-0.48,2641.489990234375,870.6699829101562,16031.5400390625,38661.05078125,5104.759765625,40090.78125
299170,더블유에스아이,96.0,1339.0,19.01,1.36,0.0,7.169529499626587,20240307,2065.0,106984.0,30027963.0,-0.96,2647.6201171875,863.3699951171875,16273.3798828125,38791.3515625,5157.35986328125,39598.7109375
299170,더블유에스아이,96.0,1339.0,19.01,1.36,0.0,7.169529499626587,20240308,2060.0,123098.0,30027963.0,-0.24,2680.35009765625,873.1799926757812,16085.1103515625,38722.69140625,5123.68994140625,39688.94140625
