종목코드,종목명,EPS,BPS,PER,PBR,배당수익률,ROE,날짜,종가,거래량,상장주식수,등락률,KOSPI,KOSDAQ,NASDAQ,Dow Jones,S&P 500,Nikkei
77360,덕산하이메탈,125.0,6369.0,45.76,0.9,0.0,1.962631496310253,20240304,6950.0,402014.0,45437002.0,4.2,2674.27001953125,872.969970703125,16207.509765625,38989.828125,5130.9501953125,40109.23046875
77360,덕산하이메탈,125.0,6369.0,45.76,0.9,0.0,1.962631496310253,20240305,6990.0,241222.0,45437002.0,0.58,2649.39990234375,866.3699951171875,15939.58984375,38585.19140625,5078.64990234375,40097.62890625
77360,덕산하이메탈,125.0,6369.0,45.76,0.9,0.0,1.962631496310253,20240306,6900.0,193890.0,45437002.0,-1.29,2641.489990234375,870.6699829101562,16031.5400390625,38661.05078125,5104.759765625,40090.78125
77360,덕산하이메탈,125.0,6369.0,45.76,0.9,0.0,1.962631496310253,20240307,6830.0,170324.0,45437002.0,-1.01,2647.6201171875,863.3699951171875,16273.3798828125,38791.3515625,5157.35986328125,39598.7109375
77360,덕산하이메탈,125.0,6369.0,45.76,0.9,0.0,1.962631496310253,20240308,6880.0,218187.0,45437002.0,0.73,2680.35009765625,873.1799926757812,16085.1103515625,38722.69140625,5123.68994140625,39688.94140625
