종목코드,종목명,EPS,BPS,PER,PBR,배당수익률,ROE,날짜,종가,거래량,상장주식수,등락률,KOSPI,KOSDAQ,NASDAQ,Dow Jones,S&P 500,Nikkei
261200,덴티스,263.0,3644.0,32.51,2.35,0.0,7.217343578485182,20240304,10100.0,1498621.0,15754342.0,-1.56,2674.27001953125,872.969970703125,16207.509765625,38989.828125,5130.9501953125,40109.23046875
261200,덴티스,263.0,3644.0,32.51,2.35,0.0,7.217343578485182,20240305,9500.0,1187295.0,15754342.0,-5.94,2649.39990234375,866.3699951171875,15939.58984375,38585.19140625,5078.64990234375,40097.62890625
261200,덴티스,263.0,3644.0,32.51,2.35,0.0,7.217343578485182,20240306,9340.0,505402.0,15754342.0,-1.68,2641.489990234375,870.6699829101562,16031.5400390625,38661.05078125,5104.759765625,40090.78125
261200,덴티스,263.0,3644.0,32.51,2.35,0.0,7.217343578485182,20240307,9130.0,359496.0,15754342.0,-2.25,2647.6201171875,863.3699951171875,16273.3798828125,38791.3515625,5157.35986328125,39598.7109375
261200,덴티스,263.0,3644.0,32.51,2.35,0.0,7.217343578485182,20240308,9480.0,501343.0,15754342.0,3.83,2680.35009765625,873.1799926757812,16085.1103515625,38722.69140625,5123.68994140625,39688.94140625
