Á¾¸ñÄÚµå,Á¾¸ñ¸í,EPS,BPS,PER,PBR,¹è´ç¼öÀÍ·ü,ROE,³¯Â¥,Á¾°¡,°Å·¡·®,»óÀåÁÖ½Ä¼ö,µî¶ô·ü,KOSPI,KOSDAQ,NASDAQ,Dow Jones,S&P 500,Nikkei
460850,µ¿±¹¾¾¿¥,339.0,32217.0,22.18,0.23,1.33,1.052239500884626,20240304,6510.0,89280.0,29898656.0,-1.06,2674.27001953125,872.969970703125,16207.509765625,38989.828125,5130.9501953125,40109.23046875
460850,µ¿±¹¾¾¿¥,339.0,32217.0,22.18,0.23,1.33,1.052239500884626,20240305,6450.0,94119.0,29898656.0,-0.92,2649.39990234375,866.3699951171875,15939.58984375,38585.19140625,5078.64990234375,40097.62890625
460850,µ¿±¹¾¾¿¥,339.0,32217.0,22.18,0.23,1.33,1.052239500884626,20240306,6320.0,98710.0,29898656.0,-2.02,2641.489990234375,870.6699829101562,16031.5400390625,38661.05078125,5104.759765625,40090.78125
460850,µ¿±¹¾¾¿¥,339.0,32217.0,22.18,0.23,1.33,1.052239500884626,20240307,6290.0,91603.0,29898656.0,-0.47,2647.6201171875,863.3699951171875,16273.3798828125,38791.3515625,5157.35986328125,39598.7109375
460850,µ¿±¹¾¾¿¥,339.0,32217.0,22.18,0.23,1.33,1.052239500884626,20240308,6290.0,32341.0,29898656.0,0.0,2680.35009765625,873.1799926757812,16085.1103515625,38722.69140625,5123.68994140625,39688.94140625
