종목코드,종목명,EPS,BPS,PER,PBR,배당수익률,ROE,날짜,종가,거래량,상장주식수,등락률,KOSPI,KOSDAQ,NASDAQ,Dow Jones,S&P 500,Nikkei
86450,동국제약,1073.0,12177.0,16.85,1.48,1.0,8.811694177547837,20240304,16130.0,493200.0,44460000.0,-2.3,2674.27001953125,872.969970703125,16207.509765625,38989.828125,5130.9501953125,40109.23046875
86450,동국제약,1073.0,12177.0,16.85,1.48,1.0,8.811694177547837,20240305,15840.0,485356.0,44460000.0,-1.8,2649.39990234375,866.3699951171875,15939.58984375,38585.19140625,5078.64990234375,40097.62890625
86450,동국제약,1073.0,12177.0,16.85,1.48,1.0,8.811694177547837,20240306,15850.0,196200.0,44460000.0,0.06,2641.489990234375,870.6699829101562,16031.5400390625,38661.05078125,5104.759765625,40090.78125
86450,동국제약,1073.0,12177.0,16.85,1.48,1.0,8.811694177547837,20240307,15680.0,184898.0,44460000.0,-1.07,2647.6201171875,863.3699951171875,16273.3798828125,38791.3515625,5157.35986328125,39598.7109375
86450,동국제약,1073.0,12177.0,16.85,1.48,1.0,8.811694177547837,20240308,15880.0,89634.0,44460000.0,1.28,2680.35009765625,873.1799926757812,16085.1103515625,38722.69140625,5123.68994140625,39688.94140625
