종목코드,종목명,EPS,BPS,PER,PBR,배당수익률,ROE,날짜,종가,거래량,상장주식수,등락률,KOSPI,KOSDAQ,NASDAQ,Dow Jones,S&P 500,Nikkei
23450,동남합성,1706.0,14865.0,18.87,2.17,3.11,11.476622939791456,20240304,28750.0,5033.0,3500000.0,-2.38,2674.27001953125,872.969970703125,16207.509765625,38989.828125,5130.9501953125,40109.23046875
23450,동남합성,1706.0,14865.0,18.87,2.17,3.11,11.476622939791456,20240305,28150.0,3059.0,3500000.0,-2.09,2649.39990234375,866.3699951171875,15939.58984375,38585.19140625,5078.64990234375,40097.62890625
23450,동남합성,1706.0,14865.0,18.87,2.17,3.11,11.476622939791456,20240306,28300.0,667.0,3500000.0,0.53,2641.489990234375,870.6699829101562,16031.5400390625,38661.05078125,5104.759765625,40090.78125
23450,동남합성,1706.0,14865.0,18.87,2.17,3.11,11.476622939791456,20240307,28800.0,1404.0,3500000.0,1.77,2647.6201171875,863.3699951171875,16273.3798828125,38791.3515625,5157.35986328125,39598.7109375
23450,동남합성,1706.0,14865.0,18.87,2.17,3.11,11.476622939791456,20240308,29050.0,1066.0,3500000.0,0.87,2680.35009765625,873.1799926757812,16085.1103515625,38722.69140625,5123.68994140625,39688.94140625
