종목코드,종목명,EPS,BPS,PER,PBR,배당수익률,ROE,날짜,종가,거래량,상장주식수,등락률,KOSPI,KOSDAQ,NASDAQ,Dow Jones,S&P 500,Nikkei
111380,동인기연,4321.0,21533.0,4.61,0.92,2.81,20.06687410021827,20240304,24800.0,64566.0,6128000.0,2.27,2674.27001953125,872.969970703125,16207.509765625,38989.828125,5130.9501953125,40109.23046875
111380,동인기연,4321.0,21533.0,4.61,0.92,2.81,20.06687410021827,20240305,23800.0,39055.0,6128000.0,-4.03,2649.39990234375,866.3699951171875,15939.58984375,38585.19140625,5078.64990234375,40097.62890625
111380,동인기연,4321.0,21533.0,4.61,0.92,2.81,20.06687410021827,20240306,23750.0,62110.0,6128000.0,-0.21,2641.489990234375,870.6699829101562,16031.5400390625,38661.05078125,5104.759765625,40090.78125
111380,동인기연,4321.0,21533.0,4.61,0.92,2.81,20.06687410021827,20240307,23200.0,27206.0,6128000.0,-2.32,2647.6201171875,863.3699951171875,16273.3798828125,38791.3515625,5157.35986328125,39598.7109375
111380,동인기연,4321.0,21533.0,4.61,0.92,2.81,20.06687410021827,20240308,23250.0,30596.0,6128000.0,0.22,2680.35009765625,873.1799926757812,16085.1103515625,38722.69140625,5123.68994140625,39688.94140625
