종목코드,종목명,EPS,BPS,PER,PBR,배당수익률,ROE,날짜,종가,거래량,상장주식수,등락률,KOSPI,KOSDAQ,NASDAQ,Dow Jones,S&P 500,Nikkei
18500,동원금속,389.0,1919.0,3.88,0.79,1.33,20.27097446586764,20240304,1858.0,284174.0,46754933.0,0.43,2674.27001953125,872.969970703125,16207.509765625,38989.828125,5130.9501953125,40109.23046875
18500,동원금속,389.0,1919.0,3.88,0.79,1.33,20.27097446586764,20240305,1798.0,383355.0,46754933.0,-3.23,2649.39990234375,866.3699951171875,15939.58984375,38585.19140625,5078.64990234375,40097.62890625
18500,동원금속,389.0,1919.0,3.88,0.79,1.33,20.27097446586764,20240306,1796.0,158791.0,46754933.0,-0.11,2641.489990234375,870.6699829101562,16031.5400390625,38661.05078125,5104.759765625,40090.78125
18500,동원금속,389.0,1919.0,3.88,0.79,1.33,20.27097446586764,20240307,1750.0,279796.0,46754933.0,-2.56,2647.6201171875,863.3699951171875,16273.3798828125,38791.3515625,5157.35986328125,39598.7109375
18500,동원금속,389.0,1919.0,3.88,0.79,1.33,20.27097446586764,20240308,1788.0,210542.0,46754933.0,2.17,2680.35009765625,873.1799926757812,16085.1103515625,38722.69140625,5123.68994140625,39688.94140625
