종목코드,종목명,EPS,BPS,PER,PBR,배당수익률,ROE,날짜,종가,거래량,상장주식수,등락률,KOSPI,KOSDAQ,NASDAQ,Dow Jones,S&P 500,Nikkei
28100,동아지질,742.0,16818.0,19.22,0.85,3.51,4.411939588536092,20240304,13510.0,35891.0,14052646.0,-1.75,2674.27001953125,872.969970703125,16207.509765625,38989.828125,5130.9501953125,40109.23046875
28100,동아지질,742.0,16818.0,19.22,0.85,3.51,4.411939588536092,20240305,13580.0,32612.0,14052646.0,0.52,2649.39990234375,866.3699951171875,15939.58984375,38585.19140625,5078.64990234375,40097.62890625
28100,동아지질,742.0,16818.0,19.22,0.85,3.51,4.411939588536092,20240306,13540.0,46233.0,14052646.0,-0.29,2641.489990234375,870.6699829101562,16031.5400390625,38661.05078125,5104.759765625,40090.78125
28100,동아지질,742.0,16818.0,19.22,0.85,3.51,4.411939588536092,20240307,13800.0,61190.0,14052646.0,1.92,2647.6201171875,863.3699951171875,16273.3798828125,38791.3515625,5157.35986328125,39598.7109375
28100,동아지질,742.0,16818.0,19.22,0.85,3.51,4.411939588536092,20240308,13290.0,78698.0,14052646.0,-3.7,2680.35009765625,873.1799926757812,16085.1103515625,38722.69140625,5123.68994140625,39688.94140625
