종목코드,종목명,EPS,BPS,PER,PBR,배당수익률,ROE,날짜,종가,거래량,상장주식수,등락률,KOSPI,KOSDAQ,NASDAQ,Dow Jones,S&P 500,Nikkei
82640,동양생명,1736.0,18628.0,4.54,0.42,5.07,9.319304273137211,20240304,6140.0,834302.0,161358585.0,5.5,2674.27001953125,872.969970703125,16207.509765625,38989.828125,5130.9501953125,40109.23046875
82640,동양생명,1736.0,18628.0,4.54,0.42,5.07,9.319304273137211,20240305,6120.0,362084.0,161358585.0,-0.33,2649.39990234375,866.3699951171875,15939.58984375,38585.19140625,5078.64990234375,40097.62890625
82640,동양생명,1736.0,18628.0,4.54,0.42,5.07,9.319304273137211,20240306,6360.0,553198.0,161358585.0,3.92,2641.489990234375,870.6699829101562,16031.5400390625,38661.05078125,5104.759765625,40090.78125
82640,동양생명,1736.0,18628.0,4.54,0.42,5.07,9.319304273137211,20240307,6360.0,349836.0,161358585.0,0.0,2647.6201171875,863.3699951171875,16273.3798828125,38791.3515625,5157.35986328125,39598.7109375
82640,동양생명,1736.0,18628.0,4.54,0.42,5.07,9.319304273137211,20240308,6350.0,472273.0,161358585.0,-0.16,2680.35009765625,873.1799926757812,16085.1103515625,38722.69140625,5123.68994140625,39688.94140625
