종목코드,종목명,EPS,BPS,PER,PBR,배당수익률,ROE,날짜,종가,거래량,상장주식수,등락률,KOSPI,KOSDAQ,NASDAQ,Dow Jones,S&P 500,Nikkei
170900,동아에스티,1286.0,76497.0,55.29,0.93,0.98,1.681111677582127,20240304,75500.0,63326.0,8614976.0,0.8,2674.27001953125,872.969970703125,16207.509765625,38989.828125,5130.9501953125,40109.23046875
170900,동아에스티,1286.0,76497.0,55.29,0.93,0.98,1.681111677582127,20240305,78600.0,106350.0,8614976.0,4.11,2649.39990234375,866.3699951171875,15939.58984375,38585.19140625,5078.64990234375,40097.62890625
170900,동아에스티,1286.0,76497.0,55.29,0.93,0.98,1.681111677582127,20240306,81500.0,171473.0,8614976.0,3.69,2641.489990234375,870.6699829101562,16031.5400390625,38661.05078125,5104.759765625,40090.78125
170900,동아에스티,1286.0,76497.0,55.29,0.93,0.98,1.681111677582127,20240307,85300.0,324885.0,8614976.0,4.66,2647.6201171875,863.3699951171875,16273.3798828125,38791.3515625,5157.35986328125,39598.7109375
170900,동아에스티,1286.0,76497.0,55.29,0.93,0.98,1.681111677582127,20240308,83300.0,93550.0,8614976.0,-2.34,2680.35009765625,873.1799926757812,16085.1103515625,38722.69140625,5123.68994140625,39688.94140625
