종목코드,종목명,EPS,BPS,PER,PBR,배당수익률,ROE,날짜,종가,거래량,상장주식수,등락률,KOSPI,KOSDAQ,NASDAQ,Dow Jones,S&P 500,Nikkei
94170,동운아나텍,1452.0,3206.0,14.19,6.43,0.34,45.29008109794136,20240304,21550.0,286020.0,18952781.0,2.62,2674.27001953125,872.969970703125,16207.509765625,38989.828125,5130.9501953125,40109.23046875
94170,동운아나텍,1452.0,3206.0,14.19,6.43,0.34,45.29008109794136,20240305,22800.0,1120080.0,18952781.0,5.8,2649.39990234375,866.3699951171875,15939.58984375,38585.19140625,5078.64990234375,40097.62890625
94170,동운아나텍,1452.0,3206.0,14.19,6.43,0.34,45.29008109794136,20240306,21800.0,905962.0,18952781.0,-4.39,2641.489990234375,870.6699829101562,16031.5400390625,38661.05078125,5104.759765625,40090.78125
94170,동운아나텍,1452.0,3206.0,14.19,6.43,0.34,45.29008109794136,20240307,21200.0,451211.0,18952781.0,-2.75,2647.6201171875,863.3699951171875,16273.3798828125,38791.3515625,5157.35986328125,39598.7109375
94170,동운아나텍,1452.0,3206.0,14.19,6.43,0.34,45.29008109794136,20240308,20900.0,421747.0,18952781.0,-1.42,2680.35009765625,873.1799926757812,16085.1103515625,38722.69140625,5123.68994140625,39688.94140625
