종목코드,종목명,EPS,BPS,PER,PBR,배당수익률,ROE,날짜,종가,거래량,상장주식수,등락률,KOSPI,KOSDAQ,NASDAQ,Dow Jones,S&P 500,Nikkei
79960,동양이엔피,5975.0,41506.0,3.1,0.45,2.16,14.39550908302414,20240304,19190.0,63180.0,7860000.0,-1.99,2674.27001953125,872.969970703125,16207.509765625,38989.828125,5130.9501953125,40109.23046875
79960,동양이엔피,5975.0,41506.0,3.1,0.45,2.16,14.39550908302414,20240305,19520.0,116988.0,7860000.0,1.72,2649.39990234375,866.3699951171875,15939.58984375,38585.19140625,5078.64990234375,40097.62890625
79960,동양이엔피,5975.0,41506.0,3.1,0.45,2.16,14.39550908302414,20240306,19750.0,37137.0,7860000.0,1.18,2641.489990234375,870.6699829101562,16031.5400390625,38661.05078125,5104.759765625,40090.78125
79960,동양이엔피,5975.0,41506.0,3.1,0.45,2.16,14.39550908302414,20240307,19400.0,25067.0,7860000.0,-1.77,2647.6201171875,863.3699951171875,16273.3798828125,38791.3515625,5157.35986328125,39598.7109375
79960,동양이엔피,5975.0,41506.0,3.1,0.45,2.16,14.39550908302414,20240308,19420.0,25379.0,7860000.0,0.1,2680.35009765625,873.1799926757812,16085.1103515625,38722.69140625,5123.68994140625,39688.94140625
