종목코드,종목명,EPS,BPS,PER,PBR,배당수익률,ROE,날짜,종가,거래량,상장주식수,등락률,KOSPI,KOSDAQ,NASDAQ,Dow Jones,S&P 500,Nikkei
26960,동서,1468.0,16296.0,12.66,1.14,4.2,9.00834560628375,20240304,17380.0,71633.0,99700000.0,-0.63,2674.27001953125,872.969970703125,16207.509765625,38989.828125,5130.9501953125,40109.23046875
26960,동서,1468.0,16296.0,12.66,1.14,4.2,9.00834560628375,20240305,17330.0,57435.0,99700000.0,-0.29,2649.39990234375,866.3699951171875,15939.58984375,38585.19140625,5078.64990234375,40097.62890625
26960,동서,1468.0,16296.0,12.66,1.14,4.2,9.00834560628375,20240306,17500.0,85853.0,99700000.0,0.98,2641.489990234375,870.6699829101562,16031.5400390625,38661.05078125,5104.759765625,40090.78125
26960,동서,1468.0,16296.0,12.66,1.14,4.2,9.00834560628375,20240307,17480.0,50263.0,99700000.0,-0.11,2647.6201171875,863.3699951171875,16273.3798828125,38791.3515625,5157.35986328125,39598.7109375
26960,동서,1468.0,16296.0,12.66,1.14,4.2,9.00834560628375,20240308,17580.0,88699.0,99700000.0,0.57,2680.35009765625,873.1799926757812,16085.1103515625,38722.69140625,5123.68994140625,39688.94140625
