종목코드,종목명,EPS,BPS,PER,PBR,배당수익률,ROE,날짜,종가,거래량,상장주식수,등락률,KOSPI,KOSDAQ,NASDAQ,Dow Jones,S&P 500,Nikkei
102260,동성케미컬,687.0,8132.0,6.27,0.53,4.64,8.448106246925725,20240304,4615.0,47259.0,49689728.0,0.54,2674.27001953125,872.969970703125,16207.509765625,38989.828125,5130.9501953125,40109.23046875
102260,동성케미컬,687.0,8132.0,6.27,0.53,4.64,8.448106246925725,20240305,4610.0,58442.0,49689728.0,-0.11,2649.39990234375,866.3699951171875,15939.58984375,38585.19140625,5078.64990234375,40097.62890625
102260,동성케미컬,687.0,8132.0,6.27,0.53,4.64,8.448106246925725,20240306,4630.0,41730.0,49689728.0,0.43,2641.489990234375,870.6699829101562,16031.5400390625,38661.05078125,5104.759765625,40090.78125
102260,동성케미컬,687.0,8132.0,6.27,0.53,4.64,8.448106246925725,20240307,4650.0,23337.0,49689728.0,0.43,2647.6201171875,863.3699951171875,16273.3798828125,38791.3515625,5157.35986328125,39598.7109375
102260,동성케미컬,687.0,8132.0,6.27,0.53,4.64,8.448106246925725,20240308,4670.0,106294.0,49689728.0,0.43,2680.35009765625,873.1799926757812,16085.1103515625,38722.69140625,5123.68994140625,39688.94140625
