종목코드,종목명,EPS,BPS,PER,PBR,배당수익률,ROE,날짜,종가,거래량,상장주식수,등락률,KOSPI,KOSDAQ,NASDAQ,Dow Jones,S&P 500,Nikkei
33500,동성화인텍,993.0,5816.0,13.75,2.35,1.83,17.073590096286107,20240304,11720.0,189336.0,29989494.0,-0.09,2674.27001953125,872.969970703125,16207.509765625,38989.828125,5130.9501953125,40109.23046875
33500,동성화인텍,993.0,5816.0,13.75,2.35,1.83,17.073590096286107,20240305,11590.0,73771.0,29989494.0,-1.11,2649.39990234375,866.3699951171875,15939.58984375,38585.19140625,5078.64990234375,40097.62890625
33500,동성화인텍,993.0,5816.0,13.75,2.35,1.83,17.073590096286107,20240306,11600.0,58638.0,29989494.0,0.09,2641.489990234375,870.6699829101562,16031.5400390625,38661.05078125,5104.759765625,40090.78125
33500,동성화인텍,993.0,5816.0,13.75,2.35,1.83,17.073590096286107,20240307,11570.0,59092.0,29989494.0,-0.26,2647.6201171875,863.3699951171875,16273.3798828125,38791.3515625,5157.35986328125,39598.7109375
33500,동성화인텍,993.0,5816.0,13.75,2.35,1.83,17.073590096286107,20240308,11450.0,109664.0,29989494.0,-1.04,2680.35009765625,873.1799926757812,16085.1103515625,38722.69140625,5123.68994140625,39688.94140625
