종목코드,종목명,EPS,BPS,PER,PBR,배당수익률,ROE,날짜,종가,거래량,상장주식수,등락률,KOSPI,KOSDAQ,NASDAQ,Dow Jones,S&P 500,Nikkei
49770,동원F&B,5641.0,50436.0,7.36,0.82,1.93,11.18447140931081,20240304,31250.0,21278.0,19295620.0,-1.88,2674.27001953125,872.969970703125,16207.509765625,38989.828125,5130.9501953125,40109.23046875
49770,동원F&B,5641.0,50436.0,7.36,0.82,1.93,11.18447140931081,20240305,31850.0,5429.0,19295620.0,1.92,2649.39990234375,866.3699951171875,15939.58984375,38585.19140625,5078.64990234375,40097.62890625
49770,동원F&B,5641.0,50436.0,7.36,0.82,1.93,11.18447140931081,20240306,31650.0,13953.0,19295620.0,-0.63,2641.489990234375,870.6699829101562,16031.5400390625,38661.05078125,5104.759765625,40090.78125
49770,동원F&B,5641.0,50436.0,7.36,0.82,1.93,11.18447140931081,20240307,31400.0,8030.0,19295620.0,-0.79,2647.6201171875,863.3699951171875,16273.3798828125,38791.3515625,5157.35986328125,39598.7109375
49770,동원F&B,5641.0,50436.0,7.36,0.82,1.93,11.18447140931081,20240308,31200.0,11308.0,19295620.0,-0.64,2680.35009765625,873.1799926757812,16085.1103515625,38722.69140625,5123.68994140625,39688.94140625
