종목코드,종목명,EPS,BPS,PER,PBR,배당수익률,ROE,날짜,종가,거래량,상장주식수,등락률,KOSPI,KOSDAQ,NASDAQ,Dow Jones,S&P 500,Nikkei
20,동화약품,991.0,13413.0,8.36,0.62,2.17,7.388354581376277,20240304,9740.0,36414.0,27931470.0,0.21,2674.27001953125,872.969970703125,16207.509765625,38989.828125,5130.9501953125,40109.23046875
20,동화약품,991.0,13413.0,8.36,0.62,2.17,7.388354581376277,20240305,9720.0,35992.0,27931470.0,-0.21,2649.39990234375,866.3699951171875,15939.58984375,38585.19140625,5078.64990234375,40097.62890625
20,동화약품,991.0,13413.0,8.36,0.62,2.17,7.388354581376277,20240306,9720.0,95288.0,27931470.0,0.0,2641.489990234375,870.6699829101562,16031.5400390625,38661.05078125,5104.759765625,40090.78125
20,동화약품,991.0,13413.0,8.36,0.62,2.17,7.388354581376277,20240307,9550.0,99042.0,27931470.0,-1.75,2647.6201171875,863.3699951171875,16273.3798828125,38791.3515625,5157.35986328125,39598.7109375
20,동화약품,991.0,13413.0,8.36,0.62,2.17,7.388354581376277,20240308,9530.0,53075.0,27931470.0,-0.21,2680.35009765625,873.1799926757812,16085.1103515625,38722.69140625,5123.68994140625,39688.94140625
