종목코드,종목명,EPS,BPS,PER,PBR,배당수익률,ROE,날짜,종가,거래량,상장주식수,등락률,KOSPI,KOSDAQ,NASDAQ,Dow Jones,S&P 500,Nikkei
16740,두올,668.0,6856.0,4.93,0.48,3.65,9.74329054842474,20240304,3765.0,351324.0,33066680.0,-2.59,2674.27001953125,872.969970703125,16207.509765625,38989.828125,5130.9501953125,40109.23046875
16740,두올,668.0,6856.0,4.93,0.48,3.65,9.74329054842474,20240305,3730.0,130965.0,33066680.0,-0.93,2649.39990234375,866.3699951171875,15939.58984375,38585.19140625,5078.64990234375,40097.62890625
16740,두올,668.0,6856.0,4.93,0.48,3.65,9.74329054842474,20240306,3740.0,132972.0,33066680.0,0.27,2641.489990234375,870.6699829101562,16031.5400390625,38661.05078125,5104.759765625,40090.78125
16740,두올,668.0,6856.0,4.93,0.48,3.65,9.74329054842474,20240307,3685.0,135047.0,33066680.0,-1.47,2647.6201171875,863.3699951171875,16273.3798828125,38791.3515625,5157.35986328125,39598.7109375
16740,두올,668.0,6856.0,4.93,0.48,3.65,9.74329054842474,20240308,3715.0,104559.0,33066680.0,0.81,2680.35009765625,873.1799926757812,16085.1103515625,38722.69140625,5123.68994140625,39688.94140625
