종목코드,종목명,EPS,BPS,PER,PBR,배당수익률,ROE,날짜,종가,거래량,상장주식수,등락률,KOSPI,KOSDAQ,NASDAQ,Dow Jones,S&P 500,Nikkei
131970,두산테스나,2853.0,20981.0,13.46,1.83,0.42,13.598017253705732,20240304,43400.0,223197.0,17006566.0,1.64,2674.27001953125,872.969970703125,16207.509765625,38989.828125,5130.9501953125,40109.23046875
131970,두산테스나,2853.0,20981.0,13.46,1.83,0.42,13.598017253705732,20240305,42200.0,256257.0,17006566.0,-2.76,2649.39990234375,866.3699951171875,15939.58984375,38585.19140625,5078.64990234375,40097.62890625
131970,두산테스나,2853.0,20981.0,13.46,1.83,0.42,13.598017253705732,20240306,44350.0,354731.0,17006566.0,5.09,2641.489990234375,870.6699829101562,16031.5400390625,38661.05078125,5104.759765625,40090.78125
131970,두산테스나,2853.0,20981.0,13.46,1.83,0.42,13.598017253705732,20240307,42850.0,250050.0,17006566.0,-3.38,2647.6201171875,863.3699951171875,16273.3798828125,38791.3515625,5157.35986328125,39598.7109375
131970,두산테스나,2853.0,20981.0,13.46,1.83,0.42,13.598017253705732,20240308,44000.0,489843.0,17006566.0,2.68,2680.35009765625,873.1799926757812,16085.1103515625,38722.69140625,5123.68994140625,39688.94140625
