종목코드,종목명,EPS,BPS,PER,PBR,배당수익률,ROE,날짜,종가,거래량,상장주식수,등락률,KOSPI,KOSDAQ,NASDAQ,Dow Jones,S&P 500,Nikkei
34020,두산에너빌리티,87.0,11113.0,213.33,1.67,0.0,0.7828669126248538,20240304,15770.0,3110647.0,640561146.0,-2.89,2674.27001953125,872.969970703125,16207.509765625,38989.828125,5130.9501953125,40109.23046875
34020,두산에너빌리티,87.0,11113.0,213.33,1.67,0.0,0.7828669126248538,20240305,15460.0,2319953.0,640561146.0,-1.97,2649.39990234375,866.3699951171875,15939.58984375,38585.19140625,5078.64990234375,40097.62890625
34020,두산에너빌리티,87.0,11113.0,213.33,1.67,0.0,0.7828669126248538,20240306,15630.0,1752227.0,640561146.0,1.1,2641.489990234375,870.6699829101562,16031.5400390625,38661.05078125,5104.759765625,40090.78125
34020,두산에너빌리티,87.0,11113.0,213.33,1.67,0.0,0.7828669126248538,20240307,15580.0,1401354.0,640561146.0,-0.32,2647.6201171875,863.3699951171875,16273.3798828125,38791.3515625,5157.35986328125,39598.7109375
34020,두산에너빌리티,87.0,11113.0,213.33,1.67,0.0,0.7828669126248538,20240308,15860.0,2084140.0,640561146.0,1.8,2680.35009765625,873.1799926757812,16085.1103515625,38722.69140625,5123.68994140625,39688.94140625
