종목코드,종목명,EPS,BPS,PER,PBR,배당수익률,ROE,날짜,종가,거래량,상장주식수,등락률,KOSPI,KOSDAQ,NASDAQ,Dow Jones,S&P 500,Nikkei
310870,디와이씨,213.0,2465.0,5.84,0.5,2.01,8.640973630831644,20240304,1635.0,44623.0,20687271.0,-0.24,2674.27001953125,872.969970703125,16207.509765625,38989.828125,5130.9501953125,40109.23046875
310870,디와이씨,213.0,2465.0,5.84,0.5,2.01,8.640973630831644,20240305,1589.0,63962.0,20687271.0,-2.81,2649.39990234375,866.3699951171875,15939.58984375,38585.19140625,5078.64990234375,40097.62890625
310870,디와이씨,213.0,2465.0,5.84,0.5,2.01,8.640973630831644,20240306,1588.0,43275.0,20687271.0,-0.06,2641.489990234375,870.6699829101562,16031.5400390625,38661.05078125,5104.759765625,40090.78125
310870,디와이씨,213.0,2465.0,5.84,0.5,2.01,8.640973630831644,20240307,1573.0,79734.0,20687271.0,-0.94,2647.6201171875,863.3699951171875,16273.3798828125,38791.3515625,5157.35986328125,39598.7109375
310870,디와이씨,213.0,2465.0,5.84,0.5,2.01,8.640973630831644,20240308,1570.0,42288.0,20687271.0,-0.19,2680.35009765625,873.1799926757812,16085.1103515625,38722.69140625,5123.68994140625,39688.94140625
