종목코드,종목명,EPS,BPS,PER,PBR,배당수익률,ROE,날짜,종가,거래량,상장주식수,등락률,KOSPI,KOSDAQ,NASDAQ,Dow Jones,S&P 500,Nikkei
109740,디에스케이,125.0,5146.0,49.12,1.19,0.0,2.4290711232024877,20240304,5260.0,17407.0,27024910.0,-0.57,2674.27001953125,872.969970703125,16207.509765625,38989.828125,5130.9501953125,40109.23046875
109740,디에스케이,125.0,5146.0,49.12,1.19,0.0,2.4290711232024877,20240305,5620.0,202981.0,27024910.0,6.84,2649.39990234375,866.3699951171875,15939.58984375,38585.19140625,5078.64990234375,40097.62890625
109740,디에스케이,125.0,5146.0,49.12,1.19,0.0,2.4290711232024877,20240306,5560.0,43992.0,27024910.0,-1.07,2641.489990234375,870.6699829101562,16031.5400390625,38661.05078125,5104.759765625,40090.78125
109740,디에스케이,125.0,5146.0,49.12,1.19,0.0,2.4290711232024877,20240307,5550.0,31375.0,27024910.0,-0.18,2647.6201171875,863.3699951171875,16273.3798828125,38791.3515625,5157.35986328125,39598.7109375
109740,디에스케이,125.0,5146.0,49.12,1.19,0.0,2.4290711232024877,20240308,5600.0,37326.0,27024910.0,0.9,2680.35009765625,873.1799926757812,16085.1103515625,38722.69140625,5123.68994140625,39688.94140625
