종목코드,종목명,EPS,BPS,PER,PBR,배당수익률,ROE,날짜,종가,거래량,상장주식수,등락률,KOSPI,KOSDAQ,NASDAQ,Dow Jones,S&P 500,Nikkei
39840,디오,227.0,13386.0,84.27,1.43,0.0,1.6958015837442104,20240304,20250.0,59768.0,15881755.0,-4.03,2674.27001953125,872.969970703125,16207.509765625,38989.828125,5130.9501953125,40109.23046875
39840,디오,227.0,13386.0,84.27,1.43,0.0,1.6958015837442104,20240305,20400.0,79725.0,15881755.0,0.74,2649.39990234375,866.3699951171875,15939.58984375,38585.19140625,5078.64990234375,40097.62890625
39840,디오,227.0,13386.0,84.27,1.43,0.0,1.6958015837442104,20240306,21500.0,249383.0,15881755.0,5.39,2641.489990234375,870.6699829101562,16031.5400390625,38661.05078125,5104.759765625,40090.78125
39840,디오,227.0,13386.0,84.27,1.43,0.0,1.6958015837442104,20240307,20300.0,185044.0,15881755.0,-5.58,2647.6201171875,863.3699951171875,16273.3798828125,38791.3515625,5157.35986328125,39598.7109375
39840,디오,227.0,13386.0,84.27,1.43,0.0,1.6958015837442104,20240308,21400.0,128206.0,15881755.0,5.42,2680.35009765625,873.1799926757812,16085.1103515625,38722.69140625,5123.68994140625,39688.94140625
