종목코드,종목명,EPS,BPS,PER,PBR,배당수익률,ROE,날짜,종가,거래량,상장주식수,등락률,KOSPI,KOSDAQ,NASDAQ,Dow Jones,S&P 500,Nikkei
263020,디케이앤디,460.0,4435.0,6.65,0.69,1.63,10.372040586245772,20240304,2885.0,30906.0,15376404.0,-0.52,2674.27001953125,872.969970703125,16207.509765625,38989.828125,5130.9501953125,40109.23046875
263020,디케이앤디,460.0,4435.0,6.65,0.69,1.63,10.372040586245772,20240305,2885.0,49281.0,15376404.0,0.0,2649.39990234375,866.3699951171875,15939.58984375,38585.19140625,5078.64990234375,40097.62890625
263020,디케이앤디,460.0,4435.0,6.65,0.69,1.63,10.372040586245772,20240306,2885.0,30906.0,15376404.0,0.0,2641.489990234375,870.6699829101562,16031.5400390625,38661.05078125,5104.759765625,40090.78125
263020,디케이앤디,460.0,4435.0,6.65,0.69,1.63,10.372040586245772,20240307,2860.0,43887.0,15376404.0,-0.87,2647.6201171875,863.3699951171875,16273.3798828125,38791.3515625,5157.35986328125,39598.7109375
263020,디케이앤디,460.0,4435.0,6.65,0.69,1.63,10.372040586245772,20240308,2890.0,35078.0,15069831.0,1.05,2680.35009765625,873.1799926757812,16085.1103515625,38722.69140625,5123.68994140625,39688.94140625
