종목코드,종목명,EPS,BPS,PER,PBR,배당수익률,ROE,날짜,종가,거래량,상장주식수,등락률,KOSPI,KOSDAQ,NASDAQ,Dow Jones,S&P 500,Nikkei
263690,디알젬,834.0,7200.0,9.71,1.13,2.22,11.583333333333332,20240304,10290.0,7219.0,11325610.0,-0.19,2674.27001953125,872.969970703125,16207.509765625,38989.828125,5130.9501953125,40109.23046875
263690,디알젬,834.0,7200.0,9.71,1.13,2.22,11.583333333333332,20240305,10380.0,8183.0,11325610.0,0.87,2649.39990234375,866.3699951171875,15939.58984375,38585.19140625,5078.64990234375,40097.62890625
263690,디알젬,834.0,7200.0,9.71,1.13,2.22,11.583333333333332,20240306,10350.0,4055.0,11325610.0,-0.29,2641.489990234375,870.6699829101562,16031.5400390625,38661.05078125,5104.759765625,40090.78125
263690,디알젬,834.0,7200.0,9.71,1.13,2.22,11.583333333333332,20240307,10160.0,8572.0,11325610.0,-1.84,2647.6201171875,863.3699951171875,16273.3798828125,38791.3515625,5157.35986328125,39598.7109375
263690,디알젬,834.0,7200.0,9.71,1.13,2.22,11.583333333333332,20240308,10190.0,5952.0,11325610.0,0.3,2680.35009765625,873.1799926757812,16085.1103515625,38722.69140625,5123.68994140625,39688.94140625
