종목코드,종목명,EPS,BPS,PER,PBR,배당수익률,ROE,날짜,종가,거래량,상장주식수,등락률,KOSPI,KOSDAQ,NASDAQ,Dow Jones,S&P 500,Nikkei
290550,디케이티,248.0,7094.0,44.96,1.57,0.0,3.495912038342261,20240304,9200.0,89787.0,18668371.0,-1.92,2674.27001953125,872.969970703125,16207.509765625,38989.828125,5130.9501953125,40109.23046875
290550,디케이티,248.0,7094.0,44.96,1.57,0.0,3.495912038342261,20240305,9250.0,67589.0,18668371.0,0.54,2649.39990234375,866.3699951171875,15939.58984375,38585.19140625,5078.64990234375,40097.62890625
290550,디케이티,248.0,7094.0,44.96,1.57,0.0,3.495912038342261,20240306,9230.0,57650.0,18668371.0,-0.22,2641.489990234375,870.6699829101562,16031.5400390625,38661.05078125,5104.759765625,40090.78125
290550,디케이티,248.0,7094.0,44.96,1.57,0.0,3.495912038342261,20240307,9000.0,32462.0,18668371.0,-2.49,2647.6201171875,863.3699951171875,16273.3798828125,38791.3515625,5157.35986328125,39598.7109375
290550,디케이티,248.0,7094.0,44.96,1.57,0.0,3.495912038342261,20240308,8820.0,75111.0,18668371.0,-2.0,2680.35009765625,873.1799926757812,16085.1103515625,38722.69140625,5123.68994140625,39688.94140625
