종목코드,종목명,EPS,BPS,PER,PBR,배당수익률,ROE,날짜,종가,거래량,상장주식수,등락률,KOSPI,KOSDAQ,NASDAQ,Dow Jones,S&P 500,Nikkei
13570,디와이,737.0,14212.0,6.97,0.36,2.92,5.185758513931889,20240304,6180.0,178600.0,26319633.0,-0.48,2674.27001953125,872.969970703125,16207.509765625,38989.828125,5130.9501953125,40109.23046875
13570,디와이,737.0,14212.0,6.97,0.36,2.92,5.185758513931889,20240305,6100.0,207670.0,26319633.0,-1.29,2649.39990234375,866.3699951171875,15939.58984375,38585.19140625,5078.64990234375,40097.62890625
13570,디와이,737.0,14212.0,6.97,0.36,2.92,5.185758513931889,20240306,6100.0,124374.0,26319633.0,0.0,2641.489990234375,870.6699829101562,16031.5400390625,38661.05078125,5104.759765625,40090.78125
13570,디와이,737.0,14212.0,6.97,0.36,2.92,5.185758513931889,20240307,6020.0,133275.0,26319633.0,-1.31,2647.6201171875,863.3699951171875,16273.3798828125,38791.3515625,5157.35986328125,39598.7109375
13570,디와이,737.0,14212.0,6.97,0.36,2.92,5.185758513931889,20240308,6010.0,87527.0,26319633.0,-0.17,2680.35009765625,873.1799926757812,16085.1103515625,38722.69140625,5123.68994140625,39688.94140625
