종목코드,종목명,EPS,BPS,PER,PBR,배당수익률,ROE,날짜,종가,거래량,상장주식수,등락률,KOSPI,KOSDAQ,NASDAQ,Dow Jones,S&P 500,Nikkei
171120,라이온켐텍,197.0,3605.0,12.23,0.67,4.15,5.464632454923717,20240304,3315.0,42118.0,35901760.0,-0.3,2674.27001953125,872.969970703125,16207.509765625,38989.828125,5130.9501953125,40109.23046875
171120,라이온켐텍,197.0,3605.0,12.23,0.67,4.15,5.464632454923717,20240305,3305.0,30655.0,35901760.0,-0.3,2649.39990234375,866.3699951171875,15939.58984375,38585.19140625,5078.64990234375,40097.62890625
171120,라이온켐텍,197.0,3605.0,12.23,0.67,4.15,5.464632454923717,20240306,3280.0,38538.0,35901760.0,-0.76,2641.489990234375,870.6699829101562,16031.5400390625,38661.05078125,5104.759765625,40090.78125
171120,라이온켐텍,197.0,3605.0,12.23,0.67,4.15,5.464632454923717,20240307,3215.0,76329.0,35901760.0,-1.98,2647.6201171875,863.3699951171875,16273.3798828125,38791.3515625,5157.35986328125,39598.7109375
171120,라이온켐텍,197.0,3605.0,12.23,0.67,4.15,5.464632454923717,20240308,3260.0,63572.0,35901760.0,1.4,2680.35009765625,873.1799926757812,16085.1103515625,38722.69140625,5123.68994140625,39688.94140625
