종목코드,종목명,EPS,BPS,PER,PBR,배당수익률,ROE,날짜,종가,거래량,상장주식수,등락률,KOSPI,KOSDAQ,NASDAQ,Dow Jones,S&P 500,Nikkei
232680,라온테크,187.0,2254.0,44.28,3.67,0.36,8.296362023070097,20240304,9380.0,47390.0,12534234.0,1.3,2674.27001953125,872.969970703125,16207.509765625,38989.828125,5130.9501953125,40109.23046875
232680,라온테크,187.0,2254.0,44.28,3.67,0.36,8.296362023070097,20240305,9280.0,36979.0,12534234.0,-1.07,2649.39990234375,866.3699951171875,15939.58984375,38585.19140625,5078.64990234375,40097.62890625
232680,라온테크,187.0,2254.0,44.28,3.67,0.36,8.296362023070097,20240306,9220.0,36303.0,12534234.0,-0.65,2641.489990234375,870.6699829101562,16031.5400390625,38661.05078125,5104.759765625,40090.78125
232680,라온테크,187.0,2254.0,44.28,3.67,0.36,8.296362023070097,20240307,9120.0,35169.0,12534234.0,-1.08,2647.6201171875,863.3699951171875,16273.3798828125,38791.3515625,5157.35986328125,39598.7109375
232680,라온테크,187.0,2254.0,44.28,3.67,0.36,8.296362023070097,20240308,9120.0,49113.0,12534234.0,0.0,2680.35009765625,873.1799926757812,16085.1103515625,38722.69140625,5123.68994140625,39688.94140625
