종목코드,종목명,EPS,BPS,PER,PBR,배당수익률,ROE,날짜,종가,거래량,상장주식수,등락률,KOSPI,KOSDAQ,NASDAQ,Dow Jones,S&P 500,Nikkei
199550,레이저옵텍,2.0,1997.0,4500.0,4.51,0.0,0.1001502253380069,20240304,13070.0,11586780.0,11392833.0,0.23,2674.27001953125,872.969970703125,16207.509765625,38989.828125,5130.9501953125,40109.23046875
199550,레이저옵텍,2.0,1997.0,4500.0,4.51,0.0,0.1001502253380069,20240305,12000.0,4525523.0,11392833.0,-8.19,2649.39990234375,866.3699951171875,15939.58984375,38585.19140625,5078.64990234375,40097.62890625
199550,레이저옵텍,2.0,1997.0,4500.0,4.51,0.0,0.1001502253380069,20240306,11930.0,4929691.0,11392833.0,-0.58,2641.489990234375,870.6699829101562,16031.5400390625,38661.05078125,5104.759765625,40090.78125
199550,레이저옵텍,2.0,1997.0,4500.0,4.51,0.0,0.1001502253380069,20240307,11910.0,2325500.0,11392833.0,-0.17,2647.6201171875,863.3699951171875,16273.3798828125,38791.3515625,5157.35986328125,39598.7109375
199550,레이저옵텍,2.0,1997.0,4500.0,4.51,0.0,0.1001502253380069,20240308,11260.0,928228.0,11392833.0,-5.46,2680.35009765625,873.1799926757812,16085.1103515625,38722.69140625,5123.68994140625,39688.94140625
