종목코드,종목명,EPS,BPS,PER,PBR,배당수익률,ROE,날짜,종가,거래량,상장주식수,등락률,KOSPI,KOSDAQ,NASDAQ,Dow Jones,S&P 500,Nikkei
228850,레이언스,1246.0,15265.0,6.32,0.52,1.27,8.162463150999018,20240304,9130.0,16355.0,16591014.0,-0.22,2674.27001953125,872.969970703125,16207.509765625,38989.828125,5130.9501953125,40109.23046875
228850,레이언스,1246.0,15265.0,6.32,0.52,1.27,8.162463150999018,20240305,9100.0,21880.0,16591014.0,-0.33,2649.39990234375,866.3699951171875,15939.58984375,38585.19140625,5078.64990234375,40097.62890625
228850,레이언스,1246.0,15265.0,6.32,0.52,1.27,8.162463150999018,20240306,9090.0,5218.0,16591014.0,-0.11,2641.489990234375,870.6699829101562,16031.5400390625,38661.05078125,5104.759765625,40090.78125
228850,레이언스,1246.0,15265.0,6.32,0.52,1.27,8.162463150999018,20240307,9130.0,6128.0,16591014.0,0.44,2647.6201171875,863.3699951171875,16273.3798828125,38791.3515625,5157.35986328125,39598.7109375
228850,레이언스,1246.0,15265.0,6.32,0.52,1.27,8.162463150999018,20240308,9080.0,18718.0,16591014.0,-0.55,2680.35009765625,873.1799926757812,16085.1103515625,38722.69140625,5123.68994140625,39688.94140625
