종목코드,종목명,EPS,BPS,PER,PBR,배당수익률,ROE,날짜,종가,거래량,상장주식수,등락률,KOSPI,KOSDAQ,NASDAQ,Dow Jones,S&P 500,Nikkei
38060,루멘스,85.0,2080.0,13.18,0.54,0.0,4.086538461538462,20240304,1133.0,97431.0,48103069.0,2.16,2674.27001953125,872.969970703125,16207.509765625,38989.828125,5130.9501953125,40109.23046875
38060,루멘스,85.0,2080.0,13.18,0.54,0.0,4.086538461538462,20240305,1125.0,54951.0,48103069.0,-0.71,2649.39990234375,866.3699951171875,15939.58984375,38585.19140625,5078.64990234375,40097.62890625
38060,루멘스,85.0,2080.0,13.18,0.54,0.0,4.086538461538462,20240306,1126.0,87250.0,48103069.0,0.09,2641.489990234375,870.6699829101562,16031.5400390625,38661.05078125,5104.759765625,40090.78125
38060,루멘스,85.0,2080.0,13.18,0.54,0.0,4.086538461538462,20240307,1116.0,221708.0,48103069.0,-0.89,2647.6201171875,863.3699951171875,16273.3798828125,38791.3515625,5157.35986328125,39598.7109375
38060,루멘스,85.0,2080.0,13.18,0.54,0.0,4.086538461538462,20240308,1109.0,93266.0,48103069.0,-0.63,2680.35009765625,873.1799926757812,16085.1103515625,38722.69140625,5123.68994140625,39688.94140625
