종목코드,종목명,EPS,BPS,PER,PBR,배당수익률,ROE,날짜,종가,거래량,상장주식수,등락률,KOSPI,KOSDAQ,NASDAQ,Dow Jones,S&P 500,Nikkei
12700,리드코프,351.0,16422.0,13.69,0.29,4.16,2.137376689806357,20240304,5900.0,41732.0,26446135.0,-0.84,2674.27001953125,872.969970703125,16207.509765625,38989.828125,5130.9501953125,40109.23046875
12700,리드코프,351.0,16422.0,13.69,0.29,4.16,2.137376689806357,20240305,5820.0,42802.0,26446135.0,-1.36,2649.39990234375,866.3699951171875,15939.58984375,38585.19140625,5078.64990234375,40097.62890625
12700,리드코프,351.0,16422.0,13.69,0.29,4.16,2.137376689806357,20240306,5780.0,54303.0,26446135.0,-0.69,2641.489990234375,870.6699829101562,16031.5400390625,38661.05078125,5104.759765625,40090.78125
12700,리드코프,351.0,16422.0,13.69,0.29,4.16,2.137376689806357,20240307,5760.0,48228.0,26446135.0,-0.35,2647.6201171875,863.3699951171875,16273.3798828125,38791.3515625,5157.35986328125,39598.7109375
12700,리드코프,351.0,16422.0,13.69,0.29,4.16,2.137376689806357,20240308,5600.0,91145.0,26446135.0,-2.78,2680.35009765625,873.1799926757812,16085.1103515625,38722.69140625,5123.68994140625,39688.94140625
