종목코드,종목명,EPS,BPS,PER,PBR,배당수익률,ROE,날짜,종가,거래량,상장주식수,등락률,KOSPI,KOSDAQ,NASDAQ,Dow Jones,S&P 500,Nikkei
439090,마녀공장,749.0,5925.0,34.85,4.41,0.0,12.641350210970463,20240304,21150.0,141594.0,16378260.0,-0.24,2674.27001953125,872.969970703125,16207.509765625,38989.828125,5130.9501953125,40109.23046875
439090,마녀공장,749.0,5925.0,34.85,4.41,0.0,12.641350210970463,20240305,20850.0,128933.0,16378260.0,-1.42,2649.39990234375,866.3699951171875,15939.58984375,38585.19140625,5078.64990234375,40097.62890625
439090,마녀공장,749.0,5925.0,34.85,4.41,0.0,12.641350210970463,20240306,20400.0,172065.0,16378260.0,-2.16,2641.489990234375,870.6699829101562,16031.5400390625,38661.05078125,5104.759765625,40090.78125
439090,마녀공장,749.0,5925.0,34.85,4.41,0.0,12.641350210970463,20240307,19950.0,195997.0,16378260.0,-2.21,2647.6201171875,863.3699951171875,16273.3798828125,38791.3515625,5157.35986328125,39598.7109375
439090,마녀공장,749.0,5925.0,34.85,4.41,0.0,12.641350210970463,20240308,20150.0,97671.0,16378260.0,1.0,2680.35009765625,873.1799926757812,16085.1103515625,38722.69140625,5123.68994140625,39688.94140625
