종목코드,종목명,EPS,BPS,PER,PBR,배당수익률,ROE,날짜,종가,거래량,상장주식수,등락률,KOSPI,KOSDAQ,NASDAQ,Dow Jones,S&P 500,Nikkei
305090,마이크로디지탈,38.0,555.0,295.53,20.23,0.0,6.846846846846846,20240304,5600.0,156609.0,15636664.0,-3.45,2674.27001953125,872.969970703125,16207.509765625,38989.828125,5130.9501953125,40109.23046875
305090,마이크로디지탈,38.0,555.0,295.53,20.23,0.0,6.846846846846846,20240305,5390.0,58248.0,15636664.0,-3.75,2649.39990234375,866.3699951171875,15939.58984375,38585.19140625,5078.64990234375,40097.62890625
305090,마이크로디지탈,38.0,555.0,295.53,20.23,0.0,6.846846846846846,20240306,5270.0,129403.0,15636664.0,-2.23,2641.489990234375,870.6699829101562,16031.5400390625,38661.05078125,5104.759765625,40090.78125
305090,마이크로디지탈,38.0,555.0,295.53,20.23,0.0,6.846846846846846,20240307,4915.0,215605.0,15636664.0,-6.74,2647.6201171875,863.3699951171875,16273.3798828125,38791.3515625,5157.35986328125,39598.7109375
305090,마이크로디지탈,38.0,555.0,295.53,20.23,0.0,6.846846846846846,20240308,5430.0,143393.0,15636664.0,10.48,2680.35009765625,873.1799926757812,16085.1103515625,38722.69140625,5123.68994140625,39688.94140625
