종목코드,종목명,EPS,BPS,PER,PBR,배당수익률,ROE,날짜,종가,거래량,상장주식수,등락률,KOSPI,KOSDAQ,NASDAQ,Dow Jones,S&P 500,Nikkei
93520,매커스,1878.0,9952.0,5.07,0.96,1.58,18.870578778135048,20240304,17770.0,978780.0,16163092.0,3.86,2674.27001953125,872.969970703125,16207.509765625,38989.828125,5130.9501953125,40109.23046875
93520,매커스,1878.0,9952.0,5.07,0.96,1.58,18.870578778135048,20240305,17240.0,345934.0,16163092.0,-2.98,2649.39990234375,866.3699951171875,15939.58984375,38585.19140625,5078.64990234375,40097.62890625
93520,매커스,1878.0,9952.0,5.07,0.96,1.58,18.870578778135048,20240306,17320.0,441255.0,16163092.0,0.46,2641.489990234375,870.6699829101562,16031.5400390625,38661.05078125,5104.759765625,40090.78125
93520,매커스,1878.0,9952.0,5.07,0.96,1.58,18.870578778135048,20240307,17130.0,1386037.0,16163092.0,-1.1,2647.6201171875,863.3699951171875,16273.3798828125,38791.3515625,5157.35986328125,39598.7109375
93520,매커스,1878.0,9952.0,5.07,0.96,1.58,18.870578778135048,20240308,17310.0,900989.0,16163092.0,1.05,2680.35009765625,873.1799926757812,16085.1103515625,38722.69140625,5123.68994140625,39688.94140625
