종목코드,종목명,EPS,BPS,PER,PBR,배당수익률,ROE,날짜,종가,거래량,상장주식수,등락률,KOSPI,KOSDAQ,NASDAQ,Dow Jones,S&P 500,Nikkei
100590,머큐리,216.0,6249.0,18.01,0.62,0.0,3.456553048487758,20240304,5320.0,69640.0,15830023.0,0.95,2674.27001953125,872.969970703125,16207.509765625,38989.828125,5130.9501953125,40109.23046875
100590,머큐리,216.0,6249.0,18.01,0.62,0.0,3.456553048487758,20240305,5220.0,104668.0,15830023.0,-1.88,2649.39990234375,866.3699951171875,15939.58984375,38585.19140625,5078.64990234375,40097.62890625
100590,머큐리,216.0,6249.0,18.01,0.62,0.0,3.456553048487758,20240306,5220.0,60819.0,15830023.0,0.0,2641.489990234375,870.6699829101562,16031.5400390625,38661.05078125,5104.759765625,40090.78125
100590,머큐리,216.0,6249.0,18.01,0.62,0.0,3.456553048487758,20240307,5130.0,138337.0,15830023.0,-1.72,2647.6201171875,863.3699951171875,16273.3798828125,38791.3515625,5157.35986328125,39598.7109375
100590,머큐리,216.0,6249.0,18.01,0.62,0.0,3.456553048487758,20240308,5060.0,90939.0,15830023.0,-1.36,2680.35009765625,873.1799926757812,16085.1103515625,38722.69140625,5123.68994140625,39688.94140625
