종목코드,종목명,EPS,BPS,PER,PBR,배당수익률,ROE,날짜,종가,거래량,상장주식수,등락률,KOSPI,KOSDAQ,NASDAQ,Dow Jones,S&P 500,Nikkei
215200,메가스터디교육,8118.0,41175.0,6.22,1.23,3.96,19.71584699453552,20240304,63900.0,42161.0,11694474.0,3.06,2674.27001953125,872.969970703125,16207.509765625,38989.828125,5130.9501953125,40109.23046875
215200,메가스터디교육,8118.0,41175.0,6.22,1.23,3.96,19.71584699453552,20240305,63600.0,46783.0,11694474.0,-0.47,2649.39990234375,866.3699951171875,15939.58984375,38585.19140625,5078.64990234375,40097.62890625
215200,메가스터디교육,8118.0,41175.0,6.22,1.23,3.96,19.71584699453552,20240306,63300.0,31173.0,11694474.0,-0.47,2641.489990234375,870.6699829101562,16031.5400390625,38661.05078125,5104.759765625,40090.78125
215200,메가스터디교육,8118.0,41175.0,6.22,1.23,3.96,19.71584699453552,20240307,62000.0,42817.0,11694474.0,-2.05,2647.6201171875,863.3699951171875,16273.3798828125,38791.3515625,5157.35986328125,39598.7109375
215200,메가스터디교육,8118.0,41175.0,6.22,1.23,3.96,19.71584699453552,20240308,62600.0,23936.0,11694474.0,0.97,2680.35009765625,873.1799926757812,16085.1103515625,38722.69140625,5123.68994140625,39688.94140625
