종목코드,종목명,EPS,BPS,PER,PBR,배당수익률,ROE,날짜,종가,거래량,상장주식수,등락률,KOSPI,KOSDAQ,NASDAQ,Dow Jones,S&P 500,Nikkei
9900,명신산업,2909.0,10199.0,4.5,1.28,0.76,28.52240415727032,20240304,16100.0,174781.0,52470133.0,-0.06,2674.27001953125,872.969970703125,16207.509765625,38989.828125,5130.9501953125,40109.23046875
9900,명신산업,2909.0,10199.0,4.5,1.28,0.76,28.52240415727032,20240305,15660.0,378224.0,52470133.0,-2.73,2649.39990234375,866.3699951171875,15939.58984375,38585.19140625,5078.64990234375,40097.62890625
9900,명신산업,2909.0,10199.0,4.5,1.28,0.76,28.52240415727032,20240306,15480.0,243004.0,52470133.0,-1.15,2641.489990234375,870.6699829101562,16031.5400390625,38661.05078125,5104.759765625,40090.78125
9900,명신산업,2909.0,10199.0,4.5,1.28,0.76,28.52240415727032,20240307,15160.0,268475.0,52470133.0,-2.07,2647.6201171875,863.3699951171875,16273.3798828125,38791.3515625,5157.35986328125,39598.7109375
9900,명신산업,2909.0,10199.0,4.5,1.28,0.76,28.52240415727032,20240308,15330.0,154013.0,52470133.0,1.12,2680.35009765625,873.1799926757812,16085.1103515625,38722.69140625,5123.68994140625,39688.94140625
