종목코드,종목명,EPS,BPS,PER,PBR,배당수익률,ROE,날짜,종가,거래량,상장주식수,등락률,KOSPI,KOSDAQ,NASDAQ,Dow Jones,S&P 500,Nikkei
101330,모베이스,687.0,13907.0,5.23,0.26,1.95,4.939958294384123,20240304,3620.0,113926.0,23147029.0,0.98,2674.27001953125,872.969970703125,16207.509765625,38989.828125,5130.9501953125,40109.23046875
101330,모베이스,687.0,13907.0,5.23,0.26,1.95,4.939958294384123,20240305,3530.0,175106.0,23147029.0,-2.49,2649.39990234375,866.3699951171875,15939.58984375,38585.19140625,5078.64990234375,40097.62890625
101330,모베이스,687.0,13907.0,5.23,0.26,1.95,4.939958294384123,20240306,3520.0,146876.0,23147029.0,-0.28,2641.489990234375,870.6699829101562,16031.5400390625,38661.05078125,5104.759765625,40090.78125
101330,모베이스,687.0,13907.0,5.23,0.26,1.95,4.939958294384123,20240307,3485.0,125727.0,23147029.0,-0.99,2647.6201171875,863.3699951171875,16273.3798828125,38791.3515625,5157.35986328125,39598.7109375
101330,모베이스,687.0,13907.0,5.23,0.26,1.95,4.939958294384123,20240308,3510.0,100833.0,23147029.0,0.72,2680.35009765625,873.1799926757812,16085.1103515625,38722.69140625,5123.68994140625,39688.94140625
