종목코드,종목명,EPS,BPS,PER,PBR,배당수익률,ROE,날짜,종가,거래량,상장주식수,등락률,KOSPI,KOSDAQ,NASDAQ,Dow Jones,S&P 500,Nikkei
417970,모델솔루션,167.0,9618.0,65.57,1.14,0.37,1.7363277188604702,20240304,15000.0,38498.0,6396700.0,-3.16,2674.27001953125,872.969970703125,16207.509765625,38989.828125,5130.9501953125,40109.23046875
417970,모델솔루션,167.0,9618.0,65.57,1.14,0.37,1.7363277188604702,20240305,14670.0,26943.0,6396700.0,-2.2,2649.39990234375,866.3699951171875,15939.58984375,38585.19140625,5078.64990234375,40097.62890625
417970,모델솔루션,167.0,9618.0,65.57,1.14,0.37,1.7363277188604702,20240306,14670.0,12399.0,6396700.0,0.0,2641.489990234375,870.6699829101562,16031.5400390625,38661.05078125,5104.759765625,40090.78125
417970,모델솔루션,167.0,9618.0,65.57,1.14,0.37,1.7363277188604702,20240307,14550.0,12185.0,6396700.0,-0.82,2647.6201171875,863.3699951171875,16273.3798828125,38791.3515625,5157.35986328125,39598.7109375
417970,모델솔루션,167.0,9618.0,65.57,1.14,0.37,1.7363277188604702,20240308,14590.0,7983.0,6396700.0,0.27,2680.35009765625,873.1799926757812,16085.1103515625,38722.69140625,5123.68994140625,39688.94140625
