종목코드,종목명,EPS,BPS,PER,PBR,배당수익률,ROE,날짜,종가,거래량,상장주식수,등락률,KOSPI,KOSDAQ,NASDAQ,Dow Jones,S&P 500,Nikkei
12690,모나리자,250.0,2223.0,12.12,1.36,4.95,11.246063877642824,20240304,2865.0,117681.0,36571255.0,-0.35,2674.27001953125,872.969970703125,16207.509765625,38989.828125,5130.9501953125,40109.23046875
12690,모나리자,250.0,2223.0,12.12,1.36,4.95,11.246063877642824,20240305,2820.0,172047.0,36571255.0,-1.57,2649.39990234375,866.3699951171875,15939.58984375,38585.19140625,5078.64990234375,40097.62890625
12690,모나리자,250.0,2223.0,12.12,1.36,4.95,11.246063877642824,20240306,2820.0,77339.0,36571255.0,0.0,2641.489990234375,870.6699829101562,16031.5400390625,38661.05078125,5104.759765625,40090.78125
12690,모나리자,250.0,2223.0,12.12,1.36,4.95,11.246063877642824,20240307,2735.0,193635.0,36571255.0,-3.01,2647.6201171875,863.3699951171875,16273.3798828125,38791.3515625,5157.35986328125,39598.7109375
12690,모나리자,250.0,2223.0,12.12,1.36,4.95,11.246063877642824,20240308,2820.0,74187.0,36571255.0,3.11,2680.35009765625,873.1799926757812,16085.1103515625,38722.69140625,5123.68994140625,39688.94140625
