종목코드,종목명,EPS,BPS,PER,PBR,배당수익률,ROE,날짜,종가,거래량,상장주식수,등락률,KOSPI,KOSDAQ,NASDAQ,Dow Jones,S&P 500,Nikkei
6920,모헨즈,757.0,3036.0,4.23,1.06,0.0,24.934123847167324,20240304,3885.0,582599.0,10920000.0,-6.5,2674.27001953125,872.969970703125,16207.509765625,38989.828125,5130.9501953125,40109.23046875
6920,모헨즈,757.0,3036.0,4.23,1.06,0.0,24.934123847167324,20240305,3825.0,249153.0,10920000.0,-1.54,2649.39990234375,866.3699951171875,15939.58984375,38585.19140625,5078.64990234375,40097.62890625
6920,모헨즈,757.0,3036.0,4.23,1.06,0.0,24.934123847167324,20240306,3860.0,130113.0,10920000.0,0.92,2641.489990234375,870.6699829101562,16031.5400390625,38661.05078125,5104.759765625,40090.78125
6920,모헨즈,757.0,3036.0,4.23,1.06,0.0,24.934123847167324,20240307,3860.0,132124.0,10920000.0,0.0,2647.6201171875,863.3699951171875,16273.3798828125,38791.3515625,5157.35986328125,39598.7109375
6920,모헨즈,757.0,3036.0,4.23,1.06,0.0,24.934123847167324,20240308,3840.0,81932.0,10920000.0,-0.52,2680.35009765625,873.1799926757812,16085.1103515625,38722.69140625,5123.68994140625,39688.94140625
