종목코드,종목명,EPS,BPS,PER,PBR,배당수익률,ROE,날짜,종가,거래량,상장주식수,등락률,KOSPI,KOSDAQ,NASDAQ,Dow Jones,S&P 500,Nikkei
118990,모트렉스,1330.0,8377.0,8.47,1.35,0.0,15.876805538975766,20240304,15200.0,128787.0,24861990.0,0.86,2674.27001953125,872.969970703125,16207.509765625,38989.828125,5130.9501953125,40109.23046875
118990,모트렉스,1330.0,8377.0,8.47,1.35,0.0,15.876805538975766,20240305,14860.0,173888.0,24861990.0,-2.24,2649.39990234375,866.3699951171875,15939.58984375,38585.19140625,5078.64990234375,40097.62890625
118990,모트렉스,1330.0,8377.0,8.47,1.35,0.0,15.876805538975766,20240306,14700.0,166909.0,24861990.0,-1.08,2641.489990234375,870.6699829101562,16031.5400390625,38661.05078125,5104.759765625,40090.78125
118990,모트렉스,1330.0,8377.0,8.47,1.35,0.0,15.876805538975766,20240307,14420.0,204659.0,24861990.0,-1.9,2647.6201171875,863.3699951171875,16273.3798828125,38791.3515625,5157.35986328125,39598.7109375
118990,모트렉스,1330.0,8377.0,8.47,1.35,0.0,15.876805538975766,20240308,14370.0,145779.0,24861990.0,-0.35,2680.35009765625,873.1799926757812,16085.1103515625,38722.69140625,5123.68994140625,39688.94140625
