종목코드,종목명,EPS,BPS,PER,PBR,배당수익률,ROE,날짜,종가,거래량,상장주식수,등락률,KOSPI,KOSDAQ,NASDAQ,Dow Jones,S&P 500,Nikkei
9680,모토닉,1270.0,20673.0,6.77,0.42,5.23,6.143278672664828,20240304,8360.0,17712.0,33000000.0,1.21,2674.27001953125,872.969970703125,16207.509765625,38989.828125,5130.9501953125,40109.23046875
9680,모토닉,1270.0,20673.0,6.77,0.42,5.23,6.143278672664828,20240305,8330.0,15731.0,33000000.0,-0.36,2649.39990234375,866.3699951171875,15939.58984375,38585.19140625,5078.64990234375,40097.62890625
9680,모토닉,1270.0,20673.0,6.77,0.42,5.23,6.143278672664828,20240306,8320.0,11079.0,33000000.0,-0.12,2641.489990234375,870.6699829101562,16031.5400390625,38661.05078125,5104.759765625,40090.78125
9680,모토닉,1270.0,20673.0,6.77,0.42,5.23,6.143278672664828,20240307,8350.0,13612.0,33000000.0,0.36,2647.6201171875,863.3699951171875,16273.3798828125,38791.3515625,5157.35986328125,39598.7109375
9680,모토닉,1270.0,20673.0,6.77,0.42,5.23,6.143278672664828,20240308,8320.0,15607.0,33000000.0,-0.36,2680.35009765625,873.1799926757812,16085.1103515625,38722.69140625,5123.68994140625,39688.94140625
