종목코드,종목명,EPS,BPS,PER,PBR,배당수익률,ROE,날짜,종가,거래량,상장주식수,등락률,KOSPI,KOSDAQ,NASDAQ,Dow Jones,S&P 500,Nikkei
418470,밀리의서재,2060.0,6881.0,8.16,2.44,0.0,29.93750908298212,20240304,21650.0,219941.0,8388289.0,-2.7,2674.27001953125,872.969970703125,16207.509765625,38989.828125,5130.9501953125,40109.23046875
418470,밀리의서재,2060.0,6881.0,8.16,2.44,0.0,29.93750908298212,20240305,21450.0,207936.0,8388289.0,-0.92,2649.39990234375,866.3699951171875,15939.58984375,38585.19140625,5078.64990234375,40097.62890625
418470,밀리의서재,2060.0,6881.0,8.16,2.44,0.0,29.93750908298212,20240306,20700.0,205328.0,8388289.0,-3.5,2641.489990234375,870.6699829101562,16031.5400390625,38661.05078125,5104.759765625,40090.78125
418470,밀리의서재,2060.0,6881.0,8.16,2.44,0.0,29.93750908298212,20240307,21350.0,228606.0,8388289.0,3.14,2647.6201171875,863.3699951171875,16273.3798828125,38791.3515625,5157.35986328125,39598.7109375
418470,밀리의서재,2060.0,6881.0,8.16,2.44,0.0,29.93750908298212,20240308,22400.0,259376.0,8388289.0,4.92,2680.35009765625,873.1799926757812,16085.1103515625,38722.69140625,5123.68994140625,39688.94140625
