종목코드,종목명,EPS,BPS,PER,PBR,배당수익률,ROE,날짜,종가,거래량,상장주식수,등락률,KOSPI,KOSDAQ,NASDAQ,Dow Jones,S&P 500,Nikkei
206640,바디텍메드,1181.0,8476.0,15.16,2.11,1.12,13.933459178857952,20240304,15700.0,141725.0,23486560.0,-1.51,2674.27001953125,872.969970703125,16207.509765625,38989.828125,5130.9501953125,40109.23046875
206640,바디텍메드,1181.0,8476.0,15.16,2.11,1.12,13.933459178857952,20240305,15340.0,93088.0,23486560.0,-2.29,2649.39990234375,866.3699951171875,15939.58984375,38585.19140625,5078.64990234375,40097.62890625
206640,바디텍메드,1181.0,8476.0,15.16,2.11,1.12,13.933459178857952,20240306,15450.0,88106.0,23486560.0,0.72,2641.489990234375,870.6699829101562,16031.5400390625,38661.05078125,5104.759765625,40090.78125
206640,바디텍메드,1181.0,8476.0,15.16,2.11,1.12,13.933459178857952,20240307,15020.0,235351.0,23486560.0,-2.78,2647.6201171875,863.3699951171875,16273.3798828125,38791.3515625,5157.35986328125,39598.7109375
206640,바디텍메드,1181.0,8476.0,15.16,2.11,1.12,13.933459178857952,20240308,15190.0,96488.0,23486560.0,1.13,2680.35009765625,873.1799926757812,16085.1103515625,38722.69140625,5123.68994140625,39688.94140625
