종목코드,종목명,EPS,BPS,PER,PBR,배당수익률,ROE,날짜,종가,거래량,상장주식수,등락률,KOSPI,KOSDAQ,NASDAQ,Dow Jones,S&P 500,Nikkei
53030,바이넥스,151.0,5863.0,143.05,3.68,0.0,2.575473307180624,20240304,10810.0,320478.0,31761048.0,-1.1,2674.27001953125,872.969970703125,16207.509765625,38989.828125,5130.9501953125,40109.23046875
53030,바이넥스,151.0,5863.0,143.05,3.68,0.0,2.575473307180624,20240305,10880.0,395827.0,31761048.0,0.65,2649.39990234375,866.3699951171875,15939.58984375,38585.19140625,5078.64990234375,40097.62890625
53030,바이넥스,151.0,5863.0,143.05,3.68,0.0,2.575473307180624,20240306,11050.0,325080.0,31761048.0,1.56,2641.489990234375,870.6699829101562,16031.5400390625,38661.05078125,5104.759765625,40090.78125
53030,바이넥스,151.0,5863.0,143.05,3.68,0.0,2.575473307180624,20240307,10970.0,314803.0,31761048.0,-0.72,2647.6201171875,863.3699951171875,16273.3798828125,38791.3515625,5157.35986328125,39598.7109375
53030,바이넥스,151.0,5863.0,143.05,3.68,0.0,2.575473307180624,20240308,13690.0,10650283.0,31761048.0,24.79,2680.35009765625,873.1799926757812,16085.1103515625,38722.69140625,5123.68994140625,39688.94140625
