종목코드,종목명,EPS,BPS,PER,PBR,배당수익률,ROE,날짜,종가,거래량,상장주식수,등락률,KOSPI,KOSDAQ,NASDAQ,Dow Jones,S&P 500,Nikkei
199730,바이오인프라,426.0,7082.0,20.63,1.24,6.83,6.015249929398475,20240304,10150.0,14655.0,4796867.0,-1.07,2674.27001953125,872.969970703125,16207.509765625,38989.828125,5130.9501953125,40109.23046875
199730,바이오인프라,426.0,7082.0,20.63,1.24,6.83,6.015249929398475,20240305,10050.0,6924.0,4796867.0,-0.99,2649.39990234375,866.3699951171875,15939.58984375,38585.19140625,5078.64990234375,40097.62890625
199730,바이오인프라,426.0,7082.0,20.63,1.24,6.83,6.015249929398475,20240306,10450.0,14755.0,4796867.0,3.98,2641.489990234375,870.6699829101562,16031.5400390625,38661.05078125,5104.759765625,40090.78125
199730,바이오인프라,426.0,7082.0,20.63,1.24,6.83,6.015249929398475,20240307,10660.0,14296.0,4796867.0,2.01,2647.6201171875,863.3699951171875,16273.3798828125,38791.3515625,5157.35986328125,39598.7109375
199730,바이오인프라,426.0,7082.0,20.63,1.24,6.83,6.015249929398475,20240308,10890.0,18327.0,4796867.0,2.16,2680.35009765625,873.1799926757812,16085.1103515625,38722.69140625,5123.68994140625,39688.94140625
