종목코드,종목명,EPS,BPS,PER,PBR,배당수익률,ROE,날짜,종가,거래량,상장주식수,등락률,KOSPI,KOSDAQ,NASDAQ,Dow Jones,S&P 500,Nikkei
35150,백산,1805.0,9159.0,7.51,1.48,2.21,19.70739163664156,20240304,11530.0,131612.0,22515000.0,2.76,2674.27001953125,872.969970703125,16207.509765625,38989.828125,5130.9501953125,40109.23046875
35150,백산,1805.0,9159.0,7.51,1.48,2.21,19.70739163664156,20240305,11130.0,189492.0,22515000.0,-3.47,2649.39990234375,866.3699951171875,15939.58984375,38585.19140625,5078.64990234375,40097.62890625
35150,백산,1805.0,9159.0,7.51,1.48,2.21,19.70739163664156,20240306,11010.0,122965.0,22515000.0,-1.08,2641.489990234375,870.6699829101562,16031.5400390625,38661.05078125,5104.759765625,40090.78125
35150,백산,1805.0,9159.0,7.51,1.48,2.21,19.70739163664156,20240307,11000.0,89786.0,22515000.0,-0.09,2647.6201171875,863.3699951171875,16273.3798828125,38791.3515625,5157.35986328125,39598.7109375
35150,백산,1805.0,9159.0,7.51,1.48,2.21,19.70739163664156,20240308,11150.0,257164.0,22515000.0,1.36,2680.35009765625,873.1799926757812,16085.1103515625,38722.69140625,5123.68994140625,39688.94140625
