종목코드,종목명,EPS,BPS,PER,PBR,배당수익률,ROE,날짜,종가,거래량,상장주식수,등락률,KOSPI,KOSDAQ,NASDAQ,Dow Jones,S&P 500,Nikkei
438700,버넥트,,4056.0,,1.06,0.0,,20240304,7820.0,67863.0,11056490.0,0.0,2674.27001953125,872.969970703125,16207.509765625,38989.828125,5130.9501953125,40109.23046875
438700,버넥트,,4056.0,,1.06,0.0,,20240305,7690.0,87119.0,11056490.0,-1.66,2649.39990234375,866.3699951171875,15939.58984375,38585.19140625,5078.64990234375,40097.62890625
438700,버넥트,,4056.0,,1.06,0.0,,20240306,7690.0,46014.0,11056490.0,0.0,2641.489990234375,870.6699829101562,16031.5400390625,38661.05078125,5104.759765625,40090.78125
438700,버넥트,,4056.0,,1.06,0.0,,20240307,7590.0,51556.0,11056490.0,-1.3,2647.6201171875,863.3699951171875,16273.3798828125,38791.3515625,5157.35986328125,39598.7109375
438700,버넥트,,4056.0,,1.06,0.0,,20240308,7670.0,90765.0,11056490.0,1.05,2680.35009765625,873.1799926757812,16085.1103515625,38722.69140625,5123.68994140625,39688.94140625
