종목코드,종목명,EPS,BPS,PER,PBR,배당수익률,ROE,날짜,종가,거래량,상장주식수,등락률,KOSPI,KOSDAQ,NASDAQ,Dow Jones,S&P 500,Nikkei
1270,부국증권,6420.0,85122.0,3.91,0.29,5.98,7.542116021710016,20240304,26650.0,2425.0,10369886.0,0.57,2674.27001953125,872.969970703125,16207.509765625,38989.828125,5130.9501953125,40109.23046875
1270,부국증권,6420.0,85122.0,3.91,0.29,5.98,7.542116021710016,20240305,26950.0,10399.0,10369886.0,1.13,2649.39990234375,866.3699951171875,15939.58984375,38585.19140625,5078.64990234375,40097.62890625
1270,부국증권,6420.0,85122.0,3.91,0.29,5.98,7.542116021710016,20240306,27050.0,3302.0,10369886.0,0.37,2641.489990234375,870.6699829101562,16031.5400390625,38661.05078125,5104.759765625,40090.78125
1270,부국증권,6420.0,85122.0,3.91,0.29,5.98,7.542116021710016,20240307,27250.0,2767.0,10369886.0,0.74,2647.6201171875,863.3699951171875,16273.3798828125,38791.3515625,5157.35986328125,39598.7109375
1270,부국증권,6420.0,85122.0,3.91,0.29,5.98,7.542116021710016,20240308,26200.0,16491.0,10369886.0,-3.85,2680.35009765625,873.1799926757812,16085.1103515625,38722.69140625,5123.68994140625,39688.94140625
