종목코드,종목명,EPS,BPS,PER,PBR,배당수익률,ROE,날짜,종가,거래량,상장주식수,등락률,KOSPI,KOSDAQ,NASDAQ,Dow Jones,S&P 500,Nikkei
11390,부산산업,3333.0,123239.0,19.92,0.54,0.38,2.7045010102321507,20240304,58500.0,1564.0,1056000.0,-0.85,2674.27001953125,872.969970703125,16207.509765625,38989.828125,5130.9501953125,40109.23046875
11390,부산산업,3333.0,123239.0,19.92,0.54,0.38,2.7045010102321507,20240305,58900.0,3379.0,1056000.0,0.68,2649.39990234375,866.3699951171875,15939.58984375,38585.19140625,5078.64990234375,40097.62890625
11390,부산산업,3333.0,123239.0,19.92,0.54,0.38,2.7045010102321507,20240306,58600.0,737.0,1056000.0,-0.51,2641.489990234375,870.6699829101562,16031.5400390625,38661.05078125,5104.759765625,40090.78125
11390,부산산업,3333.0,123239.0,19.92,0.54,0.38,2.7045010102321507,20240307,57600.0,2297.0,1056000.0,-1.71,2647.6201171875,863.3699951171875,16273.3798828125,38791.3515625,5157.35986328125,39598.7109375
11390,부산산업,3333.0,123239.0,19.92,0.54,0.38,2.7045010102321507,20240308,57100.0,1884.0,1056000.0,-0.87,2680.35009765625,873.1799926757812,16085.1103515625,38722.69140625,5123.68994140625,39688.94140625
