종목코드,종목명,EPS,BPS,PER,PBR,배당수익률,ROE,날짜,종가,거래량,상장주식수,등락률,KOSPI,KOSDAQ,NASDAQ,Dow Jones,S&P 500,Nikkei
99390,브레인즈컴퍼니,620.0,5909.0,10.74,1.13,0.9,10.49246911490946,20240304,7610.0,13890.0,8208283.0,-1.42,2674.27001953125,872.969970703125,16207.509765625,38989.828125,5130.9501953125,40109.23046875
99390,브레인즈컴퍼니,620.0,5909.0,10.74,1.13,0.9,10.49246911490946,20240305,7740.0,29654.0,8208283.0,1.71,2649.39990234375,866.3699951171875,15939.58984375,38585.19140625,5078.64990234375,40097.62890625
99390,브레인즈컴퍼니,620.0,5909.0,10.74,1.13,0.9,10.49246911490946,20240306,7700.0,21433.0,8208283.0,-0.52,2641.489990234375,870.6699829101562,16031.5400390625,38661.05078125,5104.759765625,40090.78125
99390,브레인즈컴퍼니,620.0,5909.0,10.74,1.13,0.9,10.49246911490946,20240307,7420.0,23120.0,8208283.0,-3.64,2647.6201171875,863.3699951171875,16273.3798828125,38791.3515625,5157.35986328125,39598.7109375
99390,브레인즈컴퍼니,620.0,5909.0,10.74,1.13,0.9,10.49246911490946,20240308,7600.0,26818.0,8208283.0,2.43,2680.35009765625,873.1799926757812,16085.1103515625,38722.69140625,5123.68994140625,39688.94140625
