종목코드,종목명,EPS,BPS,PER,PBR,배당수익률,ROE,날짜,종가,거래량,상장주식수,등락률,KOSPI,KOSDAQ,NASDAQ,Dow Jones,S&P 500,Nikkei
318410,비비씨,966.0,13924.0,9.34,0.65,4.43,6.937661591496696,20240304,11250.0,35823.0,5555243.0,4.17,2674.27001953125,872.969970703125,16207.509765625,38989.828125,5130.9501953125,40109.23046875
318410,비비씨,966.0,13924.0,9.34,0.65,4.43,6.937661591496696,20240305,10950.0,25699.0,5555243.0,-2.67,2649.39990234375,866.3699951171875,15939.58984375,38585.19140625,5078.64990234375,40097.62890625
318410,비비씨,966.0,13924.0,9.34,0.65,4.43,6.937661591496696,20240306,11270.0,24663.0,5555243.0,2.92,2641.489990234375,870.6699829101562,16031.5400390625,38661.05078125,5104.759765625,40090.78125
318410,비비씨,966.0,13924.0,9.34,0.65,4.43,6.937661591496696,20240307,11460.0,18028.0,5555243.0,1.69,2647.6201171875,863.3699951171875,16273.3798828125,38791.3515625,5157.35986328125,39598.7109375
318410,비비씨,966.0,13924.0,9.34,0.65,4.43,6.937661591496696,20240308,11550.0,20900.0,5555243.0,0.79,2680.35009765625,873.1799926757812,16085.1103515625,38722.69140625,5123.68994140625,39688.94140625
