종목코드,종목명,EPS,BPS,PER,PBR,배당수익률,ROE,날짜,종가,거래량,상장주식수,등락률,KOSPI,KOSDAQ,NASDAQ,Dow Jones,S&P 500,Nikkei
126340,비나텍,336.0,10881.0,123.51,3.81,0.0,3.087951475048249,20240304,44750.0,21497.0,5803397.0,-1.1,2674.27001953125,872.969970703125,16207.509765625,38989.828125,5130.9501953125,40109.23046875
126340,비나텍,336.0,10881.0,123.51,3.81,0.0,3.087951475048249,20240305,44800.0,17907.0,5803397.0,0.11,2649.39990234375,866.3699951171875,15939.58984375,38585.19140625,5078.64990234375,40097.62890625
126340,비나텍,336.0,10881.0,123.51,3.81,0.0,3.087951475048249,20240306,44000.0,29602.0,5803397.0,-1.79,2641.489990234375,870.6699829101562,16031.5400390625,38661.05078125,5104.759765625,40090.78125
126340,비나텍,336.0,10881.0,123.51,3.81,0.0,3.087951475048249,20240307,44250.0,9419.0,5803397.0,0.57,2647.6201171875,863.3699951171875,16273.3798828125,38791.3515625,5157.35986328125,39598.7109375
126340,비나텍,336.0,10881.0,123.51,3.81,0.0,3.087951475048249,20240308,44500.0,11007.0,5803397.0,0.56,2680.35009765625,873.1799926757812,16085.1103515625,38722.69140625,5123.68994140625,39688.94140625
