종목코드,종목명,EPS,BPS,PER,PBR,배당수익률,ROE,날짜,종가,거래량,상장주식수,등락률,KOSPI,KOSDAQ,NASDAQ,Dow Jones,S&P 500,Nikkei
90460,비에이치,2863.0,20195.0,7.3,1.03,1.2,14.17677642980936,20240304,17100.0,366938.0,34464379.0,0.18,2674.27001953125,872.969970703125,16207.509765625,38989.828125,5130.9501953125,40109.23046875
90460,비에이치,2863.0,20195.0,7.3,1.03,1.2,14.17677642980936,20240305,16940.0,252830.0,34464379.0,-0.94,2649.39990234375,866.3699951171875,15939.58984375,38585.19140625,5078.64990234375,40097.62890625
90460,비에이치,2863.0,20195.0,7.3,1.03,1.2,14.17677642980936,20240306,16710.0,307730.0,34464379.0,-1.36,2641.489990234375,870.6699829101562,16031.5400390625,38661.05078125,5104.759765625,40090.78125
90460,비에이치,2863.0,20195.0,7.3,1.03,1.2,14.17677642980936,20240307,16760.0,331058.0,34464379.0,0.3,2647.6201171875,863.3699951171875,16273.3798828125,38791.3515625,5157.35986328125,39598.7109375
90460,비에이치,2863.0,20195.0,7.3,1.03,1.2,14.17677642980936,20240308,17090.0,287042.0,34464379.0,1.97,2680.35009765625,873.1799926757812,16085.1103515625,38722.69140625,5123.68994140625,39688.94140625
