종목코드,종목명,EPS,BPS,PER,PBR,배당수익률,ROE,날짜,종가,거래량,상장주식수,등락률,KOSPI,KOSDAQ,NASDAQ,Dow Jones,S&P 500,Nikkei
141000,비아트론,145.0,14987.0,52.76,0.51,0.0,0.9675051711483286,20240304,8200.0,7299.0,12114710.0,0.49,2674.27001953125,872.969970703125,16207.509765625,38989.828125,5130.9501953125,40109.23046875
141000,비아트론,145.0,14987.0,52.76,0.51,0.0,0.9675051711483286,20240305,8080.0,16812.0,12114710.0,-1.46,2649.39990234375,866.3699951171875,15939.58984375,38585.19140625,5078.64990234375,40097.62890625
141000,비아트론,145.0,14987.0,52.76,0.51,0.0,0.9675051711483286,20240306,8110.0,9551.0,12114710.0,0.37,2641.489990234375,870.6699829101562,16031.5400390625,38661.05078125,5104.759765625,40090.78125
141000,비아트론,145.0,14987.0,52.76,0.51,0.0,0.9675051711483286,20240307,8470.0,45693.0,12114710.0,4.44,2647.6201171875,863.3699951171875,16273.3798828125,38791.3515625,5157.35986328125,39598.7109375
141000,비아트론,145.0,14987.0,52.76,0.51,0.0,0.9675051711483286,20240308,8450.0,31334.0,12114710.0,-0.24,2680.35009765625,873.1799926757812,16085.1103515625,38722.69140625,5123.68994140625,39688.94140625
