종목코드,종목명,EPS,BPS,PER,PBR,배당수익률,ROE,날짜,종가,거래량,상장주식수,등락률,KOSPI,KOSDAQ,NASDAQ,Dow Jones,S&P 500,Nikkei
32850,비트컴퓨터,338.0,4041.0,16.51,1.38,1.11,8.364266270725068,20240304,7090.0,603715.0,16623293.0,3.05,2674.27001953125,872.969970703125,16207.509765625,38989.828125,5130.9501953125,40109.23046875
32850,비트컴퓨터,338.0,4041.0,16.51,1.38,1.11,8.364266270725068,20240305,7270.0,1616553.0,16623293.0,2.54,2649.39990234375,866.3699951171875,15939.58984375,38585.19140625,5078.64990234375,40097.62890625
32850,비트컴퓨터,338.0,4041.0,16.51,1.38,1.11,8.364266270725068,20240306,7660.0,6583648.0,16623293.0,5.36,2641.489990234375,870.6699829101562,16031.5400390625,38661.05078125,5104.759765625,40090.78125
32850,비트컴퓨터,338.0,4041.0,16.51,1.38,1.11,8.364266270725068,20240307,7150.0,812331.0,16623293.0,-6.66,2647.6201171875,863.3699951171875,16273.3798828125,38791.3515625,5157.35986328125,39598.7109375
32850,비트컴퓨터,338.0,4041.0,16.51,1.38,1.11,8.364266270725068,20240308,7120.0,535664.0,16623293.0,-0.42,2680.35009765625,873.1799926757812,16085.1103515625,38722.69140625,5123.68994140625,39688.94140625
