종목코드,종목명,EPS,BPS,PER,PBR,배당수익률,ROE,날짜,종가,거래량,상장주식수,등락률,KOSPI,KOSDAQ,NASDAQ,Dow Jones,S&P 500,Nikkei
5180,빙그레,9751.0,72564.0,8.99,1.21,2.96,13.437792844936885,20240304,54600.0,40477.0,9851241.0,3.21,2674.27001953125,872.969970703125,16207.509765625,38989.828125,5130.9501953125,40109.23046875
5180,빙그레,9751.0,72564.0,8.99,1.21,2.96,13.437792844936885,20240305,54500.0,17179.0,9851241.0,-0.18,2649.39990234375,866.3699951171875,15939.58984375,38585.19140625,5078.64990234375,40097.62890625
5180,빙그레,9751.0,72564.0,8.99,1.21,2.96,13.437792844936885,20240306,54000.0,14658.0,9851241.0,-0.92,2641.489990234375,870.6699829101562,16031.5400390625,38661.05078125,5104.759765625,40090.78125
5180,빙그레,9751.0,72564.0,8.99,1.21,2.96,13.437792844936885,20240307,52900.0,22971.0,9851241.0,-2.04,2647.6201171875,863.3699951171875,16273.3798828125,38791.3515625,5157.35986328125,39598.7109375
5180,빙그레,9751.0,72564.0,8.99,1.21,2.96,13.437792844936885,20240308,53100.0,12154.0,9851241.0,0.38,2680.35009765625,873.1799926757812,16085.1103515625,38722.69140625,5123.68994140625,39688.94140625
