종목코드,종목명,EPS,BPS,PER,PBR,배당수익률,ROE,날짜,종가,거래량,상장주식수,등락률,KOSPI,KOSDAQ,NASDAQ,Dow Jones,S&P 500,Nikkei
143240,사람인,1740.0,16087.0,10.3,1.11,2.79,10.816186983278424,20240304,17700.0,30187.0,11683263.0,0.74,2674.27001953125,872.969970703125,16207.509765625,38989.828125,5130.9501953125,40109.23046875
143240,사람인,1740.0,16087.0,10.3,1.11,2.79,10.816186983278424,20240305,17910.0,27963.0,11683263.0,1.19,2649.39990234375,866.3699951171875,15939.58984375,38585.19140625,5078.64990234375,40097.62890625
143240,사람인,1740.0,16087.0,10.3,1.11,2.79,10.816186983278424,20240306,17950.0,9541.0,11683263.0,0.22,2641.489990234375,870.6699829101562,16031.5400390625,38661.05078125,5104.759765625,40090.78125
143240,사람인,1740.0,16087.0,10.3,1.11,2.79,10.816186983278424,20240307,17980.0,35425.0,11683263.0,0.17,2647.6201171875,863.3699951171875,16273.3798828125,38791.3515625,5157.35986328125,39598.7109375
143240,사람인,1740.0,16087.0,10.3,1.11,2.79,10.816186983278424,20240308,18030.0,13074.0,11683263.0,0.28,2680.35009765625,873.1799926757812,16085.1103515625,38722.69140625,5123.68994140625,39688.94140625
