종목코드,종목명,EPS,BPS,PER,PBR,배당수익률,ROE,날짜,종가,거래량,상장주식수,등락률,KOSPI,KOSDAQ,NASDAQ,Dow Jones,S&P 500,Nikkei
452430,사피엔반도체,,1496.0,,11.06,0.0,,20240304,32750.0,433460.0,7800876.0,-0.91,2674.27001953125,872.969970703125,16207.509765625,38989.828125,5130.9501953125,40109.23046875
452430,사피엔반도체,,1496.0,,11.06,0.0,,20240305,38800.0,3633819.0,7800876.0,18.47,2649.39990234375,866.3699951171875,15939.58984375,38585.19140625,5078.64990234375,40097.62890625
452430,사피엔반도체,,1496.0,,11.06,0.0,,20240306,36000.0,846065.0,7800876.0,-7.22,2641.489990234375,870.6699829101562,16031.5400390625,38661.05078125,5104.759765625,40090.78125
452430,사피엔반도체,,1496.0,,11.06,0.0,,20240307,46800.0,4303156.0,7800876.0,30.0,2647.6201171875,863.3699951171875,16273.3798828125,38791.3515625,5157.35986328125,39598.7109375
452430,사피엔반도체,,1496.0,,11.06,0.0,,20240308,43500.0,2657483.0,7800876.0,-7.05,2680.35009765625,873.1799926757812,16085.1103515625,38722.69140625,5123.68994140625,39688.94140625
