종목코드,종목명,EPS,BPS,PER,PBR,배당수익률,ROE,날짜,종가,거래량,상장주식수,등락률,KOSPI,KOSDAQ,NASDAQ,Dow Jones,S&P 500,Nikkei
53700,삼보모터스,1436.0,14431.0,3.29,0.33,1.06,9.95080036033539,20240304,5760.0,159909.0,22742196.0,0.17,2674.27001953125,872.969970703125,16207.509765625,38989.828125,5130.9501953125,40109.23046875
53700,삼보모터스,1436.0,14431.0,3.29,0.33,1.06,9.95080036033539,20240305,5630.0,128636.0,22742196.0,-2.26,2649.39990234375,866.3699951171875,15939.58984375,38585.19140625,5078.64990234375,40097.62890625
53700,삼보모터스,1436.0,14431.0,3.29,0.33,1.06,9.95080036033539,20240306,5560.0,135552.0,22742196.0,-1.24,2641.489990234375,870.6699829101562,16031.5400390625,38661.05078125,5104.759765625,40090.78125
53700,삼보모터스,1436.0,14431.0,3.29,0.33,1.06,9.95080036033539,20240307,5450.0,168655.0,22742196.0,-1.98,2647.6201171875,863.3699951171875,16273.3798828125,38791.3515625,5157.35986328125,39598.7109375
53700,삼보모터스,1436.0,14431.0,3.29,0.33,1.06,9.95080036033539,20240308,5400.0,179384.0,22877190.0,-0.92,2680.35009765625,873.1799926757812,16085.1103515625,38722.69140625,5123.68994140625,39688.94140625
