종목코드,종목명,EPS,BPS,PER,PBR,배당수익률,ROE,날짜,종가,거래량,상장주식수,등락률,KOSPI,KOSDAQ,NASDAQ,Dow Jones,S&P 500,Nikkei
32280,삼일,182.0,4039.0,9.27,0.42,1.78,4.506065857885615,20240304,1828.0,50769.0,16213590.0,-0.22,2674.27001953125,872.969970703125,16207.509765625,38989.828125,5130.9501953125,40109.23046875
32280,삼일,182.0,4039.0,9.27,0.42,1.78,4.506065857885615,20240305,1830.0,41601.0,16213590.0,0.11,2649.39990234375,866.3699951171875,15939.58984375,38585.19140625,5078.64990234375,40097.62890625
32280,삼일,182.0,4039.0,9.27,0.42,1.78,4.506065857885615,20240306,1807.0,26811.0,16213590.0,-1.26,2641.489990234375,870.6699829101562,16031.5400390625,38661.05078125,5104.759765625,40090.78125
32280,삼일,182.0,4039.0,9.27,0.42,1.78,4.506065857885615,20240307,1807.0,45529.0,16213590.0,0.0,2647.6201171875,863.3699951171875,16273.3798828125,38791.3515625,5157.35986328125,39598.7109375
32280,삼일,182.0,4039.0,9.27,0.42,1.78,4.506065857885615,20240308,1788.0,25656.0,16213590.0,-1.05,2680.35009765625,873.1799926757812,16085.1103515625,38722.69140625,5123.68994140625,39688.94140625
