종목코드,종목명,EPS,BPS,PER,PBR,배당수익률,ROE,날짜,종가,거래량,상장주식수,등락률,KOSPI,KOSDAQ,NASDAQ,Dow Jones,S&P 500,Nikkei
16360,삼성증권,6130.0,74162.0,7.24,0.6,4.95,8.26568862759904,20240304,41950.0,317464.0,89300000.0,0.96,2674.27001953125,872.969970703125,16207.509765625,38989.828125,5130.9501953125,40109.23046875
16360,삼성증권,6130.0,74162.0,7.24,0.6,4.95,8.26568862759904,20240305,41050.0,228354.0,89300000.0,-2.15,2649.39990234375,866.3699951171875,15939.58984375,38585.19140625,5078.64990234375,40097.62890625
16360,삼성증권,6130.0,74162.0,7.24,0.6,4.95,8.26568862759904,20240306,40550.0,294557.0,89300000.0,-1.22,2641.489990234375,870.6699829101562,16031.5400390625,38661.05078125,5104.759765625,40090.78125
16360,삼성증권,6130.0,74162.0,7.24,0.6,4.95,8.26568862759904,20240307,40850.0,183742.0,89300000.0,0.74,2647.6201171875,863.3699951171875,16273.3798828125,38791.3515625,5157.35986328125,39598.7109375
16360,삼성증권,6130.0,74162.0,7.24,0.6,4.95,8.26568862759904,20240308,40950.0,132320.0,89300000.0,0.24,2680.35009765625,873.1799926757812,16085.1103515625,38722.69140625,5123.68994140625,39688.94140625
