종목코드,종목명,EPS,BPS,PER,PBR,배당수익률,ROE,날짜,종가,거래량,상장주식수,등락률,KOSPI,KOSDAQ,NASDAQ,Dow Jones,S&P 500,Nikkei
29780,삼성카드,5711.0,76243.0,7.28,0.54,6.02,7.490523720210381,20240304,38800.0,208227.0,115858891.0,3.33,2674.27001953125,872.969970703125,16207.509765625,38989.828125,5130.9501953125,40109.23046875
29780,삼성카드,5711.0,76243.0,7.28,0.54,6.02,7.490523720210381,20240305,39100.0,99311.0,115858891.0,0.77,2649.39990234375,866.3699951171875,15939.58984375,38585.19140625,5078.64990234375,40097.62890625
29780,삼성카드,5711.0,76243.0,7.28,0.54,6.02,7.490523720210381,20240306,39300.0,82278.0,115858891.0,0.51,2641.489990234375,870.6699829101562,16031.5400390625,38661.05078125,5104.759765625,40090.78125
29780,삼성카드,5711.0,76243.0,7.28,0.54,6.02,7.490523720210381,20240307,39350.0,93840.0,115858891.0,0.13,2647.6201171875,863.3699951171875,16273.3798828125,38791.3515625,5157.35986328125,39598.7109375
29780,삼성카드,5711.0,76243.0,7.28,0.54,6.02,7.490523720210381,20240308,39700.0,140941.0,115858891.0,0.89,2680.35009765625,873.1799926757812,16085.1103515625,38722.69140625,5123.68994140625,39688.94140625
