종목코드,종목명,EPS,BPS,PER,PBR,배당수익률,ROE,날짜,종가,거래량,상장주식수,등락률,KOSPI,KOSDAQ,NASDAQ,Dow Jones,S&P 500,Nikkei
520,삼일제약,116.0,8838.0,79.57,1.04,0.0,1.3125141434713736,20240304,9100.0,344008.0,17330341.0,1.11,2674.27001953125,872.969970703125,16207.509765625,38989.828125,5130.9501953125,40109.23046875
520,삼일제약,116.0,8838.0,79.57,1.04,0.0,1.3125141434713736,20240305,8830.0,319217.0,17468558.0,-2.97,2649.39990234375,866.3699951171875,15939.58984375,38585.19140625,5078.64990234375,40097.62890625
520,삼일제약,116.0,8838.0,79.57,1.04,0.0,1.3125141434713736,20240306,8840.0,326096.0,17468558.0,0.11,2641.489990234375,870.6699829101562,16031.5400390625,38661.05078125,5104.759765625,40090.78125
520,삼일제약,116.0,8838.0,79.57,1.04,0.0,1.3125141434713736,20240307,8840.0,302960.0,17468558.0,0.0,2647.6201171875,863.3699951171875,16273.3798828125,38791.3515625,5157.35986328125,39598.7109375
520,삼일제약,116.0,8838.0,79.57,1.04,0.0,1.3125141434713736,20240308,9420.0,779148.0,17468558.0,6.56,2680.35009765625,873.1799926757812,16085.1103515625,38722.69140625,5123.68994140625,39688.94140625
