종목코드,종목명,EPS,BPS,PER,PBR,배당수익률,ROE,날짜,종가,거래량,상장주식수,등락률,KOSPI,KOSDAQ,NASDAQ,Dow Jones,S&P 500,Nikkei
32830,삼성생명,10554.0,236324.0,9.01,0.4,3.89,4.465902743690865,20240304,103900.0,831903.0,200000000.0,7.22,2674.27001953125,872.969970703125,16207.509765625,38989.828125,5130.9501953125,40109.23046875
32830,삼성생명,10554.0,236324.0,9.01,0.4,3.89,4.465902743690865,20240305,104500.0,980345.0,200000000.0,0.58,2649.39990234375,866.3699951171875,15939.58984375,38585.19140625,5078.64990234375,40097.62890625
32830,삼성생명,10554.0,236324.0,9.01,0.4,3.89,4.465902743690865,20240306,103400.0,431226.0,200000000.0,-1.05,2641.489990234375,870.6699829101562,16031.5400390625,38661.05078125,5104.759765625,40090.78125
32830,삼성생명,10554.0,236324.0,9.01,0.4,3.89,4.465902743690865,20240307,106000.0,494554.0,200000000.0,2.51,2647.6201171875,863.3699951171875,16273.3798828125,38791.3515625,5157.35986328125,39598.7109375
32830,삼성생명,10554.0,236324.0,9.01,0.4,3.89,4.465902743690865,20240308,105100.0,415426.0,200000000.0,-0.85,2680.35009765625,873.1799926757812,16085.1103515625,38722.69140625,5123.68994140625,39688.94140625
