종목코드,종목명,EPS,BPS,PER,PBR,배당수익률,ROE,날짜,종가,거래량,상장주식수,등락률,KOSPI,KOSDAQ,NASDAQ,Dow Jones,S&P 500,Nikkei
2170,삼양통상,7753.0,155143.0,6.02,0.3,3.21,4.997325048503639,20240304,50900.0,4660.0,3000000.0,0.0,2674.27001953125,872.969970703125,16207.509765625,38989.828125,5130.9501953125,40109.23046875
2170,삼양통상,7753.0,155143.0,6.02,0.3,3.21,4.997325048503639,20240305,50800.0,2100.0,3000000.0,-0.2,2649.39990234375,866.3699951171875,15939.58984375,38585.19140625,5078.64990234375,40097.62890625
2170,삼양통상,7753.0,155143.0,6.02,0.3,3.21,4.997325048503639,20240306,50700.0,1258.0,3000000.0,-0.2,2641.489990234375,870.6699829101562,16031.5400390625,38661.05078125,5104.759765625,40090.78125
2170,삼양통상,7753.0,155143.0,6.02,0.3,3.21,4.997325048503639,20240307,50500.0,2546.0,3000000.0,-0.39,2647.6201171875,863.3699951171875,16273.3798828125,38791.3515625,5157.35986328125,39598.7109375
2170,삼양통상,7753.0,155143.0,6.02,0.3,3.21,4.997325048503639,20240308,50000.0,1377.0,3000000.0,-0.99,2680.35009765625,873.1799926757812,16085.1103515625,38722.69140625,5123.68994140625,39688.94140625
