종목코드,종목명,EPS,BPS,PER,PBR,배당수익률,ROE,날짜,종가,거래량,상장주식수,등락률,KOSPI,KOSDAQ,NASDAQ,Dow Jones,S&P 500,Nikkei
32750,삼진,13.0,10240.0,347.69,0.44,1.55,0.126953125,20240304,5420.0,51674.0,8063866.0,0.37,2674.27001953125,872.969970703125,16207.509765625,38989.828125,5130.9501953125,40109.23046875
32750,삼진,13.0,10240.0,347.69,0.44,1.55,0.126953125,20240305,5390.0,38299.0,8063866.0,-0.55,2649.39990234375,866.3699951171875,15939.58984375,38585.19140625,5078.64990234375,40097.62890625
32750,삼진,13.0,10240.0,347.69,0.44,1.55,0.126953125,20240306,5260.0,24516.0,8063866.0,-2.41,2641.489990234375,870.6699829101562,16031.5400390625,38661.05078125,5104.759765625,40090.78125
32750,삼진,13.0,10240.0,347.69,0.44,1.55,0.126953125,20240307,5210.0,33710.0,8063866.0,-0.95,2647.6201171875,863.3699951171875,16273.3798828125,38791.3515625,5157.35986328125,39598.7109375
32750,삼진,13.0,10240.0,347.69,0.44,1.55,0.126953125,20240308,5330.0,16540.0,8063866.0,2.3,2680.35009765625,873.1799926757812,16085.1103515625,38722.69140625,5123.68994140625,39688.94140625
