종목코드,종목명,EPS,BPS,PER,PBR,배당수익률,ROE,날짜,종가,거래량,상장주식수,등락률,KOSPI,KOSDAQ,NASDAQ,Dow Jones,S&P 500,Nikkei
5680,삼영전자,692.0,26481.0,13.03,0.34,3.33,2.6131943657716854,20240304,9870.0,86601.0,20000000.0,2.17,2674.27001953125,872.969970703125,16207.509765625,38989.828125,5130.9501953125,40109.23046875
5680,삼영전자,692.0,26481.0,13.03,0.34,3.33,2.6131943657716854,20240305,9890.0,75775.0,20000000.0,0.2,2649.39990234375,866.3699951171875,15939.58984375,38585.19140625,5078.64990234375,40097.62890625
5680,삼영전자,692.0,26481.0,13.03,0.34,3.33,2.6131943657716854,20240306,9810.0,23082.0,20000000.0,-0.81,2641.489990234375,870.6699829101562,16031.5400390625,38661.05078125,5104.759765625,40090.78125
5680,삼영전자,692.0,26481.0,13.03,0.34,3.33,2.6131943657716854,20240307,9560.0,78555.0,20000000.0,-2.55,2647.6201171875,863.3699951171875,16273.3798828125,38791.3515625,5157.35986328125,39598.7109375
5680,삼영전자,692.0,26481.0,13.03,0.34,3.33,2.6131943657716854,20240308,9550.0,61739.0,20000000.0,-0.1,2680.35009765625,873.1799926757812,16085.1103515625,38722.69140625,5123.68994140625,39688.94140625
