종목코드,종목명,EPS,BPS,PER,PBR,배당수익률,ROE,날짜,종가,거래량,상장주식수,등락률,KOSPI,KOSDAQ,NASDAQ,Dow Jones,S&P 500,Nikkei
9300,삼아제약,3502.0,32846.0,10.32,1.1,2.07,10.661876636424529,20240304,16520.0,44643.0,6370000.0,-3.39,2674.27001953125,872.969970703125,16207.509765625,38989.828125,5130.9501953125,40109.23046875
9300,삼아제약,3502.0,32846.0,10.32,1.1,2.07,10.661876636424529,20240305,16710.0,21902.0,6370000.0,1.15,2649.39990234375,866.3699951171875,15939.58984375,38585.19140625,5078.64990234375,40097.62890625
9300,삼아제약,3502.0,32846.0,10.32,1.1,2.07,10.661876636424529,20240306,16530.0,4359.0,6370000.0,-1.08,2641.489990234375,870.6699829101562,16031.5400390625,38661.05078125,5104.759765625,40090.78125
9300,삼아제약,3502.0,32846.0,10.32,1.1,2.07,10.661876636424529,20240307,16460.0,7582.0,6370000.0,-0.42,2647.6201171875,863.3699951171875,16273.3798828125,38791.3515625,5157.35986328125,39598.7109375
9300,삼아제약,3502.0,32846.0,10.32,1.1,2.07,10.661876636424529,20240308,16770.0,13305.0,6370000.0,1.88,2680.35009765625,873.1799926757812,16085.1103515625,38722.69140625,5123.68994140625,39688.94140625
