종목코드,종목명,EPS,BPS,PER,PBR,배당수익률,ROE,날짜,종가,거래량,상장주식수,등락률,KOSPI,KOSDAQ,NASDAQ,Dow Jones,S&P 500,Nikkei
89980,상아프론테크,769.0,12381.0,27.05,1.68,0.96,6.2111299571924725,20240304,20100.0,60269.0,15989037.0,0.55,2674.27001953125,872.969970703125,16207.509765625,38989.828125,5130.9501953125,40109.23046875
89980,상아프론테크,769.0,12381.0,27.05,1.68,0.96,6.2111299571924725,20240305,19580.0,96778.0,15989037.0,-2.59,2649.39990234375,866.3699951171875,15939.58984375,38585.19140625,5078.64990234375,40097.62890625
89980,상아프론테크,769.0,12381.0,27.05,1.68,0.96,6.2111299571924725,20240306,19250.0,66078.0,15989037.0,-1.69,2641.489990234375,870.6699829101562,16031.5400390625,38661.05078125,5104.759765625,40090.78125
89980,상아프론테크,769.0,12381.0,27.05,1.68,0.96,6.2111299571924725,20240307,19140.0,45508.0,15989037.0,-0.57,2647.6201171875,863.3699951171875,16273.3798828125,38791.3515625,5157.35986328125,39598.7109375
89980,상아프론테크,769.0,12381.0,27.05,1.68,0.96,6.2111299571924725,20240308,19130.0,50285.0,15989037.0,-0.05,2680.35009765625,873.1799926757812,16085.1103515625,38722.69140625,5123.68994140625,39688.94140625
