종목코드,종목명,EPS,BPS,PER,PBR,배당수익률,ROE,날짜,종가,거래량,상장주식수,등락률,KOSPI,KOSDAQ,NASDAQ,Dow Jones,S&P 500,Nikkei
263810,상신전자,157.0,3048.0,22.45,1.16,0.0,5.150918635170604,20240304,4535.0,99316.0,14244718.0,-0.22,2674.27001953125,872.969970703125,16207.509765625,38989.828125,5130.9501953125,40109.23046875
263810,상신전자,157.0,3048.0,22.45,1.16,0.0,5.150918635170604,20240305,4400.0,127756.0,14244718.0,-2.98,2649.39990234375,866.3699951171875,15939.58984375,38585.19140625,5078.64990234375,40097.62890625
263810,상신전자,157.0,3048.0,22.45,1.16,0.0,5.150918635170604,20240306,4235.0,194617.0,14244718.0,-3.75,2641.489990234375,870.6699829101562,16031.5400390625,38661.05078125,5104.759765625,40090.78125
263810,상신전자,157.0,3048.0,22.45,1.16,0.0,5.150918635170604,20240307,4210.0,148549.0,14244718.0,-0.59,2647.6201171875,863.3699951171875,16273.3798828125,38791.3515625,5157.35986328125,39598.7109375
263810,상신전자,157.0,3048.0,22.45,1.16,0.0,5.150918635170604,20240308,4325.0,145735.0,14244718.0,2.73,2680.35009765625,873.1799926757812,16085.1103515625,38722.69140625,5123.68994140625,39688.94140625
