Á¾¸ñÄÚµå,Á¾¸ñ¸í,EPS,BPS,PER,PBR,¹è´ç¼öÀÍ·ü,ROE,³¯Â¥,Á¾°¡,°Å·¡·®,»óÀåÁÖ½Ä¼ö,µî¶ô·ü,KOSPI,KOSDAQ,NASDAQ,Dow Jones,S&P 500,Nikkei
107600,»õºøÄÍ,,12973.0,,2.27,0.68,,20240304,59600.0,13017.0,4861545.0,0.0,2674.27001953125,872.969970703125,16207.509765625,38989.828125,5130.9501953125,40109.23046875
107600,»õºøÄÍ,,12973.0,,2.27,0.68,,20240305,58100.0,14198.0,4861545.0,-2.52,2649.39990234375,866.3699951171875,15939.58984375,38585.19140625,5078.64990234375,40097.62890625
107600,»õºøÄÍ,,12973.0,,2.27,0.68,,20240306,57600.0,13265.0,4861545.0,-0.86,2641.489990234375,870.6699829101562,16031.5400390625,38661.05078125,5104.759765625,40090.78125
107600,»õºøÄÍ,,12973.0,,2.27,0.68,,20240307,59000.0,24810.0,4861545.0,2.43,2647.6201171875,863.3699951171875,16273.3798828125,38791.3515625,5157.35986328125,39598.7109375
107600,»õºøÄÍ,,12973.0,,2.27,0.68,,20240308,59600.0,17552.0,4861545.0,1.02,2680.35009765625,873.1799926757812,16085.1103515625,38722.69140625,5123.68994140625,39688.94140625
