종목코드,종목명,EPS,BPS,PER,PBR,배당수익률,ROE,날짜,종가,거래량,상장주식수,등락률,KOSPI,KOSDAQ,NASDAQ,Dow Jones,S&P 500,Nikkei
7540,샘표,5210.0,98187.0,9.42,0.5,0.41,5.306201431961461,20240304,50100.0,4219.0,2875800.0,-0.79,2674.27001953125,872.969970703125,16207.509765625,38989.828125,5130.9501953125,40109.23046875
7540,샘표,5210.0,98187.0,9.42,0.5,0.41,5.306201431961461,20240305,49500.0,10258.0,2875800.0,-1.2,2649.39990234375,866.3699951171875,15939.58984375,38585.19140625,5078.64990234375,40097.62890625
7540,샘표,5210.0,98187.0,9.42,0.5,0.41,5.306201431961461,20240306,49050.0,3663.0,2875800.0,-0.91,2641.489990234375,870.6699829101562,16031.5400390625,38661.05078125,5104.759765625,40090.78125
7540,샘표,5210.0,98187.0,9.42,0.5,0.41,5.306201431961461,20240307,48800.0,6092.0,2875800.0,-0.51,2647.6201171875,863.3699951171875,16273.3798828125,38791.3515625,5157.35986328125,39598.7109375
7540,샘표,5210.0,98187.0,9.42,0.5,0.41,5.306201431961461,20240308,48800.0,2458.0,2875800.0,0.0,2680.35009765625,873.1799926757812,16085.1103515625,38722.69140625,5123.68994140625,39688.94140625
