종목코드,종목명,EPS,BPS,PER,PBR,배당수익률,ROE,날짜,종가,거래량,상장주식수,등락률,KOSPI,KOSDAQ,NASDAQ,Dow Jones,S&P 500,Nikkei
79650,서산,78.0,3524.0,16.27,0.36,0.0,2.213393870601589,20240304,1557.0,10716.0,20000000.0,1.83,2674.27001953125,872.969970703125,16207.509765625,38989.828125,5130.9501953125,40109.23046875
79650,서산,78.0,3524.0,16.27,0.36,0.0,2.213393870601589,20240305,1515.0,14425.0,20000000.0,-2.7,2649.39990234375,866.3699951171875,15939.58984375,38585.19140625,5078.64990234375,40097.62890625
79650,서산,78.0,3524.0,16.27,0.36,0.0,2.213393870601589,20240306,1510.0,18849.0,20000000.0,-0.33,2641.489990234375,870.6699829101562,16031.5400390625,38661.05078125,5104.759765625,40090.78125
79650,서산,78.0,3524.0,16.27,0.36,0.0,2.213393870601589,20240307,1502.0,7773.0,20000000.0,-0.53,2647.6201171875,863.3699951171875,16273.3798828125,38791.3515625,5157.35986328125,39598.7109375
79650,서산,78.0,3524.0,16.27,0.36,0.0,2.213393870601589,20240308,1476.0,14413.0,20000000.0,-1.73,2680.35009765625,873.1799926757812,16085.1103515625,38722.69140625,5123.68994140625,39688.94140625
