종목코드,종목명,EPS,BPS,PER,PBR,배당수익률,ROE,날짜,종가,거래량,상장주식수,등락률,KOSPI,KOSDAQ,NASDAQ,Dow Jones,S&P 500,Nikkei
17390,서울가스,5188.0,273495.0,10.68,0.2,4.06,1.896926817674912,20240304,59300.0,10660.0,5000000.0,-0.67,2674.27001953125,872.969970703125,16207.509765625,38989.828125,5130.9501953125,40109.23046875
17390,서울가스,5188.0,273495.0,10.68,0.2,4.06,1.896926817674912,20240305,58700.0,15393.0,5000000.0,-1.01,2649.39990234375,866.3699951171875,15939.58984375,38585.19140625,5078.64990234375,40097.62890625
17390,서울가스,5188.0,273495.0,10.68,0.2,4.06,1.896926817674912,20240306,57900.0,13690.0,5000000.0,-1.36,2641.489990234375,870.6699829101562,16031.5400390625,38661.05078125,5104.759765625,40090.78125
17390,서울가스,5188.0,273495.0,10.68,0.2,4.06,1.896926817674912,20240307,57800.0,6496.0,5000000.0,-0.17,2647.6201171875,863.3699951171875,16273.3798828125,38791.3515625,5157.35986328125,39598.7109375
17390,서울가스,5188.0,273495.0,10.68,0.2,4.06,1.896926817674912,20240308,57900.0,7606.0,5000000.0,0.17,2680.35009765625,873.1799926757812,16085.1103515625,38722.69140625,5123.68994140625,39688.94140625
