종목코드,종목명,EPS,BPS,PER,PBR,배당수익률,ROE,날짜,종가,거래량,상장주식수,등락률,KOSPI,KOSDAQ,NASDAQ,Dow Jones,S&P 500,Nikkei
140070,서플러스글로벌,166.0,5402.0,18.28,0.56,0.99,3.0729359496482784,20240304,4085.0,253482.0,36988000.0,3.94,2674.27001953125,872.969970703125,16207.509765625,38989.828125,5130.9501953125,40109.23046875
140070,서플러스글로벌,166.0,5402.0,18.28,0.56,0.99,3.0729359496482784,20240305,4090.0,261670.0,36988000.0,0.12,2649.39990234375,866.3699951171875,15939.58984375,38585.19140625,5078.64990234375,40097.62890625
140070,서플러스글로벌,166.0,5402.0,18.28,0.56,0.99,3.0729359496482784,20240306,4040.0,275309.0,36988000.0,-1.22,2641.489990234375,870.6699829101562,16031.5400390625,38661.05078125,5104.759765625,40090.78125
140070,서플러스글로벌,166.0,5402.0,18.28,0.56,0.99,3.0729359496482784,20240307,4075.0,163335.0,36988000.0,0.87,2647.6201171875,863.3699951171875,16273.3798828125,38791.3515625,5157.35986328125,39598.7109375
140070,서플러스글로벌,166.0,5402.0,18.28,0.56,0.99,3.0729359496482784,20240308,3990.0,206604.0,36988000.0,-2.09,2680.35009765625,873.1799926757812,16085.1103515625,38722.69140625,5123.68994140625,39688.94140625
