종목코드,종목명,EPS,BPS,PER,PBR,배당수익률,ROE,날짜,종가,거래량,상장주식수,등락률,KOSPI,KOSDAQ,NASDAQ,Dow Jones,S&P 500,Nikkei
357550,석경에이티,635.0,6607.0,76.38,7.34,0.0,9.611018616618738,20240304,61500.0,23337.0,5455000.0,-1.76,2674.27001953125,872.969970703125,16207.509765625,38989.828125,5130.9501953125,40109.23046875
357550,석경에이티,635.0,6607.0,76.38,7.34,0.0,9.611018616618738,20240305,61900.0,23565.0,5455000.0,0.65,2649.39990234375,866.3699951171875,15939.58984375,38585.19140625,5078.64990234375,40097.62890625
357550,석경에이티,635.0,6607.0,76.38,7.34,0.0,9.611018616618738,20240306,63200.0,29081.0,5455000.0,2.1,2641.489990234375,870.6699829101562,16031.5400390625,38661.05078125,5104.759765625,40090.78125
357550,석경에이티,635.0,6607.0,76.38,7.34,0.0,9.611018616618738,20240307,66100.0,75403.0,5455000.0,4.59,2647.6201171875,863.3699951171875,16273.3798828125,38791.3515625,5157.35986328125,39598.7109375
357550,석경에이티,635.0,6607.0,76.38,7.34,0.0,9.611018616618738,20240308,65000.0,55368.0,5455000.0,-1.66,2680.35009765625,873.1799926757812,16085.1103515625,38722.69140625,5123.68994140625,39688.94140625
