종목코드,종목명,EPS,BPS,PER,PBR,배당수익률,ROE,날짜,종가,거래량,상장주식수,등락률,KOSPI,KOSDAQ,NASDAQ,Dow Jones,S&P 500,Nikkei
3100,선광,5163.0,62479.0,3.25,0.27,2.39,8.26357656172474,20240304,19590.0,13221.0,6600000.0,0.41,2674.27001953125,872.969970703125,16207.509765625,38989.828125,5130.9501953125,40109.23046875
3100,선광,5163.0,62479.0,3.25,0.27,2.39,8.26357656172474,20240305,19150.0,17880.0,6600000.0,-2.25,2649.39990234375,866.3699951171875,15939.58984375,38585.19140625,5078.64990234375,40097.62890625
3100,선광,5163.0,62479.0,3.25,0.27,2.39,8.26357656172474,20240306,18850.0,14993.0,6600000.0,-1.57,2641.489990234375,870.6699829101562,16031.5400390625,38661.05078125,5104.759765625,40090.78125
3100,선광,5163.0,62479.0,3.25,0.27,2.39,8.26357656172474,20240307,19020.0,9810.0,6600000.0,0.9,2647.6201171875,863.3699951171875,16273.3798828125,38791.3515625,5157.35986328125,39598.7109375
3100,선광,5163.0,62479.0,3.25,0.27,2.39,8.26357656172474,20240308,18770.0,11072.0,6600000.0,-1.31,2680.35009765625,873.1799926757812,16085.1103515625,38722.69140625,5123.68994140625,39688.94140625
