종목코드,종목명,EPS,BPS,PER,PBR,배당수익률,ROE,날짜,종가,거래량,상장주식수,등락률,KOSPI,KOSDAQ,NASDAQ,Dow Jones,S&P 500,Nikkei
43260,성호전자,364.0,2086.0,4.31,0.75,0.0,17.449664429530202,20240304,1529.0,524556.0,53405384.0,-0.84,2674.27001953125,872.969970703125,16207.509765625,38989.828125,5130.9501953125,40109.23046875
43260,성호전자,364.0,2086.0,4.31,0.75,0.0,17.449664429530202,20240305,1499.0,469603.0,53405384.0,-1.96,2649.39990234375,866.3699951171875,15939.58984375,38585.19140625,5078.64990234375,40097.62890625
43260,성호전자,364.0,2086.0,4.31,0.75,0.0,17.449664429530202,20240306,1476.0,422206.0,53405384.0,-1.53,2641.489990234375,870.6699829101562,16031.5400390625,38661.05078125,5104.759765625,40090.78125
43260,성호전자,364.0,2086.0,4.31,0.75,0.0,17.449664429530202,20240307,1451.0,312317.0,53405384.0,-1.69,2647.6201171875,863.3699951171875,16273.3798828125,38791.3515625,5157.35986328125,39598.7109375
43260,성호전자,364.0,2086.0,4.31,0.75,0.0,17.449664429530202,20240308,1490.0,258850.0,53405384.0,2.69,2680.35009765625,873.1799926757812,16085.1103515625,38722.69140625,5123.68994140625,39688.94140625
