종목코드,종목명,EPS,BPS,PER,PBR,배당수익률,ROE,날짜,종가,거래량,상장주식수,등락률,KOSPI,KOSDAQ,NASDAQ,Dow Jones,S&P 500,Nikkei
148150,세경하이테크,988.0,4101.0,7.47,1.8,4.07,24.09168495488905,20240304,8420.0,715597.0,35352843.0,-1.29,2674.27001953125,872.969970703125,16207.509765625,38989.828125,5130.9501953125,40109.23046875
148150,세경하이테크,988.0,4101.0,7.47,1.8,4.07,24.09168495488905,20240305,8480.0,461037.0,35352843.0,0.71,2649.39990234375,866.3699951171875,15939.58984375,38585.19140625,5078.64990234375,40097.62890625
148150,세경하이테크,988.0,4101.0,7.47,1.8,4.07,24.09168495488905,20240306,8500.0,458895.0,35352843.0,0.24,2641.489990234375,870.6699829101562,16031.5400390625,38661.05078125,5104.759765625,40090.78125
148150,세경하이테크,988.0,4101.0,7.47,1.8,4.07,24.09168495488905,20240307,8580.0,416979.0,35352843.0,0.94,2647.6201171875,863.3699951171875,16273.3798828125,38791.3515625,5157.35986328125,39598.7109375
148150,세경하이테크,988.0,4101.0,7.47,1.8,4.07,24.09168495488905,20240308,8550.0,409293.0,35352843.0,-0.35,2680.35009765625,873.1799926757812,16085.1103515625,38722.69140625,5123.68994140625,39688.94140625
