종목코드,종목명,EPS,BPS,PER,PBR,배당수익률,ROE,날짜,종가,거래량,상장주식수,등락률,KOSPI,KOSDAQ,NASDAQ,Dow Jones,S&P 500,Nikkei
340440,세림B&G,134.0,1165.0,11.35,1.31,0.0,11.50214592274678,20240304,1794.0,27821.0,28378364.0,0.0,2674.27001953125,872.969970703125,16207.509765625,38989.828125,5130.9501953125,40109.23046875
340440,세림B&G,134.0,1165.0,11.35,1.31,0.0,11.50214592274678,20240305,1780.0,49542.0,28378364.0,-0.78,2649.39990234375,866.3699951171875,15939.58984375,38585.19140625,5078.64990234375,40097.62890625
340440,세림B&G,134.0,1165.0,11.35,1.31,0.0,11.50214592274678,20240306,1743.0,44555.0,28378364.0,-2.08,2641.489990234375,870.6699829101562,16031.5400390625,38661.05078125,5104.759765625,40090.78125
340440,세림B&G,134.0,1165.0,11.35,1.31,0.0,11.50214592274678,20240307,1708.0,57446.0,28378364.0,-2.01,2647.6201171875,863.3699951171875,16273.3798828125,38791.3515625,5157.35986328125,39598.7109375
340440,세림B&G,134.0,1165.0,11.35,1.31,0.0,11.50214592274678,20240308,1703.0,86630.0,28378364.0,-0.29,2680.35009765625,873.1799926757812,16085.1103515625,38722.69140625,5123.68994140625,39688.94140625
