종목코드,종목명,EPS,BPS,PER,PBR,배당수익률,ROE,날짜,종가,거래량,상장주식수,등락률,KOSPI,KOSDAQ,NASDAQ,Dow Jones,S&P 500,Nikkei
4490,세방전지,8888.0,99261.0,10.14,0.91,0.78,8.954171326099878,20240304,85300.0,197731.0,14000000.0,7.16,2674.27001953125,872.969970703125,16207.509765625,38989.828125,5130.9501953125,40109.23046875
4490,세방전지,8888.0,99261.0,10.14,0.91,0.78,8.954171326099878,20240305,85100.0,142897.0,14000000.0,-0.23,2649.39990234375,866.3699951171875,15939.58984375,38585.19140625,5078.64990234375,40097.62890625
4490,세방전지,8888.0,99261.0,10.14,0.91,0.78,8.954171326099878,20240306,89400.0,183745.0,14000000.0,5.05,2641.489990234375,870.6699829101562,16031.5400390625,38661.05078125,5104.759765625,40090.78125
4490,세방전지,8888.0,99261.0,10.14,0.91,0.78,8.954171326099878,20240307,86900.0,99863.0,14000000.0,-2.8,2647.6201171875,863.3699951171875,16273.3798828125,38791.3515625,5157.35986328125,39598.7109375
4490,세방전지,8888.0,99261.0,10.14,0.91,0.78,8.954171326099878,20240308,86000.0,113252.0,14000000.0,-1.04,2680.35009765625,873.1799926757812,16085.1103515625,38722.69140625,5123.68994140625,39688.94140625
