종목코드,종목명,EPS,BPS,PER,PBR,배당수익률,ROE,날짜,종가,거래량,상장주식수,등락률,KOSPI,KOSDAQ,NASDAQ,Dow Jones,S&P 500,Nikkei
11560,세보엠이씨,3014.0,21017.0,3.61,0.52,5.05,14.340771756197364,20240304,8900.0,37506.0,10530000.0,0.0,2674.27001953125,872.969970703125,16207.509765625,38989.828125,5130.9501953125,40109.23046875
11560,세보엠이씨,3014.0,21017.0,3.61,0.52,5.05,14.340771756197364,20240305,9000.0,85245.0,10530000.0,1.12,2649.39990234375,866.3699951171875,15939.58984375,38585.19140625,5078.64990234375,40097.62890625
11560,세보엠이씨,3014.0,21017.0,3.61,0.52,5.05,14.340771756197364,20240306,9010.0,45090.0,10530000.0,0.11,2641.489990234375,870.6699829101562,16031.5400390625,38661.05078125,5104.759765625,40090.78125
11560,세보엠이씨,3014.0,21017.0,3.61,0.52,5.05,14.340771756197364,20240307,8930.0,62607.0,10530000.0,-0.89,2647.6201171875,863.3699951171875,16273.3798828125,38791.3515625,5157.35986328125,39598.7109375
11560,세보엠이씨,3014.0,21017.0,3.61,0.52,5.05,14.340771756197364,20240308,9110.0,78134.0,10530000.0,2.02,2680.35009765625,873.1799926757812,16085.1103515625,38722.69140625,5123.68994140625,39688.94140625
