종목코드,종목명,EPS,BPS,PER,PBR,배당수익률,ROE,날짜,종가,거래량,상장주식수,등락률,KOSPI,KOSDAQ,NASDAQ,Dow Jones,S&P 500,Nikkei
58650,세아홀딩스,21043.0,551507.0,4.82,0.18,3.94,3.815545405588687,20240304,110400.0,131.0,4000000.0,0.18,2674.27001953125,872.969970703125,16207.509765625,38989.828125,5130.9501953125,40109.23046875
58650,세아홀딩스,21043.0,551507.0,4.82,0.18,3.94,3.815545405588687,20240305,112700.0,394.0,4000000.0,2.08,2649.39990234375,866.3699951171875,15939.58984375,38585.19140625,5078.64990234375,40097.62890625
58650,세아홀딩스,21043.0,551507.0,4.82,0.18,3.94,3.815545405588687,20240306,111100.0,135.0,4000000.0,-1.42,2641.489990234375,870.6699829101562,16031.5400390625,38661.05078125,5104.759765625,40090.78125
58650,세아홀딩스,21043.0,551507.0,4.82,0.18,3.94,3.815545405588687,20240307,113900.0,190.0,4000000.0,2.52,2647.6201171875,863.3699951171875,16273.3798828125,38791.3515625,5157.35986328125,39598.7109375
58650,세아홀딩스,21043.0,551507.0,4.82,0.18,3.94,3.815545405588687,20240308,113200.0,224.0,4000000.0,-0.61,2680.35009765625,873.1799926757812,16085.1103515625,38722.69140625,5123.68994140625,39688.94140625
