종목코드,종목명,EPS,BPS,PER,PBR,배당수익률,ROE,날짜,종가,거래량,상장주식수,등락률,KOSPI,KOSDAQ,NASDAQ,Dow Jones,S&P 500,Nikkei
21820,세원정공,,51131.0,,0.16,1.24,,20240304,8950.0,28637.0,10000000.0,0.0,2674.27001953125,872.969970703125,16207.509765625,38989.828125,5130.9501953125,40109.23046875
21820,세원정공,,51131.0,,0.16,1.24,,20240305,8540.0,36357.0,10000000.0,-4.58,2649.39990234375,866.3699951171875,15939.58984375,38585.19140625,5078.64990234375,40097.62890625
21820,세원정공,,51131.0,,0.16,1.24,,20240306,8870.0,46478.0,10000000.0,3.86,2641.489990234375,870.6699829101562,16031.5400390625,38661.05078125,5104.759765625,40090.78125
21820,세원정공,,51131.0,,0.16,1.24,,20240307,8700.0,16026.0,10000000.0,-1.92,2647.6201171875,863.3699951171875,16273.3798828125,38791.3515625,5157.35986328125,39598.7109375
21820,세원정공,,51131.0,,0.16,1.24,,20240308,8760.0,23734.0,10000000.0,0.69,2680.35009765625,873.1799926757812,16085.1103515625,38722.69140625,5123.68994140625,39688.94140625
