종목코드,종목명,EPS,BPS,PER,PBR,배당수익률,ROE,날짜,종가,거래량,상장주식수,등락률,KOSPI,KOSDAQ,NASDAQ,Dow Jones,S&P 500,Nikkei
36630,세종텔레콤,169.0,1447.0,3.26,0.38,0.0,11.679336558396685,20240304,632.0,487392.0,220000000.0,-1.56,2674.27001953125,872.969970703125,16207.509765625,38989.828125,5130.9501953125,40109.23046875
36630,세종텔레콤,169.0,1447.0,3.26,0.38,0.0,11.679336558396685,20240305,620.0,882502.0,220000000.0,-1.9,2649.39990234375,866.3699951171875,15939.58984375,38585.19140625,5078.64990234375,40097.62890625
36630,세종텔레콤,169.0,1447.0,3.26,0.38,0.0,11.679336558396685,20240306,617.0,304985.0,220000000.0,-0.48,2641.489990234375,870.6699829101562,16031.5400390625,38661.05078125,5104.759765625,40090.78125
36630,세종텔레콤,169.0,1447.0,3.26,0.38,0.0,11.679336558396685,20240307,607.0,384441.0,220000000.0,-1.62,2647.6201171875,863.3699951171875,16273.3798828125,38791.3515625,5157.35986328125,39598.7109375
36630,세종텔레콤,169.0,1447.0,3.26,0.38,0.0,11.679336558396685,20240308,602.0,534908.0,220000000.0,-0.82,2680.35009765625,873.1799926757812,16085.1103515625,38722.69140625,5123.68994140625,39688.94140625
