종목코드,종목명,EPS,BPS,PER,PBR,배당수익률,ROE,날짜,종가,거래량,상장주식수,등락률,KOSPI,KOSDAQ,NASDAQ,Dow Jones,S&P 500,Nikkei
68270,셀트리온,3759.0,81950.0,54.0,2.48,0.25,4.586943258084197,20240304,176100.0,916608.0,218049762.0,-2.0,2674.27001953125,872.969970703125,16207.509765625,38989.828125,5130.9501953125,40109.23046875
68270,셀트리온,3759.0,81950.0,54.0,2.48,0.25,4.586943258084197,20240305,175800.0,988461.0,218049762.0,-0.17,2649.39990234375,866.3699951171875,15939.58984375,38585.19140625,5078.64990234375,40097.62890625
68270,셀트리온,3759.0,81950.0,54.0,2.48,0.25,4.586943258084197,20240306,180600.0,659660.0,218049762.0,2.73,2641.489990234375,870.6699829101562,16031.5400390625,38661.05078125,5104.759765625,40090.78125
68270,셀트리온,3759.0,81950.0,54.0,2.48,0.25,4.586943258084197,20240307,177100.0,539907.0,218049762.0,-1.94,2647.6201171875,863.3699951171875,16273.3798828125,38791.3515625,5157.35986328125,39598.7109375
68270,셀트리온,3759.0,81950.0,54.0,2.48,0.25,4.586943258084197,20240308,180300.0,519400.0,218049762.0,1.81,2680.35009765625,873.1799926757812,16085.1103515625,38722.69140625,5123.68994140625,39688.94140625
