종목코드,종목명,EPS,BPS,PER,PBR,배당수익률,ROE,날짜,종가,거래량,상장주식수,등락률,KOSPI,KOSDAQ,NASDAQ,Dow Jones,S&P 500,Nikkei
66910,손오공,,648.0,,2.72,0.0,,20240304,2640.0,220320.0,33784259.0,-0.38,2674.27001953125,872.969970703125,16207.509765625,38989.828125,5130.9501953125,40109.23046875
66910,손오공,,648.0,,2.72,0.0,,20240305,2585.0,325357.0,33784259.0,-2.08,2649.39990234375,866.3699951171875,15939.58984375,38585.19140625,5078.64990234375,40097.62890625
66910,손오공,,648.0,,2.72,0.0,,20240306,2580.0,130391.0,33784259.0,-0.19,2641.489990234375,870.6699829101562,16031.5400390625,38661.05078125,5104.759765625,40090.78125
66910,손오공,,648.0,,2.72,0.0,,20240307,2620.0,192357.0,33784259.0,1.55,2647.6201171875,863.3699951171875,16273.3798828125,38791.3515625,5157.35986328125,39598.7109375
66910,손오공,,648.0,,2.72,0.0,,20240308,2940.0,4004925.0,33784259.0,12.21,2680.35009765625,873.1799926757812,16085.1103515625,38722.69140625,5123.68994140625,39688.94140625
