종목코드,종목명,EPS,BPS,PER,PBR,배당수익률,ROE,날짜,종가,거래량,상장주식수,등락률,KOSPI,KOSDAQ,NASDAQ,Dow Jones,S&P 500,Nikkei
35610,솔본,1714.0,6418.0,2.39,0.64,0.0,26.7061389841072,20240304,4730.0,664407.0,27345997.0,2.16,2674.27001953125,872.969970703125,16207.509765625,38989.828125,5130.9501953125,40109.23046875
35610,솔본,1714.0,6418.0,2.39,0.64,0.0,26.7061389841072,20240305,4700.0,174294.0,27345997.0,-0.63,2649.39990234375,866.3699951171875,15939.58984375,38585.19140625,5078.64990234375,40097.62890625
35610,솔본,1714.0,6418.0,2.39,0.64,0.0,26.7061389841072,20240306,4685.0,94741.0,27345997.0,-0.32,2641.489990234375,870.6699829101562,16031.5400390625,38661.05078125,5104.759765625,40090.78125
35610,솔본,1714.0,6418.0,2.39,0.64,0.0,26.7061389841072,20240307,4615.0,83573.0,27345997.0,-1.49,2647.6201171875,863.3699951171875,16273.3798828125,38791.3515625,5157.35986328125,39598.7109375
35610,솔본,1714.0,6418.0,2.39,0.64,0.0,26.7061389841072,20240308,4650.0,64398.0,27345997.0,0.76,2680.35009765625,873.1799926757812,16085.1103515625,38722.69140625,5123.68994140625,39688.94140625
