종목코드,종목명,EPS,BPS,PER,PBR,배당수익률,ROE,날짜,종가,거래량,상장주식수,등락률,KOSPI,KOSDAQ,NASDAQ,Dow Jones,S&P 500,Nikkei
336370,솔루스첨단소재,2063.0,8062.0,7.54,1.93,0.64,25.589183825353512,20240304,12990.0,639616.0,70217344.0,7.36,2674.27001953125,872.969970703125,16207.509765625,38989.828125,5130.9501953125,40109.23046875
336370,솔루스첨단소재,2063.0,8062.0,7.54,1.93,0.64,25.589183825353512,20240305,12790.0,330628.0,70217344.0,-1.54,2649.39990234375,866.3699951171875,15939.58984375,38585.19140625,5078.64990234375,40097.62890625
336370,솔루스첨단소재,2063.0,8062.0,7.54,1.93,0.64,25.589183825353512,20240306,12400.0,256068.0,70217344.0,-3.05,2641.489990234375,870.6699829101562,16031.5400390625,38661.05078125,5104.759765625,40090.78125
336370,솔루스첨단소재,2063.0,8062.0,7.54,1.93,0.64,25.589183825353512,20240307,12500.0,188602.0,70217344.0,0.81,2647.6201171875,863.3699951171875,16273.3798828125,38791.3515625,5157.35986328125,39598.7109375
336370,솔루스첨단소재,2063.0,8062.0,7.54,1.93,0.64,25.589183825353512,20240308,12670.0,209173.0,70217344.0,1.36,2680.35009765625,873.1799926757812,16085.1103515625,38722.69140625,5123.68994140625,39688.94140625
