종목코드,종목명,EPS,BPS,PER,PBR,배당수익률,ROE,날짜,종가,거래량,상장주식수,등락률,KOSPI,KOSDAQ,NASDAQ,Dow Jones,S&P 500,Nikkei
328380,솔트웨어,22.0,670.0,50.68,1.66,0.0,3.2835820895522385,20240304,1366.0,223634.0,34262778.0,-0.73,2674.27001953125,872.969970703125,16207.509765625,38989.828125,5130.9501953125,40109.23046875
328380,솔트웨어,22.0,670.0,50.68,1.66,0.0,3.2835820895522385,20240305,1328.0,348849.0,34262778.0,-2.78,2649.39990234375,866.3699951171875,15939.58984375,38585.19140625,5078.64990234375,40097.62890625
328380,솔트웨어,22.0,670.0,50.68,1.66,0.0,3.2835820895522385,20240306,1381.0,223603.0,34262778.0,3.99,2641.489990234375,870.6699829101562,16031.5400390625,38661.05078125,5104.759765625,40090.78125
328380,솔트웨어,22.0,670.0,50.68,1.66,0.0,3.2835820895522385,20240307,1366.0,192733.0,34262778.0,-1.09,2647.6201171875,863.3699951171875,16273.3798828125,38791.3515625,5157.35986328125,39598.7109375
328380,솔트웨어,22.0,670.0,50.68,1.66,0.0,3.2835820895522385,20240308,1345.0,152949.0,34262778.0,-1.54,2680.35009765625,873.1799926757812,16085.1103515625,38722.69140625,5123.68994140625,39688.94140625
