종목코드,종목명,EPS,BPS,PER,PBR,배당수익률,ROE,날짜,종가,거래량,상장주식수,등락률,KOSPI,KOSDAQ,NASDAQ,Dow Jones,S&P 500,Nikkei
4430,송원산업,1452.0,29400.0,8.13,0.4,2.12,4.938775510204082,20240304,15100.0,106874.0,24000000.0,-0.92,2674.27001953125,872.969970703125,16207.509765625,38989.828125,5130.9501953125,40109.23046875
4430,송원산업,1452.0,29400.0,8.13,0.4,2.12,4.938775510204082,20240305,14630.0,268483.0,24000000.0,-3.11,2649.39990234375,866.3699951171875,15939.58984375,38585.19140625,5078.64990234375,40097.62890625
4430,송원산업,1452.0,29400.0,8.13,0.4,2.12,4.938775510204082,20240306,14270.0,180185.0,24000000.0,-2.46,2641.489990234375,870.6699829101562,16031.5400390625,38661.05078125,5104.759765625,40090.78125
4430,송원산업,1452.0,29400.0,8.13,0.4,2.12,4.938775510204082,20240307,14240.0,66405.0,24000000.0,-0.21,2647.6201171875,863.3699951171875,16273.3798828125,38791.3515625,5157.35986328125,39598.7109375
4430,송원산업,1452.0,29400.0,8.13,0.4,2.12,4.938775510204082,20240308,14520.0,84922.0,24000000.0,1.97,2680.35009765625,873.1799926757812,16085.1103515625,38722.69140625,5123.68994140625,39688.94140625
