종목코드,종목명,EPS,BPS,PER,PBR,배당수익률,ROE,날짜,종가,거래량,상장주식수,등락률,KOSPI,KOSDAQ,NASDAQ,Dow Jones,S&P 500,Nikkei
298830,슈어소프트테크,100.0,1567.0,47.65,3.04,0.0,6.381620931716656,20240304,6100.0,303698.0,52619061.0,-0.49,2674.27001953125,872.969970703125,16207.509765625,38989.828125,5130.9501953125,40109.23046875
298830,슈어소프트테크,100.0,1567.0,47.65,3.04,0.0,6.381620931716656,20240305,6180.0,417237.0,52619061.0,1.31,2649.39990234375,866.3699951171875,15939.58984375,38585.19140625,5078.64990234375,40097.62890625
298830,슈어소프트테크,100.0,1567.0,47.65,3.04,0.0,6.381620931716656,20240306,6200.0,355638.0,52619061.0,0.32,2641.489990234375,870.6699829101562,16031.5400390625,38661.05078125,5104.759765625,40090.78125
298830,슈어소프트테크,100.0,1567.0,47.65,3.04,0.0,6.381620931716656,20240307,5700.0,1078305.0,52619061.0,-8.06,2647.6201171875,863.3699951171875,16273.3798828125,38791.3515625,5157.35986328125,39598.7109375
298830,슈어소프트테크,100.0,1567.0,47.65,3.04,0.0,6.381620931716656,20240308,5700.0,456947.0,52619061.0,0.0,2680.35009765625,873.1799926757812,16085.1103515625,38722.69140625,5123.68994140625,39688.94140625
