종목코드,종목명,EPS,BPS,PER,PBR,배당수익률,ROE,날짜,종가,거래량,상장주식수,등락률,KOSPI,KOSDAQ,NASDAQ,Dow Jones,S&P 500,Nikkei
99440,스맥,476.0,2865.0,6.66,1.11,0.0,16.61431064572426,20240304,4015.0,501902.0,40243394.0,1.26,2674.27001953125,872.969970703125,16207.509765625,38989.828125,5130.9501953125,40109.23046875
99440,스맥,476.0,2865.0,6.66,1.11,0.0,16.61431064572426,20240305,3900.0,599247.0,40243394.0,-2.86,2649.39990234375,866.3699951171875,15939.58984375,38585.19140625,5078.64990234375,40097.62890625
99440,스맥,476.0,2865.0,6.66,1.11,0.0,16.61431064572426,20240306,3915.0,332678.0,40243394.0,0.38,2641.489990234375,870.6699829101562,16031.5400390625,38661.05078125,5104.759765625,40090.78125
99440,스맥,476.0,2865.0,6.66,1.11,0.0,16.61431064572426,20240307,3780.0,721189.0,40243394.0,-3.45,2647.6201171875,863.3699951171875,16273.3798828125,38791.3515625,5157.35986328125,39598.7109375
99440,스맥,476.0,2865.0,6.66,1.11,0.0,16.61431064572426,20240308,3790.0,572017.0,40243394.0,0.26,2680.35009765625,873.1799926757812,16085.1103515625,38722.69140625,5123.68994140625,39688.94140625
