종목코드,종목명,EPS,BPS,PER,PBR,배당수익률,ROE,날짜,종가,거래량,상장주식수,등락률,KOSPI,KOSDAQ,NASDAQ,Dow Jones,S&P 500,Nikkei
352090,스톰테크,936.0,6093.0,7.84,1.2,4.09,15.36189069423929,20240304,8420.0,73901.0,13436499.0,5.38,2674.27001953125,872.969970703125,16207.509765625,38989.828125,5130.9501953125,40109.23046875
352090,스톰테크,936.0,6093.0,7.84,1.2,4.09,15.36189069423929,20240305,8200.0,27958.0,13436499.0,-2.61,2649.39990234375,866.3699951171875,15939.58984375,38585.19140625,5078.64990234375,40097.62890625
352090,스톰테크,936.0,6093.0,7.84,1.2,4.09,15.36189069423929,20240306,8110.0,24652.0,13436499.0,-1.1,2641.489990234375,870.6699829101562,16031.5400390625,38661.05078125,5104.759765625,40090.78125
352090,스톰테크,936.0,6093.0,7.84,1.2,4.09,15.36189069423929,20240307,8070.0,40036.0,13436499.0,-0.49,2647.6201171875,863.3699951171875,16273.3798828125,38791.3515625,5157.35986328125,39598.7109375
352090,스톰테크,936.0,6093.0,7.84,1.2,4.09,15.36189069423929,20240308,8020.0,33672.0,13436499.0,-0.62,2680.35009765625,873.1799926757812,16085.1103515625,38722.69140625,5123.68994140625,39688.94140625
