종목코드,종목명,EPS,BPS,PER,PBR,배당수익률,ROE,날짜,종가,거래량,상장주식수,등락률,KOSPI,KOSDAQ,NASDAQ,Dow Jones,S&P 500,Nikkei
131090,시큐브,143.0,1138.0,6.1,0.77,2.86,12.56590509666081,20240304,963.0,82565.0,44000000.0,-1.63,2674.27001953125,872.969970703125,16207.509765625,38989.828125,5130.9501953125,40109.23046875
131090,시큐브,143.0,1138.0,6.1,0.77,2.86,12.56590509666081,20240305,952.0,89526.0,44000000.0,-1.14,2649.39990234375,866.3699951171875,15939.58984375,38585.19140625,5078.64990234375,40097.62890625
131090,시큐브,143.0,1138.0,6.1,0.77,2.86,12.56590509666081,20240306,943.0,109246.0,44000000.0,-0.95,2641.489990234375,870.6699829101562,16031.5400390625,38661.05078125,5104.759765625,40090.78125
131090,시큐브,143.0,1138.0,6.1,0.77,2.86,12.56590509666081,20240307,932.0,86966.0,44000000.0,-1.17,2647.6201171875,863.3699951171875,16273.3798828125,38791.3515625,5157.35986328125,39598.7109375
131090,시큐브,143.0,1138.0,6.1,0.77,2.86,12.56590509666081,20240308,934.0,80402.0,44000000.0,0.21,2680.35009765625,873.1799926757812,16085.1103515625,38722.69140625,5123.68994140625,39688.94140625
