종목코드,종목명,EPS,BPS,PER,PBR,배당수익률,ROE,날짜,종가,거래량,상장주식수,등락률,KOSPI,KOSDAQ,NASDAQ,Dow Jones,S&P 500,Nikkei
31430,신세계인터내셔날,1098.0,23781.0,12.72,0.59,2.86,4.617131323325344,20240304,16240.0,45025.0,35700000.0,-1.58,2674.27001953125,872.969970703125,16207.509765625,38989.828125,5130.9501953125,40109.23046875
31430,신세계인터내셔날,1098.0,23781.0,12.72,0.59,2.86,4.617131323325344,20240305,16170.0,51366.0,35700000.0,-0.43,2649.39990234375,866.3699951171875,15939.58984375,38585.19140625,5078.64990234375,40097.62890625
31430,신세계인터내셔날,1098.0,23781.0,12.72,0.59,2.86,4.617131323325344,20240306,16050.0,52650.0,35700000.0,-0.74,2641.489990234375,870.6699829101562,16031.5400390625,38661.05078125,5104.759765625,40090.78125
31430,신세계인터내셔날,1098.0,23781.0,12.72,0.59,2.86,4.617131323325344,20240307,15870.0,54467.0,35700000.0,-1.12,2647.6201171875,863.3699951171875,16273.3798828125,38791.3515625,5157.35986328125,39598.7109375
31430,신세계인터내셔날,1098.0,23781.0,12.72,0.59,2.86,4.617131323325344,20240308,16030.0,51625.0,35700000.0,1.01,2680.35009765625,873.1799926757812,16085.1103515625,38722.69140625,5123.68994140625,39688.94140625
