종목코드,종목명,EPS,BPS,PER,PBR,배당수익률,ROE,날짜,종가,거래량,상장주식수,등락률,KOSPI,KOSDAQ,NASDAQ,Dow Jones,S&P 500,Nikkei
162300,신스틸,158.0,1740.0,18.96,1.72,0.63,9.080459770114944,20240304,3830.0,560016.0,41471382.0,4.93,2674.27001953125,872.969970703125,16207.509765625,38989.828125,5130.9501953125,40109.23046875
162300,신스틸,158.0,1740.0,18.96,1.72,0.63,9.080459770114944,20240305,3845.0,451260.0,41471382.0,0.39,2649.39990234375,866.3699951171875,15939.58984375,38585.19140625,5078.64990234375,40097.62890625
162300,신스틸,158.0,1740.0,18.96,1.72,0.63,9.080459770114944,20240306,3865.0,604022.0,41471382.0,0.52,2641.489990234375,870.6699829101562,16031.5400390625,38661.05078125,5104.759765625,40090.78125
162300,신스틸,158.0,1740.0,18.96,1.72,0.63,9.080459770114944,20240307,3720.0,350679.0,41471382.0,-3.75,2647.6201171875,863.3699951171875,16273.3798828125,38791.3515625,5157.35986328125,39598.7109375
162300,신스틸,158.0,1740.0,18.96,1.72,0.63,9.080459770114944,20240308,3715.0,262960.0,41471382.0,-0.13,2680.35009765625,873.1799926757812,16085.1103515625,38722.69140625,5123.68994140625,39688.94140625
