종목코드,종목명,EPS,BPS,PER,PBR,배당수익률,ROE,날짜,종가,거래량,상장주식수,등락률,KOSPI,KOSDAQ,NASDAQ,Dow Jones,S&P 500,Nikkei
6880,신송홀딩스,813.0,9513.0,8.7,0.74,1.7,8.546199936928414,20240304,7230.0,136891.0,11828858.0,1.69,2674.27001953125,872.969970703125,16207.509765625,38989.828125,5130.9501953125,40109.23046875
6880,신송홀딩스,813.0,9513.0,8.7,0.74,1.7,8.546199936928414,20240305,7370.0,130121.0,11828858.0,1.94,2649.39990234375,866.3699951171875,15939.58984375,38585.19140625,5078.64990234375,40097.62890625
6880,신송홀딩스,813.0,9513.0,8.7,0.74,1.7,8.546199936928414,20240306,7280.0,90006.0,11828858.0,-1.22,2641.489990234375,870.6699829101562,16031.5400390625,38661.05078125,5104.759765625,40090.78125
6880,신송홀딩스,813.0,9513.0,8.7,0.74,1.7,8.546199936928414,20240307,7140.0,107258.0,11828858.0,-1.92,2647.6201171875,863.3699951171875,16273.3798828125,38791.3515625,5157.35986328125,39598.7109375
6880,신송홀딩스,813.0,9513.0,8.7,0.74,1.7,8.546199936928414,20240308,6990.0,81450.0,11828858.0,-2.1,2680.35009765625,873.1799926757812,16085.1103515625,38722.69140625,5123.68994140625,39688.94140625
