종목코드,종목명,EPS,BPS,PER,PBR,배당수익률,ROE,날짜,종가,거래량,상장주식수,등락률,KOSPI,KOSDAQ,NASDAQ,Dow Jones,S&P 500,Nikkei
65350,신성델타테크,463.0,7621.0,117.71,7.15,0.22,6.075318199711324,20240304,123300.0,2849303.0,27483948.0,0.24,2674.27001953125,872.969970703125,16207.509765625,38989.828125,5130.9501953125,40109.23046875
65350,신성델타테크,463.0,7621.0,117.71,7.15,0.22,6.075318199711324,20240305,105100.0,4351983.0,27483948.0,-14.76,2649.39990234375,866.3699951171875,15939.58984375,38585.19140625,5078.64990234375,40097.62890625
65350,신성델타테크,463.0,7621.0,117.71,7.15,0.22,6.075318199711324,20240306,110600.0,4888557.0,27483948.0,5.23,2641.489990234375,870.6699829101562,16031.5400390625,38661.05078125,5104.759765625,40090.78125
65350,신성델타테크,463.0,7621.0,117.71,7.15,0.22,6.075318199711324,20240307,101600.0,1683291.0,27483948.0,-8.14,2647.6201171875,863.3699951171875,16273.3798828125,38791.3515625,5157.35986328125,39598.7109375
65350,신성델타테크,463.0,7621.0,117.71,7.15,0.22,6.075318199711324,20240308,104900.0,1849411.0,27483948.0,3.25,2680.35009765625,873.1799926757812,16085.1103515625,38722.69140625,5123.68994140625,39688.94140625
