종목코드,종목명,EPS,BPS,PER,PBR,배당수익률,ROE,날짜,종가,거래량,상장주식수,등락률,KOSPI,KOSDAQ,NASDAQ,Dow Jones,S&P 500,Nikkei
12790,신일제약,1180.0,11670.0,6.43,0.65,2.24,10.11139674378749,20240304,6990.0,16913.0,11986415.0,-1.55,2674.27001953125,872.969970703125,16207.509765625,38989.828125,5130.9501953125,40109.23046875
12790,신일제약,1180.0,11670.0,6.43,0.65,2.24,10.11139674378749,20240305,7000.0,12803.0,11986415.0,0.14,2649.39990234375,866.3699951171875,15939.58984375,38585.19140625,5078.64990234375,40097.62890625
12790,신일제약,1180.0,11670.0,6.43,0.65,2.24,10.11139674378749,20240306,6960.0,14117.0,11986415.0,-0.57,2641.489990234375,870.6699829101562,16031.5400390625,38661.05078125,5104.759765625,40090.78125
12790,신일제약,1180.0,11670.0,6.43,0.65,2.24,10.11139674378749,20240307,7120.0,47226.0,11986415.0,2.3,2647.6201171875,863.3699951171875,16273.3798828125,38791.3515625,5157.35986328125,39598.7109375
12790,신일제약,1180.0,11670.0,6.43,0.65,2.24,10.11139674378749,20240308,7150.0,7869.0,11986415.0,0.42,2680.35009765625,873.1799926757812,16085.1103515625,38722.69140625,5123.68994140625,39688.94140625
