종목코드,종목명,EPS,BPS,PER,PBR,배당수익률,ROE,날짜,종가,거래량,상장주식수,등락률,KOSPI,KOSDAQ,NASDAQ,Dow Jones,S&P 500,Nikkei
5390,신성통상,579.0,2950.0,4.11,0.81,2.1,19.6271186440678,20240304,1890.0,242046.0,143708390.0,-0.74,2674.27001953125,872.969970703125,16207.509765625,38989.828125,5130.9501953125,40109.23046875
5390,신성통상,579.0,2950.0,4.11,0.81,2.1,19.6271186440678,20240305,1873.0,162658.0,143708390.0,-0.9,2649.39990234375,866.3699951171875,15939.58984375,38585.19140625,5078.64990234375,40097.62890625
5390,신성통상,579.0,2950.0,4.11,0.81,2.1,19.6271186440678,20240306,1869.0,91060.0,143708390.0,-0.21,2641.489990234375,870.6699829101562,16031.5400390625,38661.05078125,5104.759765625,40090.78125
5390,신성통상,579.0,2950.0,4.11,0.81,2.1,19.6271186440678,20240307,1871.0,146907.0,143708390.0,0.11,2647.6201171875,863.3699951171875,16273.3798828125,38791.3515625,5157.35986328125,39598.7109375
5390,신성통상,579.0,2950.0,4.11,0.81,2.1,19.6271186440678,20240308,1857.0,192384.0,143708390.0,-0.75,2680.35009765625,873.1799926757812,16085.1103515625,38722.69140625,5123.68994140625,39688.94140625
