종목코드,종목명,EPS,BPS,PER,PBR,배당수익률,ROE,날짜,종가,거래량,상장주식수,등락률,KOSPI,KOSDAQ,NASDAQ,Dow Jones,S&P 500,Nikkei
11930,신성이엔지,80.0,1195.0,22.84,1.53,0.0,6.694560669456067,20240304,1959.0,1213525.0,205848151.0,0.67,2674.27001953125,872.969970703125,16207.509765625,38989.828125,5130.9501953125,40109.23046875
11930,신성이엔지,80.0,1195.0,22.84,1.53,0.0,6.694560669456067,20240305,2045.0,3422164.0,205848151.0,4.39,2649.39990234375,866.3699951171875,15939.58984375,38585.19140625,5078.64990234375,40097.62890625
11930,신성이엔지,80.0,1195.0,22.84,1.53,0.0,6.694560669456067,20240306,1999.0,1275144.0,205848151.0,-2.25,2641.489990234375,870.6699829101562,16031.5400390625,38661.05078125,5104.759765625,40090.78125
11930,신성이엔지,80.0,1195.0,22.84,1.53,0.0,6.694560669456067,20240307,2045.0,1840342.0,205848151.0,2.3,2647.6201171875,863.3699951171875,16273.3798828125,38791.3515625,5157.35986328125,39598.7109375
11930,신성이엔지,80.0,1195.0,22.84,1.53,0.0,6.694560669456067,20240308,1958.0,3663784.0,205848151.0,-4.25,2680.35009765625,873.1799926757812,16085.1103515625,38722.69140625,5123.68994140625,39688.94140625
