종목코드,종목명,EPS,BPS,PER,PBR,배당수익률,ROE,날짜,종가,거래량,상장주식수,등락률,KOSPI,KOSDAQ,NASDAQ,Dow Jones,S&P 500,Nikkei
55550,신한지주,8048.0,104769.0,7.39,0.57,3.53,7.681661560194332,20240304,44200.0,3749034.0,512759471.0,1.49,2674.27001953125,872.969970703125,16207.509765625,38989.828125,5130.9501953125,40109.23046875
55550,신한지주,8048.0,104769.0,7.39,0.57,3.53,7.681661560194332,20240305,44050.0,3116406.0,512759471.0,-0.34,2649.39990234375,866.3699951171875,15939.58984375,38585.19140625,5078.64990234375,40097.62890625
55550,신한지주,8048.0,104769.0,7.39,0.57,3.53,7.681661560194332,20240306,45600.0,2459149.0,512759471.0,3.52,2641.489990234375,870.6699829101562,16031.5400390625,38661.05078125,5104.759765625,40090.78125
55550,신한지주,8048.0,104769.0,7.39,0.57,3.53,7.681661560194332,20240307,45400.0,12779531.0,512759471.0,-0.44,2647.6201171875,863.3699951171875,16273.3798828125,38791.3515625,5157.35986328125,39598.7109375
55550,신한지주,8048.0,104769.0,7.39,0.57,3.53,7.681661560194332,20240308,46000.0,3311443.0,512759471.0,1.32,2680.35009765625,873.1799926757812,16085.1103515625,38722.69140625,5123.68994140625,39688.94140625
