종목코드,종목명,EPS,BPS,PER,PBR,배당수익률,ROE,날짜,종가,거래량,상장주식수,등락률,KOSPI,KOSDAQ,NASDAQ,Dow Jones,S&P 500,Nikkei
243840,신흥에스이씨,781.0,7407.0,9.49,1.0,1.16,10.544079924395842,20240304,48000.0,45347.0,7783807.0,1.59,2674.27001953125,872.969970703125,16207.509765625,38989.828125,5130.9501953125,40109.23046875
243840,신흥에스이씨,781.0,7407.0,9.49,1.0,1.16,10.544079924395842,20240305,47950.0,64598.0,7783807.0,-0.1,2649.39990234375,866.3699951171875,15939.58984375,38585.19140625,5078.64990234375,40097.62890625
243840,신흥에스이씨,781.0,7407.0,9.49,1.0,1.16,10.544079924395842,20240306,47700.0,30507.0,7783807.0,-0.52,2641.489990234375,870.6699829101562,16031.5400390625,38661.05078125,5104.759765625,40090.78125
243840,신흥에스이씨,781.0,7407.0,9.49,1.0,1.16,10.544079924395842,20240307,49550.0,332891.0,7783807.0,3.88,2647.6201171875,863.3699951171875,16273.3798828125,38791.3515625,5157.35986328125,39598.7109375
243840,신흥에스이씨,781.0,7407.0,9.49,1.0,1.16,10.544079924395842,20240308,49900.0,109406.0,7783807.0,0.71,2680.35009765625,873.1799926757812,16085.1103515625,38722.69140625,5123.68994140625,39688.94140625
