종목코드,종목명,EPS,BPS,PER,PBR,배당수익률,ROE,날짜,종가,거래량,상장주식수,등락률,KOSPI,KOSDAQ,NASDAQ,Dow Jones,S&P 500,Nikkei
10280,쌍용정보통신,84.0,977.0,7.8,0.67,0.0,8.597748208802457,20240304,961.0,356100.0,65123786.0,1.59,2674.27001953125,872.969970703125,16207.509765625,38989.828125,5130.9501953125,40109.23046875
10280,쌍용정보통신,84.0,977.0,7.8,0.67,0.0,8.597748208802457,20240305,932.0,272851.0,65123786.0,-3.02,2649.39990234375,866.3699951171875,15939.58984375,38585.19140625,5078.64990234375,40097.62890625
10280,쌍용정보통신,84.0,977.0,7.8,0.67,0.0,8.597748208802457,20240306,945.0,165113.0,65123786.0,1.39,2641.489990234375,870.6699829101562,16031.5400390625,38661.05078125,5104.759765625,40090.78125
10280,쌍용정보통신,84.0,977.0,7.8,0.67,0.0,8.597748208802457,20240307,926.0,169519.0,65123786.0,-2.01,2647.6201171875,863.3699951171875,16273.3798828125,38791.3515625,5157.35986328125,39598.7109375
10280,쌍용정보통신,84.0,977.0,7.8,0.67,0.0,8.597748208802457,20240308,911.0,175233.0,65123786.0,-1.62,2680.35009765625,873.1799926757812,16085.1103515625,38722.69140625,5123.68994140625,39688.94140625
