종목코드,종목명,EPS,BPS,PER,PBR,배당수익률,ROE,날짜,종가,거래량,상장주식수,등락률,KOSPI,KOSDAQ,NASDAQ,Dow Jones,S&P 500,Nikkei
99320,쎄트렉아이,4784.0,19893.0,9.5,2.28,0.33,24.048660332780376,20240304,31850.0,43940.0,10951278.0,-2.3,2674.27001953125,872.969970703125,16207.509765625,38989.828125,5130.9501953125,40109.23046875
99320,쎄트렉아이,4784.0,19893.0,9.5,2.28,0.33,24.048660332780376,20240305,31550.0,19405.0,10951278.0,-0.94,2649.39990234375,866.3699951171875,15939.58984375,38585.19140625,5078.64990234375,40097.62890625
99320,쎄트렉아이,4784.0,19893.0,9.5,2.28,0.33,24.048660332780376,20240306,33750.0,61708.0,10951278.0,6.97,2641.489990234375,870.6699829101562,16031.5400390625,38661.05078125,5104.759765625,40090.78125
99320,쎄트렉아이,4784.0,19893.0,9.5,2.28,0.33,24.048660332780376,20240307,34200.0,89881.0,10951278.0,1.33,2647.6201171875,863.3699951171875,16273.3798828125,38791.3515625,5157.35986328125,39598.7109375
99320,쎄트렉아이,4784.0,19893.0,9.5,2.28,0.33,24.048660332780376,20240308,33800.0,46740.0,10951278.0,-1.17,2680.35009765625,873.1799926757812,16085.1103515625,38722.69140625,5123.68994140625,39688.94140625
