종목코드,종목명,EPS,BPS,PER,PBR,배당수익률,ROE,날짜,종가,거래량,상장주식수,등락률,KOSPI,KOSDAQ,NASDAQ,Dow Jones,S&P 500,Nikkei
13990,아가방컴퍼니,410.0,5439.0,10.44,0.79,0.0,7.538150395293252,20240304,6450.0,2535825.0,32887536.0,0.0,2674.27001953125,872.969970703125,16207.509765625,38989.828125,5130.9501953125,40109.23046875
13990,아가방컴퍼니,410.0,5439.0,10.44,0.79,0.0,7.538150395293252,20240305,6030.0,3234312.0,32887536.0,-6.51,2649.39990234375,866.3699951171875,15939.58984375,38585.19140625,5078.64990234375,40097.62890625
13990,아가방컴퍼니,410.0,5439.0,10.44,0.79,0.0,7.538150395293252,20240306,6020.0,1802547.0,32887536.0,-0.17,2641.489990234375,870.6699829101562,16031.5400390625,38661.05078125,5104.759765625,40090.78125
13990,아가방컴퍼니,410.0,5439.0,10.44,0.79,0.0,7.538150395293252,20240307,5690.0,2109696.0,32887536.0,-5.48,2647.6201171875,863.3699951171875,16273.3798828125,38791.3515625,5157.35986328125,39598.7109375
13990,아가방컴퍼니,410.0,5439.0,10.44,0.79,0.0,7.538150395293252,20240308,5730.0,1152886.0,32887536.0,0.7,2680.35009765625,873.1799926757812,16085.1103515625,38722.69140625,5123.68994140625,39688.94140625
