종목코드,종목명,EPS,BPS,PER,PBR,배당수익률,ROE,날짜,종가,거래량,상장주식수,등락률,KOSPI,KOSDAQ,NASDAQ,Dow Jones,S&P 500,Nikkei
2790,아모레G,1296.0,37035.0,24.23,0.85,0.78,3.4993924665856624,20240304,26400.0,142730.0,82458180.0,-0.94,2674.27001953125,872.969970703125,16207.509765625,38989.828125,5130.9501953125,40109.23046875
2790,아모레G,1296.0,37035.0,24.23,0.85,0.78,3.4993924665856624,20240305,25900.0,161179.0,82458180.0,-1.89,2649.39990234375,866.3699951171875,15939.58984375,38585.19140625,5078.64990234375,40097.62890625
2790,아모레G,1296.0,37035.0,24.23,0.85,0.78,3.4993924665856624,20240306,26300.0,103081.0,82458180.0,1.54,2641.489990234375,870.6699829101562,16031.5400390625,38661.05078125,5104.759765625,40090.78125
2790,아모레G,1296.0,37035.0,24.23,0.85,0.78,3.4993924665856624,20240307,26100.0,113809.0,82458180.0,-0.76,2647.6201171875,863.3699951171875,16273.3798828125,38791.3515625,5157.35986328125,39598.7109375
2790,아모레G,1296.0,37035.0,24.23,0.85,0.78,3.4993924665856624,20240308,25800.0,144082.0,82458180.0,-1.15,2680.35009765625,873.1799926757812,16085.1103515625,38722.69140625,5123.68994140625,39688.94140625
