종목코드,종목명,EPS,BPS,PER,PBR,배당수익률,ROE,날짜,종가,거래량,상장주식수,등락률,KOSPI,KOSDAQ,NASDAQ,Dow Jones,S&P 500,Nikkei
83930,아바코,306.0,12784.0,46.34,1.11,1.41,2.393617021276596,20240304,13370.0,41448.0,15412798.0,1.44,2674.27001953125,872.969970703125,16207.509765625,38989.828125,5130.9501953125,40109.23046875
83930,아바코,306.0,12784.0,46.34,1.11,1.41,2.393617021276596,20240305,13280.0,223017.0,15412798.0,-0.67,2649.39990234375,866.3699951171875,15939.58984375,38585.19140625,5078.64990234375,40097.62890625
83930,아바코,306.0,12784.0,46.34,1.11,1.41,2.393617021276596,20240306,13110.0,88075.0,15412798.0,-1.28,2641.489990234375,870.6699829101562,16031.5400390625,38661.05078125,5104.759765625,40090.78125
83930,아바코,306.0,12784.0,46.34,1.11,1.41,2.393617021276596,20240307,13740.0,130581.0,15412798.0,4.81,2647.6201171875,863.3699951171875,16273.3798828125,38791.3515625,5157.35986328125,39598.7109375
83930,아바코,306.0,12784.0,46.34,1.11,1.41,2.393617021276596,20240308,14420.0,234384.0,15412798.0,4.95,2680.35009765625,873.1799926757812,16085.1103515625,38722.69140625,5123.68994140625,39688.94140625
