종목코드,종목명,EPS,BPS,PER,PBR,배당수익률,ROE,날짜,종가,거래량,상장주식수,등락률,KOSPI,KOSDAQ,NASDAQ,Dow Jones,S&P 500,Nikkei
125210,아모그린텍,789.0,4169.0,11.18,2.12,0.0,18.925401775005994,20240304,11130.0,66059.0,16496790.0,-0.09,2674.27001953125,872.969970703125,16207.509765625,38989.828125,5130.9501953125,40109.23046875
125210,아모그린텍,789.0,4169.0,11.18,2.12,0.0,18.925401775005994,20240305,10730.0,173542.0,16496790.0,-3.59,2649.39990234375,866.3699951171875,15939.58984375,38585.19140625,5078.64990234375,40097.62890625
125210,아모그린텍,789.0,4169.0,11.18,2.12,0.0,18.925401775005994,20240306,10750.0,67960.0,16496790.0,0.19,2641.489990234375,870.6699829101562,16031.5400390625,38661.05078125,5104.759765625,40090.78125
125210,아모그린텍,789.0,4169.0,11.18,2.12,0.0,18.925401775005994,20240307,10960.0,94199.0,16496790.0,1.95,2647.6201171875,863.3699951171875,16273.3798828125,38791.3515625,5157.35986328125,39598.7109375
125210,아모그린텍,789.0,4169.0,11.18,2.12,0.0,18.925401775005994,20240308,11030.0,97705.0,16496790.0,0.64,2680.35009765625,873.1799926757812,16085.1103515625,38722.69140625,5123.68994140625,39688.94140625
