종목코드,종목명,EPS,BPS,PER,PBR,배당수익률,ROE,날짜,종가,거래량,상장주식수,등락률,KOSPI,KOSDAQ,NASDAQ,Dow Jones,S&P 500,Nikkei
90430,아모레퍼시픽,2609.0,70961.0,68.57,2.52,0.51,3.676667465227378,20240304,118100.0,149221.0,58492759.0,-1.25,2674.27001953125,872.969970703125,16207.509765625,38989.828125,5130.9501953125,40109.23046875
90430,아모레퍼시픽,2609.0,70961.0,68.57,2.52,0.51,3.676667465227378,20240305,113700.0,241048.0,58492759.0,-3.73,2649.39990234375,866.3699951171875,15939.58984375,38585.19140625,5078.64990234375,40097.62890625
90430,아모레퍼시픽,2609.0,70961.0,68.57,2.52,0.51,3.676667465227378,20240306,114500.0,102167.0,58492759.0,0.7,2641.489990234375,870.6699829101562,16031.5400390625,38661.05078125,5104.759765625,40090.78125
90430,아모레퍼시픽,2609.0,70961.0,68.57,2.52,0.51,3.676667465227378,20240307,112700.0,169994.0,58492759.0,-1.57,2647.6201171875,863.3699951171875,16273.3798828125,38791.3515625,5157.35986328125,39598.7109375
90430,아모레퍼시픽,2609.0,70961.0,68.57,2.52,0.51,3.676667465227378,20240308,112000.0,150524.0,58492759.0,-0.62,2680.35009765625,873.1799926757812,16085.1103515625,38722.69140625,5123.68994140625,39688.94140625
