종목코드,종목명,EPS,BPS,PER,PBR,배당수익률,ROE,날짜,종가,거래량,상장주식수,등락률,KOSPI,KOSDAQ,NASDAQ,Dow Jones,S&P 500,Nikkei
339950,아이비김영,180.0,1036.0,9.73,1.69,1.14,17.374517374517374,20240304,2505.0,12804418.0,44946655.0,12.58,2674.27001953125,872.969970703125,16207.509765625,38989.828125,5130.9501953125,40109.23046875
339950,아이비김영,180.0,1036.0,9.73,1.69,1.14,17.374517374517374,20240305,2390.0,4488294.0,44946655.0,-4.59,2649.39990234375,866.3699951171875,15939.58984375,38585.19140625,5078.64990234375,40097.62890625
339950,아이비김영,180.0,1036.0,9.73,1.69,1.14,17.374517374517374,20240306,2340.0,1730456.0,44946655.0,-2.09,2641.489990234375,870.6699829101562,16031.5400390625,38661.05078125,5104.759765625,40090.78125
339950,아이비김영,180.0,1036.0,9.73,1.69,1.14,17.374517374517374,20240307,2255.0,1015119.0,44946655.0,-3.63,2647.6201171875,863.3699951171875,16273.3798828125,38791.3515625,5157.35986328125,39598.7109375
339950,아이비김영,180.0,1036.0,9.73,1.69,1.14,17.374517374517374,20240308,2215.0,922366.0,44946655.0,-1.77,2680.35009765625,873.1799926757812,16085.1103515625,38722.69140625,5123.68994140625,39688.94140625
