종목코드,종목명,EPS,BPS,PER,PBR,배당수익률,ROE,날짜,종가,거래량,상장주식수,등락률,KOSPI,KOSDAQ,NASDAQ,Dow Jones,S&P 500,Nikkei
52460,아이크래프트,381.0,3153.0,7.39,0.89,2.84,12.0837297811608,20240304,3970.0,92427.0,14607936.0,2.06,2674.27001953125,872.969970703125,16207.509765625,38989.828125,5130.9501953125,40109.23046875
52460,아이크래프트,381.0,3153.0,7.39,0.89,2.84,12.0837297811608,20240305,3880.0,94338.0,14607936.0,-2.27,2649.39990234375,866.3699951171875,15939.58984375,38585.19140625,5078.64990234375,40097.62890625
52460,아이크래프트,381.0,3153.0,7.39,0.89,2.84,12.0837297811608,20240306,3890.0,52575.0,14607936.0,0.26,2641.489990234375,870.6699829101562,16031.5400390625,38661.05078125,5104.759765625,40090.78125
52460,아이크래프트,381.0,3153.0,7.39,0.89,2.84,12.0837297811608,20240307,3700.0,188584.0,14607936.0,-4.88,2647.6201171875,863.3699951171875,16273.3798828125,38791.3515625,5157.35986328125,39598.7109375
52460,아이크래프트,381.0,3153.0,7.39,0.89,2.84,12.0837297811608,20240308,3810.0,68170.0,14607936.0,2.97,2680.35009765625,873.1799926757812,16085.1103515625,38722.69140625,5123.68994140625,39688.94140625
