종목코드,종목명,EPS,BPS,PER,PBR,배당수익률,ROE,날짜,종가,거래량,상장주식수,등락률,KOSPI,KOSDAQ,NASDAQ,Dow Jones,S&P 500,Nikkei
2310,아세아제지,1857.0,20168.0,4.54,0.42,5.74,9.20765569218564,20240304,48900.0,47636.0,8956502.0,1.98,2674.27001953125,872.969970703125,16207.509765625,38989.828125,5130.9501953125,40109.23046875
2310,아세아제지,1857.0,20168.0,4.54,0.42,5.74,9.20765569218564,20240305,49500.0,64400.0,8956502.0,1.23,2649.39990234375,866.3699951171875,15939.58984375,38585.19140625,5078.64990234375,40097.62890625
2310,아세아제지,1857.0,20168.0,4.54,0.42,5.74,9.20765569218564,20240306,49500.0,41443.0,8956502.0,0.0,2641.489990234375,870.6699829101562,16031.5400390625,38661.05078125,5104.759765625,40090.78125
2310,아세아제지,1857.0,20168.0,4.54,0.42,5.74,9.20765569218564,20240307,49200.0,51791.0,8956502.0,-0.61,2647.6201171875,863.3699951171875,16273.3798828125,38791.3515625,5157.35986328125,39598.7109375
2310,아세아제지,1857.0,20168.0,4.54,0.42,5.74,9.20765569218564,20240308,46350.0,85326.0,8956502.0,-5.79,2680.35009765625,873.1799926757812,16085.1103515625,38722.69140625,5123.68994140625,39688.94140625
