종목코드,종목명,EPS,BPS,PER,PBR,배당수익률,ROE,날짜,종가,거래량,상장주식수,등락률,KOSPI,KOSDAQ,NASDAQ,Dow Jones,S&P 500,Nikkei
50860,아세아텍,451.0,6134.0,4.92,0.36,2.25,7.352461688946854,20240304,2400.0,21845.0,22500000.0,-1.03,2674.27001953125,872.969970703125,16207.509765625,38989.828125,5130.9501953125,40109.23046875
50860,아세아텍,451.0,6134.0,4.92,0.36,2.25,7.352461688946854,20240305,2385.0,78555.0,22500000.0,-0.63,2649.39990234375,866.3699951171875,15939.58984375,38585.19140625,5078.64990234375,40097.62890625
50860,아세아텍,451.0,6134.0,4.92,0.36,2.25,7.352461688946854,20240306,2370.0,36164.0,22500000.0,-0.63,2641.489990234375,870.6699829101562,16031.5400390625,38661.05078125,5104.759765625,40090.78125
50860,아세아텍,451.0,6134.0,4.92,0.36,2.25,7.352461688946854,20240307,2350.0,42791.0,22500000.0,-0.84,2647.6201171875,863.3699951171875,16273.3798828125,38791.3515625,5157.35986328125,39598.7109375
50860,아세아텍,451.0,6134.0,4.92,0.36,2.25,7.352461688946854,20240308,2350.0,50565.0,22500000.0,0.0,2680.35009765625,873.1799926757812,16085.1103515625,38722.69140625,5123.68994140625,39688.94140625
