종목코드,종목명,EPS,BPS,PER,PBR,배당수익률,ROE,날짜,종가,거래량,상장주식수,등락률,KOSPI,KOSDAQ,NASDAQ,Dow Jones,S&P 500,Nikkei
136410,아셈스,286.0,5487.0,23.22,1.21,0.0,5.212320029159832,20240304,8290.0,78857.0,11019106.0,1.47,2674.27001953125,872.969970703125,16207.509765625,38989.828125,5130.9501953125,40109.23046875
136410,아셈스,286.0,5487.0,23.22,1.21,0.0,5.212320029159832,20240305,8170.0,37173.0,11019106.0,-1.45,2649.39990234375,866.3699951171875,15939.58984375,38585.19140625,5078.64990234375,40097.62890625
136410,아셈스,286.0,5487.0,23.22,1.21,0.0,5.212320029159832,20240306,9190.0,1080980.0,11019106.0,12.48,2641.489990234375,870.6699829101562,16031.5400390625,38661.05078125,5104.759765625,40090.78125
136410,아셈스,286.0,5487.0,23.22,1.21,0.0,5.212320029159832,20240307,9280.0,133466.0,11019106.0,0.98,2647.6201171875,863.3699951171875,16273.3798828125,38791.3515625,5157.35986328125,39598.7109375
136410,아셈스,286.0,5487.0,23.22,1.21,0.0,5.212320029159832,20240308,9790.0,105786.0,11019106.0,5.5,2680.35009765625,873.1799926757812,16085.1103515625,38722.69140625,5123.68994140625,39688.94140625
