종목코드,종목명,EPS,BPS,PER,PBR,배당수익률,ROE,날짜,종가,거래량,상장주식수,등락률,KOSPI,KOSDAQ,NASDAQ,Dow Jones,S&P 500,Nikkei
158430,아톤,437.0,3537.0,8.5,1.05,0.81,12.35510319479785,20240304,4135.0,166681.0,22576635.0,-1.66,2674.27001953125,872.969970703125,16207.509765625,38989.828125,5130.9501953125,40109.23046875
158430,아톤,437.0,3537.0,8.5,1.05,0.81,12.35510319479785,20240305,4430.0,2751758.0,22576635.0,7.13,2649.39990234375,866.3699951171875,15939.58984375,38585.19140625,5078.64990234375,40097.62890625
158430,아톤,437.0,3537.0,8.5,1.05,0.81,12.35510319479785,20240306,4395.0,456246.0,22576635.0,-0.79,2641.489990234375,870.6699829101562,16031.5400390625,38661.05078125,5104.759765625,40090.78125
158430,아톤,437.0,3537.0,8.5,1.05,0.81,12.35510319479785,20240307,4450.0,759533.0,22576635.0,1.25,2647.6201171875,863.3699951171875,16273.3798828125,38791.3515625,5157.35986328125,39598.7109375
158430,아톤,437.0,3537.0,8.5,1.05,0.81,12.35510319479785,20240308,4385.0,257037.0,22576635.0,-1.46,2680.35009765625,873.1799926757812,16085.1103515625,38722.69140625,5123.68994140625,39688.94140625
