종목코드,종목명,EPS,BPS,PER,PBR,배당수익률,ROE,날짜,종가,거래량,상장주식수,등락률,KOSPI,KOSDAQ,NASDAQ,Dow Jones,S&P 500,Nikkei
53800,안랩,4125.0,32433.0,13.99,1.78,2.25,12.718527425770048,20240304,70900.0,56710.0,10013855.0,-0.84,2674.27001953125,872.969970703125,16207.509765625,38989.828125,5130.9501953125,40109.23046875
53800,안랩,4125.0,32433.0,13.99,1.78,2.25,12.718527425770048,20240305,69500.0,84568.0,10013855.0,-1.97,2649.39990234375,866.3699951171875,15939.58984375,38585.19140625,5078.64990234375,40097.62890625
53800,안랩,4125.0,32433.0,13.99,1.78,2.25,12.718527425770048,20240306,69300.0,32742.0,10013855.0,-0.29,2641.489990234375,870.6699829101562,16031.5400390625,38661.05078125,5104.759765625,40090.78125
53800,안랩,4125.0,32433.0,13.99,1.78,2.25,12.718527425770048,20240307,67300.0,93346.0,10013855.0,-2.89,2647.6201171875,863.3699951171875,16273.3798828125,38791.3515625,5157.35986328125,39598.7109375
53800,안랩,4125.0,32433.0,13.99,1.78,2.25,12.718527425770048,20240308,67700.0,32849.0,10013855.0,0.59,2680.35009765625,873.1799926757812,16085.1103515625,38722.69140625,5123.68994140625,39688.94140625
