종목코드,종목명,EPS,BPS,PER,PBR,배당수익률,ROE,날짜,종가,거래량,상장주식수,등락률,KOSPI,KOSDAQ,NASDAQ,Dow Jones,S&P 500,Nikkei
354320,알멕,,20780.0,,1.46,0.0,,20240304,41750.0,49258.0,6391381.0,-0.48,2674.27001953125,872.969970703125,16207.509765625,38989.828125,5130.9501953125,40109.23046875
354320,알멕,,20780.0,,1.46,0.0,,20240305,41350.0,40542.0,6391381.0,-0.96,2649.39990234375,866.3699951171875,15939.58984375,38585.19140625,5078.64990234375,40097.62890625
354320,알멕,,20780.0,,1.46,0.0,,20240306,42250.0,37030.0,6391381.0,2.18,2641.489990234375,870.6699829101562,16031.5400390625,38661.05078125,5104.759765625,40090.78125
354320,알멕,,20780.0,,1.46,0.0,,20240307,42900.0,45556.0,6391381.0,1.54,2647.6201171875,863.3699951171875,16273.3798828125,38791.3515625,5157.35986328125,39598.7109375
354320,알멕,,20780.0,,1.46,0.0,,20240308,41100.0,66281.0,6391381.0,-4.2,2680.35009765625,873.1799926757812,16085.1103515625,38722.69140625,5123.68994140625,39688.94140625
