종목코드,종목명,EPS,BPS,PER,PBR,배당수익률,ROE,날짜,종가,거래량,상장주식수,등락률,KOSPI,KOSDAQ,NASDAQ,Dow Jones,S&P 500,Nikkei
310200,애니플러스,204.0,2104.0,13.6,1.32,0.0,9.695817490494296,20240304,3840.0,1610760.0,45186656.0,10.66,2674.27001953125,872.969970703125,16207.509765625,38989.828125,5130.9501953125,40109.23046875
310200,애니플러스,204.0,2104.0,13.6,1.32,0.0,9.695817490494296,20240305,3650.0,464037.0,45186656.0,-4.95,2649.39990234375,866.3699951171875,15939.58984375,38585.19140625,5078.64990234375,40097.62890625
310200,애니플러스,204.0,2104.0,13.6,1.32,0.0,9.695817490494296,20240306,3690.0,186781.0,45186656.0,1.1,2641.489990234375,870.6699829101562,16031.5400390625,38661.05078125,5104.759765625,40090.78125
310200,애니플러스,204.0,2104.0,13.6,1.32,0.0,9.695817490494296,20240307,3690.0,359166.0,45186656.0,0.0,2647.6201171875,863.3699951171875,16273.3798828125,38791.3515625,5157.35986328125,39598.7109375
310200,애니플러스,204.0,2104.0,13.6,1.32,0.0,9.695817490494296,20240308,3605.0,127298.0,45186656.0,-2.3,2680.35009765625,873.1799926757812,16085.1103515625,38722.69140625,5123.68994140625,39688.94140625
