종목코드,종목명,EPS,BPS,PER,PBR,배당수익률,ROE,날짜,종가,거래량,상장주식수,등락률,KOSPI,KOSDAQ,NASDAQ,Dow Jones,S&P 500,Nikkei
52790,액토즈소프트,3115.0,22769.0,2.61,0.36,0.0,13.680881900830077,20240304,9210.0,144615.0,11330638.0,2.56,2674.27001953125,872.969970703125,16207.509765625,38989.828125,5130.9501953125,40109.23046875
52790,액토즈소프트,3115.0,22769.0,2.61,0.36,0.0,13.680881900830077,20240305,9250.0,67281.0,11330638.0,0.43,2649.39990234375,866.3699951171875,15939.58984375,38585.19140625,5078.64990234375,40097.62890625
52790,액토즈소프트,3115.0,22769.0,2.61,0.36,0.0,13.680881900830077,20240306,8970.0,51723.0,11330638.0,-3.03,2641.489990234375,870.6699829101562,16031.5400390625,38661.05078125,5104.759765625,40090.78125
52790,액토즈소프트,3115.0,22769.0,2.61,0.36,0.0,13.680881900830077,20240307,9080.0,49133.0,11330638.0,1.23,2647.6201171875,863.3699951171875,16273.3798828125,38791.3515625,5157.35986328125,39598.7109375
52790,액토즈소프트,3115.0,22769.0,2.61,0.36,0.0,13.680881900830077,20240308,9290.0,49398.0,11330638.0,2.31,2680.35009765625,873.1799926757812,16085.1103515625,38722.69140625,5123.68994140625,39688.94140625
