종목코드,종목명,EPS,BPS,PER,PBR,배당수익률,ROE,날짜,종가,거래량,상장주식수,등락률,KOSPI,KOSDAQ,NASDAQ,Dow Jones,S&P 500,Nikkei
129890,앱코,36.0,1149.0,34.67,1.09,0.0,3.133159268929504,20240304,996.0,507341.0,50643410.0,0.4,2674.27001953125,872.969970703125,16207.509765625,38989.828125,5130.9501953125,40109.23046875
129890,앱코,36.0,1149.0,34.67,1.09,0.0,3.133159268929504,20240305,969.0,327928.0,50643410.0,-2.71,2649.39990234375,866.3699951171875,15939.58984375,38585.19140625,5078.64990234375,40097.62890625
129890,앱코,36.0,1149.0,34.67,1.09,0.0,3.133159268929504,20240306,964.0,145968.0,50643410.0,-0.52,2641.489990234375,870.6699829101562,16031.5400390625,38661.05078125,5104.759765625,40090.78125
129890,앱코,36.0,1149.0,34.67,1.09,0.0,3.133159268929504,20240307,977.0,1374684.0,50643410.0,1.35,2647.6201171875,863.3699951171875,16273.3798828125,38791.3515625,5157.35986328125,39598.7109375
129890,앱코,36.0,1149.0,34.67,1.09,0.0,3.133159268929504,20240308,1010.0,354487.0,50643410.0,3.38,2680.35009765625,873.1799926757812,16085.1103515625,38722.69140625,5123.68994140625,39688.94140625
