종목코드,종목명,EPS,BPS,PER,PBR,배당수익률,ROE,날짜,종가,거래량,상장주식수,등락률,KOSPI,KOSDAQ,NASDAQ,Dow Jones,S&P 500,Nikkei
102120,어보브반도체,,6362.0,,2.15,0.73,,20240304,18340.0,1765987.0,17780753.0,7.5,2674.27001953125,872.969970703125,16207.509765625,38989.828125,5130.9501953125,40109.23046875
102120,어보브반도체,,6362.0,,2.15,0.73,,20240305,17510.0,947006.0,17780753.0,-4.53,2649.39990234375,866.3699951171875,15939.58984375,38585.19140625,5078.64990234375,40097.62890625
102120,어보브반도체,,6362.0,,2.15,0.73,,20240306,17590.0,695246.0,17780753.0,0.46,2641.489990234375,870.6699829101562,16031.5400390625,38661.05078125,5104.759765625,40090.78125
102120,어보브반도체,,6362.0,,2.15,0.73,,20240307,17190.0,939068.0,17780753.0,-2.27,2647.6201171875,863.3699951171875,16273.3798828125,38791.3515625,5157.35986328125,39598.7109375
102120,어보브반도체,,6362.0,,2.15,0.73,,20240308,17010.0,835817.0,17780753.0,-1.05,2680.35009765625,873.1799926757812,16085.1103515625,38722.69140625,5123.68994140625,39688.94140625
