종목코드,종목명,EPS,BPS,PER,PBR,배당수익률,ROE,날짜,종가,거래량,상장주식수,등락률,KOSPI,KOSDAQ,NASDAQ,Dow Jones,S&P 500,Nikkei
270660,에브리봇,231.0,5342.0,84.11,3.64,0.0,4.324223137401722,20240304,27450.0,1948600.0,12191342.0,-2.66,2674.27001953125,872.969970703125,16207.509765625,38989.828125,5130.9501953125,40109.23046875
270660,에브리봇,231.0,5342.0,84.11,3.64,0.0,4.324223137401722,20240305,26000.0,1633629.0,12191342.0,-5.28,2649.39990234375,866.3699951171875,15939.58984375,38585.19140625,5078.64990234375,40097.62890625
270660,에브리봇,231.0,5342.0,84.11,3.64,0.0,4.324223137401722,20240306,27300.0,1936575.0,12191342.0,5.0,2641.489990234375,870.6699829101562,16031.5400390625,38661.05078125,5104.759765625,40090.78125
270660,에브리봇,231.0,5342.0,84.11,3.64,0.0,4.324223137401722,20240307,26200.0,1035253.0,12191342.0,-4.03,2647.6201171875,863.3699951171875,16273.3798828125,38791.3515625,5157.35986328125,39598.7109375
270660,에브리봇,231.0,5342.0,84.11,3.64,0.0,4.324223137401722,20240308,26950.0,966928.0,12191342.0,2.86,2680.35009765625,873.1799926757812,16085.1103515625,38722.69140625,5123.68994140625,39688.94140625
