종목코드,종목명,EPS,BPS,PER,PBR,배당수익률,ROE,날짜,종가,거래량,상장주식수,등락률,KOSPI,KOSDAQ,NASDAQ,Dow Jones,S&P 500,Nikkei
246250,에스엘에스바이오,102.0,878.0,33.24,3.86,1.47,11.617312072892938,20240304,4950.0,8397.0,7674103.0,-1.39,2674.27001953125,872.969970703125,16207.509765625,38989.828125,5130.9501953125,40109.23046875
246250,에스엘에스바이오,102.0,878.0,33.24,3.86,1.47,11.617312072892938,20240305,4895.0,9812.0,7674103.0,-1.11,2649.39990234375,866.3699951171875,15939.58984375,38585.19140625,5078.64990234375,40097.62890625
246250,에스엘에스바이오,102.0,878.0,33.24,3.86,1.47,11.617312072892938,20240306,4835.0,14566.0,7674103.0,-1.23,2641.489990234375,870.6699829101562,16031.5400390625,38661.05078125,5104.759765625,40090.78125
246250,에스엘에스바이오,102.0,878.0,33.24,3.86,1.47,11.617312072892938,20240307,4845.0,18162.0,7674103.0,0.21,2647.6201171875,863.3699951171875,16273.3798828125,38791.3515625,5157.35986328125,39598.7109375
246250,에스엘에스바이오,102.0,878.0,33.24,3.86,1.47,11.617312072892938,20240308,4900.0,18235.0,7674103.0,1.14,2680.35009765625,873.1799926757812,16085.1103515625,38722.69140625,5123.68994140625,39688.94140625
