종목코드,종목명,EPS,BPS,PER,PBR,배당수익률,ROE,날짜,종가,거래량,상장주식수,등락률,KOSPI,KOSDAQ,NASDAQ,Dow Jones,S&P 500,Nikkei
365330,에스와이스틸텍,444.0,1510.0,10.23,3.01,1.1,29.40397350993377,20240304,2915.0,255096.0,30610000.0,-0.51,2674.27001953125,872.969970703125,16207.509765625,38989.828125,5130.9501953125,40109.23046875
365330,에스와이스틸텍,444.0,1510.0,10.23,3.01,1.1,29.40397350993377,20240305,2860.0,226063.0,30610000.0,-1.89,2649.39990234375,866.3699951171875,15939.58984375,38585.19140625,5078.64990234375,40097.62890625
365330,에스와이스틸텍,444.0,1510.0,10.23,3.01,1.1,29.40397350993377,20240306,2830.0,196020.0,30610000.0,-1.05,2641.489990234375,870.6699829101562,16031.5400390625,38661.05078125,5104.759765625,40090.78125
365330,에스와이스틸텍,444.0,1510.0,10.23,3.01,1.1,29.40397350993377,20240307,2780.0,269274.0,30610000.0,-1.77,2647.6201171875,863.3699951171875,16273.3798828125,38791.3515625,5157.35986328125,39598.7109375
365330,에스와이스틸텍,444.0,1510.0,10.23,3.01,1.1,29.40397350993377,20240308,2800.0,163335.0,30610000.0,0.72,2680.35009765625,873.1799926757812,16085.1103515625,38722.69140625,5123.68994140625,39688.94140625
