종목코드,종목명,EPS,BPS,PER,PBR,배당수익률,ROE,날짜,종가,거래량,상장주식수,등락률,KOSPI,KOSDAQ,NASDAQ,Dow Jones,S&P 500,Nikkei
3800,에이스침대,4871.0,61828.0,5.38,0.42,5.34,7.878307562916478,20240304,26450.0,4330.0,11090000.0,0.38,2674.27001953125,872.969970703125,16207.509765625,38989.828125,5130.9501953125,40109.23046875
3800,에이스침대,4871.0,61828.0,5.38,0.42,5.34,7.878307562916478,20240305,26450.0,2054.0,11090000.0,0.0,2649.39990234375,866.3699951171875,15939.58984375,38585.19140625,5078.64990234375,40097.62890625
3800,에이스침대,4871.0,61828.0,5.38,0.42,5.34,7.878307562916478,20240306,26800.0,1811.0,11090000.0,1.32,2641.489990234375,870.6699829101562,16031.5400390625,38661.05078125,5104.759765625,40090.78125
3800,에이스침대,4871.0,61828.0,5.38,0.42,5.34,7.878307562916478,20240307,26100.0,6585.0,11090000.0,-2.61,2647.6201171875,863.3699951171875,16273.3798828125,38791.3515625,5157.35986328125,39598.7109375
3800,에이스침대,4871.0,61828.0,5.38,0.42,5.34,7.878307562916478,20240308,26100.0,3988.0,11090000.0,0.0,2680.35009765625,873.1799926757812,16085.1103515625,38722.69140625,5123.68994140625,39688.94140625
