종목코드,종목명,EPS,BPS,PER,PBR,배당수익률,ROE,날짜,종가,거래량,상장주식수,등락률,KOSPI,KOSDAQ,NASDAQ,Dow Jones,S&P 500,Nikkei
298060,에스씨엠생명과학,,1001.0,,2.37,0.0,,20240304,2845.0,96091.0,20467248.0,1.07,2674.27001953125,872.969970703125,16207.509765625,38989.828125,5130.9501953125,40109.23046875
298060,에스씨엠생명과학,,1001.0,,2.37,0.0,,20240305,2860.0,163982.0,20467248.0,0.53,2649.39990234375,866.3699951171875,15939.58984375,38585.19140625,5078.64990234375,40097.62890625
298060,에스씨엠생명과학,,1001.0,,2.37,0.0,,20240306,2795.0,141598.0,20467248.0,-2.27,2641.489990234375,870.6699829101562,16031.5400390625,38661.05078125,5104.759765625,40090.78125
298060,에스씨엠생명과학,,1001.0,,2.37,0.0,,20240307,3140.0,1105354.0,20467248.0,12.34,2647.6201171875,863.3699951171875,16273.3798828125,38791.3515625,5157.35986328125,39598.7109375
298060,에스씨엠생명과학,,1001.0,,2.37,0.0,,20240308,3090.0,292310.0,20467248.0,-1.59,2680.35009765625,873.1799926757812,16085.1103515625,38722.69140625,5123.68994140625,39688.94140625
