종목코드,종목명,EPS,BPS,PER,PBR,배당수익률,ROE,날짜,종가,거래량,상장주식수,등락률,KOSPI,KOSDAQ,NASDAQ,Dow Jones,S&P 500,Nikkei
21080,에이티넘인베스트,432.0,3855.0,6.0,0.67,4.63,11.206225680933851,20240304,3265.0,508369.0,48000000.0,-0.76,2674.27001953125,872.969970703125,16207.509765625,38989.828125,5130.9501953125,40109.23046875
21080,에이티넘인베스트,432.0,3855.0,6.0,0.67,4.63,11.206225680933851,20240305,3240.0,2136916.0,48000000.0,-0.77,2649.39990234375,866.3699951171875,15939.58984375,38585.19140625,5078.64990234375,40097.62890625
21080,에이티넘인베스트,432.0,3855.0,6.0,0.67,4.63,11.206225680933851,20240306,3125.0,619049.0,48000000.0,-3.55,2641.489990234375,870.6699829101562,16031.5400390625,38661.05078125,5104.759765625,40090.78125
21080,에이티넘인베스트,432.0,3855.0,6.0,0.67,4.63,11.206225680933851,20240307,3065.0,317599.0,48000000.0,-1.92,2647.6201171875,863.3699951171875,16273.3798828125,38791.3515625,5157.35986328125,39598.7109375
21080,에이티넘인베스트,432.0,3855.0,6.0,0.67,4.63,11.206225680933851,20240308,3075.0,153544.0,48000000.0,0.33,2680.35009765625,873.1799926757812,16085.1103515625,38722.69140625,5123.68994140625,39688.94140625
