종목코드,종목명,EPS,BPS,PER,PBR,배당수익률,ROE,날짜,종가,거래량,상장주식수,등락률,KOSPI,KOSDAQ,NASDAQ,Dow Jones,S&P 500,Nikkei
203400,에이비온,,453.0,,17.53,0.0,,20240304,6080.0,24267.0,22025993.0,0.0,2674.27001953125,872.969970703125,16207.509765625,38989.828125,5130.9501953125,40109.23046875
203400,에이비온,,453.0,,17.53,0.0,,20240305,5990.0,35016.0,22025993.0,-1.48,2649.39990234375,866.3699951171875,15939.58984375,38585.19140625,5078.64990234375,40097.62890625
203400,에이비온,,453.0,,17.53,0.0,,20240306,6700.0,282572.0,22025993.0,11.85,2641.489990234375,870.6699829101562,16031.5400390625,38661.05078125,5104.759765625,40090.78125
203400,에이비온,,453.0,,17.53,0.0,,20240307,7520.0,1822527.0,22025993.0,12.24,2647.6201171875,863.3699951171875,16273.3798828125,38791.3515625,5157.35986328125,39598.7109375
203400,에이비온,,453.0,,17.53,0.0,,20240308,8010.0,362653.0,22025993.0,6.52,2680.35009765625,873.1799926757812,16085.1103515625,38722.69140625,5123.68994140625,39688.94140625
