종목코드,종목명,EPS,BPS,PER,PBR,배당수익률,ROE,날짜,종가,거래량,상장주식수,등락률,KOSPI,KOSDAQ,NASDAQ,Dow Jones,S&P 500,Nikkei
58610,에스피지,496.0,9871.0,46.37,2.33,0.87,5.024820180326208,20240304,29700.0,201118.0,22177360.0,2.77,2674.27001953125,872.969970703125,16207.509765625,38989.828125,5130.9501953125,40109.23046875
58610,에스피지,496.0,9871.0,46.37,2.33,0.87,5.024820180326208,20240305,29400.0,302327.0,22177360.0,-1.01,2649.39990234375,866.3699951171875,15939.58984375,38585.19140625,5078.64990234375,40097.62890625
58610,에스피지,496.0,9871.0,46.37,2.33,0.87,5.024820180326208,20240306,29700.0,146747.0,22177360.0,1.02,2641.489990234375,870.6699829101562,16031.5400390625,38661.05078125,5104.759765625,40090.78125
58610,에스피지,496.0,9871.0,46.37,2.33,0.87,5.024820180326208,20240307,28950.0,208539.0,22177360.0,-2.53,2647.6201171875,863.3699951171875,16273.3798828125,38791.3515625,5157.35986328125,39598.7109375
58610,에스피지,496.0,9871.0,46.37,2.33,0.87,5.024820180326208,20240308,29100.0,308254.0,22177360.0,0.52,2680.35009765625,873.1799926757812,16085.1103515625,38722.69140625,5123.68994140625,39688.94140625
