종목코드,종목명,EPS,BPS,PER,PBR,배당수익률,ROE,날짜,종가,거래량,상장주식수,등락률,KOSPI,KOSDAQ,NASDAQ,Dow Jones,S&P 500,Nikkei
69510,에스텍,2576.0,18523.0,3.8,0.53,5.1,13.90703449765157,20240304,8590.0,4562.0,10910000.0,0.12,2674.27001953125,872.969970703125,16207.509765625,38989.828125,5130.9501953125,40109.23046875
69510,에스텍,2576.0,18523.0,3.8,0.53,5.1,13.90703449765157,20240305,8660.0,5355.0,10910000.0,0.81,2649.39990234375,866.3699951171875,15939.58984375,38585.19140625,5078.64990234375,40097.62890625
69510,에스텍,2576.0,18523.0,3.8,0.53,5.1,13.90703449765157,20240306,8550.0,5885.0,10910000.0,-1.27,2641.489990234375,870.6699829101562,16031.5400390625,38661.05078125,5104.759765625,40090.78125
69510,에스텍,2576.0,18523.0,3.8,0.53,5.1,13.90703449765157,20240307,8550.0,1194.0,10910000.0,0.0,2647.6201171875,863.3699951171875,16273.3798828125,38791.3515625,5157.35986328125,39598.7109375
69510,에스텍,2576.0,18523.0,3.8,0.53,5.1,13.90703449765157,20240308,8550.0,634.0,10910000.0,0.0,2680.35009765625,873.1799926757812,16085.1103515625,38722.69140625,5123.68994140625,39688.94140625
