종목코드,종목명,EPS,BPS,PER,PBR,배당수익률,ROE,날짜,종가,거래량,상장주식수,등락률,KOSPI,KOSDAQ,NASDAQ,Dow Jones,S&P 500,Nikkei
453860,에이에스텍,1551.0,8305.0,20.57,3.84,0.0,18.67549668874172,20240304,30600.0,57625.0,5657215.0,5.15,2674.27001953125,872.969970703125,16207.509765625,38989.828125,5130.9501953125,40109.23046875
453860,에이에스텍,1551.0,8305.0,20.57,3.84,0.0,18.67549668874172,20240305,29350.0,33020.0,5657215.0,-4.08,2649.39990234375,866.3699951171875,15939.58984375,38585.19140625,5078.64990234375,40097.62890625
453860,에이에스텍,1551.0,8305.0,20.57,3.84,0.0,18.67549668874172,20240306,29800.0,14458.0,5657215.0,1.53,2641.489990234375,870.6699829101562,16031.5400390625,38661.05078125,5104.759765625,40090.78125
453860,에이에스텍,1551.0,8305.0,20.57,3.84,0.0,18.67549668874172,20240307,30450.0,37924.0,5657215.0,2.18,2647.6201171875,863.3699951171875,16273.3798828125,38791.3515625,5157.35986328125,39598.7109375
453860,에이에스텍,1551.0,8305.0,20.57,3.84,0.0,18.67549668874172,20240308,30950.0,35416.0,5657215.0,1.64,2680.35009765625,873.1799926757812,16085.1103515625,38722.69140625,5123.68994140625,39688.94140625
