종목코드,종목명,EPS,BPS,PER,PBR,배당수익률,ROE,날짜,종가,거래량,상장주식수,등락률,KOSPI,KOSDAQ,NASDAQ,Dow Jones,S&P 500,Nikkei
78520,에이블씨엔씨,236.0,3371.0,36.65,2.57,16.5,7.000889943636903,20240304,6690.0,42412.0,26014161.0,-0.15,2674.27001953125,872.969970703125,16207.509765625,38989.828125,5130.9501953125,40109.23046875
78520,에이블씨엔씨,236.0,3371.0,36.65,2.57,16.5,7.000889943636903,20240305,6450.0,137453.0,26014161.0,-3.59,2649.39990234375,866.3699951171875,15939.58984375,38585.19140625,5078.64990234375,40097.62890625
78520,에이블씨엔씨,236.0,3371.0,36.65,2.57,16.5,7.000889943636903,20240306,6510.0,71701.0,26014161.0,0.93,2641.489990234375,870.6699829101562,16031.5400390625,38661.05078125,5104.759765625,40090.78125
78520,에이블씨엔씨,236.0,3371.0,36.65,2.57,16.5,7.000889943636903,20240307,6420.0,53431.0,26014161.0,-1.38,2647.6201171875,863.3699951171875,16273.3798828125,38791.3515625,5157.35986328125,39598.7109375
78520,에이블씨엔씨,236.0,3371.0,36.65,2.57,16.5,7.000889943636903,20240308,6490.0,24400.0,26014161.0,1.09,2680.35009765625,873.1799926757812,16085.1103515625,38722.69140625,5123.68994140625,39688.94140625
