종목코드,종목명,EPS,BPS,PER,PBR,배당수익률,ROE,날짜,종가,거래량,상장주식수,등락률,KOSPI,KOSDAQ,NASDAQ,Dow Jones,S&P 500,Nikkei
42110,에스씨디,100.0,2515.0,14.41,0.57,2.08,3.9761431411530817,20240304,1630.0,54143.0,48329564.0,1.31,2674.27001953125,872.969970703125,16207.509765625,38989.828125,5130.9501953125,40109.23046875
42110,에스씨디,100.0,2515.0,14.41,0.57,2.08,3.9761431411530817,20240305,1615.0,42379.0,48329564.0,-0.92,2649.39990234375,866.3699951171875,15939.58984375,38585.19140625,5078.64990234375,40097.62890625
42110,에스씨디,100.0,2515.0,14.41,0.57,2.08,3.9761431411530817,20240306,1594.0,79271.0,48329564.0,-1.3,2641.489990234375,870.6699829101562,16031.5400390625,38661.05078125,5104.759765625,40090.78125
42110,에스씨디,100.0,2515.0,14.41,0.57,2.08,3.9761431411530817,20240307,1559.0,318897.0,48329564.0,-2.2,2647.6201171875,863.3699951171875,16273.3798828125,38791.3515625,5157.35986328125,39598.7109375
42110,에스씨디,100.0,2515.0,14.41,0.57,2.08,3.9761431411530817,20240308,1545.0,159690.0,48329564.0,-0.9,2680.35009765625,873.1799926757812,16085.1103515625,38722.69140625,5123.68994140625,39688.94140625
