종목코드,종목명,EPS,BPS,PER,PBR,배당수익률,ROE,날짜,종가,거래량,상장주식수,등락률,KOSPI,KOSDAQ,NASDAQ,Dow Jones,S&P 500,Nikkei
121890,에스디시스템,208.0,947.0,9.29,2.04,0.0,21.964097148891238,20240304,2025.0,148490.0,12686120.0,-0.49,2674.27001953125,872.969970703125,16207.509765625,38989.828125,5130.9501953125,40109.23046875
121890,에스디시스템,208.0,947.0,9.29,2.04,0.0,21.964097148891238,20240305,2070.0,114823.0,12686120.0,2.22,2649.39990234375,866.3699951171875,15939.58984375,38585.19140625,5078.64990234375,40097.62890625
121890,에스디시스템,208.0,947.0,9.29,2.04,0.0,21.964097148891238,20240306,2000.0,266063.0,12686120.0,-3.38,2641.489990234375,870.6699829101562,16031.5400390625,38661.05078125,5104.759765625,40090.78125
121890,에스디시스템,208.0,947.0,9.29,2.04,0.0,21.964097148891238,20240307,1915.0,110089.0,12686120.0,-4.25,2647.6201171875,863.3699951171875,16273.3798828125,38791.3515625,5157.35986328125,39598.7109375
121890,에스디시스템,208.0,947.0,9.29,2.04,0.0,21.964097148891238,20240308,1917.0,64306.0,12686120.0,0.1,2680.35009765625,873.1799926757812,16085.1103515625,38722.69140625,5123.68994140625,39688.94140625
