종목코드,종목명,EPS,BPS,PER,PBR,배당수익률,ROE,날짜,종가,거래량,상장주식수,등락률,KOSPI,KOSDAQ,NASDAQ,Dow Jones,S&P 500,Nikkei
45660,에이텍,618.0,11830.0,24.85,1.3,1.3,5.224006762468301,20240304,14090.0,96981.0,8260000.0,1.29,2674.27001953125,872.969970703125,16207.509765625,38989.828125,5130.9501953125,40109.23046875
45660,에이텍,618.0,11830.0,24.85,1.3,1.3,5.224006762468301,20240305,13950.0,86191.0,8260000.0,-0.99,2649.39990234375,866.3699951171875,15939.58984375,38585.19140625,5078.64990234375,40097.62890625
45660,에이텍,618.0,11830.0,24.85,1.3,1.3,5.224006762468301,20240306,14370.0,123938.0,8260000.0,3.01,2641.489990234375,870.6699829101562,16031.5400390625,38661.05078125,5104.759765625,40090.78125
45660,에이텍,618.0,11830.0,24.85,1.3,1.3,5.224006762468301,20240307,14340.0,77818.0,8260000.0,-0.21,2647.6201171875,863.3699951171875,16273.3798828125,38791.3515625,5157.35986328125,39598.7109375
45660,에이텍,618.0,11830.0,24.85,1.3,1.3,5.224006762468301,20240308,14150.0,74169.0,8260000.0,-1.32,2680.35009765625,873.1799926757812,16085.1103515625,38722.69140625,5123.68994140625,39688.94140625
