종목코드,종목명,EPS,BPS,PER,PBR,배당수익률,ROE,날짜,종가,거래량,상장주식수,등락률,KOSPI,KOSDAQ,NASDAQ,Dow Jones,S&P 500,Nikkei
450080,에코프로머티,85.0,11584.0,997.65,7.32,0.0,0.7337707182320442,20240304,180700.0,1143650.0,68985218.0,-6.42,2674.27001953125,872.969970703125,16207.509765625,38989.828125,5130.9501953125,40109.23046875
450080,에코프로머티,85.0,11584.0,997.65,7.32,0.0,0.7337707182320442,20240305,167500.0,1035716.0,68985218.0,-7.3,2649.39990234375,866.3699951171875,15939.58984375,38585.19140625,5078.64990234375,40097.62890625
450080,에코프로머티,85.0,11584.0,997.65,7.32,0.0,0.7337707182320442,20240306,162300.0,748725.0,68985218.0,-3.1,2641.489990234375,870.6699829101562,16031.5400390625,38661.05078125,5104.759765625,40090.78125
450080,에코프로머티,85.0,11584.0,997.65,7.32,0.0,0.7337707182320442,20240307,163000.0,555060.0,68985218.0,0.43,2647.6201171875,863.3699951171875,16273.3798828125,38791.3515625,5157.35986328125,39598.7109375
450080,에코프로머티,85.0,11584.0,997.65,7.32,0.0,0.7337707182320442,20240308,156300.0,709226.0,68985218.0,-4.11,2680.35009765625,873.1799926757812,16085.1103515625,38722.69140625,5123.68994140625,39688.94140625
