종목코드,종목명,EPS,BPS,PER,PBR,배당수익률,ROE,날짜,종가,거래량,상장주식수,등락률,KOSPI,KOSDAQ,NASDAQ,Dow Jones,S&P 500,Nikkei
71670,에이테크솔루션,160.0,8574.0,47.5,0.89,0.0,1.8661068346162817,20240304,11070.0,91644.0,10000000.0,0.09,2674.27001953125,872.969970703125,16207.509765625,38989.828125,5130.9501953125,40109.23046875
71670,에이테크솔루션,160.0,8574.0,47.5,0.89,0.0,1.8661068346162817,20240305,10780.0,68156.0,10000000.0,-2.62,2649.39990234375,866.3699951171875,15939.58984375,38585.19140625,5078.64990234375,40097.62890625
71670,에이테크솔루션,160.0,8574.0,47.5,0.89,0.0,1.8661068346162817,20240306,10540.0,69228.0,10000000.0,-2.23,2641.489990234375,870.6699829101562,16031.5400390625,38661.05078125,5104.759765625,40090.78125
71670,에이테크솔루션,160.0,8574.0,47.5,0.89,0.0,1.8661068346162817,20240307,10350.0,62420.0,10000000.0,-1.8,2647.6201171875,863.3699951171875,16273.3798828125,38791.3515625,5157.35986328125,39598.7109375
71670,에이테크솔루션,160.0,8574.0,47.5,0.89,0.0,1.8661068346162817,20240308,10380.0,30262.0,10000000.0,0.29,2680.35009765625,873.1799926757812,16085.1103515625,38722.69140625,5123.68994140625,39688.94140625
