종목코드,종목명,EPS,BPS,PER,PBR,배당수익률,ROE,날짜,종가,거래량,상장주식수,등락률,KOSPI,KOSDAQ,NASDAQ,Dow Jones,S&P 500,Nikkei
44780,에이치케이,103.0,3297.0,13.63,0.43,0.0,3.124052168638156,20240304,1665.0,70098.0,18505787.0,-1.07,2674.27001953125,872.969970703125,16207.509765625,38989.828125,5130.9501953125,40109.23046875
44780,에이치케이,103.0,3297.0,13.63,0.43,0.0,3.124052168638156,20240305,1660.0,45685.0,18505787.0,-0.3,2649.39990234375,866.3699951171875,15939.58984375,38585.19140625,5078.64990234375,40097.62890625
44780,에이치케이,103.0,3297.0,13.63,0.43,0.0,3.124052168638156,20240306,1654.0,41399.0,18505787.0,-0.36,2641.489990234375,870.6699829101562,16031.5400390625,38661.05078125,5104.759765625,40090.78125
44780,에이치케이,103.0,3297.0,13.63,0.43,0.0,3.124052168638156,20240307,1632.0,64342.0,18505787.0,-1.33,2647.6201171875,863.3699951171875,16273.3798828125,38791.3515625,5157.35986328125,39598.7109375
44780,에이치케이,103.0,3297.0,13.63,0.43,0.0,3.124052168638156,20240308,1632.0,34164.0,18505787.0,0.0,2680.35009765625,873.1799926757812,16085.1103515625,38722.69140625,5123.68994140625,39688.94140625
