종목코드,종목명,EPS,BPS,PER,PBR,배당수익률,ROE,날짜,종가,거래량,상장주식수,등락률,KOSPI,KOSDAQ,NASDAQ,Dow Jones,S&P 500,Nikkei
230240,에치에프알,139.0,13053.0,82.16,0.87,1.93,1.0648892974795066,20240304,15470.0,42355.0,13489026.0,-0.19,2674.27001953125,872.969970703125,16207.509765625,38989.828125,5130.9501953125,40109.23046875
230240,에치에프알,139.0,13053.0,82.16,0.87,1.93,1.0648892974795066,20240305,15020.0,86914.0,13489026.0,-2.91,2649.39990234375,866.3699951171875,15939.58984375,38585.19140625,5078.64990234375,40097.62890625
230240,에치에프알,139.0,13053.0,82.16,0.87,1.93,1.0648892974795066,20240306,14800.0,90615.0,13489026.0,-1.46,2641.489990234375,870.6699829101562,16031.5400390625,38661.05078125,5104.759765625,40090.78125
230240,에치에프알,139.0,13053.0,82.16,0.87,1.93,1.0648892974795066,20240307,14690.0,68596.0,13489026.0,-0.74,2647.6201171875,863.3699951171875,16273.3798828125,38791.3515625,5157.35986328125,39598.7109375
230240,에치에프알,139.0,13053.0,82.16,0.87,1.93,1.0648892974795066,20240308,14700.0,39011.0,13489026.0,0.07,2680.35009765625,873.1799926757812,16085.1103515625,38722.69140625,5123.68994140625,39688.94140625
