종목코드,종목명,EPS,BPS,PER,PBR,배당수익률,ROE,날짜,종가,거래량,상장주식수,등락률,KOSPI,KOSDAQ,NASDAQ,Dow Jones,S&P 500,Nikkei
234300,에스트래픽,626.0,3446.0,5.83,1.06,1.1,18.16598955310505,20240304,4210.0,210752.0,27532242.0,0.0,2674.27001953125,872.969970703125,16207.509765625,38989.828125,5130.9501953125,40109.23046875
234300,에스트래픽,626.0,3446.0,5.83,1.06,1.1,18.16598955310505,20240305,4140.0,239526.0,27532242.0,-1.66,2649.39990234375,866.3699951171875,15939.58984375,38585.19140625,5078.64990234375,40097.62890625
234300,에스트래픽,626.0,3446.0,5.83,1.06,1.1,18.16598955310505,20240306,4120.0,200248.0,27532242.0,-0.48,2641.489990234375,870.6699829101562,16031.5400390625,38661.05078125,5104.759765625,40090.78125
234300,에스트래픽,626.0,3446.0,5.83,1.06,1.1,18.16598955310505,20240307,4060.0,274941.0,27532242.0,-1.46,2647.6201171875,863.3699951171875,16273.3798828125,38791.3515625,5157.35986328125,39598.7109375
234300,에스트래픽,626.0,3446.0,5.83,1.06,1.1,18.16598955310505,20240308,4015.0,185108.0,27532242.0,-1.11,2680.35009765625,873.1799926757812,16085.1103515625,38722.69140625,5123.68994140625,39688.94140625
