종목코드,종목명,EPS,BPS,PER,PBR,배당수익률,ROE,날짜,종가,거래량,상장주식수,등락률,KOSPI,KOSDAQ,NASDAQ,Dow Jones,S&P 500,Nikkei
172670,에이엘티,635.0,11953.0,18.19,0.97,0.87,5.312473855935748,20240304,22400.0,170100.0,8960259.0,4.43,2674.27001953125,872.969970703125,16207.509765625,38989.828125,5130.9501953125,40109.23046875
172670,에이엘티,635.0,11953.0,18.19,0.97,0.87,5.312473855935748,20240305,22100.0,112623.0,8960259.0,-1.34,2649.39990234375,866.3699951171875,15939.58984375,38585.19140625,5078.64990234375,40097.62890625
172670,에이엘티,635.0,11953.0,18.19,0.97,0.87,5.312473855935748,20240306,23050.0,185269.0,8960259.0,4.3,2641.489990234375,870.6699829101562,16031.5400390625,38661.05078125,5104.759765625,40090.78125
172670,에이엘티,635.0,11953.0,18.19,0.97,0.87,5.312473855935748,20240307,22500.0,129956.0,8960259.0,-2.39,2647.6201171875,863.3699951171875,16273.3798828125,38791.3515625,5157.35986328125,39598.7109375
172670,에이엘티,635.0,11953.0,18.19,0.97,0.87,5.312473855935748,20240308,22950.0,236941.0,8960259.0,2.0,2680.35009765625,873.1799926757812,16085.1103515625,38722.69140625,5123.68994140625,39688.94140625
