종목코드,종목명,EPS,BPS,PER,PBR,배당수익률,ROE,날짜,종가,거래량,상장주식수,등락률,KOSPI,KOSDAQ,NASDAQ,Dow Jones,S&P 500,Nikkei
278470,에이피알,11245.0,27071.0,25.39,10.55,0.0,41.53891618336966,20240304,299500.0,479366.0,7584378.0,0.5,2674.27001953125,872.969970703125,16207.509765625,38989.828125,5130.9501953125,40109.23046875
278470,에이피알,11245.0,27071.0,25.39,10.55,0.0,41.53891618336966,20240305,277500.0,466188.0,7584378.0,-7.35,2649.39990234375,866.3699951171875,15939.58984375,38585.19140625,5078.64990234375,40097.62890625
278470,에이피알,11245.0,27071.0,25.39,10.55,0.0,41.53891618336966,20240306,286500.0,393427.0,7584378.0,3.24,2641.489990234375,870.6699829101562,16031.5400390625,38661.05078125,5104.759765625,40090.78125
278470,에이피알,11245.0,27071.0,25.39,10.55,0.0,41.53891618336966,20240307,264500.0,329553.0,7584378.0,-7.68,2647.6201171875,863.3699951171875,16273.3798828125,38791.3515625,5157.35986328125,39598.7109375
278470,에이피알,11245.0,27071.0,25.39,10.55,0.0,41.53891618336966,20240308,262000.0,298477.0,7584378.0,-0.95,2680.35009765625,873.1799926757812,16085.1103515625,38722.69140625,5123.68994140625,39688.94140625
