종목코드,종목명,EPS,BPS,PER,PBR,배당수익률,ROE,날짜,종가,거래량,상장주식수,등락률,KOSPI,KOSDAQ,NASDAQ,Dow Jones,S&P 500,Nikkei
38680,에스넷,1187.0,5419.0,3.72,0.81,2.72,21.90441040782432,20240304,5280.0,132115.0,19549677.0,1.93,2674.27001953125,872.969970703125,16207.509765625,38989.828125,5130.9501953125,40109.23046875
38680,에스넷,1187.0,5419.0,3.72,0.81,2.72,21.90441040782432,20240305,5270.0,93678.0,19549677.0,-0.19,2649.39990234375,866.3699951171875,15939.58984375,38585.19140625,5078.64990234375,40097.62890625
38680,에스넷,1187.0,5419.0,3.72,0.81,2.72,21.90441040782432,20240306,5130.0,188253.0,19549677.0,-2.66,2641.489990234375,870.6699829101562,16031.5400390625,38661.05078125,5104.759765625,40090.78125
38680,에스넷,1187.0,5419.0,3.72,0.81,2.72,21.90441040782432,20240307,5330.0,344346.0,19549677.0,3.9,2647.6201171875,863.3699951171875,16273.3798828125,38791.3515625,5157.35986328125,39598.7109375
38680,에스넷,1187.0,5419.0,3.72,0.81,2.72,21.90441040782432,20240308,5570.0,417086.0,19549677.0,4.5,2680.35009765625,873.1799926757812,16085.1103515625,38722.69140625,5123.68994140625,39688.94140625
