종목코드,종목명,EPS,BPS,PER,PBR,배당수익률,ROE,날짜,종가,거래량,상장주식수,등락률,KOSPI,KOSDAQ,NASDAQ,Dow Jones,S&P 500,Nikkei
86520,에코프로,388.0,12678.0,239.18,7.32,0.0,3.060419624546458,20240304,633000.0,423966.0,26627668.0,2.43,2674.27001953125,872.969970703125,16207.509765625,38989.828125,5130.9501953125,40109.23046875
86520,에코프로,388.0,12678.0,239.18,7.32,0.0,3.060419624546458,20240305,605000.0,349425.0,26627668.0,-4.42,2649.39990234375,866.3699951171875,15939.58984375,38585.19140625,5078.64990234375,40097.62890625
86520,에코프로,388.0,12678.0,239.18,7.32,0.0,3.060419624546458,20240306,598000.0,221010.0,26627668.0,-1.16,2641.489990234375,870.6699829101562,16031.5400390625,38661.05078125,5104.759765625,40090.78125
86520,에코프로,388.0,12678.0,239.18,7.32,0.0,3.060419624546458,20240307,600000.0,199481.0,26627668.0,0.33,2647.6201171875,863.3699951171875,16273.3798828125,38791.3515625,5157.35986328125,39598.7109375
86520,에코프로,388.0,12678.0,239.18,7.32,0.0,3.060419624546458,20240308,591000.0,253037.0,26627668.0,-1.5,2680.35009765625,873.1799926757812,16085.1103515625,38722.69140625,5123.68994140625,39688.94140625
