종목코드,종목명,EPS,BPS,PER,PBR,배당수익률,ROE,날짜,종가,거래량,상장주식수,등락률,KOSPI,KOSDAQ,NASDAQ,Dow Jones,S&P 500,Nikkei
64850,에프앤가이드,680.0,5183.0,10.91,1.43,2.43,13.119814779085472,20240304,5990.0,12850.0,12080000.0,0.84,2674.27001953125,872.969970703125,16207.509765625,38989.828125,5130.9501953125,40109.23046875
64850,에프앤가이드,680.0,5183.0,10.91,1.43,2.43,13.119814779085472,20240305,6000.0,2382.0,12080000.0,0.17,2649.39990234375,866.3699951171875,15939.58984375,38585.19140625,5078.64990234375,40097.62890625
64850,에프앤가이드,680.0,5183.0,10.91,1.43,2.43,13.119814779085472,20240306,5670.0,154612.0,12080000.0,-5.5,2641.489990234375,870.6699829101562,16031.5400390625,38661.05078125,5104.759765625,40090.78125
64850,에프앤가이드,680.0,5183.0,10.91,1.43,2.43,13.119814779085472,20240307,5710.0,16680.0,12080000.0,0.71,2647.6201171875,863.3699951171875,16273.3798828125,38791.3515625,5157.35986328125,39598.7109375
64850,에프앤가이드,680.0,5183.0,10.91,1.43,2.43,13.119814779085472,20240308,5740.0,15381.0,12080000.0,0.53,2680.35009765625,873.1799926757812,16085.1103515625,38722.69140625,5123.68994140625,39688.94140625
