종목코드,종목명,EPS,BPS,PER,PBR,배당수익률,ROE,날짜,종가,거래량,상장주식수,등락률,KOSPI,KOSDAQ,NASDAQ,Dow Jones,S&P 500,Nikkei
92870,엑시콘,454.0,13557.0,39.3,1.32,0.56,3.348823486021981,20240304,18410.0,502061.0,10848797.0,4.13,2674.27001953125,872.969970703125,16207.509765625,38989.828125,5130.9501953125,40109.23046875
92870,엑시콘,454.0,13557.0,39.3,1.32,0.56,3.348823486021981,20240305,18350.0,821203.0,10848797.0,-0.33,2649.39990234375,866.3699951171875,15939.58984375,38585.19140625,5078.64990234375,40097.62890625
92870,엑시콘,454.0,13557.0,39.3,1.32,0.56,3.348823486021981,20240306,19470.0,1834512.0,10848797.0,6.1,2641.489990234375,870.6699829101562,16031.5400390625,38661.05078125,5104.759765625,40090.78125
92870,엑시콘,454.0,13557.0,39.3,1.32,0.56,3.348823486021981,20240307,22600.0,13712974.0,10848797.0,16.08,2647.6201171875,863.3699951171875,16273.3798828125,38791.3515625,5157.35986328125,39598.7109375
92870,엑시콘,454.0,13557.0,39.3,1.32,0.56,3.348823486021981,20240308,22950.0,2958815.0,10848797.0,1.55,2680.35009765625,873.1799926757812,16085.1103515625,38722.69140625,5123.68994140625,39688.94140625
