종목코드,종목명,EPS,BPS,PER,PBR,배당수익률,ROE,날짜,종가,거래량,상장주식수,등락률,KOSPI,KOSDAQ,NASDAQ,Dow Jones,S&P 500,Nikkei
48830,엔피케이,91.0,2378.0,13.82,0.53,2.38,3.826745164003365,20240304,1786.0,59019.0,18723923.0,-0.61,2674.27001953125,872.969970703125,16207.509765625,38989.828125,5130.9501953125,40109.23046875
48830,엔피케이,91.0,2378.0,13.82,0.53,2.38,3.826745164003365,20240305,1785.0,29651.0,18723923.0,-0.06,2649.39990234375,866.3699951171875,15939.58984375,38585.19140625,5078.64990234375,40097.62890625
48830,엔피케이,91.0,2378.0,13.82,0.53,2.38,3.826745164003365,20240306,1759.0,19360.0,18723923.0,-1.46,2641.489990234375,870.6699829101562,16031.5400390625,38661.05078125,5104.759765625,40090.78125
48830,엔피케이,91.0,2378.0,13.82,0.53,2.38,3.826745164003365,20240307,1757.0,42821.0,18723923.0,-0.11,2647.6201171875,863.3699951171875,16273.3798828125,38791.3515625,5157.35986328125,39598.7109375
48830,엔피케이,91.0,2378.0,13.82,0.53,2.38,3.826745164003365,20240308,1760.0,39823.0,18723923.0,0.17,2680.35009765625,873.1799926757812,16085.1103515625,38722.69140625,5123.68994140625,39688.94140625
