종목코드,종목명,EPS,BPS,PER,PBR,배당수익률,ROE,날짜,종가,거래량,상장주식수,등락률,KOSPI,KOSDAQ,NASDAQ,Dow Jones,S&P 500,Nikkei
37950,엘컴텍,30.0,888.0,37.4,1.26,0.0,3.3783783783783785,20240304,1275.0,1315420.0,84447519.0,3.74,2674.27001953125,872.969970703125,16207.509765625,38989.828125,5130.9501953125,40109.23046875
37950,엘컴텍,30.0,888.0,37.4,1.26,0.0,3.3783783783783785,20240305,1315.0,9616256.0,84447519.0,3.14,2649.39990234375,866.3699951171875,15939.58984375,38585.19140625,5078.64990234375,40097.62890625
37950,엘컴텍,30.0,888.0,37.4,1.26,0.0,3.3783783783783785,20240306,1305.0,7199096.0,84447519.0,-0.76,2641.489990234375,870.6699829101562,16031.5400390625,38661.05078125,5104.759765625,40090.78125
37950,엘컴텍,30.0,888.0,37.4,1.26,0.0,3.3783783783783785,20240307,1416.0,49543822.0,84447519.0,8.51,2647.6201171875,863.3699951171875,16273.3798828125,38791.3515625,5157.35986328125,39598.7109375
37950,엘컴텍,30.0,888.0,37.4,1.26,0.0,3.3783783783783785,20240308,1378.0,6874376.0,84447519.0,-2.68,2680.35009765625,873.1799926757812,16085.1103515625,38722.69140625,5123.68994140625,39688.94140625
