Á¾¸ñÄÚµå,Á¾¸ñ¸í,EPS,BPS,PER,PBR,¹è´ç¼öÀÍ·ü,ROE,³¯Â¥,Á¾°¡,°Å·¡·®,»óÀåÁÖ½Ä¼ö,µî¶ô·ü,KOSPI,KOSDAQ,NASDAQ,Dow Jones,S&P 500,Nikkei
170920,¿¤Æ¼¾¾,,9438.0,,1.21,0.0,,20240304,16150.0,242535.0,9805620.0,4.87,2674.27001953125,872.969970703125,16207.509765625,38989.828125,5130.9501953125,40109.23046875
170920,¿¤Æ¼¾¾,,9438.0,,1.21,0.0,,20240305,15250.0,189098.0,9805620.0,-5.57,2649.39990234375,866.3699951171875,15939.58984375,38585.19140625,5078.64990234375,40097.62890625
170920,¿¤Æ¼¾¾,,9438.0,,1.21,0.0,,20240306,15280.0,95181.0,9805620.0,0.2,2641.489990234375,870.6699829101562,16031.5400390625,38661.05078125,5104.759765625,40090.78125
170920,¿¤Æ¼¾¾,,9438.0,,1.21,0.0,,20240307,15450.0,251508.0,9805620.0,1.11,2647.6201171875,863.3699951171875,16273.3798828125,38791.3515625,5157.35986328125,39598.7109375
170920,¿¤Æ¼¾¾,,9438.0,,1.21,0.0,,20240308,16370.0,540294.0,9805620.0,5.95,2680.35009765625,873.1799926757812,16085.1103515625,38722.69140625,5123.68994140625,39688.94140625
