종목코드,종목명,EPS,BPS,PER,PBR,배당수익률,ROE,날짜,종가,거래량,상장주식수,등락률,KOSPI,KOSDAQ,NASDAQ,Dow Jones,S&P 500,Nikkei
19590,엠벤처투자,171.0,703.0,5.39,1.31,0.0,24.324324324324326,20240304,877.0,209651.0,113966542.0,-0.45,2674.27001953125,872.969970703125,16207.509765625,38989.828125,5130.9501953125,40109.23046875
19590,엠벤처투자,171.0,703.0,5.39,1.31,0.0,24.324324324324326,20240305,876.0,316862.0,113966542.0,-0.11,2649.39990234375,866.3699951171875,15939.58984375,38585.19140625,5078.64990234375,40097.62890625
19590,엠벤처투자,171.0,703.0,5.39,1.31,0.0,24.324324324324326,20240306,869.0,98194.0,113966542.0,-0.8,2641.489990234375,870.6699829101562,16031.5400390625,38661.05078125,5104.759765625,40090.78125
19590,엠벤처투자,171.0,703.0,5.39,1.31,0.0,24.324324324324326,20240307,852.0,475352.0,113966542.0,-1.96,2647.6201171875,863.3699951171875,16273.3798828125,38791.3515625,5157.35986328125,39598.7109375
19590,엠벤처투자,171.0,703.0,5.39,1.31,0.0,24.324324324324326,20240308,853.0,377691.0,113966542.0,0.12,2680.35009765625,873.1799926757812,16085.1103515625,38722.69140625,5123.68994140625,39688.94140625
