종목코드,종목명,EPS,BPS,PER,PBR,배당수익률,ROE,날짜,종가,거래량,상장주식수,등락률,KOSPI,KOSDAQ,NASDAQ,Dow Jones,S&P 500,Nikkei
373170,엠아이큐브솔루션,602.0,4626.0,16.06,2.09,2.07,13.013402507565932,20240304,13940.0,9769.0,4987730.0,0.29,2674.27001953125,872.969970703125,16207.509765625,38989.828125,5130.9501953125,40109.23046875
373170,엠아이큐브솔루션,602.0,4626.0,16.06,2.09,2.07,13.013402507565932,20240305,13740.0,24092.0,4987730.0,-1.43,2649.39990234375,866.3699951171875,15939.58984375,38585.19140625,5078.64990234375,40097.62890625
373170,엠아이큐브솔루션,602.0,4626.0,16.06,2.09,2.07,13.013402507565932,20240306,13540.0,12647.0,4987730.0,-1.46,2641.489990234375,870.6699829101562,16031.5400390625,38661.05078125,5104.759765625,40090.78125
373170,엠아이큐브솔루션,602.0,4626.0,16.06,2.09,2.07,13.013402507565932,20240307,13420.0,22341.0,4987730.0,-0.89,2647.6201171875,863.3699951171875,16273.3798828125,38791.3515625,5157.35986328125,39598.7109375
373170,엠아이큐브솔루션,602.0,4626.0,16.06,2.09,2.07,13.013402507565932,20240308,13220.0,26167.0,4987730.0,-1.49,2680.35009765625,873.1799926757812,16085.1103515625,38722.69140625,5123.68994140625,39688.94140625
