종목코드,종목명,EPS,BPS,PER,PBR,배당수익률,ROE,날짜,종가,거래량,상장주식수,등락률,KOSPI,KOSDAQ,NASDAQ,Dow Jones,S&P 500,Nikkei
259630,엠플러스,1646.0,6141.0,7.04,1.89,0.86,26.803452206481023,20240304,11440.0,60629.0,12282402.0,-0.26,2674.27001953125,872.969970703125,16207.509765625,38989.828125,5130.9501953125,40109.23046875
259630,엠플러스,1646.0,6141.0,7.04,1.89,0.86,26.803452206481023,20240305,11320.0,76078.0,12282402.0,-1.05,2649.39990234375,866.3699951171875,15939.58984375,38585.19140625,5078.64990234375,40097.62890625
259630,엠플러스,1646.0,6141.0,7.04,1.89,0.86,26.803452206481023,20240306,11550.0,90169.0,12282402.0,2.03,2641.489990234375,870.6699829101562,16031.5400390625,38661.05078125,5104.759765625,40090.78125
259630,엠플러스,1646.0,6141.0,7.04,1.89,0.86,26.803452206481023,20240307,11690.0,81840.0,12282402.0,1.21,2647.6201171875,863.3699951171875,16273.3798828125,38791.3515625,5157.35986328125,39598.7109375
259630,엠플러스,1646.0,6141.0,7.04,1.89,0.86,26.803452206481023,20240308,11520.0,83031.0,12282402.0,-1.45,2680.35009765625,873.1799926757812,16085.1103515625,38722.69140625,5123.68994140625,39688.94140625
