종목코드,종목명,EPS,BPS,PER,PBR,배당수익률,ROE,날짜,종가,거래량,상장주식수,등락률,KOSPI,KOSDAQ,NASDAQ,Dow Jones,S&P 500,Nikkei
347890,엠투아이,378.0,4374.0,17.57,1.52,3.31,8.641975308641975,20240304,7700.0,27083.0,16913204.0,-0.13,2674.27001953125,872.969970703125,16207.509765625,38989.828125,5130.9501953125,40109.23046875
347890,엠투아이,378.0,4374.0,17.57,1.52,3.31,8.641975308641975,20240305,7700.0,25508.0,16913204.0,0.0,2649.39990234375,866.3699951171875,15939.58984375,38585.19140625,5078.64990234375,40097.62890625
347890,엠투아이,378.0,4374.0,17.57,1.52,3.31,8.641975308641975,20240306,7600.0,27301.0,16913204.0,-1.3,2641.489990234375,870.6699829101562,16031.5400390625,38661.05078125,5104.759765625,40090.78125
347890,엠투아이,378.0,4374.0,17.57,1.52,3.31,8.641975308641975,20240307,7640.0,48057.0,16913204.0,0.53,2647.6201171875,863.3699951171875,16273.3798828125,38791.3515625,5157.35986328125,39598.7109375
347890,엠투아이,378.0,4374.0,17.57,1.52,3.31,8.641975308641975,20240308,7760.0,34785.0,16913204.0,1.57,2680.35009765625,873.1799926757812,16085.1103515625,38722.69140625,5123.68994140625,39688.94140625
