종목코드,종목명,EPS,BPS,PER,PBR,배당수익률,ROE,날짜,종가,거래량,상장주식수,등락률,KOSPI,KOSDAQ,NASDAQ,Dow Jones,S&P 500,Nikkei
9970,영원무역홀딩스,32032.0,202971.0,2.52,0.4,4.91,15.781564854092457,20240304,97500.0,57114.0,13635592.0,6.91,2674.27001953125,872.969970703125,16207.509765625,38989.828125,5130.9501953125,40109.23046875
9970,영원무역홀딩스,32032.0,202971.0,2.52,0.4,4.91,15.781564854092457,20240305,94900.0,28653.0,13635592.0,-2.67,2649.39990234375,866.3699951171875,15939.58984375,38585.19140625,5078.64990234375,40097.62890625
9970,영원무역홀딩스,32032.0,202971.0,2.52,0.4,4.91,15.781564854092457,20240306,94100.0,16737.0,13635592.0,-0.84,2641.489990234375,870.6699829101562,16031.5400390625,38661.05078125,5104.759765625,40090.78125
9970,영원무역홀딩스,32032.0,202971.0,2.52,0.4,4.91,15.781564854092457,20240307,94500.0,18934.0,13635592.0,0.43,2647.6201171875,863.3699951171875,16273.3798828125,38791.3515625,5157.35986328125,39598.7109375
9970,영원무역홀딩스,32032.0,202971.0,2.52,0.4,4.91,15.781564854092457,20240308,94700.0,30633.0,13635592.0,0.21,2680.35009765625,873.1799926757812,16085.1103515625,38722.69140625,5123.68994140625,39688.94140625
