종목코드,종목명,EPS,BPS,PER,PBR,배당수익률,ROE,날짜,종가,거래량,상장주식수,등락률,KOSPI,KOSDAQ,NASDAQ,Dow Jones,S&P 500,Nikkei
15360,예스코홀딩스,5541.0,109369.0,7.69,0.39,20.54,5.066335067523704,20240304,38400.0,8343.0,6000000.0,0.66,2674.27001953125,872.969970703125,16207.509765625,38989.828125,5130.9501953125,40109.23046875
15360,예스코홀딩스,5541.0,109369.0,7.69,0.39,20.54,5.066335067523704,20240305,38450.0,6316.0,6000000.0,0.13,2649.39990234375,866.3699951171875,15939.58984375,38585.19140625,5078.64990234375,40097.62890625
15360,예스코홀딩스,5541.0,109369.0,7.69,0.39,20.54,5.066335067523704,20240306,38800.0,5797.0,6000000.0,0.91,2641.489990234375,870.6699829101562,16031.5400390625,38661.05078125,5104.759765625,40090.78125
15360,예스코홀딩스,5541.0,109369.0,7.69,0.39,20.54,5.066335067523704,20240307,38950.0,3013.0,6000000.0,0.39,2647.6201171875,863.3699951171875,16273.3798828125,38791.3515625,5157.35986328125,39598.7109375
15360,예스코홀딩스,5541.0,109369.0,7.69,0.39,20.54,5.066335067523704,20240308,39000.0,6629.0,6000000.0,0.13,2680.35009765625,873.1799926757812,16085.1103515625,38722.69140625,5123.68994140625,39688.94140625
