종목코드,종목명,EPS,BPS,PER,PBR,배당수익률,ROE,날짜,종가,거래량,상장주식수,등락률,KOSPI,KOSDAQ,NASDAQ,Dow Jones,S&P 500,Nikkei
271560,오리온,9528.0,72413.0,9.12,1.2,1.44,13.157858395591951,20240304,92800.0,174894.0,39536132.0,-0.11,2674.27001953125,872.969970703125,16207.509765625,38989.828125,5130.9501953125,40109.23046875
271560,오리온,9528.0,72413.0,9.12,1.2,1.44,13.157858395591951,20240305,92100.0,181772.0,39536132.0,-0.75,2649.39990234375,866.3699951171875,15939.58984375,38585.19140625,5078.64990234375,40097.62890625
271560,오리온,9528.0,72413.0,9.12,1.2,1.44,13.157858395591951,20240306,94100.0,585546.0,39536132.0,2.17,2641.489990234375,870.6699829101562,16031.5400390625,38661.05078125,5104.759765625,40090.78125
271560,오리온,9528.0,72413.0,9.12,1.2,1.44,13.157858395591951,20240307,91900.0,435759.0,39536132.0,-2.34,2647.6201171875,863.3699951171875,16273.3798828125,38791.3515625,5157.35986328125,39598.7109375
271560,오리온,9528.0,72413.0,9.12,1.2,1.44,13.157858395591951,20240308,92000.0,385671.0,39536132.0,0.11,2680.35009765625,873.1799926757812,16085.1103515625,38722.69140625,5123.68994140625,39688.94140625
