종목코드,종목명,EPS,BPS,PER,PBR,배당수익률,ROE,날짜,종가,거래량,상장주식수,등락률,KOSPI,KOSDAQ,NASDAQ,Dow Jones,S&P 500,Nikkei
80520,오디텍,279.0,11630.0,14.62,0.35,2.45,2.398968185726569,20240304,4835.0,59628.0,11746609.0,2.44,2674.27001953125,872.969970703125,16207.509765625,38989.828125,5130.9501953125,40109.23046875
80520,오디텍,279.0,11630.0,14.62,0.35,2.45,2.398968185726569,20240305,4810.0,31620.0,11746609.0,-0.52,2649.39990234375,866.3699951171875,15939.58984375,38585.19140625,5078.64990234375,40097.62890625
80520,오디텍,279.0,11630.0,14.62,0.35,2.45,2.398968185726569,20240306,4765.0,52248.0,11746609.0,-0.94,2641.489990234375,870.6699829101562,16031.5400390625,38661.05078125,5104.759765625,40090.78125
80520,오디텍,279.0,11630.0,14.62,0.35,2.45,2.398968185726569,20240307,4705.0,33229.0,11746609.0,-1.26,2647.6201171875,863.3699951171875,16273.3798828125,38791.3515625,5157.35986328125,39598.7109375
80520,오디텍,279.0,11630.0,14.62,0.35,2.45,2.398968185726569,20240308,4700.0,32410.0,11746609.0,-0.11,2680.35009765625,873.1799926757812,16085.1103515625,38722.69140625,5123.68994140625,39688.94140625
