종목코드,종목명,EPS,BPS,PER,PBR,배당수익률,ROE,날짜,종가,거래량,상장주식수,등락률,KOSPI,KOSDAQ,NASDAQ,Dow Jones,S&P 500,Nikkei
1800,오리온홀딩스,1423.0,36513.0,10.48,0.41,5.03,3.897242078163941,20240304,14510.0,57272.0,62645422.0,1.47,2674.27001953125,872.969970703125,16207.509765625,38989.828125,5130.9501953125,40109.23046875
1800,오리온홀딩스,1423.0,36513.0,10.48,0.41,5.03,3.897242078163941,20240305,14770.0,96664.0,62645422.0,1.79,2649.39990234375,866.3699951171875,15939.58984375,38585.19140625,5078.64990234375,40097.62890625
1800,오리온홀딩스,1423.0,36513.0,10.48,0.41,5.03,3.897242078163941,20240306,14870.0,82465.0,62645422.0,0.68,2641.489990234375,870.6699829101562,16031.5400390625,38661.05078125,5104.759765625,40090.78125
1800,오리온홀딩스,1423.0,36513.0,10.48,0.41,5.03,3.897242078163941,20240307,14760.0,60454.0,62645422.0,-0.74,2647.6201171875,863.3699951171875,16273.3798828125,38791.3515625,5157.35986328125,39598.7109375
1800,오리온홀딩스,1423.0,36513.0,10.48,0.41,5.03,3.897242078163941,20240308,14540.0,108826.0,62645422.0,-1.49,2680.35009765625,873.1799926757812,16085.1103515625,38722.69140625,5123.68994140625,39688.94140625
