종목코드,종목명,EPS,BPS,PER,PBR,배당수익률,ROE,날짜,종가,거래량,상장주식수,등락률,KOSPI,KOSDAQ,NASDAQ,Dow Jones,S&P 500,Nikkei
322310,오로스테크놀로지,363.0,6729.0,61.16,3.3,0.0,5.394560855996433,20240304,37000.0,386348.0,9366542.0,-1.46,2674.27001953125,872.969970703125,16207.509765625,38989.828125,5130.9501953125,40109.23046875
322310,오로스테크놀로지,363.0,6729.0,61.16,3.3,0.0,5.394560855996433,20240305,36650.0,286190.0,9366542.0,-0.95,2649.39990234375,866.3699951171875,15939.58984375,38585.19140625,5078.64990234375,40097.62890625
322310,오로스테크놀로지,363.0,6729.0,61.16,3.3,0.0,5.394560855996433,20240306,36950.0,315552.0,9366542.0,0.82,2641.489990234375,870.6699829101562,16031.5400390625,38661.05078125,5104.759765625,40090.78125
322310,오로스테크놀로지,363.0,6729.0,61.16,3.3,0.0,5.394560855996433,20240307,36800.0,314283.0,9366542.0,-0.41,2647.6201171875,863.3699951171875,16273.3798828125,38791.3515625,5157.35986328125,39598.7109375
322310,오로스테크놀로지,363.0,6729.0,61.16,3.3,0.0,5.394560855996433,20240308,36400.0,391739.0,9366542.0,-1.09,2680.35009765625,873.1799926757812,16085.1103515625,38722.69140625,5123.68994140625,39688.94140625
