종목코드,종목명,EPS,BPS,PER,PBR,배당수익률,ROE,날짜,종가,거래량,상장주식수,등락률,KOSPI,KOSDAQ,NASDAQ,Dow Jones,S&P 500,Nikkei
39830,오로라,703.0,13422.0,9.05,0.47,2.36,5.237669497839368,20240304,7160.0,25414.0,10762890.0,1.99,2674.27001953125,872.969970703125,16207.509765625,38989.828125,5130.9501953125,40109.23046875
39830,오로라,703.0,13422.0,9.05,0.47,2.36,5.237669497839368,20240305,7020.0,18532.0,10762890.0,-1.96,2649.39990234375,866.3699951171875,15939.58984375,38585.19140625,5078.64990234375,40097.62890625
39830,오로라,703.0,13422.0,9.05,0.47,2.36,5.237669497839368,20240306,6970.0,15318.0,10762890.0,-0.71,2641.489990234375,870.6699829101562,16031.5400390625,38661.05078125,5104.759765625,40090.78125
39830,오로라,703.0,13422.0,9.05,0.47,2.36,5.237669497839368,20240307,6800.0,22515.0,10762890.0,-2.44,2647.6201171875,863.3699951171875,16273.3798828125,38791.3515625,5157.35986328125,39598.7109375
39830,오로라,703.0,13422.0,9.05,0.47,2.36,5.237669497839368,20240308,6780.0,18883.0,10762890.0,-0.29,2680.35009765625,873.1799926757812,16085.1103515625,38722.69140625,5123.68994140625,39688.94140625
