종목코드,종목명,EPS,BPS,PER,PBR,배당수익률,ROE,날짜,종가,거래량,상장주식수,등락률,KOSPI,KOSDAQ,NASDAQ,Dow Jones,S&P 500,Nikkei
49480,오픈베이스,166.0,2588.0,14.76,0.95,1.02,6.414219474497681,20240304,2555.0,224364.0,31422383.0,2.61,2674.27001953125,872.969970703125,16207.509765625,38989.828125,5130.9501953125,40109.23046875
49480,오픈베이스,166.0,2588.0,14.76,0.95,1.02,6.414219474497681,20240305,2510.0,279069.0,31422383.0,-1.76,2649.39990234375,866.3699951171875,15939.58984375,38585.19140625,5078.64990234375,40097.62890625
49480,오픈베이스,166.0,2588.0,14.76,0.95,1.02,6.414219474497681,20240306,2465.0,258149.0,31422383.0,-1.79,2641.489990234375,870.6699829101562,16031.5400390625,38661.05078125,5104.759765625,40090.78125
49480,오픈베이스,166.0,2588.0,14.76,0.95,1.02,6.414219474497681,20240307,2440.0,192778.0,31422383.0,-1.01,2647.6201171875,863.3699951171875,16273.3798828125,38791.3515625,5157.35986328125,39598.7109375
49480,오픈베이스,166.0,2588.0,14.76,0.95,1.02,6.414219474497681,20240308,2425.0,149758.0,31422383.0,-0.61,2680.35009765625,873.1799926757812,16085.1103515625,38722.69140625,5123.68994140625,39688.94140625
