종목코드,종목명,EPS,BPS,PER,PBR,배당수익률,ROE,날짜,종가,거래량,상장주식수,등락률,KOSPI,KOSDAQ,NASDAQ,Dow Jones,S&P 500,Nikkei
394280,오픈엣지테크놀로지,,959.0,,18.36,0.0,,20240304,33250.0,2009655.0,21725410.0,1.84,2674.27001953125,872.969970703125,16207.509765625,38989.828125,5130.9501953125,40109.23046875
394280,오픈엣지테크놀로지,,959.0,,18.36,0.0,,20240305,31800.0,1411915.0,21725410.0,-4.36,2649.39990234375,866.3699951171875,15939.58984375,38585.19140625,5078.64990234375,40097.62890625
394280,오픈엣지테크놀로지,,959.0,,18.36,0.0,,20240306,33900.0,2479808.0,21725410.0,6.6,2641.489990234375,870.6699829101562,16031.5400390625,38661.05078125,5104.759765625,40090.78125
394280,오픈엣지테크놀로지,,959.0,,18.36,0.0,,20240307,32850.0,7179662.0,21725410.0,-3.1,2647.6201171875,863.3699951171875,16273.3798828125,38791.3515625,5157.35986328125,39598.7109375
394280,오픈엣지테크놀로지,,959.0,,18.36,0.0,,20240308,33450.0,2681603.0,21725410.0,1.83,2680.35009765625,873.1799926757812,16085.1103515625,38722.69140625,5123.68994140625,39688.94140625
