종목코드,종목명,EPS,BPS,PER,PBR,배당수익률,ROE,날짜,종가,거래량,상장주식수,등락률,KOSPI,KOSDAQ,NASDAQ,Dow Jones,S&P 500,Nikkei
80580,오킨스전자,62.0,2077.0,104.52,3.12,0.0,2.985074626865672,20240304,11250.0,649045.0,17679298.0,7.45,2674.27001953125,872.969970703125,16207.509765625,38989.828125,5130.9501953125,40109.23046875
80580,오킨스전자,62.0,2077.0,104.52,3.12,0.0,2.985074626865672,20240305,11340.0,842101.0,17679298.0,0.8,2649.39990234375,866.3699951171875,15939.58984375,38585.19140625,5078.64990234375,40097.62890625
80580,오킨스전자,62.0,2077.0,104.52,3.12,0.0,2.985074626865672,20240306,11990.0,1421021.0,17679298.0,5.73,2641.489990234375,870.6699829101562,16031.5400390625,38661.05078125,5104.759765625,40090.78125
80580,오킨스전자,62.0,2077.0,104.52,3.12,0.0,2.985074626865672,20240307,12020.0,1710593.0,17679298.0,0.25,2647.6201171875,863.3699951171875,16273.3798828125,38791.3515625,5157.35986328125,39598.7109375
80580,오킨스전자,62.0,2077.0,104.52,3.12,0.0,2.985074626865672,20240308,11310.0,688518.0,17679298.0,-5.91,2680.35009765625,873.1799926757812,16085.1103515625,38722.69140625,5123.68994140625,39688.94140625
