종목코드,종목명,EPS,BPS,PER,PBR,배당수익률,ROE,날짜,종가,거래량,상장주식수,등락률,KOSPI,KOSDAQ,NASDAQ,Dow Jones,S&P 500,Nikkei
82210,옵트론텍,389.0,1473.0,7.46,1.97,0.0,26.40868974881195,20240304,4065.0,99304.0,25625170.0,-2.63,2674.27001953125,872.969970703125,16207.509765625,38989.828125,5130.9501953125,40109.23046875
82210,옵트론텍,389.0,1473.0,7.46,1.97,0.0,26.40868974881195,20240305,4080.0,77452.0,25625170.0,0.37,2649.39990234375,866.3699951171875,15939.58984375,38585.19140625,5078.64990234375,40097.62890625
82210,옵트론텍,389.0,1473.0,7.46,1.97,0.0,26.40868974881195,20240306,4065.0,118147.0,25625170.0,-0.37,2641.489990234375,870.6699829101562,16031.5400390625,38661.05078125,5104.759765625,40090.78125
82210,옵트론텍,389.0,1473.0,7.46,1.97,0.0,26.40868974881195,20240307,3870.0,141153.0,25625170.0,-4.8,2647.6201171875,863.3699951171875,16273.3798828125,38791.3515625,5157.35986328125,39598.7109375
82210,옵트론텍,389.0,1473.0,7.46,1.97,0.0,26.40868974881195,20240308,4040.0,158657.0,25625170.0,4.39,2680.35009765625,873.1799926757812,16085.1103515625,38722.69140625,5123.68994140625,39688.94140625
