종목코드,종목명,EPS,BPS,PER,PBR,배당수익률,ROE,날짜,종가,거래량,상장주식수,등락률,KOSPI,KOSDAQ,NASDAQ,Dow Jones,S&P 500,Nikkei
273640,와이엠텍,609.0,5505.0,24.35,2.69,1.21,11.06267029972752,20240304,13460.0,22556.0,10966000.0,-1.39,2674.27001953125,872.969970703125,16207.509765625,38989.828125,5130.9501953125,40109.23046875
273640,와이엠텍,609.0,5505.0,24.35,2.69,1.21,11.06267029972752,20240305,13390.0,14417.0,10966000.0,-0.52,2649.39990234375,866.3699951171875,15939.58984375,38585.19140625,5078.64990234375,40097.62890625
273640,와이엠텍,609.0,5505.0,24.35,2.69,1.21,11.06267029972752,20240306,13300.0,20652.0,10966000.0,-0.67,2641.489990234375,870.6699829101562,16031.5400390625,38661.05078125,5104.759765625,40090.78125
273640,와이엠텍,609.0,5505.0,24.35,2.69,1.21,11.06267029972752,20240307,13050.0,30027.0,10966000.0,-1.88,2647.6201171875,863.3699951171875,16273.3798828125,38791.3515625,5157.35986328125,39598.7109375
273640,와이엠텍,609.0,5505.0,24.35,2.69,1.21,11.06267029972752,20240308,13180.0,37330.0,10966000.0,1.0,2680.35009765625,873.1799926757812,16085.1103515625,38722.69140625,5123.68994140625,39688.94140625
