종목코드,종목명,EPS,BPS,PER,PBR,배당수익률,ROE,날짜,종가,거래량,상장주식수,등락률,KOSPI,KOSDAQ,NASDAQ,Dow Jones,S&P 500,Nikkei
7530,와이엠,50.0,2294.0,59.2,1.29,0.0,2.1795989537925022,20240304,2670.0,284751.0,19174452.0,0.19,2674.27001953125,872.969970703125,16207.509765625,38989.828125,5130.9501953125,40109.23046875
7530,와이엠,50.0,2294.0,59.2,1.29,0.0,2.1795989537925022,20240305,2650.0,257556.0,19174452.0,-0.75,2649.39990234375,866.3699951171875,15939.58984375,38585.19140625,5078.64990234375,40097.62890625
7530,와이엠,50.0,2294.0,59.2,1.29,0.0,2.1795989537925022,20240306,2745.0,149216.0,19174452.0,3.58,2641.489990234375,870.6699829101562,16031.5400390625,38661.05078125,5104.759765625,40090.78125
7530,와이엠,50.0,2294.0,59.2,1.29,0.0,2.1795989537925022,20240307,2800.0,126897.0,19174452.0,2.0,2647.6201171875,863.3699951171875,16273.3798828125,38791.3515625,5157.35986328125,39598.7109375
7530,와이엠,50.0,2294.0,59.2,1.29,0.0,2.1795989537925022,20240308,2775.0,95965.0,19174452.0,-0.89,2680.35009765625,873.1799926757812,16085.1103515625,38722.69140625,5123.68994140625,39688.94140625
