종목코드,종목명,EPS,BPS,PER,PBR,배당수익률,ROE,날짜,종가,거래량,상장주식수,등락률,KOSPI,KOSDAQ,NASDAQ,Dow Jones,S&P 500,Nikkei
122990,와이솔,477.0,12573.0,14.68,0.56,3.57,3.7938439513242654,20240304,7070.0,18105.0,28186941.0,-0.14,2674.27001953125,872.969970703125,16207.509765625,38989.828125,5130.9501953125,40109.23046875
122990,와이솔,477.0,12573.0,14.68,0.56,3.57,3.7938439513242654,20240305,7120.0,32773.0,28186941.0,0.71,2649.39990234375,866.3699951171875,15939.58984375,38585.19140625,5078.64990234375,40097.62890625
122990,와이솔,477.0,12573.0,14.68,0.56,3.57,3.7938439513242654,20240306,7150.0,41201.0,28186941.0,0.42,2641.489990234375,870.6699829101562,16031.5400390625,38661.05078125,5104.759765625,40090.78125
122990,와이솔,477.0,12573.0,14.68,0.56,3.57,3.7938439513242654,20240307,7080.0,39254.0,28186941.0,-0.98,2647.6201171875,863.3699951171875,16273.3798828125,38791.3515625,5157.35986328125,39598.7109375
122990,와이솔,477.0,12573.0,14.68,0.56,3.57,3.7938439513242654,20240308,7440.0,158780.0,28186941.0,5.08,2680.35009765625,873.1799926757812,16085.1103515625,38722.69140625,5123.68994140625,39688.94140625
