종목코드,종목명,EPS,BPS,PER,PBR,배당수익률,ROE,날짜,종가,거래량,상장주식수,등락률,KOSPI,KOSDAQ,NASDAQ,Dow Jones,S&P 500,Nikkei
19210,와이지-원,731.0,10244.0,7.73,0.55,4.96,7.135884420148379,20240304,6170.0,116314.0,33573819.0,-0.32,2674.27001953125,872.969970703125,16207.509765625,38989.828125,5130.9501953125,40109.23046875
19210,와이지-원,731.0,10244.0,7.73,0.55,4.96,7.135884420148379,20240305,6070.0,79381.0,33573819.0,-1.62,2649.39990234375,866.3699951171875,15939.58984375,38585.19140625,5078.64990234375,40097.62890625
19210,와이지-원,731.0,10244.0,7.73,0.55,4.96,7.135884420148379,20240306,6000.0,313416.0,33573819.0,-1.15,2641.489990234375,870.6699829101562,16031.5400390625,38661.05078125,5104.759765625,40090.78125
19210,와이지-원,731.0,10244.0,7.73,0.55,4.96,7.135884420148379,20240307,5970.0,138334.0,33573819.0,-0.5,2647.6201171875,863.3699951171875,16273.3798828125,38791.3515625,5157.35986328125,39598.7109375
19210,와이지-원,731.0,10244.0,7.73,0.55,4.96,7.135884420148379,20240308,5960.0,178609.0,33573819.0,-0.17,2680.35009765625,873.1799926757812,16085.1103515625,38722.69140625,5123.68994140625,39688.94140625
