종목코드,종목명,EPS,BPS,PER,PBR,배당수익률,ROE,날짜,종가,거래량,상장주식수,등락률,KOSPI,KOSDAQ,NASDAQ,Dow Jones,S&P 500,Nikkei
32820,우리기술,33.0,672.0,72.12,3.54,0.0,4.910714285714286,20240304,1286.0,944374.0,153819262.0,-0.85,2674.27001953125,872.969970703125,16207.509765625,38989.828125,5130.9501953125,40109.23046875
32820,우리기술,33.0,672.0,72.12,3.54,0.0,4.910714285714286,20240305,1277.0,917740.0,153819262.0,-0.7,2649.39990234375,866.3699951171875,15939.58984375,38585.19140625,5078.64990234375,40097.62890625
32820,우리기술,33.0,672.0,72.12,3.54,0.0,4.910714285714286,20240306,1278.0,543020.0,153819262.0,0.08,2641.489990234375,870.6699829101562,16031.5400390625,38661.05078125,5104.759765625,40090.78125
32820,우리기술,33.0,672.0,72.12,3.54,0.0,4.910714285714286,20240307,1285.0,4520637.0,153819262.0,0.55,2647.6201171875,863.3699951171875,16273.3798828125,38791.3515625,5157.35986328125,39598.7109375
32820,우리기술,33.0,672.0,72.12,3.54,0.0,4.910714285714286,20240308,1298.0,1203651.0,153819262.0,1.01,2680.35009765625,873.1799926757812,16085.1103515625,38722.69140625,5123.68994140625,39688.94140625
