종목코드,종목명,EPS,BPS,PER,PBR,배당수익률,ROE,날짜,종가,거래량,상장주식수,등락률,KOSPI,KOSDAQ,NASDAQ,Dow Jones,S&P 500,Nikkei
73560,우리손에프앤지,22.0,3625.0,62.73,0.38,1.81,0.6068965517241379,20240304,1468.0,71534.0,69237643.0,-0.47,2674.27001953125,872.969970703125,16207.509765625,38989.828125,5130.9501953125,40109.23046875
73560,우리손에프앤지,22.0,3625.0,62.73,0.38,1.81,0.6068965517241379,20240305,1464.0,69673.0,69237643.0,-0.27,2649.39990234375,866.3699951171875,15939.58984375,38585.19140625,5078.64990234375,40097.62890625
73560,우리손에프앤지,22.0,3625.0,62.73,0.38,1.81,0.6068965517241379,20240306,1449.0,113455.0,69237643.0,-1.02,2641.489990234375,870.6699829101562,16031.5400390625,38661.05078125,5104.759765625,40090.78125
73560,우리손에프앤지,22.0,3625.0,62.73,0.38,1.81,0.6068965517241379,20240307,1444.0,108438.0,69237643.0,-0.35,2647.6201171875,863.3699951171875,16273.3798828125,38791.3515625,5157.35986328125,39598.7109375
73560,우리손에프앤지,22.0,3625.0,62.73,0.38,1.81,0.6068965517241379,20240308,1440.0,139333.0,69237643.0,-0.28,2680.35009765625,873.1799926757812,16085.1103515625,38722.69140625,5123.68994140625,39688.94140625
