종목코드,종목명,EPS,BPS,PER,PBR,배당수익률,ROE,날짜,종가,거래량,상장주식수,등락률,KOSPI,KOSDAQ,NASDAQ,Dow Jones,S&P 500,Nikkei
82850,우리바이오,331.0,4227.0,15.65,1.23,0.0,7.830612727702863,20240304,2815.0,335197.0,48436578.0,1.81,2674.27001953125,872.969970703125,16207.509765625,38989.828125,5130.9501953125,40109.23046875
82850,우리바이오,331.0,4227.0,15.65,1.23,0.0,7.830612727702863,20240305,2740.0,269444.0,48436578.0,-2.66,2649.39990234375,866.3699951171875,15939.58984375,38585.19140625,5078.64990234375,40097.62890625
82850,우리바이오,331.0,4227.0,15.65,1.23,0.0,7.830612727702863,20240306,2735.0,259612.0,48436578.0,-0.18,2641.489990234375,870.6699829101562,16031.5400390625,38661.05078125,5104.759765625,40090.78125
82850,우리바이오,331.0,4227.0,15.65,1.23,0.0,7.830612727702863,20240307,2745.0,288180.0,48436578.0,0.37,2647.6201171875,863.3699951171875,16273.3798828125,38791.3515625,5157.35986328125,39598.7109375
82850,우리바이오,331.0,4227.0,15.65,1.23,0.0,7.830612727702863,20240308,2660.0,351056.0,48436578.0,-3.1,2680.35009765625,873.1799926757812,16085.1103515625,38722.69140625,5123.68994140625,39688.94140625
