종목코드,종목명,EPS,BPS,PER,PBR,배당수익률,ROE,날짜,종가,거래량,상장주식수,등락률,KOSPI,KOSDAQ,NASDAQ,Dow Jones,S&P 500,Nikkei
37400,우리엔터프라이즈,208.0,5536.0,7.41,0.28,0.0,3.757225433526012,20240304,1756.0,96060.0,26223346.0,2.57,2674.27001953125,872.969970703125,16207.509765625,38989.828125,5130.9501953125,40109.23046875
37400,우리엔터프라이즈,208.0,5536.0,7.41,0.28,0.0,3.757225433526012,20240305,1697.0,51097.0,26223346.0,-3.36,2649.39990234375,866.3699951171875,15939.58984375,38585.19140625,5078.64990234375,40097.62890625
37400,우리엔터프라이즈,208.0,5536.0,7.41,0.28,0.0,3.757225433526012,20240306,1652.0,51226.0,26223346.0,-2.65,2641.489990234375,870.6699829101562,16031.5400390625,38661.05078125,5104.759765625,40090.78125
37400,우리엔터프라이즈,208.0,5536.0,7.41,0.28,0.0,3.757225433526012,20240307,1603.0,75766.0,26223346.0,-2.97,2647.6201171875,863.3699951171875,16273.3798828125,38791.3515625,5157.35986328125,39598.7109375
37400,우리엔터프라이즈,208.0,5536.0,7.41,0.28,0.0,3.757225433526012,20240308,1661.0,125013.0,26223346.0,3.62,2680.35009765625,873.1799926757812,16085.1103515625,38722.69140625,5123.68994140625,39688.94140625
