종목코드,종목명,EPS,BPS,PER,PBR,배당수익률,ROE,날짜,종가,거래량,상장주식수,등락률,KOSPI,KOSDAQ,NASDAQ,Dow Jones,S&P 500,Nikkei
17370,우신시스템,477.0,6200.0,14.49,1.11,0.72,7.693548387096774,20240304,8370.0,94652.0,18314054.0,0.0,2674.27001953125,872.969970703125,16207.509765625,38989.828125,5130.9501953125,40109.23046875
17370,우신시스템,477.0,6200.0,14.49,1.11,0.72,7.693548387096774,20240305,8510.0,119057.0,18314054.0,1.67,2649.39990234375,866.3699951171875,15939.58984375,38585.19140625,5078.64990234375,40097.62890625
17370,우신시스템,477.0,6200.0,14.49,1.11,0.72,7.693548387096774,20240306,8070.0,308080.0,18314054.0,-5.17,2641.489990234375,870.6699829101562,16031.5400390625,38661.05078125,5104.759765625,40090.78125
17370,우신시스템,477.0,6200.0,14.49,1.11,0.72,7.693548387096774,20240307,8130.0,90612.0,18314054.0,0.74,2647.6201171875,863.3699951171875,16273.3798828125,38791.3515625,5157.35986328125,39598.7109375
17370,우신시스템,477.0,6200.0,14.49,1.11,0.72,7.693548387096774,20240308,8130.0,68588.0,18314054.0,0.0,2680.35009765625,873.1799926757812,16085.1103515625,38722.69140625,5123.68994140625,39688.94140625
