종목코드,종목명,EPS,BPS,PER,PBR,배당수익률,ROE,날짜,종가,거래량,상장주식수,등락률,KOSPI,KOSDAQ,NASDAQ,Dow Jones,S&P 500,Nikkei
105840,우진,589.0,8509.0,14.23,0.98,2.39,6.92208250088142,20240304,8420.0,116142.0,20323614.0,-0.71,2674.27001953125,872.969970703125,16207.509765625,38989.828125,5130.9501953125,40109.23046875
105840,우진,589.0,8509.0,14.23,0.98,2.39,6.92208250088142,20240305,8540.0,114374.0,20323614.0,1.43,2649.39990234375,866.3699951171875,15939.58984375,38585.19140625,5078.64990234375,40097.62890625
105840,우진,589.0,8509.0,14.23,0.98,2.39,6.92208250088142,20240306,8580.0,126634.0,20323614.0,0.47,2641.489990234375,870.6699829101562,16031.5400390625,38661.05078125,5104.759765625,40090.78125
105840,우진,589.0,8509.0,14.23,0.98,2.39,6.92208250088142,20240307,8450.0,116552.0,20323614.0,-1.52,2647.6201171875,863.3699951171875,16273.3798828125,38791.3515625,5157.35986328125,39598.7109375
105840,우진,589.0,8509.0,14.23,0.98,2.39,6.92208250088142,20240308,8570.0,99591.0,20323614.0,1.42,2680.35009765625,873.1799926757812,16085.1103515625,38722.69140625,5123.68994140625,39688.94140625
