쭺嚼왠,쭺磁,EPS,BPS,PER,PBR,좯얺쩠첈,ROE,씶춴,쭳,썐이잁,炷襤쫛쩠,왩윖,KOSPI,KOSDAQ,NASDAQ,Dow Jones,S&P 500,Nikkei
95720,寵壺콴뽘,,2754.0,,0.68,0.0,,20240304,2415.0,412699.0,115505985.0,-3.01,2674.27001953125,872.969970703125,16207.509765625,38989.828125,5130.9501953125,40109.23046875
95720,寵壺콴뽘,,2754.0,,0.68,0.0,,20240305,2375.0,247871.0,115505985.0,-1.66,2649.39990234375,866.3699951171875,15939.58984375,38585.19140625,5078.64990234375,40097.62890625
95720,寵壺콴뽘,,2754.0,,0.68,0.0,,20240306,2325.0,188233.0,115505985.0,-2.11,2641.489990234375,870.6699829101562,16031.5400390625,38661.05078125,5104.759765625,40090.78125
95720,寵壺콴뽘,,2754.0,,0.68,0.0,,20240307,2325.0,98126.0,115505985.0,0.0,2647.6201171875,863.3699951171875,16273.3798828125,38791.3515625,5157.35986328125,39598.7109375
95720,寵壺콴뽘,,2754.0,,0.68,0.0,,20240308,2350.0,76835.0,115505985.0,1.08,2680.35009765625,873.1799926757812,16085.1103515625,38722.69140625,5123.68994140625,39688.94140625
