종목코드,종목명,EPS,BPS,PER,PBR,배당수익률,ROE,날짜,종가,거래량,상장주식수,등락률,KOSPI,KOSDAQ,NASDAQ,Dow Jones,S&P 500,Nikkei
396470,워트,172.0,3765.0,84.36,3.85,0.34,4.568393094289509,20240304,11340.0,1502284.0,16120000.0,4.04,2674.27001953125,872.969970703125,16207.509765625,38989.828125,5130.9501953125,40109.23046875
396470,워트,172.0,3765.0,84.36,3.85,0.34,4.568393094289509,20240305,10880.0,639070.0,16120000.0,-4.06,2649.39990234375,866.3699951171875,15939.58984375,38585.19140625,5078.64990234375,40097.62890625
396470,워트,172.0,3765.0,84.36,3.85,0.34,4.568393094289509,20240306,10900.0,402953.0,16120000.0,0.18,2641.489990234375,870.6699829101562,16031.5400390625,38661.05078125,5104.759765625,40090.78125
396470,워트,172.0,3765.0,84.36,3.85,0.34,4.568393094289509,20240307,11420.0,1806912.0,16120000.0,4.77,2647.6201171875,863.3699951171875,16273.3798828125,38791.3515625,5157.35986328125,39598.7109375
396470,워트,172.0,3765.0,84.36,3.85,0.34,4.568393094289509,20240308,11330.0,706092.0,16120000.0,-0.79,2680.35009765625,873.1799926757812,16085.1103515625,38722.69140625,5123.68994140625,39688.94140625
