종목코드,종목명,EPS,BPS,PER,PBR,배당수익률,ROE,날짜,종가,거래량,상장주식수,등락률,KOSPI,KOSDAQ,NASDAQ,Dow Jones,S&P 500,Nikkei
5820,원림,3577.0,58550.0,4.55,0.28,3.07,6.10930828351836,20240304,18700.0,8528.0,2297970.0,2.86,2674.27001953125,872.969970703125,16207.509765625,38989.828125,5130.9501953125,40109.23046875
5820,원림,3577.0,58550.0,4.55,0.28,3.07,6.10930828351836,20240305,19000.0,7160.0,2297970.0,1.6,2649.39990234375,866.3699951171875,15939.58984375,38585.19140625,5078.64990234375,40097.62890625
5820,원림,3577.0,58550.0,4.55,0.28,3.07,6.10930828351836,20240306,18630.0,4133.0,2297970.0,-1.95,2641.489990234375,870.6699829101562,16031.5400390625,38661.05078125,5104.759765625,40090.78125
5820,원림,3577.0,58550.0,4.55,0.28,3.07,6.10930828351836,20240307,18680.0,866.0,2297970.0,0.27,2647.6201171875,863.3699951171875,16273.3798828125,38791.3515625,5157.35986328125,39598.7109375
5820,원림,3577.0,58550.0,4.55,0.28,3.07,6.10930828351836,20240308,19020.0,9370.0,2297970.0,1.82,2680.35009765625,873.1799926757812,16085.1103515625,38722.69140625,5123.68994140625,39688.94140625
