종목코드,종목명,EPS,BPS,PER,PBR,배당수익률,ROE,날짜,종가,거래량,상장주식수,등락률,KOSPI,KOSDAQ,NASDAQ,Dow Jones,S&P 500,Nikkei
43590,웰킵스하이텍,343.0,1598.0,2.64,0.57,0.0,21.46433041301627,20240304,1216.0,67944.0,27121387.0,-0.41,2674.27001953125,872.969970703125,16207.509765625,38989.828125,5130.9501953125,40109.23046875
43590,웰킵스하이텍,343.0,1598.0,2.64,0.57,0.0,21.46433041301627,20240305,1181.0,97506.0,27121387.0,-2.88,2649.39990234375,866.3699951171875,15939.58984375,38585.19140625,5078.64990234375,40097.62890625
43590,웰킵스하이텍,343.0,1598.0,2.64,0.57,0.0,21.46433041301627,20240306,1124.0,150502.0,27121387.0,-4.83,2641.489990234375,870.6699829101562,16031.5400390625,38661.05078125,5104.759765625,40090.78125
43590,웰킵스하이텍,343.0,1598.0,2.64,0.57,0.0,21.46433041301627,20240307,1132.0,77786.0,27121387.0,0.71,2647.6201171875,863.3699951171875,16273.3798828125,38791.3515625,5157.35986328125,39598.7109375
43590,웰킵스하이텍,343.0,1598.0,2.64,0.57,0.0,21.46433041301627,20240308,1145.0,71478.0,27121387.0,1.15,2680.35009765625,873.1799926757812,16085.1103515625,38722.69140625,5123.68994140625,39688.94140625
