종목코드,종목명,EPS,BPS,PER,PBR,배당수익률,ROE,날짜,종가,거래량,상장주식수,등락률,KOSPI,KOSDAQ,NASDAQ,Dow Jones,S&P 500,Nikkei
123420,위메이드플레이,415.0,20967.0,20.36,0.4,0.0,1.979300806028521,20240304,11420.0,718085.0,11469842.0,13.29,2674.27001953125,872.969970703125,16207.509765625,38989.828125,5130.9501953125,40109.23046875
123420,위메이드플레이,415.0,20967.0,20.36,0.4,0.0,1.979300806028521,20240305,11310.0,912706.0,11469842.0,-0.96,2649.39990234375,866.3699951171875,15939.58984375,38585.19140625,5078.64990234375,40097.62890625
123420,위메이드플레이,415.0,20967.0,20.36,0.4,0.0,1.979300806028521,20240306,10970.0,113000.0,11469842.0,-3.01,2641.489990234375,870.6699829101562,16031.5400390625,38661.05078125,5104.759765625,40090.78125
123420,위메이드플레이,415.0,20967.0,20.36,0.4,0.0,1.979300806028521,20240307,12000.0,342230.0,11469842.0,9.39,2647.6201171875,863.3699951171875,16273.3798828125,38791.3515625,5157.35986328125,39598.7109375
123420,위메이드플레이,415.0,20967.0,20.36,0.4,0.0,1.979300806028521,20240308,11820.0,173940.0,11469842.0,-1.5,2680.35009765625,873.1799926757812,16085.1103515625,38722.69140625,5123.68994140625,39688.94140625
