종목코드,종목명,EPS,BPS,PER,PBR,배당수익률,ROE,날짜,종가,거래량,상장주식수,등락률,KOSPI,KOSDAQ,NASDAQ,Dow Jones,S&P 500,Nikkei
299900,위지윅스튜디오,299.0,1311.0,5.11,1.17,0.0,22.807017543859647,20240304,2650.0,1928776.0,171048884.0,-3.81,2674.27001953125,872.969970703125,16207.509765625,38989.828125,5130.9501953125,40109.23046875
299900,위지윅스튜디오,299.0,1311.0,5.11,1.17,0.0,22.807017543859647,20240305,2605.0,735859.0,171048884.0,-1.7,2649.39990234375,866.3699951171875,15939.58984375,38585.19140625,5078.64990234375,40097.62890625
299900,위지윅스튜디오,299.0,1311.0,5.11,1.17,0.0,22.807017543859647,20240306,2490.0,2184999.0,171048884.0,-4.41,2641.489990234375,870.6699829101562,16031.5400390625,38661.05078125,5104.759765625,40090.78125
299900,위지윅스튜디오,299.0,1311.0,5.11,1.17,0.0,22.807017543859647,20240307,2410.0,1781615.0,171048884.0,-3.21,2647.6201171875,863.3699951171875,16273.3798828125,38791.3515625,5157.35986328125,39598.7109375
299900,위지윅스튜디오,299.0,1311.0,5.11,1.17,0.0,22.807017543859647,20240308,2395.0,1096154.0,171048884.0,-0.62,2680.35009765625,873.1799926757812,16085.1103515625,38722.69140625,5123.68994140625,39688.94140625
