종목코드,종목명,EPS,BPS,PER,PBR,배당수익률,ROE,날짜,종가,거래량,상장주식수,등락률,KOSPI,KOSDAQ,NASDAQ,Dow Jones,S&P 500,Nikkei
203450,유니온커뮤니티,238.0,3087.0,12.39,0.96,2.37,7.709750566893423,20240304,3295.0,70743.0,14679007.0,0.76,2674.27001953125,872.969970703125,16207.509765625,38989.828125,5130.9501953125,40109.23046875
203450,유니온커뮤니티,238.0,3087.0,12.39,0.96,2.37,7.709750566893423,20240305,3335.0,80147.0,14679007.0,1.21,2649.39990234375,866.3699951171875,15939.58984375,38585.19140625,5078.64990234375,40097.62890625
203450,유니온커뮤니티,238.0,3087.0,12.39,0.96,2.37,7.709750566893423,20240306,3305.0,76711.0,14679007.0,-0.9,2641.489990234375,870.6699829101562,16031.5400390625,38661.05078125,5104.759765625,40090.78125
203450,유니온커뮤니티,238.0,3087.0,12.39,0.96,2.37,7.709750566893423,20240307,3220.0,46321.0,14679007.0,-2.57,2647.6201171875,863.3699951171875,16273.3798828125,38791.3515625,5157.35986328125,39598.7109375
203450,유니온커뮤니티,238.0,3087.0,12.39,0.96,2.37,7.709750566893423,20240308,3320.0,127837.0,14679007.0,3.11,2680.35009765625,873.1799926757812,16085.1103515625,38722.69140625,5123.68994140625,39688.94140625
