종목코드,종목명,EPS,BPS,PER,PBR,배당수익률,ROE,날짜,종가,거래량,상장주식수,등락률,KOSPI,KOSDAQ,NASDAQ,Dow Jones,S&P 500,Nikkei
86390,유니테스트,332.0,7270.0,35.42,1.62,1.28,4.566712517193948,20240304,13540.0,133989.0,21134126.0,2.65,2674.27001953125,872.969970703125,16207.509765625,38989.828125,5130.9501953125,40109.23046875
86390,유니테스트,332.0,7270.0,35.42,1.62,1.28,4.566712517193948,20240305,13900.0,207889.0,21134126.0,2.66,2649.39990234375,866.3699951171875,15939.58984375,38585.19140625,5078.64990234375,40097.62890625
86390,유니테스트,332.0,7270.0,35.42,1.62,1.28,4.566712517193948,20240306,14050.0,184540.0,21134126.0,1.08,2641.489990234375,870.6699829101562,16031.5400390625,38661.05078125,5104.759765625,40090.78125
86390,유니테스트,332.0,7270.0,35.42,1.62,1.28,4.566712517193948,20240307,14130.0,296467.0,21134126.0,0.57,2647.6201171875,863.3699951171875,16273.3798828125,38791.3515625,5157.35986328125,39598.7109375
86390,유니테스트,332.0,7270.0,35.42,1.62,1.28,4.566712517193948,20240308,15420.0,1556539.0,21134126.0,9.13,2680.35009765625,873.1799926757812,16085.1103515625,38722.69140625,5123.68994140625,39688.94140625
