종목코드,종목명,EPS,BPS,PER,PBR,배당수익률,ROE,날짜,종가,거래량,상장주식수,등락률,KOSPI,KOSDAQ,NASDAQ,Dow Jones,S&P 500,Nikkei
446070,유니드비티플러스,81.0,18099.0,55.43,0.25,0.0,0.4475385380407757,20240304,5700.0,56799.0,10611215.0,1.24,2674.27001953125,872.969970703125,16207.509765625,38989.828125,5130.9501953125,40109.23046875
446070,유니드비티플러스,81.0,18099.0,55.43,0.25,0.0,0.4475385380407757,20240305,5590.0,48495.0,10611215.0,-1.93,2649.39990234375,866.3699951171875,15939.58984375,38585.19140625,5078.64990234375,40097.62890625
446070,유니드비티플러스,81.0,18099.0,55.43,0.25,0.0,0.4475385380407757,20240306,5550.0,23530.0,10611215.0,-0.72,2641.489990234375,870.6699829101562,16031.5400390625,38661.05078125,5104.759765625,40090.78125
446070,유니드비티플러스,81.0,18099.0,55.43,0.25,0.0,0.4475385380407757,20240307,5460.0,45434.0,10611215.0,-1.62,2647.6201171875,863.3699951171875,16273.3798828125,38791.3515625,5157.35986328125,39598.7109375
446070,유니드비티플러스,81.0,18099.0,55.43,0.25,0.0,0.4475385380407757,20240308,5420.0,32236.0,10611215.0,-0.73,2680.35009765625,873.1799926757812,16085.1103515625,38722.69140625,5123.68994140625,39688.94140625
