종목코드,종목명,EPS,BPS,PER,PBR,배당수익률,ROE,날짜,종가,거래량,상장주식수,등락률,KOSPI,KOSDAQ,NASDAQ,Dow Jones,S&P 500,Nikkei
3460,유화증권,119.0,8346.0,18.66,0.27,5.41,1.4258327342439492,20240304,2270.0,6079.0,56702415.0,0.0,2674.27001953125,872.969970703125,16207.509765625,38989.828125,5130.9501953125,40109.23046875
3460,유화증권,119.0,8346.0,18.66,0.27,5.41,1.4258327342439492,20240305,2265.0,12654.0,56702415.0,-0.22,2649.39990234375,866.3699951171875,15939.58984375,38585.19140625,5078.64990234375,40097.62890625
3460,유화증권,119.0,8346.0,18.66,0.27,5.41,1.4258327342439492,20240306,2270.0,8927.0,56702415.0,0.22,2641.489990234375,870.6699829101562,16031.5400390625,38661.05078125,5104.759765625,40090.78125
3460,유화증권,119.0,8346.0,18.66,0.27,5.41,1.4258327342439492,20240307,2290.0,1853.0,56702415.0,0.88,2647.6201171875,863.3699951171875,16273.3798828125,38791.3515625,5157.35986328125,39598.7109375
3460,유화증권,119.0,8346.0,18.66,0.27,5.41,1.4258327342439492,20240308,2290.0,3110.0,56702415.0,0.0,2680.35009765625,873.1799926757812,16085.1103515625,38722.69140625,5123.68994140625,39688.94140625
