종목코드,종목명,EPS,BPS,PER,PBR,배당수익률,ROE,날짜,종가,거래량,상장주식수,등락률,KOSPI,KOSDAQ,NASDAQ,Dow Jones,S&P 500,Nikkei
221800,유투바이오,63.0,3366.0,64.52,1.21,0.74,1.8716577540106951,20240304,4295.0,89295.0,11287196.0,0.47,2674.27001953125,872.969970703125,16207.509765625,38989.828125,5130.9501953125,40109.23046875
221800,유투바이오,63.0,3366.0,64.52,1.21,0.74,1.8716577540106951,20240305,4255.0,32025.0,11287196.0,-0.93,2649.39990234375,866.3699951171875,15939.58984375,38585.19140625,5078.64990234375,40097.62890625
221800,유투바이오,63.0,3366.0,64.52,1.21,0.74,1.8716577540106951,20240306,4320.0,948827.0,11287196.0,1.53,2641.489990234375,870.6699829101562,16031.5400390625,38661.05078125,5104.759765625,40090.78125
221800,유투바이오,63.0,3366.0,64.52,1.21,0.74,1.8716577540106951,20240307,4250.0,110577.0,11287196.0,-1.62,2647.6201171875,863.3699951171875,16273.3798828125,38791.3515625,5157.35986328125,39598.7109375
221800,유투바이오,63.0,3366.0,64.52,1.21,0.74,1.8716577540106951,20240308,4175.0,67070.0,11287196.0,-1.76,2680.35009765625,873.1799926757812,16085.1103515625,38722.69140625,5123.68994140625,39688.94140625
