종목코드,종목명,EPS,BPS,PER,PBR,배당수익률,ROE,날짜,종가,거래량,상장주식수,등락률,KOSPI,KOSDAQ,NASDAQ,Dow Jones,S&P 500,Nikkei
67920,이글루,835.0,7291.0,6.54,0.75,3.3,11.452475654917022,20240304,6620.0,69551.0,10996119.0,-0.75,2674.27001953125,872.969970703125,16207.509765625,38989.828125,5130.9501953125,40109.23046875
67920,이글루,835.0,7291.0,6.54,0.75,3.3,11.452475654917022,20240305,6670.0,86377.0,10996119.0,0.76,2649.39990234375,866.3699951171875,15939.58984375,38585.19140625,5078.64990234375,40097.62890625
67920,이글루,835.0,7291.0,6.54,0.75,3.3,11.452475654917022,20240306,6580.0,53246.0,10996119.0,-1.35,2641.489990234375,870.6699829101562,16031.5400390625,38661.05078125,5104.759765625,40090.78125
67920,이글루,835.0,7291.0,6.54,0.75,3.3,11.452475654917022,20240307,6630.0,86936.0,10996119.0,0.76,2647.6201171875,863.3699951171875,16273.3798828125,38791.3515625,5157.35986328125,39598.7109375
67920,이글루,835.0,7291.0,6.54,0.75,3.3,11.452475654917022,20240308,6540.0,71432.0,10996119.0,-1.36,2680.35009765625,873.1799926757812,16085.1103515625,38722.69140625,5123.68994140625,39688.94140625
