종목코드,종목명,EPS,BPS,PER,PBR,배당수익률,ROE,날짜,종가,거래량,상장주식수,등락률,KOSPI,KOSDAQ,NASDAQ,Dow Jones,S&P 500,Nikkei
272290,이녹스첨단소재,1673.0,20702.0,17.63,1.42,0.85,8.081344797604096,20240304,31800.0,291959.0,20201658.0,0.47,2674.27001953125,872.969970703125,16207.509765625,38989.828125,5130.9501953125,40109.23046875
272290,이녹스첨단소재,1673.0,20702.0,17.63,1.42,0.85,8.081344797604096,20240305,30350.0,176468.0,20201658.0,-4.56,2649.39990234375,866.3699951171875,15939.58984375,38585.19140625,5078.64990234375,40097.62890625
272290,이녹스첨단소재,1673.0,20702.0,17.63,1.42,0.85,8.081344797604096,20240306,31800.0,795200.0,20201658.0,4.78,2641.489990234375,870.6699829101562,16031.5400390625,38661.05078125,5104.759765625,40090.78125
272290,이녹스첨단소재,1673.0,20702.0,17.63,1.42,0.85,8.081344797604096,20240307,33100.0,685355.0,20201658.0,4.09,2647.6201171875,863.3699951171875,16273.3798828125,38791.3515625,5157.35986328125,39598.7109375
272290,이녹스첨단소재,1673.0,20702.0,17.63,1.42,0.85,8.081344797604096,20240308,32800.0,245242.0,20201658.0,-0.91,2680.35009765625,873.1799926757812,16085.1103515625,38722.69140625,5123.68994140625,39688.94140625
