종목코드,종목명,EPS,BPS,PER,PBR,배당수익률,ROE,날짜,종가,거래량,상장주식수,등락률,KOSPI,KOSDAQ,NASDAQ,Dow Jones,S&P 500,Nikkei
131400,이브이첨단소재,28.0,2035.0,73.21,1.01,0.0,1.375921375921376,20240304,3080.0,588736.0,59589882.0,-0.48,2674.27001953125,872.969970703125,16207.509765625,38989.828125,5130.9501953125,40109.23046875
131400,이브이첨단소재,28.0,2035.0,73.21,1.01,0.0,1.375921375921376,20240305,3010.0,692925.0,59589882.0,-2.27,2649.39990234375,866.3699951171875,15939.58984375,38585.19140625,5078.64990234375,40097.62890625
131400,이브이첨단소재,28.0,2035.0,73.21,1.01,0.0,1.375921375921376,20240306,2930.0,794694.0,59589882.0,-2.66,2641.489990234375,870.6699829101562,16031.5400390625,38661.05078125,5104.759765625,40090.78125
131400,이브이첨단소재,28.0,2035.0,73.21,1.01,0.0,1.375921375921376,20240307,2875.0,645059.0,59589882.0,-1.88,2647.6201171875,863.3699951171875,16273.3798828125,38791.3515625,5157.35986328125,39598.7109375
131400,이브이첨단소재,28.0,2035.0,73.21,1.01,0.0,1.375921375921376,20240308,2875.0,1032637.0,59589882.0,0.0,2680.35009765625,873.1799926757812,16085.1103515625,38722.69140625,5123.68994140625,39688.94140625
