종목코드,종목명,EPS,BPS,PER,PBR,배당수익률,ROE,날짜,종가,거래량,상장주식수,등락률,KOSPI,KOSDAQ,NASDAQ,Dow Jones,S&P 500,Nikkei
303530,이노뎁,144.0,5510.0,58.4,1.53,0.0,2.613430127041742,20240304,13100.0,181176.0,7339299.0,-0.46,2674.27001953125,872.969970703125,16207.509765625,38989.828125,5130.9501953125,40109.23046875
303530,이노뎁,144.0,5510.0,58.4,1.53,0.0,2.613430127041742,20240305,12970.0,157456.0,7339299.0,-0.99,2649.39990234375,866.3699951171875,15939.58984375,38585.19140625,5078.64990234375,40097.62890625
303530,이노뎁,144.0,5510.0,58.4,1.53,0.0,2.613430127041742,20240306,12750.0,114835.0,7339299.0,-1.7,2641.489990234375,870.6699829101562,16031.5400390625,38661.05078125,5104.759765625,40090.78125
303530,이노뎁,144.0,5510.0,58.4,1.53,0.0,2.613430127041742,20240307,12570.0,91121.0,7339299.0,-1.41,2647.6201171875,863.3699951171875,16273.3798828125,38791.3515625,5157.35986328125,39598.7109375
303530,이노뎁,144.0,5510.0,58.4,1.53,0.0,2.613430127041742,20240308,12400.0,94590.0,7339299.0,-1.35,2680.35009765625,873.1799926757812,16085.1103515625,38722.69140625,5123.68994140625,39688.94140625
