종목코드,종목명,EPS,BPS,PER,PBR,배당수익률,ROE,날짜,종가,거래량,상장주식수,등락률,KOSPI,KOSDAQ,NASDAQ,Dow Jones,S&P 500,Nikkei
302430,이노메트리,800.0,6563.0,11.56,1.41,0.0,12.189547463050436,20240304,10570.0,12070.0,9833208.0,1.44,2674.27001953125,872.969970703125,16207.509765625,38989.828125,5130.9501953125,40109.23046875
302430,이노메트리,800.0,6563.0,11.56,1.41,0.0,12.189547463050436,20240305,10440.0,17727.0,9833208.0,-1.23,2649.39990234375,866.3699951171875,15939.58984375,38585.19140625,5078.64990234375,40097.62890625
302430,이노메트리,800.0,6563.0,11.56,1.41,0.0,12.189547463050436,20240306,10430.0,6524.0,9833208.0,-0.1,2641.489990234375,870.6699829101562,16031.5400390625,38661.05078125,5104.759765625,40090.78125
302430,이노메트리,800.0,6563.0,11.56,1.41,0.0,12.189547463050436,20240307,10900.0,131696.0,9833208.0,4.51,2647.6201171875,863.3699951171875,16273.3798828125,38791.3515625,5157.35986328125,39598.7109375
302430,이노메트리,800.0,6563.0,11.56,1.41,0.0,12.189547463050436,20240308,13010.0,2729445.0,9833208.0,19.36,2680.35009765625,873.1799926757812,16085.1103515625,38722.69140625,5123.68994140625,39688.94140625
