종목코드,종목명,EPS,BPS,PER,PBR,배당수익률,ROE,날짜,종가,거래량,상장주식수,등락률,KOSPI,KOSDAQ,NASDAQ,Dow Jones,S&P 500,Nikkei
377330,이지트로닉스,,7078.0,,0.88,1.93,,20240304,7000.0,19698.0,8109954.0,-0.57,2674.27001953125,872.969970703125,16207.509765625,38989.828125,5130.9501953125,40109.23046875
377330,이지트로닉스,,7078.0,,0.88,1.93,,20240305,6930.0,9836.0,8109954.0,-1.0,2649.39990234375,866.3699951171875,15939.58984375,38585.19140625,5078.64990234375,40097.62890625
377330,이지트로닉스,,7078.0,,0.88,1.93,,20240306,6970.0,11513.0,8109954.0,0.58,2641.489990234375,870.6699829101562,16031.5400390625,38661.05078125,5104.759765625,40090.78125
377330,이지트로닉스,,7078.0,,0.88,1.93,,20240307,6840.0,11235.0,8109954.0,-1.87,2647.6201171875,863.3699951171875,16273.3798828125,38791.3515625,5157.35986328125,39598.7109375
377330,이지트로닉스,,7078.0,,0.88,1.93,,20240308,6880.0,8193.0,8109954.0,0.58,2680.35009765625,873.1799926757812,16085.1103515625,38722.69140625,5123.68994140625,39688.94140625
