종목코드,종목명,EPS,BPS,PER,PBR,배당수익률,ROE,날짜,종가,거래량,상장주식수,등락률,KOSPI,KOSDAQ,NASDAQ,Dow Jones,S&P 500,Nikkei
80010,이상네트웍스,620.0,12329.0,8.97,0.45,13.85,5.0287939005596565,20240304,5470.0,19907.0,10000000.0,0.18,2674.27001953125,872.969970703125,16207.509765625,38989.828125,5130.9501953125,40109.23046875
80010,이상네트웍스,620.0,12329.0,8.97,0.45,13.85,5.0287939005596565,20240305,5470.0,17572.0,10000000.0,0.0,2649.39990234375,866.3699951171875,15939.58984375,38585.19140625,5078.64990234375,40097.62890625
80010,이상네트웍스,620.0,12329.0,8.97,0.45,13.85,5.0287939005596565,20240306,5460.0,15748.0,10000000.0,-0.18,2641.489990234375,870.6699829101562,16031.5400390625,38661.05078125,5104.759765625,40090.78125
80010,이상네트웍스,620.0,12329.0,8.97,0.45,13.85,5.0287939005596565,20240307,5440.0,15540.0,10000000.0,-0.37,2647.6201171875,863.3699951171875,16273.3798828125,38791.3515625,5157.35986328125,39598.7109375
80010,이상네트웍스,620.0,12329.0,8.97,0.45,13.85,5.0287939005596565,20240308,5440.0,20309.0,10000000.0,0.0,2680.35009765625,873.1799926757812,16085.1103515625,38722.69140625,5123.68994140625,39688.94140625
