종목코드,종목명,EPS,BPS,PER,PBR,배당수익률,ROE,날짜,종가,거래량,상장주식수,등락률,KOSPI,KOSDAQ,NASDAQ,Dow Jones,S&P 500,Nikkei
41830,인바디,2819.0,19096.0,8.42,1.24,1.47,14.7622538751571,20240304,26650.0,31899.0,13683782.0,-2.74,2674.27001953125,872.969970703125,16207.509765625,38989.828125,5130.9501953125,40109.23046875
41830,인바디,2819.0,19096.0,8.42,1.24,1.47,14.7622538751571,20240305,27200.0,34244.0,13683782.0,2.06,2649.39990234375,866.3699951171875,15939.58984375,38585.19140625,5078.64990234375,40097.62890625
41830,인바디,2819.0,19096.0,8.42,1.24,1.47,14.7622538751571,20240306,27300.0,28546.0,13683782.0,0.37,2641.489990234375,870.6699829101562,16031.5400390625,38661.05078125,5104.759765625,40090.78125
41830,인바디,2819.0,19096.0,8.42,1.24,1.47,14.7622538751571,20240307,27150.0,28872.0,13683782.0,-0.55,2647.6201171875,863.3699951171875,16273.3798828125,38791.3515625,5157.35986328125,39598.7109375
41830,인바디,2819.0,19096.0,8.42,1.24,1.47,14.7622538751571,20240308,26800.0,16439.0,13683782.0,-1.29,2680.35009765625,873.1799926757812,16085.1103515625,38722.69140625,5123.68994140625,39688.94140625
