종목코드,종목명,EPS,BPS,PER,PBR,배당수익률,ROE,날짜,종가,거래량,상장주식수,등락률,KOSPI,KOSDAQ,NASDAQ,Dow Jones,S&P 500,Nikkei
211050,인카금융서비스,575.0,1923.0,8.06,2.41,1.51,29.901196047841918,20240304,18950.0,25251.0,10275960.0,-2.27,2674.27001953125,872.969970703125,16207.509765625,38989.828125,5130.9501953125,40109.23046875
211050,인카금융서비스,575.0,1923.0,8.06,2.41,1.51,29.901196047841918,20240305,19550.0,27054.0,10275960.0,3.17,2649.39990234375,866.3699951171875,15939.58984375,38585.19140625,5078.64990234375,40097.62890625
211050,인카금융서비스,575.0,1923.0,8.06,2.41,1.51,29.901196047841918,20240306,20150.0,76682.0,10275960.0,3.07,2641.489990234375,870.6699829101562,16031.5400390625,38661.05078125,5104.759765625,40090.78125
211050,인카금융서비스,575.0,1923.0,8.06,2.41,1.51,29.901196047841918,20240307,21450.0,56612.0,10275960.0,6.45,2647.6201171875,863.3699951171875,16273.3798828125,38791.3515625,5157.35986328125,39598.7109375
211050,인카금융서비스,575.0,1923.0,8.06,2.41,1.51,29.901196047841918,20240308,23000.0,58199.0,10275960.0,7.23,2680.35009765625,873.1799926757812,16085.1103515625,38722.69140625,5123.68994140625,39688.94140625
