종목코드,종목명,EPS,BPS,PER,PBR,배당수익률,ROE,날짜,종가,거래량,상장주식수,등락률,KOSPI,KOSDAQ,NASDAQ,Dow Jones,S&P 500,Nikkei
71200,인피니트헬스케어,785.0,5498.0,6.03,0.86,0.0,14.277919243361223,20240304,5570.0,133514.0,24396458.0,-0.18,2674.27001953125,872.969970703125,16207.509765625,38989.828125,5130.9501953125,40109.23046875
71200,인피니트헬스케어,785.0,5498.0,6.03,0.86,0.0,14.277919243361223,20240305,5560.0,229505.0,24396458.0,-0.18,2649.39990234375,866.3699951171875,15939.58984375,38585.19140625,5078.64990234375,40097.62890625
71200,인피니트헬스케어,785.0,5498.0,6.03,0.86,0.0,14.277919243361223,20240306,5560.0,154916.0,24396458.0,0.0,2641.489990234375,870.6699829101562,16031.5400390625,38661.05078125,5104.759765625,40090.78125
71200,인피니트헬스케어,785.0,5498.0,6.03,0.86,0.0,14.277919243361223,20240307,5430.0,135041.0,24396458.0,-2.34,2647.6201171875,863.3699951171875,16273.3798828125,38791.3515625,5157.35986328125,39598.7109375
71200,인피니트헬스케어,785.0,5498.0,6.03,0.86,0.0,14.277919243361223,20240308,5500.0,77952.0,24396458.0,1.29,2680.35009765625,873.1799926757812,16085.1103515625,38722.69140625,5123.68994140625,39688.94140625
