종목코드,종목명,EPS,BPS,PER,PBR,배당수익률,ROE,날짜,종가,거래량,상장주식수,등락률,KOSPI,KOSDAQ,NASDAQ,Dow Jones,S&P 500,Nikkei
216050,인크로스,1047.0,9480.0,7.28,0.8,4.21,11.044303797468356,20240304,10710.0,59312.0,12843222.0,-0.46,2674.27001953125,872.969970703125,16207.509765625,38989.828125,5130.9501953125,40109.23046875
216050,인크로스,1047.0,9480.0,7.28,0.8,4.21,11.044303797468356,20240305,10420.0,166194.0,12843222.0,-2.71,2649.39990234375,866.3699951171875,15939.58984375,38585.19140625,5078.64990234375,40097.62890625
216050,인크로스,1047.0,9480.0,7.28,0.8,4.21,11.044303797468356,20240306,10250.0,115886.0,12843222.0,-1.63,2641.489990234375,870.6699829101562,16031.5400390625,38661.05078125,5104.759765625,40090.78125
216050,인크로스,1047.0,9480.0,7.28,0.8,4.21,11.044303797468356,20240307,10270.0,34932.0,12843222.0,0.2,2647.6201171875,863.3699951171875,16273.3798828125,38791.3515625,5157.35986328125,39598.7109375
216050,인크로스,1047.0,9480.0,7.28,0.8,4.21,11.044303797468356,20240308,10210.0,40729.0,12843222.0,-0.58,2680.35009765625,873.1799926757812,16085.1103515625,38722.69140625,5123.68994140625,39688.94140625
