종목코드,종목명,EPS,BPS,PER,PBR,배당수익률,ROE,날짜,종가,거래량,상장주식수,등락률,KOSPI,KOSDAQ,NASDAQ,Dow Jones,S&P 500,Nikkei
51370,인터플렉스,1171.0,9452.0,10.56,1.31,0.0,12.38891239949217,20240304,14360.0,575051.0,23327472.0,-1.71,2674.27001953125,872.969970703125,16207.509765625,38989.828125,5130.9501953125,40109.23046875
51370,인터플렉스,1171.0,9452.0,10.56,1.31,0.0,12.38891239949217,20240305,14100.0,464839.0,23327472.0,-1.81,2649.39990234375,866.3699951171875,15939.58984375,38585.19140625,5078.64990234375,40097.62890625
51370,인터플렉스,1171.0,9452.0,10.56,1.31,0.0,12.38891239949217,20240306,14010.0,365744.0,23327472.0,-0.64,2641.489990234375,870.6699829101562,16031.5400390625,38661.05078125,5104.759765625,40090.78125
51370,인터플렉스,1171.0,9452.0,10.56,1.31,0.0,12.38891239949217,20240307,13960.0,426562.0,23327472.0,-0.36,2647.6201171875,863.3699951171875,16273.3798828125,38791.3515625,5157.35986328125,39598.7109375
51370,인터플렉스,1171.0,9452.0,10.56,1.31,0.0,12.38891239949217,20240308,13700.0,555315.0,23327472.0,-1.86,2680.35009765625,873.1799926757812,16085.1103515625,38722.69140625,5123.68994140625,39688.94140625
