종목코드,종목명,EPS,BPS,PER,PBR,배당수익률,ROE,날짜,종가,거래량,상장주식수,등락률,KOSPI,KOSDAQ,NASDAQ,Dow Jones,S&P 500,Nikkei
7110,일신석재,21.0,736.0,64.76,1.85,0.0,2.8532608695652173,20240304,1100.0,174881.0,77456610.0,0.36,2674.27001953125,872.969970703125,16207.509765625,38989.828125,5130.9501953125,40109.23046875
7110,일신석재,21.0,736.0,64.76,1.85,0.0,2.8532608695652173,20240305,1180.0,1574832.0,77456610.0,7.27,2649.39990234375,866.3699951171875,15939.58984375,38585.19140625,5078.64990234375,40097.62890625
7110,일신석재,21.0,736.0,64.76,1.85,0.0,2.8532608695652173,20240306,1156.0,386676.0,77456610.0,-2.03,2641.489990234375,870.6699829101562,16031.5400390625,38661.05078125,5104.759765625,40090.78125
7110,일신석재,21.0,736.0,64.76,1.85,0.0,2.8532608695652173,20240307,1124.0,361051.0,77456610.0,-2.77,2647.6201171875,863.3699951171875,16273.3798828125,38791.3515625,5157.35986328125,39598.7109375
7110,일신석재,21.0,736.0,64.76,1.85,0.0,2.8532608695652173,20240308,1115.0,263443.0,77456610.0,-0.8,2680.35009765625,873.1799926757812,16085.1103515625,38722.69140625,5123.68994140625,39688.94140625
