종목코드,종목명,EPS,BPS,PER,PBR,배당수익률,ROE,날짜,종가,거래량,상장주식수,등락률,KOSPI,KOSDAQ,NASDAQ,Dow Jones,S&P 500,Nikkei
94820,일진파워,635.0,8668.0,17.37,1.27,2.99,7.325796031379787,20240304,11550.0,69808.0,15078709.0,-0.69,2674.27001953125,872.969970703125,16207.509765625,38989.828125,5130.9501953125,40109.23046875
94820,일진파워,635.0,8668.0,17.37,1.27,2.99,7.325796031379787,20240305,11490.0,62869.0,15078709.0,-0.52,2649.39990234375,866.3699951171875,15939.58984375,38585.19140625,5078.64990234375,40097.62890625
94820,일진파워,635.0,8668.0,17.37,1.27,2.99,7.325796031379787,20240306,11520.0,70378.0,15078709.0,0.26,2641.489990234375,870.6699829101562,16031.5400390625,38661.05078125,5104.759765625,40090.78125
94820,일진파워,635.0,8668.0,17.37,1.27,2.99,7.325796031379787,20240307,11090.0,119629.0,15078709.0,-3.73,2647.6201171875,863.3699951171875,16273.3798828125,38791.3515625,5157.35986328125,39598.7109375
94820,일진파워,635.0,8668.0,17.37,1.27,2.99,7.325796031379787,20240308,11230.0,894081.0,15078709.0,1.26,2680.35009765625,873.1799926757812,16085.1103515625,38722.69140625,5123.68994140625,39688.94140625
