종목코드,종목명,EPS,BPS,PER,PBR,배당수익률,ROE,날짜,종가,거래량,상장주식수,등락률,KOSPI,KOSDAQ,NASDAQ,Dow Jones,S&P 500,Nikkei
15860,일진홀딩스,597.0,9819.0,6.55,0.4,3.84,6.080048884815154,20240304,4320.0,610365.0,49347483.0,2.61,2674.27001953125,872.969970703125,16207.509765625,38989.828125,5130.9501953125,40109.23046875
15860,일진홀딩스,597.0,9819.0,6.55,0.4,3.84,6.080048884815154,20240305,4345.0,256507.0,49347483.0,0.58,2649.39990234375,866.3699951171875,15939.58984375,38585.19140625,5078.64990234375,40097.62890625
15860,일진홀딩스,597.0,9819.0,6.55,0.4,3.84,6.080048884815154,20240306,4305.0,125686.0,49347483.0,-0.92,2641.489990234375,870.6699829101562,16031.5400390625,38661.05078125,5104.759765625,40090.78125
15860,일진홀딩스,597.0,9819.0,6.55,0.4,3.84,6.080048884815154,20240307,4250.0,99876.0,49347483.0,-1.28,2647.6201171875,863.3699951171875,16273.3798828125,38791.3515625,5157.35986328125,39598.7109375
15860,일진홀딩스,597.0,9819.0,6.55,0.4,3.84,6.080048884815154,20240308,4280.0,102085.0,49347483.0,0.71,2680.35009765625,873.1799926757812,16085.1103515625,38722.69140625,5123.68994140625,39688.94140625
