종목코드,종목명,EPS,BPS,PER,PBR,배당수익률,ROE,날짜,종가,거래량,상장주식수,등락률,KOSPI,KOSDAQ,NASDAQ,Dow Jones,S&P 500,Nikkei
49630,재영솔루텍,14.0,757.0,48.43,0.9,0.0,1.8494055482166447,20240304,602.0,203994.0,83633227.0,1.86,2674.27001953125,872.969970703125,16207.509765625,38989.828125,5130.9501953125,40109.23046875
49630,재영솔루텍,14.0,757.0,48.43,0.9,0.0,1.8494055482166447,20240305,613.0,213077.0,83633227.0,1.83,2649.39990234375,866.3699951171875,15939.58984375,38585.19140625,5078.64990234375,40097.62890625
49630,재영솔루텍,14.0,757.0,48.43,0.9,0.0,1.8494055482166447,20240306,646.0,1360088.0,83633227.0,5.38,2641.489990234375,870.6699829101562,16031.5400390625,38661.05078125,5104.759765625,40090.78125
49630,재영솔루텍,14.0,757.0,48.43,0.9,0.0,1.8494055482166447,20240307,641.0,387531.0,83633227.0,-0.77,2647.6201171875,863.3699951171875,16273.3798828125,38791.3515625,5157.35986328125,39598.7109375
49630,재영솔루텍,14.0,757.0,48.43,0.9,0.0,1.8494055482166447,20240308,628.0,314549.0,83633227.0,-2.03,2680.35009765625,873.1799926757812,16085.1103515625,38722.69140625,5123.68994140625,39688.94140625
