종목코드,종목명,EPS,BPS,PER,PBR,배당수익률,ROE,날짜,종가,거래량,상장주식수,등락률,KOSPI,KOSDAQ,NASDAQ,Dow Jones,S&P 500,Nikkei
45510,정원엔시스,54.0,1367.0,20.28,0.8,0.0,3.9502560351133873,20240304,1163.0,14458.0,32209292.0,-4.36,2674.27001953125,872.969970703125,16207.509765625,38989.828125,5130.9501953125,40109.23046875
45510,정원엔시스,54.0,1367.0,20.28,0.8,0.0,3.9502560351133873,20240305,1185.0,45060.0,32209292.0,1.89,2649.39990234375,866.3699951171875,15939.58984375,38585.19140625,5078.64990234375,40097.62890625
45510,정원엔시스,54.0,1367.0,20.28,0.8,0.0,3.9502560351133873,20240306,1220.0,54827.0,32209292.0,2.95,2641.489990234375,870.6699829101562,16031.5400390625,38661.05078125,5104.759765625,40090.78125
45510,정원엔시스,54.0,1367.0,20.28,0.8,0.0,3.9502560351133873,20240307,1246.0,23774.0,32209292.0,2.13,2647.6201171875,863.3699951171875,16273.3798828125,38791.3515625,5157.35986328125,39598.7109375
45510,정원엔시스,54.0,1367.0,20.28,0.8,0.0,3.9502560351133873,20240308,1260.0,21206.0,32209292.0,1.12,2680.35009765625,873.1799926757812,16085.1103515625,38722.69140625,5123.68994140625,39688.94140625
