종목코드,종목명,EPS,BPS,PER,PBR,배당수익률,ROE,날짜,종가,거래량,상장주식수,등락률,KOSPI,KOSDAQ,NASDAQ,Dow Jones,S&P 500,Nikkei
33100,제룡전기,3510.0,7770.0,21.71,9.81,0.66,45.173745173745175,20240304,27200.0,5746788.0,16062409.0,29.83,2674.27001953125,872.969970703125,16207.509765625,38989.828125,5130.9501953125,40109.23046875
33100,제룡전기,3510.0,7770.0,21.71,9.81,0.66,45.173745173745175,20240305,27300.0,2574584.0,16062409.0,0.37,2649.39990234375,866.3699951171875,15939.58984375,38585.19140625,5078.64990234375,40097.62890625
33100,제룡전기,3510.0,7770.0,21.71,9.81,0.66,45.173745173745175,20240306,30700.0,7851418.0,16062409.0,12.45,2641.489990234375,870.6699829101562,16031.5400390625,38661.05078125,5104.759765625,40090.78125
33100,제룡전기,3510.0,7770.0,21.71,9.81,0.66,45.173745173745175,20240307,29350.0,1041525.0,16062409.0,-4.4,2647.6201171875,863.3699951171875,16273.3798828125,38791.3515625,5157.35986328125,39598.7109375
33100,제룡전기,3510.0,7770.0,21.71,9.81,0.66,45.173745173745175,20240308,32550.0,3911304.0,16062409.0,10.9,2680.35009765625,873.1799926757812,16085.1103515625,38722.69140625,5123.68994140625,39688.94140625
