종목코드,종목명,EPS,BPS,PER,PBR,배당수익률,ROE,날짜,종가,거래량,상장주식수,등락률,KOSPI,KOSDAQ,NASDAQ,Dow Jones,S&P 500,Nikkei
122310,제노레이,912.0,6982.0,6.91,0.9,2.54,13.062159839587512,20240304,6660.0,50550.0,14553844.0,-0.89,2674.27001953125,872.969970703125,16207.509765625,38989.828125,5130.9501953125,40109.23046875
122310,제노레이,912.0,6982.0,6.91,0.9,2.54,13.062159839587512,20240305,6600.0,80645.0,14553844.0,-0.9,2649.39990234375,866.3699951171875,15939.58984375,38585.19140625,5078.64990234375,40097.62890625
122310,제노레이,912.0,6982.0,6.91,0.9,2.54,13.062159839587512,20240306,6620.0,53247.0,14553844.0,0.3,2641.489990234375,870.6699829101562,16031.5400390625,38661.05078125,5104.759765625,40090.78125
122310,제노레이,912.0,6982.0,6.91,0.9,2.54,13.062159839587512,20240307,6550.0,30120.0,14553844.0,-1.06,2647.6201171875,863.3699951171875,16273.3798828125,38791.3515625,5157.35986328125,39598.7109375
122310,제노레이,912.0,6982.0,6.91,0.9,2.54,13.062159839587512,20240308,6700.0,36724.0,14553844.0,2.29,2680.35009765625,873.1799926757812,16085.1103515625,38722.69140625,5123.68994140625,39688.94140625
