종목코드,종목명,EPS,BPS,PER,PBR,배당수익률,ROE,날짜,종가,거래량,상장주식수,등락률,KOSPI,KOSDAQ,NASDAQ,Dow Jones,S&P 500,Nikkei
194370,제이에스코퍼레이션,3499.0,21974.0,4.23,0.67,6.09,15.923363975607534,20240304,17260.0,105828.0,13335601.0,-0.69,2674.27001953125,872.969970703125,16207.509765625,38989.828125,5130.9501953125,40109.23046875
194370,제이에스코퍼레이션,3499.0,21974.0,4.23,0.67,6.09,15.923363975607534,20240305,16800.0,63268.0,13335601.0,-2.67,2649.39990234375,866.3699951171875,15939.58984375,38585.19140625,5078.64990234375,40097.62890625
194370,제이에스코퍼레이션,3499.0,21974.0,4.23,0.67,6.09,15.923363975607534,20240306,16560.0,44393.0,13335601.0,-1.43,2641.489990234375,870.6699829101562,16031.5400390625,38661.05078125,5104.759765625,40090.78125
194370,제이에스코퍼레이션,3499.0,21974.0,4.23,0.67,6.09,15.923363975607534,20240307,16700.0,54198.0,13335601.0,0.85,2647.6201171875,863.3699951171875,16273.3798828125,38791.3515625,5157.35986328125,39598.7109375
194370,제이에스코퍼레이션,3499.0,21974.0,4.23,0.67,6.09,15.923363975607534,20240308,15860.0,152588.0,13335601.0,-5.03,2680.35009765625,873.1799926757812,16085.1103515625,38722.69140625,5123.68994140625,39688.94140625
