종목코드,종목명,EPS,BPS,PER,PBR,배당수익률,ROE,날짜,종가,거래량,상장주식수,등락률,KOSPI,KOSDAQ,NASDAQ,Dow Jones,S&P 500,Nikkei
287410,제이시스메디칼,328.0,1262.0,39.42,10.25,0.0,25.990491283676704,20240304,8010.0,394979.0,76469405.0,1.52,2674.27001953125,872.969970703125,16207.509765625,38989.828125,5130.9501953125,40109.23046875
287410,제이시스메디칼,328.0,1262.0,39.42,10.25,0.0,25.990491283676704,20240305,7910.0,380974.0,76469405.0,-1.25,2649.39990234375,866.3699951171875,15939.58984375,38585.19140625,5078.64990234375,40097.62890625
287410,제이시스메디칼,328.0,1262.0,39.42,10.25,0.0,25.990491283676704,20240306,7460.0,1044881.0,76469405.0,-5.69,2641.489990234375,870.6699829101562,16031.5400390625,38661.05078125,5104.759765625,40090.78125
287410,제이시스메디칼,328.0,1262.0,39.42,10.25,0.0,25.990491283676704,20240307,7520.0,714566.0,76469405.0,0.8,2647.6201171875,863.3699951171875,16273.3798828125,38791.3515625,5157.35986328125,39598.7109375
287410,제이시스메디칼,328.0,1262.0,39.42,10.25,0.0,25.990491283676704,20240308,7580.0,455596.0,76469405.0,0.8,2680.35009765625,873.1799926757812,16085.1103515625,38722.69140625,5123.68994140625,39688.94140625
