종목코드,종목명,EPS,BPS,PER,PBR,배당수익률,ROE,날짜,종가,거래량,상장주식수,등락률,KOSPI,KOSDAQ,NASDAQ,Dow Jones,S&P 500,Nikkei
276730,제주맥주,,312.0,,3.27,0.0,,20240304,1016.0,482179.0,58334091.0,1.09,2674.27001953125,872.969970703125,16207.509765625,38989.828125,5130.9501953125,40109.23046875
276730,제주맥주,,312.0,,3.27,0.0,,20240305,1026.0,356794.0,58334091.0,0.98,2649.39990234375,866.3699951171875,15939.58984375,38585.19140625,5078.64990234375,40097.62890625
276730,제주맥주,,312.0,,3.27,0.0,,20240306,1031.0,545299.0,58334091.0,0.49,2641.489990234375,870.6699829101562,16031.5400390625,38661.05078125,5104.759765625,40090.78125
276730,제주맥주,,312.0,,3.27,0.0,,20240307,1043.0,472181.0,58334091.0,1.16,2647.6201171875,863.3699951171875,16273.3798828125,38791.3515625,5157.35986328125,39598.7109375
276730,제주맥주,,312.0,,3.27,0.0,,20240308,1053.0,259210.0,58454091.0,0.96,2680.35009765625,873.1799926757812,16085.1103515625,38722.69140625,5123.68994140625,39688.94140625
