종목코드,종목명,EPS,BPS,PER,PBR,배당수익률,ROE,날짜,종가,거래량,상장주식수,등락률,KOSPI,KOSDAQ,NASDAQ,Dow Jones,S&P 500,Nikkei
79370,제우스,324.0,9813.0,41.57,1.37,0.74,3.301742586365026,20240304,21000.0,1951995.0,31016990.0,1.94,2674.27001953125,872.969970703125,16207.509765625,38989.828125,5130.9501953125,40109.23046875
79370,제우스,324.0,9813.0,41.57,1.37,0.74,3.301742586365026,20240305,20650.0,1100202.0,31016990.0,-1.67,2649.39990234375,866.3699951171875,15939.58984375,38585.19140625,5078.64990234375,40097.62890625
79370,제우스,324.0,9813.0,41.57,1.37,0.74,3.301742586365026,20240306,20400.0,1745549.0,31016990.0,-1.21,2641.489990234375,870.6699829101562,16031.5400390625,38661.05078125,5104.759765625,40090.78125
79370,제우스,324.0,9813.0,41.57,1.37,0.74,3.301742586365026,20240307,20250.0,1854989.0,31016990.0,-0.74,2647.6201171875,863.3699951171875,16273.3798828125,38791.3515625,5157.35986328125,39598.7109375
79370,제우스,324.0,9813.0,41.57,1.37,0.74,3.301742586365026,20240308,20500.0,1423157.0,31016990.0,1.23,2680.35009765625,873.1799926757812,16085.1103515625,38722.69140625,5123.68994140625,39688.94140625
