종목코드,종목명,EPS,BPS,PER,PBR,배당수익률,ROE,날짜,종가,거래량,상장주식수,등락률,KOSPI,KOSDAQ,NASDAQ,Dow Jones,S&P 500,Nikkei
1560,제일연마,1536.0,13916.0,5.48,0.6,3.57,11.037654498419084,20240304,8370.0,1861.0,10000000.0,-1.88,2674.27001953125,872.969970703125,16207.509765625,38989.828125,5130.9501953125,40109.23046875
1560,제일연마,1536.0,13916.0,5.48,0.6,3.57,11.037654498419084,20240305,8400.0,2633.0,10000000.0,0.36,2649.39990234375,866.3699951171875,15939.58984375,38585.19140625,5078.64990234375,40097.62890625
1560,제일연마,1536.0,13916.0,5.48,0.6,3.57,11.037654498419084,20240306,8700.0,4689.0,10000000.0,3.57,2641.489990234375,870.6699829101562,16031.5400390625,38661.05078125,5104.759765625,40090.78125
1560,제일연마,1536.0,13916.0,5.48,0.6,3.57,11.037654498419084,20240307,8690.0,4240.0,10000000.0,-0.11,2647.6201171875,863.3699951171875,16273.3798828125,38791.3515625,5157.35986328125,39598.7109375
1560,제일연마,1536.0,13916.0,5.48,0.6,3.57,11.037654498419084,20240308,8620.0,3151.0,10000000.0,-0.81,2680.35009765625,873.1799926757812,16085.1103515625,38722.69140625,5123.68994140625,39688.94140625
