종목코드,종목명,EPS,BPS,PER,PBR,배당수익률,ROE,날짜,종가,거래량,상장주식수,등락률,KOSPI,KOSDAQ,NASDAQ,Dow Jones,S&P 500,Nikkei
33050,제이엠아이,77.0,1608.0,11.29,0.54,0.0,4.788557213930348,20240304,1022.0,94488.0,32579342.0,-2.11,2674.27001953125,872.969970703125,16207.509765625,38989.828125,5130.9501953125,40109.23046875
33050,제이엠아이,77.0,1608.0,11.29,0.54,0.0,4.788557213930348,20240305,1016.0,61347.0,32579342.0,-0.59,2649.39990234375,866.3699951171875,15939.58984375,38585.19140625,5078.64990234375,40097.62890625
33050,제이엠아이,77.0,1608.0,11.29,0.54,0.0,4.788557213930348,20240306,1032.0,84562.0,32579342.0,1.57,2641.489990234375,870.6699829101562,16031.5400390625,38661.05078125,5104.759765625,40090.78125
33050,제이엠아이,77.0,1608.0,11.29,0.54,0.0,4.788557213930348,20240307,1019.0,52553.0,32579342.0,-1.26,2647.6201171875,863.3699951171875,16273.3798828125,38791.3515625,5157.35986328125,39598.7109375
33050,제이엠아이,77.0,1608.0,11.29,0.54,0.0,4.788557213930348,20240308,1041.0,54861.0,32579342.0,2.16,2680.35009765625,873.1799926757812,16085.1103515625,38722.69140625,5123.68994140625,39688.94140625
