종목코드,종목명,EPS,BPS,PER,PBR,배당수익률,ROE,날짜,종가,거래량,상장주식수,등락률,KOSPI,KOSDAQ,NASDAQ,Dow Jones,S&P 500,Nikkei
216080,제테마,783.0,4004.0,19.67,3.85,0.0,19.55544455544456,20240304,15260.0,36255.0,17858759.0,-1.68,2674.27001953125,872.969970703125,16207.509765625,38989.828125,5130.9501953125,40109.23046875
216080,제테마,783.0,4004.0,19.67,3.85,0.0,19.55544455544456,20240305,14930.0,93896.0,17858759.0,-2.16,2649.39990234375,866.3699951171875,15939.58984375,38585.19140625,5078.64990234375,40097.62890625
216080,제테마,783.0,4004.0,19.67,3.85,0.0,19.55544455544456,20240306,14730.0,57456.0,17858759.0,-1.34,2641.489990234375,870.6699829101562,16031.5400390625,38661.05078125,5104.759765625,40090.78125
216080,제테마,783.0,4004.0,19.67,3.85,0.0,19.55544455544456,20240307,14280.0,78213.0,17858759.0,-3.05,2647.6201171875,863.3699951171875,16273.3798828125,38791.3515625,5157.35986328125,39598.7109375
216080,제테마,783.0,4004.0,19.67,3.85,0.0,19.55544455544456,20240308,14470.0,58526.0,17858759.0,1.33,2680.35009765625,873.1799926757812,16085.1103515625,38722.69140625,5123.68994140625,39688.94140625
