종목코드,종목명,EPS,BPS,PER,PBR,배당수익률,ROE,날짜,종가,거래량,상장주식수,등락률,KOSPI,KOSDAQ,NASDAQ,Dow Jones,S&P 500,Nikkei
185750,종근당,15941.0,64233.0,7.11,1.77,0.97,24.817461429483288,20240304,107000.0,47804.0,13174420.0,-1.11,2674.27001953125,872.969970703125,16207.509765625,38989.828125,5130.9501953125,40109.23046875
185750,종근당,15941.0,64233.0,7.11,1.77,0.97,24.817461429483288,20240305,107500.0,43807.0,13174420.0,0.47,2649.39990234375,866.3699951171875,15939.58984375,38585.19140625,5078.64990234375,40097.62890625
185750,종근당,15941.0,64233.0,7.11,1.77,0.97,24.817461429483288,20240306,107100.0,26560.0,13174420.0,-0.37,2641.489990234375,870.6699829101562,16031.5400390625,38661.05078125,5104.759765625,40090.78125
185750,종근당,15941.0,64233.0,7.11,1.77,0.97,24.817461429483288,20240307,104400.0,46731.0,13174420.0,-2.52,2647.6201171875,863.3699951171875,16273.3798828125,38791.3515625,5157.35986328125,39598.7109375
185750,종근당,15941.0,64233.0,7.11,1.77,0.97,24.817461429483288,20240308,110900.0,74526.0,13174420.0,6.23,2680.35009765625,873.1799926757812,16085.1103515625,38722.69140625,5123.68994140625,39688.94140625
