종목코드,종목명,EPS,BPS,PER,PBR,배당수익률,ROE,날짜,종가,거래량,상장주식수,등락률,KOSPI,KOSDAQ,NASDAQ,Dow Jones,S&P 500,Nikkei
13890,지누스,263.0,31019.0,56.01,0.47,0.61,0.8478674360875592,20240304,14150.0,166852.0,20735204.0,-4.91,2674.27001953125,872.969970703125,16207.509765625,38989.828125,5130.9501953125,40109.23046875
13890,지누스,263.0,31019.0,56.01,0.47,0.61,0.8478674360875592,20240305,14150.0,114870.0,20735204.0,0.0,2649.39990234375,866.3699951171875,15939.58984375,38585.19140625,5078.64990234375,40097.62890625
13890,지누스,263.0,31019.0,56.01,0.47,0.61,0.8478674360875592,20240306,13990.0,82922.0,20735204.0,-1.13,2641.489990234375,870.6699829101562,16031.5400390625,38661.05078125,5104.759765625,40090.78125
13890,지누스,263.0,31019.0,56.01,0.47,0.61,0.8478674360875592,20240307,13770.0,72654.0,20735204.0,-1.57,2647.6201171875,863.3699951171875,16273.3798828125,38791.3515625,5157.35986328125,39598.7109375
13890,지누스,263.0,31019.0,56.01,0.47,0.61,0.8478674360875592,20240308,14040.0,94017.0,20735204.0,1.96,2680.35009765625,873.1799926757812,16085.1103515625,38722.69140625,5123.68994140625,39688.94140625
