종목코드,종목명,EPS,BPS,PER,PBR,배당수익률,ROE,날짜,종가,거래량,상장주식수,등락률,KOSPI,KOSDAQ,NASDAQ,Dow Jones,S&P 500,Nikkei
263860,지니언스,715.0,5855.0,15.64,1.91,1.79,12.211784799316822,20240304,12600.0,100786.0,9444600.0,-1.33,2674.27001953125,872.969970703125,16207.509765625,38989.828125,5130.9501953125,40109.23046875
263860,지니언스,715.0,5855.0,15.64,1.91,1.79,12.211784799316822,20240305,12500.0,16905.0,9444600.0,-0.79,2649.39990234375,866.3699951171875,15939.58984375,38585.19140625,5078.64990234375,40097.62890625
263860,지니언스,715.0,5855.0,15.64,1.91,1.79,12.211784799316822,20240306,12190.0,48832.0,9444600.0,-2.48,2641.489990234375,870.6699829101562,16031.5400390625,38661.05078125,5104.759765625,40090.78125
263860,지니언스,715.0,5855.0,15.64,1.91,1.79,12.211784799316822,20240307,12300.0,62033.0,9444600.0,0.9,2647.6201171875,863.3699951171875,16273.3798828125,38791.3515625,5157.35986328125,39598.7109375
263860,지니언스,715.0,5855.0,15.64,1.91,1.79,12.211784799316822,20240308,12480.0,16452.0,9444600.0,1.46,2680.35009765625,873.1799926757812,16085.1103515625,38722.69140625,5123.68994140625,39688.94140625
