종목코드,종목명,EPS,BPS,PER,PBR,배당수익률,ROE,날짜,종가,거래량,상장주식수,등락률,KOSPI,KOSDAQ,NASDAQ,Dow Jones,S&P 500,Nikkei
13870,지엠비코리아,604.0,13635.0,6.85,0.3,3.62,4.42977631096443,20240304,4395.0,16362.0,19072280.0,-0.68,2674.27001953125,872.969970703125,16207.509765625,38989.828125,5130.9501953125,40109.23046875
13870,지엠비코리아,604.0,13635.0,6.85,0.3,3.62,4.42977631096443,20240305,4290.0,24517.0,19072280.0,-2.39,2649.39990234375,866.3699951171875,15939.58984375,38585.19140625,5078.64990234375,40097.62890625
13870,지엠비코리아,604.0,13635.0,6.85,0.3,3.62,4.42977631096443,20240306,4230.0,16753.0,19072280.0,-1.4,2641.489990234375,870.6699829101562,16031.5400390625,38661.05078125,5104.759765625,40090.78125
13870,지엠비코리아,604.0,13635.0,6.85,0.3,3.62,4.42977631096443,20240307,4420.0,990425.0,19072280.0,4.49,2647.6201171875,863.3699951171875,16273.3798828125,38791.3515625,5157.35986328125,39598.7109375
13870,지엠비코리아,604.0,13635.0,6.85,0.3,3.62,4.42977631096443,20240308,4340.0,89857.0,19072280.0,-1.81,2680.35009765625,873.1799926757812,16085.1103515625,38722.69140625,5123.68994140625,39688.94140625
