종목코드,종목명,EPS,BPS,PER,PBR,배당수익률,ROE,날짜,종가,거래량,상장주식수,등락률,KOSPI,KOSDAQ,NASDAQ,Dow Jones,S&P 500,Nikkei
382800,지앤비에스 에코,588.0,3047.0,6.71,1.29,0.0,19.297669839186085,20240304,5870.0,249372.0,30104012.0,1.03,2674.27001953125,872.969970703125,16207.509765625,38989.828125,5130.9501953125,40109.23046875
382800,지앤비에스 에코,588.0,3047.0,6.71,1.29,0.0,19.297669839186085,20240305,5680.0,203031.0,30104012.0,-3.24,2649.39990234375,866.3699951171875,15939.58984375,38585.19140625,5078.64990234375,40097.62890625
382800,지앤비에스 에코,588.0,3047.0,6.71,1.29,0.0,19.297669839186085,20240306,5480.0,335065.0,30104012.0,-3.52,2641.489990234375,870.6699829101562,16031.5400390625,38661.05078125,5104.759765625,40090.78125
382800,지앤비에스 에코,588.0,3047.0,6.71,1.29,0.0,19.297669839186085,20240307,5330.0,458399.0,30104012.0,-2.74,2647.6201171875,863.3699951171875,16273.3798828125,38791.3515625,5157.35986328125,39598.7109375
382800,지앤비에스 에코,588.0,3047.0,6.71,1.29,0.0,19.297669839186085,20240308,5580.0,332290.0,30104012.0,4.69,2680.35009765625,873.1799926757812,16085.1103515625,38722.69140625,5123.68994140625,39688.94140625
