종목코드,종목명,EPS,BPS,PER,PBR,배당수익률,ROE,날짜,종가,거래량,상장주식수,등락률,KOSPI,KOSDAQ,NASDAQ,Dow Jones,S&P 500,Nikkei
311320,지오엘리먼트,177.0,3995.0,52.15,2.31,0.0,4.430538172715895,20240304,13390.0,187784.0,12614560.0,-0.81,2674.27001953125,872.969970703125,16207.509765625,38989.828125,5130.9501953125,40109.23046875
311320,지오엘리먼트,177.0,3995.0,52.15,2.31,0.0,4.430538172715895,20240305,13280.0,88547.0,12614560.0,-0.82,2649.39990234375,866.3699951171875,15939.58984375,38585.19140625,5078.64990234375,40097.62890625
311320,지오엘리먼트,177.0,3995.0,52.15,2.31,0.0,4.430538172715895,20240306,13070.0,98191.0,12614560.0,-1.58,2641.489990234375,870.6699829101562,16031.5400390625,38661.05078125,5104.759765625,40090.78125
311320,지오엘리먼트,177.0,3995.0,52.15,2.31,0.0,4.430538172715895,20240307,13050.0,137851.0,12614560.0,-0.15,2647.6201171875,863.3699951171875,16273.3798828125,38791.3515625,5157.35986328125,39598.7109375
311320,지오엘리먼트,177.0,3995.0,52.15,2.31,0.0,4.430538172715895,20240308,13450.0,137938.0,12614560.0,3.07,2680.35009765625,873.1799926757812,16085.1103515625,38722.69140625,5123.68994140625,39688.94140625
