종목코드,종목명,EPS,BPS,PER,PBR,배당수익률,ROE,날짜,종가,거래량,상장주식수,등락률,KOSPI,KOSDAQ,NASDAQ,Dow Jones,S&P 500,Nikkei
86060,진바이오텍,301.0,5610.0,12.96,0.7,0.0,5.36541889483066,20240304,4145.0,47164.0,8610587.0,-0.24,2674.27001953125,872.969970703125,16207.509765625,38989.828125,5130.9501953125,40109.23046875
86060,진바이오텍,301.0,5610.0,12.96,0.7,0.0,5.36541889483066,20240305,4125.0,35306.0,8610587.0,-0.48,2649.39990234375,866.3699951171875,15939.58984375,38585.19140625,5078.64990234375,40097.62890625
86060,진바이오텍,301.0,5610.0,12.96,0.7,0.0,5.36541889483066,20240306,4095.0,33036.0,8610587.0,-0.73,2641.489990234375,870.6699829101562,16031.5400390625,38661.05078125,5104.759765625,40090.78125
86060,진바이오텍,301.0,5610.0,12.96,0.7,0.0,5.36541889483066,20240307,4100.0,19922.0,8610587.0,0.12,2647.6201171875,863.3699951171875,16273.3798828125,38791.3515625,5157.35986328125,39598.7109375
86060,진바이오텍,301.0,5610.0,12.96,0.7,0.0,5.36541889483066,20240308,4110.0,24291.0,8610587.0,0.24,2680.35009765625,873.1799926757812,16085.1103515625,38722.69140625,5123.68994140625,39688.94140625
