종목코드,종목명,EPS,BPS,PER,PBR,배당수익률,ROE,날짜,종가,거래량,상장주식수,등락률,KOSPI,KOSDAQ,NASDAQ,Dow Jones,S&P 500,Nikkei
3780,진양산업,654.0,4385.0,9.74,1.45,3.92,14.91448118586089,20240304,6120.0,64390.0,13000000.0,-1.77,2674.27001953125,872.969970703125,16207.509765625,38989.828125,5130.9501953125,40109.23046875
3780,진양산업,654.0,4385.0,9.74,1.45,3.92,14.91448118586089,20240305,6030.0,80961.0,13000000.0,-1.47,2649.39990234375,866.3699951171875,15939.58984375,38585.19140625,5078.64990234375,40097.62890625
3780,진양산업,654.0,4385.0,9.74,1.45,3.92,14.91448118586089,20240306,6070.0,22201.0,13000000.0,0.66,2641.489990234375,870.6699829101562,16031.5400390625,38661.05078125,5104.759765625,40090.78125
3780,진양산업,654.0,4385.0,9.74,1.45,3.92,14.91448118586089,20240307,6070.0,33265.0,13000000.0,0.0,2647.6201171875,863.3699951171875,16273.3798828125,38791.3515625,5157.35986328125,39598.7109375
3780,진양산업,654.0,4385.0,9.74,1.45,3.92,14.91448118586089,20240308,6080.0,23766.0,13000000.0,0.16,2680.35009765625,873.1799926757812,16085.1103515625,38722.69140625,5123.68994140625,39688.94140625
