종목코드,종목명,EPS,BPS,PER,PBR,배당수익률,ROE,날짜,종가,거래량,상장주식수,등락률,KOSPI,KOSDAQ,NASDAQ,Dow Jones,S&P 500,Nikkei
94850,참좋은여행,542.0,6319.0,10.52,0.9,0.0,8.57730653584428,20240304,7300.0,54633.0,14000000.0,-1.35,2674.27001953125,872.969970703125,16207.509765625,38989.828125,5130.9501953125,40109.23046875
94850,참좋은여행,542.0,6319.0,10.52,0.9,0.0,8.57730653584428,20240305,7260.0,45584.0,14000000.0,-0.55,2649.39990234375,866.3699951171875,15939.58984375,38585.19140625,5078.64990234375,40097.62890625
94850,참좋은여행,542.0,6319.0,10.52,0.9,0.0,8.57730653584428,20240306,7130.0,37859.0,14000000.0,-1.79,2641.489990234375,870.6699829101562,16031.5400390625,38661.05078125,5104.759765625,40090.78125
94850,참좋은여행,542.0,6319.0,10.52,0.9,0.0,8.57730653584428,20240307,7060.0,27841.0,14000000.0,-0.98,2647.6201171875,863.3699951171875,16273.3798828125,38791.3515625,5157.35986328125,39598.7109375
94850,참좋은여행,542.0,6319.0,10.52,0.9,0.0,8.57730653584428,20240308,7090.0,28286.0,14000000.0,0.42,2680.35009765625,873.1799926757812,16085.1103515625,38722.69140625,5123.68994140625,39688.94140625
