종목코드,종목명,EPS,BPS,PER,PBR,배당수익률,ROE,날짜,종가,거래량,상장주식수,등락률,KOSPI,KOSDAQ,NASDAQ,Dow Jones,S&P 500,Nikkei
33250,체시스,103.0,1039.0,12.78,1.27,0.0,9.913378248315688,20240304,1721.0,1169542.0,32000000.0,4.3,2674.27001953125,872.969970703125,16207.509765625,38989.828125,5130.9501953125,40109.23046875
33250,체시스,103.0,1039.0,12.78,1.27,0.0,9.913378248315688,20240305,1690.0,776519.0,32000000.0,-1.8,2649.39990234375,866.3699951171875,15939.58984375,38585.19140625,5078.64990234375,40097.62890625
33250,체시스,103.0,1039.0,12.78,1.27,0.0,9.913378248315688,20240306,1676.0,603554.0,32000000.0,-0.83,2641.489990234375,870.6699829101562,16031.5400390625,38661.05078125,5104.759765625,40090.78125
33250,체시스,103.0,1039.0,12.78,1.27,0.0,9.913378248315688,20240307,1606.0,650994.0,32000000.0,-4.18,2647.6201171875,863.3699951171875,16273.3798828125,38791.3515625,5157.35986328125,39598.7109375
33250,체시스,103.0,1039.0,12.78,1.27,0.0,9.913378248315688,20240308,1582.0,452038.0,32000000.0,-1.49,2680.35009765625,873.1799926757812,16085.1103515625,38722.69140625,5123.68994140625,39688.94140625
