종목코드,종목명,EPS,BPS,PER,PBR,배당수익률,ROE,날짜,종가,거래량,상장주식수,등락률,KOSPI,KOSDAQ,NASDAQ,Dow Jones,S&P 500,Nikkei
119860,커넥트웨이브,42.0,14407.0,428.57,1.25,0.0,0.2915249531477754,20240304,13580.0,46152.0,46747183.0,-0.59,2674.27001953125,872.969970703125,16207.509765625,38989.828125,5130.9501953125,40109.23046875
119860,커넥트웨이브,42.0,14407.0,428.57,1.25,0.0,0.2915249531477754,20240305,13710.0,57347.0,46747183.0,0.96,2649.39990234375,866.3699951171875,15939.58984375,38585.19140625,5078.64990234375,40097.62890625
119860,커넥트웨이브,42.0,14407.0,428.57,1.25,0.0,0.2915249531477754,20240306,13680.0,51014.0,46747183.0,-0.22,2641.489990234375,870.6699829101562,16031.5400390625,38661.05078125,5104.759765625,40090.78125
119860,커넥트웨이브,42.0,14407.0,428.57,1.25,0.0,0.2915249531477754,20240307,13390.0,115690.0,46747183.0,-2.12,2647.6201171875,863.3699951171875,16273.3798828125,38791.3515625,5157.35986328125,39598.7109375
119860,커넥트웨이브,42.0,14407.0,428.57,1.25,0.0,0.2915249531477754,20240308,12950.0,98467.0,46747183.0,-3.29,2680.35009765625,873.1799926757812,16085.1103515625,38722.69140625,5123.68994140625,39688.94140625
