종목코드,종목명,EPS,BPS,PER,PBR,배당수익률,ROE,날짜,종가,거래량,상장주식수,등락률,KOSPI,KOSDAQ,NASDAQ,Dow Jones,S&P 500,Nikkei
29460,케이씨,3907.0,63264.0,5.06,0.31,1.31,6.175708143651998,20240304,22200.0,86863.0,13554044.0,1.6,2674.27001953125,872.969970703125,16207.509765625,38989.828125,5130.9501953125,40109.23046875
29460,케이씨,3907.0,63264.0,5.06,0.31,1.31,6.175708143651998,20240305,21500.0,45054.0,13554044.0,-3.15,2649.39990234375,866.3699951171875,15939.58984375,38585.19140625,5078.64990234375,40097.62890625
29460,케이씨,3907.0,63264.0,5.06,0.31,1.31,6.175708143651998,20240306,22000.0,57221.0,13554044.0,2.33,2641.489990234375,870.6699829101562,16031.5400390625,38661.05078125,5104.759765625,40090.78125
29460,케이씨,3907.0,63264.0,5.06,0.31,1.31,6.175708143651998,20240307,21700.0,50792.0,13554044.0,-1.36,2647.6201171875,863.3699951171875,16273.3798828125,38791.3515625,5157.35986328125,39598.7109375
29460,케이씨,3907.0,63264.0,5.06,0.31,1.31,6.175708143651998,20240308,22200.0,64552.0,13554044.0,2.3,2680.35009765625,873.1799926757812,16085.1103515625,38722.69140625,5123.68994140625,39688.94140625
