종목코드,종목명,EPS,BPS,PER,PBR,배당수익률,ROE,날짜,종가,거래량,상장주식수,등락률,KOSPI,KOSDAQ,NASDAQ,Dow Jones,S&P 500,Nikkei
39420,케이엘넷,345.0,2502.0,7.61,1.05,3.05,13.788968824940047,20240304,2780.0,46569.0,24154730.0,0.36,2674.27001953125,872.969970703125,16207.509765625,38989.828125,5130.9501953125,40109.23046875
39420,케이엘넷,345.0,2502.0,7.61,1.05,3.05,13.788968824940047,20240305,2745.0,45863.0,24154730.0,-1.26,2649.39990234375,866.3699951171875,15939.58984375,38585.19140625,5078.64990234375,40097.62890625
39420,케이엘넷,345.0,2502.0,7.61,1.05,3.05,13.788968824940047,20240306,2770.0,60314.0,24154730.0,0.91,2641.489990234375,870.6699829101562,16031.5400390625,38661.05078125,5104.759765625,40090.78125
39420,케이엘넷,345.0,2502.0,7.61,1.05,3.05,13.788968824940047,20240307,2730.0,90647.0,24154730.0,-1.44,2647.6201171875,863.3699951171875,16273.3798828125,38791.3515625,5157.35986328125,39598.7109375
39420,케이엘넷,345.0,2502.0,7.61,1.05,3.05,13.788968824940047,20240308,2745.0,46030.0,24154730.0,0.55,2680.35009765625,873.1799926757812,16085.1103515625,38722.69140625,5123.68994140625,39688.94140625
