종목코드,종목명,EPS,BPS,PER,PBR,배당수익률,ROE,날짜,종가,거래량,상장주식수,등락률,KOSPI,KOSDAQ,NASDAQ,Dow Jones,S&P 500,Nikkei
432470,케이엔에스,502.0,5674.0,34.04,3.01,0.0,8.84737398660557,20240304,36350.0,31361.0,4299778.0,2.97,2674.27001953125,872.969970703125,16207.509765625,38989.828125,5130.9501953125,40109.23046875
432470,케이엔에스,502.0,5674.0,34.04,3.01,0.0,8.84737398660557,20240305,35100.0,24808.0,4299778.0,-3.44,2649.39990234375,866.3699951171875,15939.58984375,38585.19140625,5078.64990234375,40097.62890625
432470,케이엔에스,502.0,5674.0,34.04,3.01,0.0,8.84737398660557,20240306,33100.0,81677.0,4299778.0,-5.7,2641.489990234375,870.6699829101562,16031.5400390625,38661.05078125,5104.759765625,40090.78125
432470,케이엔에스,502.0,5674.0,34.04,3.01,0.0,8.84737398660557,20240307,37400.0,765559.0,4299778.0,12.99,2647.6201171875,863.3699951171875,16273.3798828125,38791.3515625,5157.35986328125,39598.7109375
432470,케이엔에스,502.0,5674.0,34.04,3.01,0.0,8.84737398660557,20240308,35950.0,140956.0,4299778.0,-3.88,2680.35009765625,873.1799926757812,16085.1103515625,38722.69140625,5123.68994140625,39688.94140625
