종목코드,종목명,EPS,BPS,PER,PBR,배당수익률,ROE,날짜,종가,거래량,상장주식수,등락률,KOSPI,KOSDAQ,NASDAQ,Dow Jones,S&P 500,Nikkei
93320,케이아이엔엑스,5104.0,34638.0,14.91,2.2,0.79,14.73526185114614,20240304,90700.0,44172.0,4880000.0,-1.63,2674.27001953125,872.969970703125,16207.509765625,38989.828125,5130.9501953125,40109.23046875
93320,케이아이엔엑스,5104.0,34638.0,14.91,2.2,0.79,14.73526185114614,20240305,90000.0,52844.0,4880000.0,-0.77,2649.39990234375,866.3699951171875,15939.58984375,38585.19140625,5078.64990234375,40097.62890625
93320,케이아이엔엑스,5104.0,34638.0,14.91,2.2,0.79,14.73526185114614,20240306,88300.0,51369.0,4880000.0,-1.89,2641.489990234375,870.6699829101562,16031.5400390625,38661.05078125,5104.759765625,40090.78125
93320,케이아이엔엑스,5104.0,34638.0,14.91,2.2,0.79,14.73526185114614,20240307,87000.0,31396.0,4880000.0,-1.47,2647.6201171875,863.3699951171875,16273.3798828125,38791.3515625,5157.35986328125,39598.7109375
93320,케이아이엔엑스,5104.0,34638.0,14.91,2.2,0.79,14.73526185114614,20240308,86800.0,22960.0,4880000.0,-0.23,2680.35009765625,873.1799926757812,16085.1103515625,38722.69140625,5123.68994140625,39688.94140625
