종목코드,종목명,EPS,BPS,PER,PBR,배당수익률,ROE,날짜,종가,거래량,상장주식수,등락률,KOSPI,KOSDAQ,NASDAQ,Dow Jones,S&P 500,Nikkei
104540,코렌텍,321.0,5514.0,23.61,1.37,0.0,5.821545157780196,20240304,11150.0,44543.0,12757370.0,-1.24,2674.27001953125,872.969970703125,16207.509765625,38989.828125,5130.9501953125,40109.23046875
104540,코렌텍,321.0,5514.0,23.61,1.37,0.0,5.821545157780196,20240305,10900.0,53258.0,12757370.0,-2.24,2649.39990234375,866.3699951171875,15939.58984375,38585.19140625,5078.64990234375,40097.62890625
104540,코렌텍,321.0,5514.0,23.61,1.37,0.0,5.821545157780196,20240306,11030.0,21475.0,12757370.0,1.19,2641.489990234375,870.6699829101562,16031.5400390625,38661.05078125,5104.759765625,40090.78125
104540,코렌텍,321.0,5514.0,23.61,1.37,0.0,5.821545157780196,20240307,10900.0,22526.0,12757370.0,-1.18,2647.6201171875,863.3699951171875,16273.3798828125,38791.3515625,5157.35986328125,39598.7109375
104540,코렌텍,321.0,5514.0,23.61,1.37,0.0,5.821545157780196,20240308,10890.0,15711.0,12757370.0,-0.09,2680.35009765625,873.1799926757812,16085.1103515625,38722.69140625,5123.68994140625,39688.94140625
