종목코드,종목명,EPS,BPS,PER,PBR,배당수익률,ROE,날짜,종가,거래량,상장주식수,등락률,KOSPI,KOSDAQ,NASDAQ,Dow Jones,S&P 500,Nikkei
52400,코나아이,2206.0,13072.0,6.7,1.13,3.38,16.87576499388005,20240304,17630.0,65134.0,14999999.0,1.67,2674.27001953125,872.969970703125,16207.509765625,38989.828125,5130.9501953125,40109.23046875
52400,코나아이,2206.0,13072.0,6.7,1.13,3.38,16.87576499388005,20240305,17450.0,31071.0,14999999.0,-1.02,2649.39990234375,866.3699951171875,15939.58984375,38585.19140625,5078.64990234375,40097.62890625
52400,코나아이,2206.0,13072.0,6.7,1.13,3.38,16.87576499388005,20240306,17730.0,21266.0,14999999.0,1.6,2641.489990234375,870.6699829101562,16031.5400390625,38661.05078125,5104.759765625,40090.78125
52400,코나아이,2206.0,13072.0,6.7,1.13,3.38,16.87576499388005,20240307,17300.0,32360.0,14899999.0,-2.43,2647.6201171875,863.3699951171875,16273.3798828125,38791.3515625,5157.35986328125,39598.7109375
52400,코나아이,2206.0,13072.0,6.7,1.13,3.38,16.87576499388005,20240308,17410.0,32884.0,14899999.0,0.64,2680.35009765625,873.1799926757812,16085.1103515625,38722.69140625,5123.68994140625,39688.94140625
