종목코드,종목명,EPS,BPS,PER,PBR,배당수익률,ROE,날짜,종가,거래량,상장주식수,등락률,KOSPI,KOSDAQ,NASDAQ,Dow Jones,S&P 500,Nikkei
2020,코오롱,621.0,78295.0,25.44,0.2,3.48,0.793154096685612,20240304,17020.0,17693.0,12626426.0,-0.76,2674.27001953125,872.969970703125,16207.509765625,38989.828125,5130.9501953125,40109.23046875
2020,코오롱,621.0,78295.0,25.44,0.2,3.48,0.793154096685612,20240305,16990.0,17092.0,12626426.0,-0.18,2649.39990234375,866.3699951171875,15939.58984375,38585.19140625,5078.64990234375,40097.62890625
2020,코오롱,621.0,78295.0,25.44,0.2,3.48,0.793154096685612,20240306,16990.0,13774.0,12626426.0,0.0,2641.489990234375,870.6699829101562,16031.5400390625,38661.05078125,5104.759765625,40090.78125
2020,코오롱,621.0,78295.0,25.44,0.2,3.48,0.793154096685612,20240307,16610.0,37127.0,12626426.0,-2.24,2647.6201171875,863.3699951171875,16273.3798828125,38791.3515625,5157.35986328125,39598.7109375
2020,코오롱,621.0,78295.0,25.44,0.2,3.48,0.793154096685612,20240308,16590.0,14221.0,12626426.0,-0.12,2680.35009765625,873.1799926757812,16085.1103515625,38722.69140625,5123.68994140625,39688.94140625
