종목코드,종목명,EPS,BPS,PER,PBR,배당수익률,ROE,날짜,종가,거래량,상장주식수,등락률,KOSPI,KOSDAQ,NASDAQ,Dow Jones,S&P 500,Nikkei
21240,코웨이,6495.0,36380.0,9.36,1.67,2.22,17.85321605277625,20240304,52900.0,251966.0,73799619.0,-2.4,2674.27001953125,872.969970703125,16207.509765625,38989.828125,5130.9501953125,40109.23046875
21240,코웨이,6495.0,36380.0,9.36,1.67,2.22,17.85321605277625,20240305,51600.0,155530.0,73799619.0,-2.46,2649.39990234375,866.3699951171875,15939.58984375,38585.19140625,5078.64990234375,40097.62890625
21240,코웨이,6495.0,36380.0,9.36,1.67,2.22,17.85321605277625,20240306,51400.0,142411.0,73799619.0,-0.39,2641.489990234375,870.6699829101562,16031.5400390625,38661.05078125,5104.759765625,40090.78125
21240,코웨이,6495.0,36380.0,9.36,1.67,2.22,17.85321605277625,20240307,52000.0,113637.0,73799619.0,1.17,2647.6201171875,863.3699951171875,16273.3798828125,38791.3515625,5157.35986328125,39598.7109375
21240,코웨이,6495.0,36380.0,9.36,1.67,2.22,17.85321605277625,20240308,54700.0,198829.0,73799619.0,5.19,2680.35009765625,873.1799926757812,16085.1103515625,38722.69140625,5123.68994140625,39688.94140625
