종목코드,종목명,EPS,BPS,PER,PBR,배당수익률,ROE,날짜,종가,거래량,상장주식수,등락률,KOSPI,KOSDAQ,NASDAQ,Dow Jones,S&P 500,Nikkei
3070,코오롱글로벌,13.0,28530.0,784.62,0.36,3.92,0.0455660708026638,20240304,9300.0,46900.0,18932713.0,-3.43,2674.27001953125,872.969970703125,16207.509765625,38989.828125,5130.9501953125,40109.23046875
3070,코오롱글로벌,13.0,28530.0,784.62,0.36,3.92,0.0455660708026638,20240305,9260.0,39854.0,18932713.0,-0.43,2649.39990234375,866.3699951171875,15939.58984375,38585.19140625,5078.64990234375,40097.62890625
3070,코오롱글로벌,13.0,28530.0,784.62,0.36,3.92,0.0455660708026638,20240306,9190.0,25715.0,18932713.0,-0.76,2641.489990234375,870.6699829101562,16031.5400390625,38661.05078125,5104.759765625,40090.78125
3070,코오롱글로벌,13.0,28530.0,784.62,0.36,3.92,0.0455660708026638,20240307,9180.0,16587.0,18932713.0,-0.11,2647.6201171875,863.3699951171875,16273.3798828125,38791.3515625,5157.35986328125,39598.7109375
3070,코오롱글로벌,13.0,28530.0,784.62,0.36,3.92,0.0455660708026638,20240308,9140.0,22576.0,18932713.0,-0.44,2680.35009765625,873.1799926757812,16085.1103515625,38722.69140625,5123.68994140625,39688.94140625
