종목코드,종목명,EPS,BPS,PER,PBR,배당수익률,ROE,날짜,종가,거래량,상장주식수,등락률,KOSPI,KOSDAQ,NASDAQ,Dow Jones,S&P 500,Nikkei
448710,코츠테크놀로지,1906.0,8403.0,11.88,2.7,0.0,22.682375342139714,20240304,16520.0,58732.0,5081792.0,-0.78,2674.27001953125,872.969970703125,16207.509765625,38989.828125,5130.9501953125,40109.23046875
448710,코츠테크놀로지,1906.0,8403.0,11.88,2.7,0.0,22.682375342139714,20240305,17700.0,183217.0,5081792.0,7.14,2649.39990234375,866.3699951171875,15939.58984375,38585.19140625,5078.64990234375,40097.62890625
448710,코츠테크놀로지,1906.0,8403.0,11.88,2.7,0.0,22.682375342139714,20240306,19000.0,688696.0,5081792.0,7.34,2641.489990234375,870.6699829101562,16031.5400390625,38661.05078125,5104.759765625,40090.78125
448710,코츠테크놀로지,1906.0,8403.0,11.88,2.7,0.0,22.682375342139714,20240307,19150.0,338463.0,5081792.0,0.79,2647.6201171875,863.3699951171875,16273.3798828125,38791.3515625,5157.35986328125,39598.7109375
448710,코츠테크놀로지,1906.0,8403.0,11.88,2.7,0.0,22.682375342139714,20240308,19300.0,303047.0,5081792.0,0.78,2680.35009765625,873.1799926757812,16085.1103515625,38722.69140625,5123.68994140625,39688.94140625
