종목코드,종목명,EPS,BPS,PER,PBR,배당수익률,ROE,날짜,종가,거래량,상장주식수,등락률,KOSPI,KOSDAQ,NASDAQ,Dow Jones,S&P 500,Nikkei
5070,코스모신소재,861.0,14732.0,151.22,8.84,0.0,5.844420309530275,20240304,174700.0,190185.0,32510756.0,-1.36,2674.27001953125,872.969970703125,16207.509765625,38989.828125,5130.9501953125,40109.23046875
5070,코스모신소재,861.0,14732.0,151.22,8.84,0.0,5.844420309530275,20240305,170600.0,196843.0,32510756.0,-2.35,2649.39990234375,866.3699951171875,15939.58984375,38585.19140625,5078.64990234375,40097.62890625
5070,코스모신소재,861.0,14732.0,151.22,8.84,0.0,5.844420309530275,20240306,168400.0,159620.0,32510756.0,-1.29,2641.489990234375,870.6699829101562,16031.5400390625,38661.05078125,5104.759765625,40090.78125
5070,코스모신소재,861.0,14732.0,151.22,8.84,0.0,5.844420309530275,20240307,171800.0,128849.0,32510756.0,2.02,2647.6201171875,863.3699951171875,16273.3798828125,38791.3515625,5157.35986328125,39598.7109375
5070,코스모신소재,861.0,14732.0,151.22,8.84,0.0,5.844420309530275,20240308,166900.0,251888.0,32510756.0,-2.85,2680.35009765625,873.1799926757812,16085.1103515625,38722.69140625,5123.68994140625,39688.94140625
