종목코드,종목명,EPS,BPS,PER,PBR,배당수익률,ROE,날짜,종가,거래량,상장주식수,등락률,KOSPI,KOSDAQ,NASDAQ,Dow Jones,S&P 500,Nikkei
322780,코퍼스코리아,90.0,1540.0,13.56,0.79,0.82,5.844155844155844,20240304,1899.0,35069.0,37932613.0,0.0,2674.27001953125,872.969970703125,16207.509765625,38989.828125,5130.9501953125,40109.23046875
322780,코퍼스코리아,90.0,1540.0,13.56,0.79,0.82,5.844155844155844,20240305,1886.0,119417.0,37932613.0,-0.68,2649.39990234375,866.3699951171875,15939.58984375,38585.19140625,5078.64990234375,40097.62890625
322780,코퍼스코리아,90.0,1540.0,13.56,0.79,0.82,5.844155844155844,20240306,1880.0,91477.0,37932613.0,-0.32,2641.489990234375,870.6699829101562,16031.5400390625,38661.05078125,5104.759765625,40090.78125
322780,코퍼스코리아,90.0,1540.0,13.56,0.79,0.82,5.844155844155844,20240307,1857.0,68478.0,37932613.0,-1.22,2647.6201171875,863.3699951171875,16273.3798828125,38791.3515625,5157.35986328125,39598.7109375
322780,코퍼스코리아,90.0,1540.0,13.56,0.79,0.82,5.844155844155844,20240308,1859.0,97776.0,37932613.0,0.11,2680.35009765625,873.1799926757812,16085.1103515625,38722.69140625,5123.68994140625,39688.94140625
