종목코드,종목명,EPS,BPS,PER,PBR,배당수익률,ROE,날짜,종가,거래량,상장주식수,등락률,KOSPI,KOSDAQ,NASDAQ,Dow Jones,S&P 500,Nikkei
200130,콜마비앤에이치,674.0,13693.0,25.22,1.24,1.81,4.922223033666837,20240304,15210.0,68247.0,29415558.0,-1.49,2674.27001953125,872.969970703125,16207.509765625,38989.828125,5130.9501953125,40109.23046875
200130,콜마비앤에이치,674.0,13693.0,25.22,1.24,1.81,4.922223033666837,20240305,15030.0,62244.0,29415558.0,-1.18,2649.39990234375,866.3699951171875,15939.58984375,38585.19140625,5078.64990234375,40097.62890625
200130,콜마비앤에이치,674.0,13693.0,25.22,1.24,1.81,4.922223033666837,20240306,14400.0,186858.0,29415558.0,-4.19,2641.489990234375,870.6699829101562,16031.5400390625,38661.05078125,5104.759765625,40090.78125
200130,콜마비앤에이치,674.0,13693.0,25.22,1.24,1.81,4.922223033666837,20240307,14320.0,66584.0,29415558.0,-0.56,2647.6201171875,863.3699951171875,16273.3798828125,38791.3515625,5157.35986328125,39598.7109375
200130,콜마비앤에이치,674.0,13693.0,25.22,1.24,1.81,4.922223033666837,20240308,14610.0,72034.0,29415558.0,2.03,2680.35009765625,873.1799926757812,16085.1103515625,38722.69140625,5123.68994140625,39688.94140625
