종목코드,종목명,EPS,BPS,PER,PBR,배당수익률,ROE,날짜,종가,거래량,상장주식수,등락률,KOSPI,KOSDAQ,NASDAQ,Dow Jones,S&P 500,Nikkei
284740,쿠쿠홈시스,4994.0,35985.0,4.41,0.61,3.64,13.878004724190635,20240304,20100.0,37681.0,22437330.0,0.25,2674.27001953125,872.969970703125,16207.509765625,38989.828125,5130.9501953125,40109.23046875
284740,쿠쿠홈시스,4994.0,35985.0,4.41,0.61,3.64,13.878004724190635,20240305,19820.0,34625.0,22437330.0,-1.39,2649.39990234375,866.3699951171875,15939.58984375,38585.19140625,5078.64990234375,40097.62890625
284740,쿠쿠홈시스,4994.0,35985.0,4.41,0.61,3.64,13.878004724190635,20240306,19940.0,15722.0,22437330.0,0.61,2641.489990234375,870.6699829101562,16031.5400390625,38661.05078125,5104.759765625,40090.78125
284740,쿠쿠홈시스,4994.0,35985.0,4.41,0.61,3.64,13.878004724190635,20240307,19870.0,14875.0,22437330.0,-0.35,2647.6201171875,863.3699951171875,16273.3798828125,38791.3515625,5157.35986328125,39598.7109375
284740,쿠쿠홈시스,4994.0,35985.0,4.41,0.61,3.64,13.878004724190635,20240308,19900.0,17846.0,22437330.0,0.15,2680.35009765625,873.1799926757812,16085.1103515625,38722.69140625,5123.68994140625,39688.94140625
