종목코드,종목명,EPS,BPS,PER,PBR,배당수익률,ROE,날짜,종가,거래량,상장주식수,등락률,KOSPI,KOSDAQ,NASDAQ,Dow Jones,S&P 500,Nikkei
16600,큐캐피탈,41.0,776.0,7.83,0.41,0.0,5.283505154639175,20240304,338.0,269537.0,178247112.0,0.0,2674.27001953125,872.969970703125,16207.509765625,38989.828125,5130.9501953125,40109.23046875
16600,큐캐피탈,41.0,776.0,7.83,0.41,0.0,5.283505154639175,20240305,335.0,801606.0,178247112.0,-0.89,2649.39990234375,866.3699951171875,15939.58984375,38585.19140625,5078.64990234375,40097.62890625
16600,큐캐피탈,41.0,776.0,7.83,0.41,0.0,5.283505154639175,20240306,334.0,268522.0,178247112.0,-0.3,2641.489990234375,870.6699829101562,16031.5400390625,38661.05078125,5104.759765625,40090.78125
16600,큐캐피탈,41.0,776.0,7.83,0.41,0.0,5.283505154639175,20240307,327.0,689883.0,178247112.0,-2.1,2647.6201171875,863.3699951171875,16273.3798828125,38791.3515625,5157.35986328125,39598.7109375
16600,큐캐피탈,41.0,776.0,7.83,0.41,0.0,5.283505154639175,20240308,329.0,483363.0,178247112.0,0.61,2680.35009765625,873.1799926757812,16085.1103515625,38722.69140625,5123.68994140625,39688.94140625
