종목코드,종목명,EPS,BPS,PER,PBR,배당수익률,ROE,날짜,종가,거래량,상장주식수,등락률,KOSPI,KOSDAQ,NASDAQ,Dow Jones,S&P 500,Nikkei
214150,클래시스,1155.0,4430.0,43.29,11.29,0.4,26.072234762979683,20240304,31850.0,202787.0,64776702.0,-0.93,2674.27001953125,872.969970703125,16207.509765625,38989.828125,5130.9501953125,40109.23046875
214150,클래시스,1155.0,4430.0,43.29,11.29,0.4,26.072234762979683,20240305,31850.0,186678.0,64776702.0,0.0,2649.39990234375,866.3699951171875,15939.58984375,38585.19140625,5078.64990234375,40097.62890625
214150,클래시스,1155.0,4430.0,43.29,11.29,0.4,26.072234762979683,20240306,31900.0,176095.0,64776702.0,0.16,2641.489990234375,870.6699829101562,16031.5400390625,38661.05078125,5104.759765625,40090.78125
214150,클래시스,1155.0,4430.0,43.29,11.29,0.4,26.072234762979683,20240307,32750.0,321229.0,64776702.0,2.66,2647.6201171875,863.3699951171875,16273.3798828125,38791.3515625,5157.35986328125,39598.7109375
214150,클래시스,1155.0,4430.0,43.29,11.29,0.4,26.072234762979683,20240308,33100.0,273509.0,64776702.0,1.07,2680.35009765625,873.1799926757812,16085.1103515625,38722.69140625,5123.68994140625,39688.94140625
