종목코드,종목명,EPS,BPS,PER,PBR,배당수익률,ROE,날짜,종가,거래량,상장주식수,등락률,KOSPI,KOSDAQ,NASDAQ,Dow Jones,S&P 500,Nikkei
352770,클리노믹스,,1187.0,,1.17,0.0,,20240304,2430.0,360442.0,31975079.0,1.46,2674.27001953125,872.969970703125,16207.509765625,38989.828125,5130.9501953125,40109.23046875
352770,클리노믹스,,1187.0,,1.17,0.0,,20240305,2250.0,410848.0,31975079.0,-7.41,2649.39990234375,866.3699951171875,15939.58984375,38585.19140625,5078.64990234375,40097.62890625
352770,클리노믹스,,1187.0,,1.17,0.0,,20240306,2350.0,602647.0,33246263.0,4.44,2641.489990234375,870.6699829101562,16031.5400390625,38661.05078125,5104.759765625,40090.78125
352770,클리노믹스,,1187.0,,1.17,0.0,,20240307,2315.0,170570.0,33246263.0,-1.49,2647.6201171875,863.3699951171875,16273.3798828125,38791.3515625,5157.35986328125,39598.7109375
352770,클리노믹스,,1187.0,,1.17,0.0,,20240308,2400.0,271531.0,33246263.0,3.67,2680.35009765625,873.1799926757812,16085.1103515625,38722.69140625,5123.68994140625,39688.94140625
