종목코드,종목명,EPS,BPS,PER,PBR,배당수익률,ROE,날짜,종가,거래량,상장주식수,등락률,KOSPI,KOSDAQ,NASDAQ,Dow Jones,S&P 500,Nikkei
139670,키네마스터,189.0,1180.0,18.76,3.0,0.0,16.016949152542374,20240304,6320.0,319532.0,14019577.0,1.94,2674.27001953125,872.969970703125,16207.509765625,38989.828125,5130.9501953125,40109.23046875
139670,키네마스터,189.0,1180.0,18.76,3.0,0.0,16.016949152542374,20240305,6310.0,319569.0,14019577.0,-0.16,2649.39990234375,866.3699951171875,15939.58984375,38585.19140625,5078.64990234375,40097.62890625
139670,키네마스터,189.0,1180.0,18.76,3.0,0.0,16.016949152542374,20240306,6370.0,211973.0,14019577.0,0.95,2641.489990234375,870.6699829101562,16031.5400390625,38661.05078125,5104.759765625,40090.78125
139670,키네마스터,189.0,1180.0,18.76,3.0,0.0,16.016949152542374,20240307,6020.0,238023.0,14019577.0,-5.49,2647.6201171875,863.3699951171875,16273.3798828125,38791.3515625,5157.35986328125,39598.7109375
139670,키네마스터,189.0,1180.0,18.76,3.0,0.0,16.016949152542374,20240308,5910.0,273565.0,14019577.0,-1.83,2680.35009765625,873.1799926757812,16085.1103515625,38722.69140625,5123.68994140625,39688.94140625
