종목코드,종목명,EPS,BPS,PER,PBR,배당수익률,ROE,날짜,종가,거래량,상장주식수,등락률,KOSPI,KOSDAQ,NASDAQ,Dow Jones,S&P 500,Nikkei
15890,태경산업,790.0,10337.0,6.78,0.52,5.04,7.642449453419754,20240304,6140.0,41167.0,29228750.0,1.15,2674.27001953125,872.969970703125,16207.509765625,38989.828125,5130.9501953125,40109.23046875
15890,태경산업,790.0,10337.0,6.78,0.52,5.04,7.642449453419754,20240305,6090.0,66114.0,29228750.0,-0.81,2649.39990234375,866.3699951171875,15939.58984375,38585.19140625,5078.64990234375,40097.62890625
15890,태경산업,790.0,10337.0,6.78,0.52,5.04,7.642449453419754,20240306,6120.0,54817.0,29228750.0,0.49,2641.489990234375,870.6699829101562,16031.5400390625,38661.05078125,5104.759765625,40090.78125
15890,태경산업,790.0,10337.0,6.78,0.52,5.04,7.642449453419754,20240307,6080.0,38286.0,29228750.0,-0.65,2647.6201171875,863.3699951171875,16273.3798828125,38791.3515625,5157.35986328125,39598.7109375
15890,태경산업,790.0,10337.0,6.78,0.52,5.04,7.642449453419754,20240308,6040.0,58218.0,29228750.0,-0.66,2680.35009765625,873.1799926757812,16085.1103515625,38722.69140625,5123.68994140625,39688.94140625
