종목코드,종목명,EPS,BPS,PER,PBR,배당수익률,ROE,날짜,종가,거래량,상장주식수,등락률,KOSPI,KOSDAQ,NASDAQ,Dow Jones,S&P 500,Nikkei
4100,태양금속,1.0,2714.0,2970.0,1.09,0.34,0.0368459837877671,20240304,3075.0,852607.0,36700000.0,6.03,2674.27001953125,872.969970703125,16207.509765625,38989.828125,5130.9501953125,40109.23046875
4100,태양금속,1.0,2714.0,2970.0,1.09,0.34,0.0368459837877671,20240305,3000.0,440737.0,36700000.0,-2.44,2649.39990234375,866.3699951171875,15939.58984375,38585.19140625,5078.64990234375,40097.62890625
4100,태양금속,1.0,2714.0,2970.0,1.09,0.34,0.0368459837877671,20240306,3040.0,671470.0,36700000.0,1.33,2641.489990234375,870.6699829101562,16031.5400390625,38661.05078125,5104.759765625,40090.78125
4100,태양금속,1.0,2714.0,2970.0,1.09,0.34,0.0368459837877671,20240307,2965.0,485156.0,36700000.0,-2.47,2647.6201171875,863.3699951171875,16273.3798828125,38791.3515625,5157.35986328125,39598.7109375
4100,태양금속,1.0,2714.0,2970.0,1.09,0.34,0.0368459837877671,20240308,2870.0,418887.0,36700000.0,-3.2,2680.35009765625,873.1799926757812,16085.1103515625,38722.69140625,5123.68994140625,39688.94140625
