종목코드,종목명,EPS,BPS,PER,PBR,배당수익률,ROE,날짜,종가,거래량,상장주식수,등락률,KOSPI,KOSDAQ,NASDAQ,Dow Jones,S&P 500,Nikkei
95610,테스,89.0,17040.0,222.7,1.16,2.52,0.5223004694835681,20240304,20200.0,197806.0,19768226.0,1.1,2674.27001953125,872.969970703125,16207.509765625,38989.828125,5130.9501953125,40109.23046875
95610,테스,89.0,17040.0,222.7,1.16,2.52,0.5223004694835681,20240305,20400.0,230632.0,19768226.0,0.99,2649.39990234375,866.3699951171875,15939.58984375,38585.19140625,5078.64990234375,40097.62890625
95610,테스,89.0,17040.0,222.7,1.16,2.52,0.5223004694835681,20240306,20800.0,236590.0,19768226.0,1.96,2641.489990234375,870.6699829101562,16031.5400390625,38661.05078125,5104.759765625,40090.78125
95610,테스,89.0,17040.0,222.7,1.16,2.52,0.5223004694835681,20240307,20500.0,138464.0,19768226.0,-1.44,2647.6201171875,863.3699951171875,16273.3798828125,38791.3515625,5157.35986328125,39598.7109375
95610,테스,89.0,17040.0,222.7,1.16,2.52,0.5223004694835681,20240308,20300.0,129936.0,19768226.0,-0.98,2680.35009765625,873.1799926757812,16085.1103515625,38722.69140625,5123.68994140625,39688.94140625
