종목코드,종목명,EPS,BPS,PER,PBR,배당수익률,ROE,날짜,종가,거래량,상장주식수,등락률,KOSPI,KOSDAQ,NASDAQ,Dow Jones,S&P 500,Nikkei
55490,테이팩스,1708.0,32047.0,11.97,0.64,1.47,5.329672044185103,20240304,22950.0,21504.0,4764650.0,1.55,2674.27001953125,872.969970703125,16207.509765625,38989.828125,5130.9501953125,40109.23046875
55490,테이팩스,1708.0,32047.0,11.97,0.64,1.47,5.329672044185103,20240305,22350.0,46785.0,4764650.0,-2.61,2649.39990234375,866.3699951171875,15939.58984375,38585.19140625,5078.64990234375,40097.62890625
55490,테이팩스,1708.0,32047.0,11.97,0.64,1.47,5.329672044185103,20240306,21950.0,41612.0,4764650.0,-1.79,2641.489990234375,870.6699829101562,16031.5400390625,38661.05078125,5104.759765625,40090.78125
55490,테이팩스,1708.0,32047.0,11.97,0.64,1.47,5.329672044185103,20240307,22900.0,44376.0,4764650.0,4.33,2647.6201171875,863.3699951171875,16273.3798828125,38791.3515625,5157.35986328125,39598.7109375
55490,테이팩스,1708.0,32047.0,11.97,0.64,1.47,5.329672044185103,20240308,25300.0,514289.0,4764650.0,10.48,2680.35009765625,873.1799926757812,16085.1103515625,38722.69140625,5123.68994140625,39688.94140625
