종목코드,종목명,EPS,BPS,PER,PBR,배당수익률,ROE,날짜,종가,거래량,상장주식수,등락률,KOSPI,KOSDAQ,NASDAQ,Dow Jones,S&P 500,Nikkei
200230,텔콘RF제약,124.0,901.0,5.73,0.79,0.0,13.762486126526085,20240304,701.0,580425.0,115994921.0,-3.04,2674.27001953125,872.969970703125,16207.509765625,38989.828125,5130.9501953125,40109.23046875
200230,텔콘RF제약,124.0,901.0,5.73,0.79,0.0,13.762486126526085,20240305,693.0,430350.0,115994921.0,-1.14,2649.39990234375,866.3699951171875,15939.58984375,38585.19140625,5078.64990234375,40097.62890625
200230,텔콘RF제약,124.0,901.0,5.73,0.79,0.0,13.762486126526085,20240306,645.0,877101.0,115994921.0,-6.93,2641.489990234375,870.6699829101562,16031.5400390625,38661.05078125,5104.759765625,40090.78125
200230,텔콘RF제약,124.0,901.0,5.73,0.79,0.0,13.762486126526085,20240307,677.0,907849.0,115994921.0,4.96,2647.6201171875,863.3699951171875,16273.3798828125,38791.3515625,5157.35986328125,39598.7109375
200230,텔콘RF제약,124.0,901.0,5.73,0.79,0.0,13.762486126526085,20240308,664.0,282559.0,115994921.0,-1.92,2680.35009765625,873.1799926757812,16085.1103515625,38722.69140625,5123.68994140625,39688.94140625
