종목코드,종목명,EPS,BPS,PER,PBR,배당수익률,ROE,날짜,종가,거래량,상장주식수,등락률,KOSPI,KOSDAQ,NASDAQ,Dow Jones,S&P 500,Nikkei
215480,토박스코리아,267.0,3724.0,11.87,0.85,0.0,7.169709989258862,20240304,3610.0,27110.0,9614957.0,-1.23,2674.27001953125,872.969970703125,16207.509765625,38989.828125,5130.9501953125,40109.23046875
215480,토박스코리아,267.0,3724.0,11.87,0.85,0.0,7.169709989258862,20240305,3585.0,31510.0,9614957.0,-0.69,2649.39990234375,866.3699951171875,15939.58984375,38585.19140625,5078.64990234375,40097.62890625
215480,토박스코리아,267.0,3724.0,11.87,0.85,0.0,7.169709989258862,20240306,3450.0,58790.0,9614957.0,-3.77,2641.489990234375,870.6699829101562,16031.5400390625,38661.05078125,5104.759765625,40090.78125
215480,토박스코리아,267.0,3724.0,11.87,0.85,0.0,7.169709989258862,20240307,3435.0,39883.0,9614957.0,-0.43,2647.6201171875,863.3699951171875,16273.3798828125,38791.3515625,5157.35986328125,39598.7109375
215480,토박스코리아,267.0,3724.0,11.87,0.85,0.0,7.169709989258862,20240308,3450.0,15135.0,9614957.0,0.44,2680.35009765625,873.1799926757812,16085.1103515625,38722.69140625,5123.68994140625,39688.94140625
