종목코드,종목명,EPS,BPS,PER,PBR,배당수익률,ROE,날짜,종가,거래량,상장주식수,등락률,KOSPI,KOSDAQ,NASDAQ,Dow Jones,S&P 500,Nikkei
51360,토비스,757.0,12449.0,25.8,1.57,0.82,6.08080970359065,20240304,16050.0,75736.0,16267058.0,2.29,2674.27001953125,872.969970703125,16207.509765625,38989.828125,5130.9501953125,40109.23046875
51360,토비스,757.0,12449.0,25.8,1.57,0.82,6.08080970359065,20240305,15860.0,66731.0,16267058.0,-1.18,2649.39990234375,866.3699951171875,15939.58984375,38585.19140625,5078.64990234375,40097.62890625
51360,토비스,757.0,12449.0,25.8,1.57,0.82,6.08080970359065,20240306,16100.0,66940.0,16267058.0,1.51,2641.489990234375,870.6699829101562,16031.5400390625,38661.05078125,5104.759765625,40090.78125
51360,토비스,757.0,12449.0,25.8,1.57,0.82,6.08080970359065,20240307,16100.0,89402.0,16267058.0,0.0,2647.6201171875,863.3699951171875,16273.3798828125,38791.3515625,5157.35986328125,39598.7109375
51360,토비스,757.0,12449.0,25.8,1.57,0.82,6.08080970359065,20240308,15900.0,111374.0,16267058.0,-1.24,2680.35009765625,873.1799926757812,16085.1103515625,38722.69140625,5123.68994140625,39688.94140625
