종목코드,종목명,EPS,BPS,PER,PBR,배당수익률,ROE,날짜,종가,거래량,상장주식수,등락률,KOSPI,KOSDAQ,NASDAQ,Dow Jones,S&P 500,Nikkei
108230,톱텍,1588.0,10408.0,4.38,0.67,4.31,15.257494235203689,20240304,7950.0,142851.0,38023245.0,1.27,2674.27001953125,872.969970703125,16207.509765625,38989.828125,5130.9501953125,40109.23046875
108230,톱텍,1588.0,10408.0,4.38,0.67,4.31,15.257494235203689,20240305,7850.0,102798.0,38023245.0,-1.26,2649.39990234375,866.3699951171875,15939.58984375,38585.19140625,5078.64990234375,40097.62890625
108230,톱텍,1588.0,10408.0,4.38,0.67,4.31,15.257494235203689,20240306,7800.0,67915.0,38023245.0,-0.64,2641.489990234375,870.6699829101562,16031.5400390625,38661.05078125,5104.759765625,40090.78125
108230,톱텍,1588.0,10408.0,4.38,0.67,4.31,15.257494235203689,20240307,7600.0,87036.0,38023245.0,-2.56,2647.6201171875,863.3699951171875,16273.3798828125,38791.3515625,5157.35986328125,39598.7109375
108230,톱텍,1588.0,10408.0,4.38,0.67,4.31,15.257494235203689,20240308,7920.0,115971.0,38023245.0,4.21,2680.35009765625,873.1799926757812,16085.1103515625,38722.69140625,5123.68994140625,39688.94140625
