종목코드,종목명,EPS,BPS,PER,PBR,배당수익률,ROE,날짜,종가,거래량,상장주식수,등락률,KOSPI,KOSDAQ,NASDAQ,Dow Jones,S&P 500,Nikkei
204610,티쓰리,87.0,1494.0,13.55,0.79,5.09,5.823293172690764,20240304,1307.0,946550.0,67471720.0,-2.02,2674.27001953125,872.969970703125,16207.509765625,38989.828125,5130.9501953125,40109.23046875
204610,티쓰리,87.0,1494.0,13.55,0.79,5.09,5.823293172690764,20240305,1313.0,423571.0,67471720.0,0.46,2649.39990234375,866.3699951171875,15939.58984375,38585.19140625,5078.64990234375,40097.62890625
204610,티쓰리,87.0,1494.0,13.55,0.79,5.09,5.823293172690764,20240306,1318.0,350750.0,67471720.0,0.38,2641.489990234375,870.6699829101562,16031.5400390625,38661.05078125,5104.759765625,40090.78125
204610,티쓰리,87.0,1494.0,13.55,0.79,5.09,5.823293172690764,20240307,1324.0,491421.0,67471720.0,0.46,2647.6201171875,863.3699951171875,16273.3798828125,38791.3515625,5157.35986328125,39598.7109375
204610,티쓰리,87.0,1494.0,13.55,0.79,5.09,5.823293172690764,20240308,1317.0,934427.0,67471720.0,-0.53,2680.35009765625,873.1799926757812,16085.1103515625,38722.69140625,5123.68994140625,39688.94140625
