종목코드,종목명,EPS,BPS,PER,PBR,배당수익률,ROE,날짜,종가,거래량,상장주식수,등락률,KOSPI,KOSDAQ,NASDAQ,Dow Jones,S&P 500,Nikkei
356860,티엘비,257.0,11281.0,72.68,1.66,1.07,2.27816682918181,20240304,25000.0,302590.0,9832630.0,6.16,2674.27001953125,872.969970703125,16207.509765625,38989.828125,5130.9501953125,40109.23046875
356860,티엘비,257.0,11281.0,72.68,1.66,1.07,2.27816682918181,20240305,25150.0,225688.0,9832630.0,0.6,2649.39990234375,866.3699951171875,15939.58984375,38585.19140625,5078.64990234375,40097.62890625
356860,티엘비,257.0,11281.0,72.68,1.66,1.07,2.27816682918181,20240306,28200.0,5917921.0,9832630.0,12.13,2641.489990234375,870.6699829101562,16031.5400390625,38661.05078125,5104.759765625,40090.78125
356860,티엘비,257.0,11281.0,72.68,1.66,1.07,2.27816682918181,20240307,28300.0,1887948.0,9832630.0,0.35,2647.6201171875,863.3699951171875,16273.3798828125,38791.3515625,5157.35986328125,39598.7109375
356860,티엘비,257.0,11281.0,72.68,1.66,1.07,2.27816682918181,20240308,28000.0,680240.0,9832630.0,-1.06,2680.35009765625,873.1799926757812,16085.1103515625,38722.69140625,5123.68994140625,39688.94140625
