종목코드,종목명,EPS,BPS,PER,PBR,배당수익률,ROE,날짜,종가,거래량,상장주식수,등락률,KOSPI,KOSDAQ,NASDAQ,Dow Jones,S&P 500,Nikkei
177830,파버나인,12.0,5925.0,287.08,0.58,2.03,0.2025316455696202,20240304,3395.0,24405.0,14288753.0,0.44,2674.27001953125,872.969970703125,16207.509765625,38989.828125,5130.9501953125,40109.23046875
177830,파버나인,12.0,5925.0,287.08,0.58,2.03,0.2025316455696202,20240305,3335.0,66636.0,14288753.0,-1.77,2649.39990234375,866.3699951171875,15939.58984375,38585.19140625,5078.64990234375,40097.62890625
177830,파버나인,12.0,5925.0,287.08,0.58,2.03,0.2025316455696202,20240306,3325.0,29365.0,14288753.0,-0.3,2641.489990234375,870.6699829101562,16031.5400390625,38661.05078125,5104.759765625,40090.78125
177830,파버나인,12.0,5925.0,287.08,0.58,2.03,0.2025316455696202,20240307,3395.0,22073.0,14288753.0,2.11,2647.6201171875,863.3699951171875,16273.3798828125,38791.3515625,5157.35986328125,39598.7109375
177830,파버나인,12.0,5925.0,287.08,0.58,2.03,0.2025316455696202,20240308,3420.0,45137.0,14288753.0,0.74,2680.35009765625,873.1799926757812,16085.1103515625,38722.69140625,5123.68994140625,39688.94140625
