종목코드,종목명,EPS,BPS,PER,PBR,배당수익률,ROE,날짜,종가,거래량,상장주식수,등락률,KOSPI,KOSDAQ,NASDAQ,Dow Jones,S&P 500,Nikkei
368770,파이버프로,88.0,983.0,39.89,3.57,0.57,8.952187182095624,20240304,3510.0,119865.0,32854225.0,2.48,2674.27001953125,872.969970703125,16207.509765625,38989.828125,5130.9501953125,40109.23046875
368770,파이버프로,88.0,983.0,39.89,3.57,0.57,8.952187182095624,20240305,3420.0,100071.0,32854225.0,-2.56,2649.39990234375,866.3699951171875,15939.58984375,38585.19140625,5078.64990234375,40097.62890625
368770,파이버프로,88.0,983.0,39.89,3.57,0.57,8.952187182095624,20240306,3450.0,110782.0,32854225.0,0.88,2641.489990234375,870.6699829101562,16031.5400390625,38661.05078125,5104.759765625,40090.78125
368770,파이버프로,88.0,983.0,39.89,3.57,0.57,8.952187182095624,20240307,3310.0,107843.0,32854225.0,-4.06,2647.6201171875,863.3699951171875,16273.3798828125,38791.3515625,5157.35986328125,39598.7109375
368770,파이버프로,88.0,983.0,39.89,3.57,0.57,8.952187182095624,20240308,3420.0,266123.0,32854225.0,3.32,2680.35009765625,873.1799926757812,16085.1103515625,38722.69140625,5123.68994140625,39688.94140625
