종목코드,종목명,EPS,BPS,PER,PBR,배당수익률,ROE,날짜,종가,거래량,상장주식수,등락률,KOSPI,KOSDAQ,NASDAQ,Dow Jones,S&P 500,Nikkei
47310,파워로직스,472.0,5357.0,12.84,1.13,0.0,8.810901624043307,20240304,11400.0,2021708.0,35734843.0,3.83,2674.27001953125,872.969970703125,16207.509765625,38989.828125,5130.9501953125,40109.23046875
47310,파워로직스,472.0,5357.0,12.84,1.13,0.0,8.810901624043307,20240305,10070.0,3454489.0,35734843.0,-11.67,2649.39990234375,866.3699951171875,15939.58984375,38585.19140625,5078.64990234375,40097.62890625
47310,파워로직스,472.0,5357.0,12.84,1.13,0.0,8.810901624043307,20240306,10100.0,3371010.0,35734843.0,0.3,2641.489990234375,870.6699829101562,16031.5400390625,38661.05078125,5104.759765625,40090.78125
47310,파워로직스,472.0,5357.0,12.84,1.13,0.0,8.810901624043307,20240307,9750.0,1476534.0,35734843.0,-3.47,2647.6201171875,863.3699951171875,16273.3798828125,38791.3515625,5157.35986328125,39598.7109375
47310,파워로직스,472.0,5357.0,12.84,1.13,0.0,8.810901624043307,20240308,9880.0,1753216.0,35734843.0,1.33,2680.35009765625,873.1799926757812,16085.1103515625,38722.69140625,5123.68994140625,39688.94140625
