종목코드,종목명,EPS,BPS,PER,PBR,배당수익률,ROE,날짜,종가,거래량,상장주식수,등락률,KOSPI,KOSDAQ,NASDAQ,Dow Jones,S&P 500,Nikkei
170790,파이오링크,1583.0,12063.0,5.82,0.76,3.25,13.122772113073031,20240304,12720.0,68243.0,6856330.0,7.34,2674.27001953125,872.969970703125,16207.509765625,38989.828125,5130.9501953125,40109.23046875
170790,파이오링크,1583.0,12063.0,5.82,0.76,3.25,13.122772113073031,20240305,13970.0,427295.0,6856330.0,9.83,2649.39990234375,866.3699951171875,15939.58984375,38585.19140625,5078.64990234375,40097.62890625
170790,파이오링크,1583.0,12063.0,5.82,0.76,3.25,13.122772113073031,20240306,13950.0,98809.0,6856330.0,-0.14,2641.489990234375,870.6699829101562,16031.5400390625,38661.05078125,5104.759765625,40090.78125
170790,파이오링크,1583.0,12063.0,5.82,0.76,3.25,13.122772113073031,20240307,13660.0,94204.0,6856330.0,-2.08,2647.6201171875,863.3699951171875,16273.3798828125,38791.3515625,5157.35986328125,39598.7109375
170790,파이오링크,1583.0,12063.0,5.82,0.76,3.25,13.122772113073031,20240308,14120.0,76672.0,6856330.0,3.37,2680.35009765625,873.1799926757812,16085.1103515625,38722.69140625,5123.68994140625,39688.94140625
