종목코드,종목명,EPS,BPS,PER,PBR,배당수익률,ROE,날짜,종가,거래량,상장주식수,등락률,KOSPI,KOSDAQ,NASDAQ,Dow Jones,S&P 500,Nikkei
91700,파트론,539.0,8929.0,13.77,0.83,3.37,6.03651024750812,20240304,7940.0,158127.0,58918214.0,1.02,2674.27001953125,872.969970703125,16207.509765625,38989.828125,5130.9501953125,40109.23046875
91700,파트론,539.0,8929.0,13.77,0.83,3.37,6.03651024750812,20240305,7840.0,124725.0,58918214.0,-1.26,2649.39990234375,866.3699951171875,15939.58984375,38585.19140625,5078.64990234375,40097.62890625
91700,파트론,539.0,8929.0,13.77,0.83,3.37,6.03651024750812,20240306,7830.0,123718.0,58918214.0,-0.13,2641.489990234375,870.6699829101562,16031.5400390625,38661.05078125,5104.759765625,40090.78125
91700,파트론,539.0,8929.0,13.77,0.83,3.37,6.03651024750812,20240307,7820.0,139634.0,58918214.0,-0.13,2647.6201171875,863.3699951171875,16273.3798828125,38791.3515625,5157.35986328125,39598.7109375
91700,파트론,539.0,8929.0,13.77,0.83,3.37,6.03651024750812,20240308,7800.0,153313.0,58918214.0,-0.26,2680.35009765625,873.1799926757812,16085.1103515625,38722.69140625,5123.68994140625,39688.94140625
