종목코드,종목명,EPS,BPS,PER,PBR,배당수익률,ROE,날짜,종가,거래량,상장주식수,등락률,KOSPI,KOSDAQ,NASDAQ,Dow Jones,S&P 500,Nikkei
140860,파크시스템스,3553.0,20734.0,46.3,7.93,0.24,17.136104948393942,20240304,177000.0,35922.0,6965959.0,2.73,2674.27001953125,872.969970703125,16207.509765625,38989.828125,5130.9501953125,40109.23046875
140860,파크시스템스,3553.0,20734.0,46.3,7.93,0.24,17.136104948393942,20240305,175600.0,19207.0,6965959.0,-0.79,2649.39990234375,866.3699951171875,15939.58984375,38585.19140625,5078.64990234375,40097.62890625
140860,파크시스템스,3553.0,20734.0,46.3,7.93,0.24,17.136104948393942,20240306,170800.0,29024.0,6965959.0,-2.73,2641.489990234375,870.6699829101562,16031.5400390625,38661.05078125,5104.759765625,40090.78125
140860,파크시스템스,3553.0,20734.0,46.3,7.93,0.24,17.136104948393942,20240307,167900.0,73165.0,6965959.0,-1.7,2647.6201171875,863.3699951171875,16273.3798828125,38791.3515625,5157.35986328125,39598.7109375
140860,파크시스템스,3553.0,20734.0,46.3,7.93,0.24,17.136104948393942,20240308,174100.0,45620.0,6965959.0,3.69,2680.35009765625,873.1799926757812,16085.1103515625,38722.69140625,5123.68994140625,39688.94140625
