종목코드,종목명,EPS,BPS,PER,PBR,배당수익률,ROE,날짜,종가,거래량,상장주식수,등락률,KOSPI,KOSDAQ,NASDAQ,Dow Jones,S&P 500,Nikkei
68050,팬엔터테인먼트,280.0,2987.0,8.16,0.76,0.0,9.37395379979913,20240304,3120.0,53748.0,27694076.0,0.16,2674.27001953125,872.969970703125,16207.509765625,38989.828125,5130.9501953125,40109.23046875
68050,팬엔터테인먼트,280.0,2987.0,8.16,0.76,0.0,9.37395379979913,20240305,3040.0,196661.0,27694076.0,-2.56,2649.39990234375,866.3699951171875,15939.58984375,38585.19140625,5078.64990234375,40097.62890625
68050,팬엔터테인먼트,280.0,2987.0,8.16,0.76,0.0,9.37395379979913,20240306,3035.0,76168.0,27694076.0,-0.16,2641.489990234375,870.6699829101562,16031.5400390625,38661.05078125,5104.759765625,40090.78125
68050,팬엔터테인먼트,280.0,2987.0,8.16,0.76,0.0,9.37395379979913,20240307,3000.0,145188.0,27694076.0,-1.15,2647.6201171875,863.3699951171875,16273.3798828125,38791.3515625,5157.35986328125,39598.7109375
68050,팬엔터테인먼트,280.0,2987.0,8.16,0.76,0.0,9.37395379979913,20240308,2985.0,75996.0,27694076.0,-0.5,2680.35009765625,873.1799926757812,16085.1103515625,38722.69140625,5123.68994140625,39688.94140625
