종목코드,종목명,EPS,BPS,PER,PBR,배당수익률,ROE,날짜,종가,거래량,상장주식수,등락률,KOSPI,KOSDAQ,NASDAQ,Dow Jones,S&P 500,Nikkei
271830,팸텍,270.0,2371.0,8.94,1.02,1.24,11.387600168705188,20240304,3795.0,809808.0,28842618.0,-2.94,2674.27001953125,872.969970703125,16207.509765625,38989.828125,5130.9501953125,40109.23046875
271830,팸텍,270.0,2371.0,8.94,1.02,1.24,11.387600168705188,20240305,3800.0,628604.0,28842618.0,0.13,2649.39990234375,866.3699951171875,15939.58984375,38585.19140625,5078.64990234375,40097.62890625
271830,팸텍,270.0,2371.0,8.94,1.02,1.24,11.387600168705188,20240306,3720.0,325782.0,28842618.0,-2.11,2641.489990234375,870.6699829101562,16031.5400390625,38661.05078125,5104.759765625,40090.78125
271830,팸텍,270.0,2371.0,8.94,1.02,1.24,11.387600168705188,20240307,3545.0,615853.0,28842618.0,-4.7,2647.6201171875,863.3699951171875,16273.3798828125,38791.3515625,5157.35986328125,39598.7109375
271830,팸텍,270.0,2371.0,8.94,1.02,1.24,11.387600168705188,20240308,3535.0,425829.0,28842618.0,-0.28,2680.35009765625,873.1799926757812,16085.1103515625,38722.69140625,5123.68994140625,39688.94140625
