종목코드,종목명,EPS,BPS,PER,PBR,배당수익률,ROE,날짜,종가,거래량,상장주식수,등락률,KOSPI,KOSDAQ,NASDAQ,Dow Jones,S&P 500,Nikkei
16800,퍼시스,7470.0,59291.0,5.78,0.73,2.78,12.598876726653286,20240304,33900.0,4935.0,11500000.0,1.5,2674.27001953125,872.969970703125,16207.509765625,38989.828125,5130.9501953125,40109.23046875
16800,퍼시스,7470.0,59291.0,5.78,0.73,2.78,12.598876726653286,20240305,33850.0,2176.0,11500000.0,-0.15,2649.39990234375,866.3699951171875,15939.58984375,38585.19140625,5078.64990234375,40097.62890625
16800,퍼시스,7470.0,59291.0,5.78,0.73,2.78,12.598876726653286,20240306,33450.0,1863.0,11500000.0,-1.18,2641.489990234375,870.6699829101562,16031.5400390625,38661.05078125,5104.759765625,40090.78125
16800,퍼시스,7470.0,59291.0,5.78,0.73,2.78,12.598876726653286,20240307,34650.0,1940.0,11500000.0,3.59,2647.6201171875,863.3699951171875,16273.3798828125,38791.3515625,5157.35986328125,39598.7109375
16800,퍼시스,7470.0,59291.0,5.78,0.73,2.78,12.598876726653286,20240308,35600.0,3999.0,11500000.0,2.74,2680.35009765625,873.1799926757812,16085.1103515625,38722.69140625,5123.68994140625,39688.94140625
