종목코드,종목명,EPS,BPS,PER,PBR,배당수익률,ROE,날짜,종가,거래량,상장주식수,등락률,KOSPI,KOSDAQ,NASDAQ,Dow Jones,S&P 500,Nikkei
263750,펄어비스,248.0,11804.0,170.36,3.58,0.0,2.1009827177228058,20240304,28950.0,880991.0,64247855.0,-4.61,2674.27001953125,872.969970703125,16207.509765625,38989.828125,5130.9501953125,40109.23046875
263750,펄어비스,248.0,11804.0,170.36,3.58,0.0,2.1009827177228058,20240305,29050.0,406643.0,64247855.0,0.35,2649.39990234375,866.3699951171875,15939.58984375,38585.19140625,5078.64990234375,40097.62890625
263750,펄어비스,248.0,11804.0,170.36,3.58,0.0,2.1009827177228058,20240306,28600.0,243174.0,64247855.0,-1.55,2641.489990234375,870.6699829101562,16031.5400390625,38661.05078125,5104.759765625,40090.78125
263750,펄어비스,248.0,11804.0,170.36,3.58,0.0,2.1009827177228058,20240307,28350.0,259142.0,64247855.0,-0.87,2647.6201171875,863.3699951171875,16273.3798828125,38791.3515625,5157.35986328125,39598.7109375
263750,펄어비스,248.0,11804.0,170.36,3.58,0.0,2.1009827177228058,20240308,28100.0,320964.0,64247855.0,-0.88,2680.35009765625,873.1799926757812,16085.1103515625,38722.69140625,5123.68994140625,39688.94140625
