종목코드,종목명,EPS,BPS,PER,PBR,배당수익률,ROE,날짜,종가,거래량,상장주식수,등락률,KOSPI,KOSDAQ,NASDAQ,Dow Jones,S&P 500,Nikkei
168360,펨트론,335.0,1523.0,14.73,3.24,0.0,21.996060407091267,20240304,10940.0,1914992.0,21288284.0,5.7,2674.27001953125,872.969970703125,16207.509765625,38989.828125,5130.9501953125,40109.23046875
168360,펨트론,335.0,1523.0,14.73,3.24,0.0,21.996060407091267,20240305,10830.0,777076.0,21288284.0,-1.01,2649.39990234375,866.3699951171875,15939.58984375,38585.19140625,5078.64990234375,40097.62890625
168360,펨트론,335.0,1523.0,14.73,3.24,0.0,21.996060407091267,20240306,11500.0,1101096.0,21288284.0,6.19,2641.489990234375,870.6699829101562,16031.5400390625,38661.05078125,5104.759765625,40090.78125
168360,펨트론,335.0,1523.0,14.73,3.24,0.0,21.996060407091267,20240307,11580.0,1946416.0,21288284.0,0.7,2647.6201171875,863.3699951171875,16273.3798828125,38791.3515625,5157.35986328125,39598.7109375
168360,펨트론,335.0,1523.0,14.73,3.24,0.0,21.996060407091267,20240308,11090.0,849998.0,21288284.0,-4.23,2680.35009765625,873.1799926757812,16085.1103515625,38722.69140625,5123.68994140625,39688.94140625
