종목코드,종목명,EPS,BPS,PER,PBR,배당수익률,ROE,날짜,종가,거래량,상장주식수,등락률,KOSPI,KOSDAQ,NASDAQ,Dow Jones,S&P 500,Nikkei
3670,포스코퓨처엠,371.0,30357.0,580.86,7.1,0.12,1.2221233982277564,20240304,334500.0,559536.0,77463220.0,5.52,2674.27001953125,872.969970703125,16207.509765625,38989.828125,5130.9501953125,40109.23046875
3670,포스코퓨처엠,371.0,30357.0,580.86,7.1,0.12,1.2221233982277564,20240305,317000.0,506414.0,77463220.0,-5.23,2649.39990234375,866.3699951171875,15939.58984375,38585.19140625,5078.64990234375,40097.62890625
3670,포스코퓨처엠,371.0,30357.0,580.86,7.1,0.12,1.2221233982277564,20240306,310000.0,323918.0,77463220.0,-2.21,2641.489990234375,870.6699829101562,16031.5400390625,38661.05078125,5104.759765625,40090.78125
3670,포스코퓨처엠,371.0,30357.0,580.86,7.1,0.12,1.2221233982277564,20240307,316500.0,336391.0,77463220.0,2.1,2647.6201171875,863.3699951171875,16273.3798828125,38791.3515625,5157.35986328125,39598.7109375
3670,포스코퓨처엠,371.0,30357.0,580.86,7.1,0.12,1.2221233982277564,20240308,320500.0,311390.0,77463220.0,1.26,2680.35009765625,873.1799926757812,16085.1103515625,38722.69140625,5123.68994140625,39688.94140625
