종목코드,종목명,EPS,BPS,PER,PBR,배당수익률,ROE,날짜,종가,거래량,상장주식수,등락률,KOSPI,KOSDAQ,NASDAQ,Dow Jones,S&P 500,Nikkei
331380,포커스에이치엔에스,130.0,1196.0,34.62,3.76,0.67,10.869565217391305,20240304,2205.0,106099.0,19048582.0,-1.56,2674.27001953125,872.969970703125,16207.509765625,38989.828125,5130.9501953125,40109.23046875
331380,포커스에이치엔에스,130.0,1196.0,34.62,3.76,0.67,10.869565217391305,20240305,2195.0,104475.0,19048582.0,-0.45,2649.39990234375,866.3699951171875,15939.58984375,38585.19140625,5078.64990234375,40097.62890625
331380,포커스에이치엔에스,130.0,1196.0,34.62,3.76,0.67,10.869565217391305,20240306,2205.0,99257.0,19048582.0,0.46,2641.489990234375,870.6699829101562,16031.5400390625,38661.05078125,5104.759765625,40090.78125
331380,포커스에이치엔에스,130.0,1196.0,34.62,3.76,0.67,10.869565217391305,20240307,2160.0,138621.0,19048582.0,-2.04,2647.6201171875,863.3699951171875,16273.3798828125,38791.3515625,5157.35986328125,39598.7109375
331380,포커스에이치엔에스,130.0,1196.0,34.62,3.76,0.67,10.869565217391305,20240308,2245.0,326739.0,19048582.0,3.94,2680.35009765625,873.1799926757812,16085.1103515625,38722.69140625,5123.68994140625,39688.94140625
