종목코드,종목명,EPS,BPS,PER,PBR,배당수익률,ROE,날짜,종가,거래량,상장주식수,등락률,KOSPI,KOSDAQ,NASDAQ,Dow Jones,S&P 500,Nikkei
105760,포스뱅크,982.0,5238.0,8.48,1.59,0.0,18.747613592974417,20240304,16020.0,1009213.0,9355485.0,0.13,2674.27001953125,872.969970703125,16207.509765625,38989.828125,5130.9501953125,40109.23046875
105760,포스뱅크,982.0,5238.0,8.48,1.59,0.0,18.747613592974417,20240305,15710.0,482788.0,9355485.0,-1.94,2649.39990234375,866.3699951171875,15939.58984375,38585.19140625,5078.64990234375,40097.62890625
105760,포스뱅크,982.0,5238.0,8.48,1.59,0.0,18.747613592974417,20240306,15050.0,346425.0,9355485.0,-4.2,2641.489990234375,870.6699829101562,16031.5400390625,38661.05078125,5104.759765625,40090.78125
105760,포스뱅크,982.0,5238.0,8.48,1.59,0.0,18.747613592974417,20240307,14500.0,306635.0,9355485.0,-3.65,2647.6201171875,863.3699951171875,16273.3798828125,38791.3515625,5157.35986328125,39598.7109375
105760,포스뱅크,982.0,5238.0,8.48,1.59,0.0,18.747613592974417,20240308,14400.0,180427.0,9355485.0,-0.69,2680.35009765625,873.1799926757812,16085.1103515625,38722.69140625,5123.68994140625,39688.94140625
