종목코드,종목명,EPS,BPS,PER,PBR,배당수익률,ROE,날짜,종가,거래량,상장주식수,등락률,KOSPI,KOSDAQ,NASDAQ,Dow Jones,S&P 500,Nikkei
41020,폴라리스오피스,432.0,1305.0,14.1,4.67,0.0,33.10344827586207,20240304,8000.0,21699656.0,49725498.0,0.76,2674.27001953125,872.969970703125,16207.509765625,38989.828125,5130.9501953125,40109.23046875
41020,폴라리스오피스,432.0,1305.0,14.1,4.67,0.0,33.10344827586207,20240305,7640.0,6255385.0,49725498.0,-4.5,2649.39990234375,866.3699951171875,15939.58984375,38585.19140625,5078.64990234375,40097.62890625
41020,폴라리스오피스,432.0,1305.0,14.1,4.67,0.0,33.10344827586207,20240306,7970.0,24613916.0,49725498.0,4.32,2641.489990234375,870.6699829101562,16031.5400390625,38661.05078125,5104.759765625,40090.78125
41020,폴라리스오피스,432.0,1305.0,14.1,4.67,0.0,33.10344827586207,20240307,7800.0,9305658.0,49725498.0,-2.13,2647.6201171875,863.3699951171875,16273.3798828125,38791.3515625,5157.35986328125,39598.7109375
41020,폴라리스오피스,432.0,1305.0,14.1,4.67,0.0,33.10344827586207,20240308,7530.0,3817937.0,49725498.0,-3.46,2680.35009765625,873.1799926757812,16085.1103515625,38722.69140625,5123.68994140625,39688.94140625
