종목코드,종목명,EPS,BPS,PER,PBR,배당수익률,ROE,날짜,종가,거래량,상장주식수,등락률,KOSPI,KOSDAQ,NASDAQ,Dow Jones,S&P 500,Nikkei
39980,폴라리스AI,20.0,1509.0,115.75,1.53,0.0,1.325381047051027,20240304,2310.0,43382650.0,51605102.0,24.66,2674.27001953125,872.969970703125,16207.509765625,38989.828125,5130.9501953125,40109.23046875
39980,폴라리스AI,20.0,1509.0,115.75,1.53,0.0,1.325381047051027,20240305,2180.0,12055036.0,51605102.0,-5.63,2649.39990234375,866.3699951171875,15939.58984375,38585.19140625,5078.64990234375,40097.62890625
39980,폴라리스AI,20.0,1509.0,115.75,1.53,0.0,1.325381047051027,20240306,2530.0,57054943.0,51605102.0,16.06,2641.489990234375,870.6699829101562,16031.5400390625,38661.05078125,5104.759765625,40090.78125
39980,폴라리스AI,20.0,1509.0,115.75,1.53,0.0,1.325381047051027,20240307,2905.0,69756333.0,51605102.0,14.82,2647.6201171875,863.3699951171875,16273.3798828125,38791.3515625,5157.35986328125,39598.7109375
39980,폴라리스AI,20.0,1509.0,115.75,1.53,0.0,1.325381047051027,20240308,2830.0,13863688.0,51605102.0,-2.58,2680.35009765625,873.1799926757812,16085.1103515625,38722.69140625,5123.68994140625,39688.94140625
