종목코드,종목명,EPS,BPS,PER,PBR,배당수익률,ROE,날짜,종가,거래량,상장주식수,등락률,KOSPI,KOSDAQ,NASDAQ,Dow Jones,S&P 500,Nikkei
7330,푸른저축은행,1340.0,26884.0,6.49,0.32,7.47,4.984377324802856,20240304,9710.0,101456.0,15082800.0,1.25,2674.27001953125,872.969970703125,16207.509765625,38989.828125,5130.9501953125,40109.23046875
7330,푸른저축은행,1340.0,26884.0,6.49,0.32,7.47,4.984377324802856,20240305,9730.0,102106.0,15082800.0,0.21,2649.39990234375,866.3699951171875,15939.58984375,38585.19140625,5078.64990234375,40097.62890625
7330,푸른저축은행,1340.0,26884.0,6.49,0.32,7.47,4.984377324802856,20240306,9620.0,125744.0,15082800.0,-1.13,2641.489990234375,870.6699829101562,16031.5400390625,38661.05078125,5104.759765625,40090.78125
7330,푸른저축은행,1340.0,26884.0,6.49,0.32,7.47,4.984377324802856,20240307,9630.0,82665.0,15082800.0,0.1,2647.6201171875,863.3699951171875,16273.3798828125,38791.3515625,5157.35986328125,39598.7109375
7330,푸른저축은행,1340.0,26884.0,6.49,0.32,7.47,4.984377324802856,20240308,9710.0,68484.0,15082800.0,0.83,2680.35009765625,873.1799926757812,16085.1103515625,38722.69140625,5123.68994140625,39688.94140625
