종목코드,종목명,EPS,BPS,PER,PBR,배당수익률,ROE,날짜,종가,거래량,상장주식수,등락률,KOSPI,KOSDAQ,NASDAQ,Dow Jones,S&P 500,Nikkei
17810,풀무원,255.0,8638.0,53.29,1.57,0.75,2.9520722389442,20240304,10660.0,34737.0,38120542.0,0.47,2674.27001953125,872.969970703125,16207.509765625,38989.828125,5130.9501953125,40109.23046875
17810,풀무원,255.0,8638.0,53.29,1.57,0.75,2.9520722389442,20240305,10710.0,52362.0,38120542.0,0.47,2649.39990234375,866.3699951171875,15939.58984375,38585.19140625,5078.64990234375,40097.62890625
17810,풀무원,255.0,8638.0,53.29,1.57,0.75,2.9520722389442,20240306,10680.0,45082.0,38120542.0,-0.28,2641.489990234375,870.6699829101562,16031.5400390625,38661.05078125,5104.759765625,40090.78125
17810,풀무원,255.0,8638.0,53.29,1.57,0.75,2.9520722389442,20240307,10510.0,43368.0,38120542.0,-1.59,2647.6201171875,863.3699951171875,16273.3798828125,38791.3515625,5157.35986328125,39598.7109375
17810,풀무원,255.0,8638.0,53.29,1.57,0.75,2.9520722389442,20240308,10520.0,23120.0,38120542.0,0.1,2680.35009765625,873.1799926757812,16085.1103515625,38722.69140625,5123.68994140625,39688.94140625
