종목코드,종목명,EPS,BPS,PER,PBR,배당수익률,ROE,날짜,종가,거래량,상장주식수,등락률,KOSPI,KOSDAQ,NASDAQ,Dow Jones,S&P 500,Nikkei
319660,피에스케이,1813.0,13552.0,16.02,2.14,0.69,13.37809917355372,20240304,26300.0,977588.0,28966714.0,3.54,2674.27001953125,872.969970703125,16207.509765625,38989.828125,5130.9501953125,40109.23046875
319660,피에스케이,1813.0,13552.0,16.02,2.14,0.69,13.37809917355372,20240305,26550.0,585338.0,28966714.0,0.95,2649.39990234375,866.3699951171875,15939.58984375,38585.19140625,5078.64990234375,40097.62890625
319660,피에스케이,1813.0,13552.0,16.02,2.14,0.69,13.37809917355372,20240306,26250.0,372171.0,28966714.0,-1.13,2641.489990234375,870.6699829101562,16031.5400390625,38661.05078125,5104.759765625,40090.78125
319660,피에스케이,1813.0,13552.0,16.02,2.14,0.69,13.37809917355372,20240307,25900.0,496736.0,28966714.0,-1.33,2647.6201171875,863.3699951171875,16273.3798828125,38791.3515625,5157.35986328125,39598.7109375
319660,피에스케이,1813.0,13552.0,16.02,2.14,0.69,13.37809917355372,20240308,25950.0,421305.0,28966714.0,0.19,2680.35009765625,873.1799926757812,16085.1103515625,38722.69140625,5123.68994140625,39688.94140625
