종목코드,종목명,EPS,BPS,PER,PBR,배당수익률,ROE,날짜,종가,거래량,상장주식수,등락률,KOSPI,KOSDAQ,NASDAQ,Dow Jones,S&P 500,Nikkei
43370,피에이치에이,3011.0,36108.0,3.92,0.33,2.12,8.33887227207267,20240304,11970.0,112631.0,21000000.0,2.13,2674.27001953125,872.969970703125,16207.509765625,38989.828125,5130.9501953125,40109.23046875
43370,피에이치에이,3011.0,36108.0,3.92,0.33,2.12,8.33887227207267,20240305,11590.0,84323.0,21000000.0,-3.17,2649.39990234375,866.3699951171875,15939.58984375,38585.19140625,5078.64990234375,40097.62890625
43370,피에이치에이,3011.0,36108.0,3.92,0.33,2.12,8.33887227207267,20240306,11980.0,156345.0,21000000.0,3.36,2641.489990234375,870.6699829101562,16031.5400390625,38661.05078125,5104.759765625,40090.78125
43370,피에이치에이,3011.0,36108.0,3.92,0.33,2.12,8.33887227207267,20240307,11440.0,192126.0,21000000.0,-4.51,2647.6201171875,863.3699951171875,16273.3798828125,38791.3515625,5157.35986328125,39598.7109375
43370,피에이치에이,3011.0,36108.0,3.92,0.33,2.12,8.33887227207267,20240308,11380.0,44671.0,21000000.0,-0.52,2680.35009765625,873.1799926757812,16085.1103515625,38722.69140625,5123.68994140625,39688.94140625
