종목코드,종목명,EPS,BPS,PER,PBR,배당수익률,ROE,날짜,종가,거래량,상장주식수,등락률,KOSPI,KOSDAQ,NASDAQ,Dow Jones,S&P 500,Nikkei
147760,피엠티,,4191.0,,0.98,0.0,,20240304,7580.0,173746.0,10819866.0,5.42,2674.27001953125,872.969970703125,16207.509765625,38989.828125,5130.9501953125,40109.23046875
147760,피엠티,,4191.0,,0.98,0.0,,20240305,7100.0,334797.0,10819866.0,-6.33,2649.39990234375,866.3699951171875,15939.58984375,38585.19140625,5078.64990234375,40097.62890625
147760,피엠티,,4191.0,,0.98,0.0,,20240306,6860.0,159378.0,10819866.0,-3.38,2641.489990234375,870.6699829101562,16031.5400390625,38661.05078125,5104.759765625,40090.78125
147760,피엠티,,4191.0,,0.98,0.0,,20240307,6750.0,209731.0,10819866.0,-1.6,2647.6201171875,863.3699951171875,16273.3798828125,38791.3515625,5157.35986328125,39598.7109375
147760,피엠티,,4191.0,,0.98,0.0,,20240308,6890.0,199495.0,10819866.0,2.07,2680.35009765625,873.1799926757812,16085.1103515625,38722.69140625,5123.68994140625,39688.94140625
