종목코드,종목명,EPS,BPS,PER,PBR,배당수익률,ROE,날짜,종가,거래량,상장주식수,등락률,KOSPI,KOSDAQ,NASDAQ,Dow Jones,S&P 500,Nikkei
86790,하나금융지주,11380.0,136601.0,5.67,0.47,5.27,8.330832131536372,20240304,60200.0,2209560.0,292356598.0,6.36,2674.27001953125,872.969970703125,16207.509765625,38989.828125,5130.9501953125,40109.23046875
86790,하나금융지주,11380.0,136601.0,5.67,0.47,5.27,8.330832131536372,20240305,59700.0,2100112.0,292356598.0,-0.83,2649.39990234375,866.3699951171875,15939.58984375,38585.19140625,5078.64990234375,40097.62890625
86790,하나금융지주,11380.0,136601.0,5.67,0.47,5.27,8.330832131536372,20240306,59200.0,1240810.0,292356598.0,-0.84,2641.489990234375,870.6699829101562,16031.5400390625,38661.05078125,5104.759765625,40090.78125
86790,하나금융지주,11380.0,136601.0,5.67,0.47,5.27,8.330832131536372,20240307,59800.0,1459156.0,292356598.0,1.01,2647.6201171875,863.3699951171875,16273.3798828125,38791.3515625,5157.35986328125,39598.7109375
86790,하나금융지주,11380.0,136601.0,5.67,0.47,5.27,8.330832131536372,20240308,59700.0,1041284.0,292356598.0,-0.17,2680.35009765625,873.1799926757812,16085.1103515625,38722.69140625,5123.68994140625,39688.94140625
