종목코드,종목명,EPS,BPS,PER,PBR,배당수익률,ROE,날짜,종가,거래량,상장주식수,등락률,KOSPI,KOSDAQ,NASDAQ,Dow Jones,S&P 500,Nikkei
136480,하림,123.0,2898.0,24.39,1.04,1.0,4.244306418219462,20240304,3045.0,594247.0,106209702.0,0.33,2674.27001953125,872.969970703125,16207.509765625,38989.828125,5130.9501953125,40109.23046875
136480,하림,123.0,2898.0,24.39,1.04,1.0,4.244306418219462,20240305,3005.0,895236.0,106209702.0,-1.31,2649.39990234375,866.3699951171875,15939.58984375,38585.19140625,5078.64990234375,40097.62890625
136480,하림,123.0,2898.0,24.39,1.04,1.0,4.244306418219462,20240306,2990.0,608836.0,106209702.0,-0.5,2641.489990234375,870.6699829101562,16031.5400390625,38661.05078125,5104.759765625,40090.78125
136480,하림,123.0,2898.0,24.39,1.04,1.0,4.244306418219462,20240307,2940.0,821839.0,106209702.0,-1.67,2647.6201171875,863.3699951171875,16273.3798828125,38791.3515625,5157.35986328125,39598.7109375
136480,하림,123.0,2898.0,24.39,1.04,1.0,4.244306418219462,20240308,2955.0,371292.0,106209702.0,0.51,2680.35009765625,873.1799926757812,16085.1103515625,38722.69140625,5123.68994140625,39688.94140625
