종목코드,종목명,EPS,BPS,PER,PBR,배당수익률,ROE,날짜,종가,거래량,상장주식수,등락률,KOSPI,KOSDAQ,NASDAQ,Dow Jones,S&P 500,Nikkei
149980,하이로닉,430.0,4380.0,19.37,1.9,0.0,9.817351598173516,20240304,7270.0,286509.0,18590363.0,-2.81,2674.27001953125,872.969970703125,16207.509765625,38989.828125,5130.9501953125,40109.23046875
149980,하이로닉,430.0,4380.0,19.37,1.9,0.0,9.817351598173516,20240305,7290.0,136378.0,18590363.0,0.28,2649.39990234375,866.3699951171875,15939.58984375,38585.19140625,5078.64990234375,40097.62890625
149980,하이로닉,430.0,4380.0,19.37,1.9,0.0,9.817351598173516,20240306,7620.0,252449.0,18590363.0,4.53,2641.489990234375,870.6699829101562,16031.5400390625,38661.05078125,5104.759765625,40090.78125
149980,하이로닉,430.0,4380.0,19.37,1.9,0.0,9.817351598173516,20240307,7300.0,212069.0,18590363.0,-4.2,2647.6201171875,863.3699951171875,16273.3798828125,38791.3515625,5157.35986328125,39598.7109375
149980,하이로닉,430.0,4380.0,19.37,1.9,0.0,9.817351598173516,20240308,7400.0,119095.0,18590363.0,1.37,2680.35009765625,873.1799926757812,16085.1103515625,38722.69140625,5123.68994140625,39688.94140625
