종목코드,종목명,EPS,BPS,PER,PBR,배당수익률,ROE,날짜,종가,거래량,상장주식수,등락률,KOSPI,KOSDAQ,NASDAQ,Dow Jones,S&P 500,Nikkei
106190,하이텍팜,760.0,10069.0,23.92,1.81,0.55,7.547919356440561,20240304,9060.0,18504.0,10633173.0,-2.27,2674.27001953125,872.969970703125,16207.509765625,38989.828125,5130.9501953125,40109.23046875
106190,하이텍팜,760.0,10069.0,23.92,1.81,0.55,7.547919356440561,20240305,8990.0,36278.0,10633173.0,-0.77,2649.39990234375,866.3699951171875,15939.58984375,38585.19140625,5078.64990234375,40097.62890625
106190,하이텍팜,760.0,10069.0,23.92,1.81,0.55,7.547919356440561,20240306,9120.0,11520.0,10633173.0,1.45,2641.489990234375,870.6699829101562,16031.5400390625,38661.05078125,5104.759765625,40090.78125
106190,하이텍팜,760.0,10069.0,23.92,1.81,0.55,7.547919356440561,20240307,9040.0,11013.0,10633173.0,-0.88,2647.6201171875,863.3699951171875,16273.3798828125,38791.3515625,5157.35986328125,39598.7109375
106190,하이텍팜,760.0,10069.0,23.92,1.81,0.55,7.547919356440561,20240308,9170.0,15328.0,10633173.0,1.44,2680.35009765625,873.1799926757812,16085.1103515625,38722.69140625,5123.68994140625,39688.94140625
