종목코드,종목명,EPS,BPS,PER,PBR,배당수익률,ROE,날짜,종가,거래량,상장주식수,등락률,KOSPI,KOSDAQ,NASDAQ,Dow Jones,S&P 500,Nikkei
106080,하이소닉,,771.0,,7.17,0.0,,20240304,5130.0,86660.0,15473561.0,-3.57,2674.27001953125,872.969970703125,16207.509765625,38989.828125,5130.9501953125,40109.23046875
106080,하이소닉,,771.0,,7.17,0.0,,20240305,4715.0,102748.0,15473561.0,-8.09,2649.39990234375,866.3699951171875,15939.58984375,38585.19140625,5078.64990234375,40097.62890625
106080,하이소닉,,771.0,,7.17,0.0,,20240306,4855.0,47751.0,15473561.0,2.97,2641.489990234375,870.6699829101562,16031.5400390625,38661.05078125,5104.759765625,40090.78125
106080,하이소닉,,771.0,,7.17,0.0,,20240307,4820.0,28511.0,15473561.0,-0.72,2647.6201171875,863.3699951171875,16273.3798828125,38791.3515625,5157.35986328125,39598.7109375
106080,하이소닉,,771.0,,7.17,0.0,,20240308,5000.0,68328.0,15473561.0,3.73,2680.35009765625,873.1799926757812,16085.1103515625,38722.69140625,5123.68994140625,39688.94140625
