종목코드,종목명,EPS,BPS,PER,PBR,배당수익률,ROE,날짜,종가,거래량,상장주식수,등락률,KOSPI,KOSDAQ,NASDAQ,Dow Jones,S&P 500,Nikkei
3350,한국화장품제조,2009.0,14516.0,32.16,4.45,0.15,13.839900799118215,20240304,23350.0,10702.0,4532000.0,-0.21,2674.27001953125,872.969970703125,16207.509765625,38989.828125,5130.9501953125,40109.23046875
3350,한국화장품제조,2009.0,14516.0,32.16,4.45,0.15,13.839900799118215,20240305,23350.0,11760.0,4532000.0,0.0,2649.39990234375,866.3699951171875,15939.58984375,38585.19140625,5078.64990234375,40097.62890625
3350,한국화장품제조,2009.0,14516.0,32.16,4.45,0.15,13.839900799118215,20240306,23200.0,7531.0,4532000.0,-0.64,2641.489990234375,870.6699829101562,16031.5400390625,38661.05078125,5104.759765625,40090.78125
3350,한국화장품제조,2009.0,14516.0,32.16,4.45,0.15,13.839900799118215,20240307,23100.0,13797.0,4532000.0,-0.43,2647.6201171875,863.3699951171875,16273.3798828125,38791.3515625,5157.35986328125,39598.7109375
3350,한국화장품제조,2009.0,14516.0,32.16,4.45,0.15,13.839900799118215,20240308,23600.0,25448.0,4532000.0,2.16,2680.35009765625,873.1799926757812,16085.1103515625,38722.69140625,5123.68994140625,39688.94140625
