종목코드,종목명,EPS,BPS,PER,PBR,배당수익률,ROE,날짜,종가,거래량,상장주식수,등락률,KOSPI,KOSDAQ,NASDAQ,Dow Jones,S&P 500,Nikkei
161890,한국콜마,227.0,28347.0,289.43,2.32,0.91,0.8007902070765867,20240304,45750.0,164366.0,22881180.0,-3.58,2674.27001953125,872.969970703125,16207.509765625,38989.828125,5130.9501953125,40109.23046875
161890,한국콜마,227.0,28347.0,289.43,2.32,0.91,0.8007902070765867,20240305,45950.0,154133.0,22881180.0,0.44,2649.39990234375,866.3699951171875,15939.58984375,38585.19140625,5078.64990234375,40097.62890625
161890,한국콜마,227.0,28347.0,289.43,2.32,0.91,0.8007902070765867,20240306,47200.0,157386.0,23605077.0,2.72,2641.489990234375,870.6699829101562,16031.5400390625,38661.05078125,5104.759765625,40090.78125
161890,한국콜마,227.0,28347.0,289.43,2.32,0.91,0.8007902070765867,20240307,45900.0,147434.0,23605077.0,-2.75,2647.6201171875,863.3699951171875,16273.3798828125,38791.3515625,5157.35986328125,39598.7109375
161890,한국콜마,227.0,28347.0,289.43,2.32,0.91,0.8007902070765867,20240308,45650.0,129420.0,23605077.0,-0.54,2680.35009765625,873.1799926757812,16085.1103515625,38722.69140625,5123.68994140625,39688.94140625
