종목코드,종목명,EPS,BPS,PER,PBR,배당수익률,ROE,날짜,종가,거래량,상장주식수,등락률,KOSPI,KOSDAQ,NASDAQ,Dow Jones,S&P 500,Nikkei
2200,한국수출포장,498.0,7743.0,4.9,0.32,3.28,6.431615652847733,20240304,3110.0,120166.0,40000000.0,2.13,2674.27001953125,872.969970703125,16207.509765625,38989.828125,5130.9501953125,40109.23046875
2200,한국수출포장,498.0,7743.0,4.9,0.32,3.28,6.431615652847733,20240305,3050.0,152673.0,40000000.0,-1.93,2649.39990234375,866.3699951171875,15939.58984375,38585.19140625,5078.64990234375,40097.62890625
2200,한국수출포장,498.0,7743.0,4.9,0.32,3.28,6.431615652847733,20240306,3025.0,98031.0,40000000.0,-0.82,2641.489990234375,870.6699829101562,16031.5400390625,38661.05078125,5104.759765625,40090.78125
2200,한국수출포장,498.0,7743.0,4.9,0.32,3.28,6.431615652847733,20240307,2940.0,129811.0,40000000.0,-2.81,2647.6201171875,863.3699951171875,16273.3798828125,38791.3515625,5157.35986328125,39598.7109375
2200,한국수출포장,498.0,7743.0,4.9,0.32,3.28,6.431615652847733,20240308,2950.0,62911.0,40000000.0,0.34,2680.35009765625,873.1799926757812,16085.1103515625,38722.69140625,5123.68994140625,39688.94140625
