종목코드,종목명,EPS,BPS,PER,PBR,배당수익률,ROE,날짜,종가,거래량,상장주식수,등락률,KOSPI,KOSDAQ,NASDAQ,Dow Jones,S&P 500,Nikkei
25890,한국주강,224.0,2959.0,10.27,0.78,0.0,7.570125042244001,20240304,2645.0,41730.0,11309259.0,-0.38,2674.27001953125,872.969970703125,16207.509765625,38989.828125,5130.9501953125,40109.23046875
25890,한국주강,224.0,2959.0,10.27,0.78,0.0,7.570125042244001,20240305,2620.0,17189.0,11309259.0,-0.95,2649.39990234375,866.3699951171875,15939.58984375,38585.19140625,5078.64990234375,40097.62890625
25890,한국주강,224.0,2959.0,10.27,0.78,0.0,7.570125042244001,20240306,2575.0,18432.0,11309259.0,-1.72,2641.489990234375,870.6699829101562,16031.5400390625,38661.05078125,5104.759765625,40090.78125
25890,한국주강,224.0,2959.0,10.27,0.78,0.0,7.570125042244001,20240307,2540.0,25190.0,11309259.0,-1.36,2647.6201171875,863.3699951171875,16273.3798828125,38791.3515625,5157.35986328125,39598.7109375
25890,한국주강,224.0,2959.0,10.27,0.78,0.0,7.570125042244001,20240308,2475.0,41965.0,11309259.0,-2.56,2680.35009765625,873.1799926757812,16085.1103515625,38722.69140625,5123.68994140625,39688.94140625
