종목코드,종목명,EPS,BPS,PER,PBR,배당수익률,ROE,날짜,종가,거래량,상장주식수,등락률,KOSPI,KOSDAQ,NASDAQ,Dow Jones,S&P 500,Nikkei
123890,한국자산신탁,1059.0,8459.0,2.87,0.36,7.24,12.51921030854711,20240304,3395.0,182787.0,123977752.0,0.89,2674.27001953125,872.969970703125,16207.509765625,38989.828125,5130.9501953125,40109.23046875
123890,한국자산신탁,1059.0,8459.0,2.87,0.36,7.24,12.51921030854711,20240305,3440.0,168794.0,123977752.0,1.33,2649.39990234375,866.3699951171875,15939.58984375,38585.19140625,5078.64990234375,40097.62890625
123890,한국자산신탁,1059.0,8459.0,2.87,0.36,7.24,12.51921030854711,20240306,3490.0,230013.0,123977752.0,1.45,2641.489990234375,870.6699829101562,16031.5400390625,38661.05078125,5104.759765625,40090.78125
123890,한국자산신탁,1059.0,8459.0,2.87,0.36,7.24,12.51921030854711,20240307,3485.0,183677.0,123977752.0,-0.14,2647.6201171875,863.3699951171875,16273.3798828125,38791.3515625,5157.35986328125,39598.7109375
123890,한국자산신탁,1059.0,8459.0,2.87,0.36,7.24,12.51921030854711,20240308,3495.0,230429.0,123977752.0,0.29,2680.35009765625,873.1799926757812,16085.1103515625,38722.69140625,5123.68994140625,39688.94140625
