종목코드,종목명,EPS,BPS,PER,PBR,배당수익률,ROE,날짜,종가,거래량,상장주식수,등락률,KOSPI,KOSDAQ,NASDAQ,Dow Jones,S&P 500,Nikkei
21650,한국큐빅,509.0,5323.0,4.75,0.45,2.89,9.562276911516063,20240304,2765.0,22119.0,16350563.0,-0.18,2674.27001953125,872.969970703125,16207.509765625,38989.828125,5130.9501953125,40109.23046875
21650,한국큐빅,509.0,5323.0,4.75,0.45,2.89,9.562276911516063,20240305,2735.0,27469.0,16350563.0,-1.08,2649.39990234375,866.3699951171875,15939.58984375,38585.19140625,5078.64990234375,40097.62890625
21650,한국큐빅,509.0,5323.0,4.75,0.45,2.89,9.562276911516063,20240306,2715.0,13130.0,16350563.0,-0.73,2641.489990234375,870.6699829101562,16031.5400390625,38661.05078125,5104.759765625,40090.78125
21650,한국큐빅,509.0,5323.0,4.75,0.45,2.89,9.562276911516063,20240307,2735.0,20699.0,16350563.0,0.74,2647.6201171875,863.3699951171875,16273.3798828125,38791.3515625,5157.35986328125,39598.7109375
21650,한국큐빅,509.0,5323.0,4.75,0.45,2.89,9.562276911516063,20240308,2770.0,23143.0,16350563.0,1.28,2680.35009765625,873.1799926757812,16085.1103515625,38722.69140625,5123.68994140625,39688.94140625
