종목코드,종목명,EPS,BPS,PER,PBR,배당수익률,ROE,날짜,종가,거래량,상장주식수,등락률,KOSPI,KOSDAQ,NASDAQ,Dow Jones,S&P 500,Nikkei
30520,한글과컴퓨터,633.0,14031.0,29.23,1.32,2.22,4.511438956596109,20240304,24000.0,904014.0,24179744.0,2.35,2674.27001953125,872.969970703125,16207.509765625,38989.828125,5130.9501953125,40109.23046875
30520,한글과컴퓨터,633.0,14031.0,29.23,1.32,2.22,4.511438956596109,20240305,22950.0,1365164.0,24179744.0,-4.38,2649.39990234375,866.3699951171875,15939.58984375,38585.19140625,5078.64990234375,40097.62890625
30520,한글과컴퓨터,633.0,14031.0,29.23,1.32,2.22,4.511438956596109,20240306,23100.0,829985.0,24179744.0,0.65,2641.489990234375,870.6699829101562,16031.5400390625,38661.05078125,5104.759765625,40090.78125
30520,한글과컴퓨터,633.0,14031.0,29.23,1.32,2.22,4.511438956596109,20240307,22900.0,679219.0,24179744.0,-0.87,2647.6201171875,863.3699951171875,16273.3798828125,38791.3515625,5157.35986328125,39598.7109375
30520,한글과컴퓨터,633.0,14031.0,29.23,1.32,2.22,4.511438956596109,20240308,22600.0,621622.0,24179744.0,-1.31,2680.35009765625,873.1799926757812,16085.1103515625,38722.69140625,5123.68994140625,39688.94140625
