종목코드,종목명,EPS,BPS,PER,PBR,배당수익률,ROE,날짜,종가,거래량,상장주식수,등락률,KOSPI,KOSDAQ,NASDAQ,Dow Jones,S&P 500,Nikkei
25540,한국단자,7068.0,90347.0,8.43,0.66,1.17,7.823170664216852,20240304,63700.0,36351.0,10415000.0,0.31,2674.27001953125,872.969970703125,16207.509765625,38989.828125,5130.9501953125,40109.23046875
25540,한국단자,7068.0,90347.0,8.43,0.66,1.17,7.823170664216852,20240305,64300.0,19048.0,10415000.0,0.94,2649.39990234375,866.3699951171875,15939.58984375,38585.19140625,5078.64990234375,40097.62890625
25540,한국단자,7068.0,90347.0,8.43,0.66,1.17,7.823170664216852,20240306,64000.0,31942.0,10415000.0,-0.47,2641.489990234375,870.6699829101562,16031.5400390625,38661.05078125,5104.759765625,40090.78125
25540,한국단자,7068.0,90347.0,8.43,0.66,1.17,7.823170664216852,20240307,65200.0,33654.0,10415000.0,1.88,2647.6201171875,863.3699951171875,16273.3798828125,38791.3515625,5157.35986328125,39598.7109375
25540,한국단자,7068.0,90347.0,8.43,0.66,1.17,7.823170664216852,20240308,68400.0,71469.0,10415000.0,4.91,2680.35009765625,873.1799926757812,16085.1103515625,38722.69140625,5123.68994140625,39688.94140625
