종목코드,종목명,EPS,BPS,PER,PBR,배당수익률,ROE,날짜,종가,거래량,상장주식수,등락률,KOSPI,KOSDAQ,NASDAQ,Dow Jones,S&P 500,Nikkei
8930,한미사이언스,1694.0,11621.0,18.89,2.75,0.63,14.577058772911109,20240304,39650.0,407002.0,69956940.0,-3.76,2674.27001953125,872.969970703125,16207.509765625,38989.828125,5130.9501953125,40109.23046875
8930,한미사이언스,1694.0,11621.0,18.89,2.75,0.63,14.577058772911109,20240305,39500.0,213588.0,69956940.0,-0.38,2649.39990234375,866.3699951171875,15939.58984375,38585.19140625,5078.64990234375,40097.62890625
8930,한미사이언스,1694.0,11621.0,18.89,2.75,0.63,14.577058772911109,20240306,39900.0,159989.0,69956940.0,1.01,2641.489990234375,870.6699829101562,16031.5400390625,38661.05078125,5104.759765625,40090.78125
8930,한미사이언스,1694.0,11621.0,18.89,2.75,0.63,14.577058772911109,20240307,37600.0,371745.0,69956940.0,-5.76,2647.6201171875,863.3699951171875,16273.3798828125,38791.3515625,5157.35986328125,39598.7109375
8930,한미사이언스,1694.0,11621.0,18.89,2.75,0.63,14.577058772911109,20240308,38900.0,219297.0,69956940.0,3.46,2680.35009765625,873.1799926757812,16085.1103515625,38722.69140625,5123.68994140625,39688.94140625
