종목코드,종목명,EPS,BPS,PER,PBR,배당수익률,ROE,날짜,종가,거래량,상장주식수,등락률,KOSPI,KOSDAQ,NASDAQ,Dow Jones,S&P 500,Nikkei
256150,한독크린텍,667.0,7121.0,10.55,0.99,3.55,9.366661985676169,20240304,7440.0,8344.0,8395000.0,0.0,2674.27001953125,872.969970703125,16207.509765625,38989.828125,5130.9501953125,40109.23046875
256150,한독크린텍,667.0,7121.0,10.55,0.99,3.55,9.366661985676169,20240305,7460.0,12994.0,8395000.0,0.27,2649.39990234375,866.3699951171875,15939.58984375,38585.19140625,5078.64990234375,40097.62890625
256150,한독크린텍,667.0,7121.0,10.55,0.99,3.55,9.366661985676169,20240306,7330.0,18405.0,8395000.0,-1.74,2641.489990234375,870.6699829101562,16031.5400390625,38661.05078125,5104.759765625,40090.78125
256150,한독크린텍,667.0,7121.0,10.55,0.99,3.55,9.366661985676169,20240307,7200.0,18803.0,8395000.0,-1.77,2647.6201171875,863.3699951171875,16273.3798828125,38791.3515625,5157.35986328125,39598.7109375
256150,한독크린텍,667.0,7121.0,10.55,0.99,3.55,9.366661985676169,20240308,7230.0,13562.0,8395000.0,0.42,2680.35009765625,873.1799926757812,16085.1103515625,38722.69140625,5123.68994140625,39688.94140625
