종목코드,종목명,EPS,BPS,PER,PBR,배당수익률,ROE,날짜,종가,거래량,상장주식수,등락률,KOSPI,KOSDAQ,NASDAQ,Dow Jones,S&P 500,Nikkei
42700,한미반도체,2753.0,5875.0,46.75,21.91,0.33,46.85957446808511,20240304,95400.0,9385190.0,97339302.0,12.5,2674.27001953125,872.969970703125,16207.509765625,38989.828125,5130.9501953125,40109.23046875
42700,한미반도체,2753.0,5875.0,46.75,21.91,0.33,46.85957446808511,20240305,94800.0,2547467.0,97339302.0,-0.63,2649.39990234375,866.3699951171875,15939.58984375,38585.19140625,5078.64990234375,40097.62890625
42700,한미반도체,2753.0,5875.0,46.75,21.91,0.33,46.85957446808511,20240306,101400.0,3566477.0,97339302.0,6.96,2641.489990234375,870.6699829101562,16031.5400390625,38661.05078125,5104.759765625,40090.78125
42700,한미반도체,2753.0,5875.0,46.75,21.91,0.33,46.85957446808511,20240307,98700.0,3422841.0,97339302.0,-2.66,2647.6201171875,863.3699951171875,16273.3798828125,38791.3515625,5157.35986328125,39598.7109375
42700,한미반도체,2753.0,5875.0,46.75,21.91,0.33,46.85957446808511,20240308,100100.0,3084238.0,97339302.0,1.42,2680.35009765625,873.1799926757812,16085.1103515625,38722.69140625,5123.68994140625,39688.94140625
