종목코드,종목명,EPS,BPS,PER,PBR,배당수익률,ROE,날짜,종가,거래량,상장주식수,등락률,KOSPI,KOSDAQ,NASDAQ,Dow Jones,S&P 500,Nikkei
11500,한농화성,811.0,10630.0,16.05,1.22,0.92,7.629350893697085,20240304,17550.0,516229.0,15637042.0,3.3,2674.27001953125,872.969970703125,16207.509765625,38989.828125,5130.9501953125,40109.23046875
11500,한농화성,811.0,10630.0,16.05,1.22,0.92,7.629350893697085,20240305,20000.0,4387400.0,15637042.0,13.96,2649.39990234375,866.3699951171875,15939.58984375,38585.19140625,5078.64990234375,40097.62890625
11500,한농화성,811.0,10630.0,16.05,1.22,0.92,7.629350893697085,20240306,18530.0,1827644.0,15637042.0,-7.35,2641.489990234375,870.6699829101562,16031.5400390625,38661.05078125,5104.759765625,40090.78125
11500,한농화성,811.0,10630.0,16.05,1.22,0.92,7.629350893697085,20240307,21750.0,18057105.0,15637042.0,17.38,2647.6201171875,863.3699951171875,16273.3798828125,38791.3515625,5157.35986328125,39598.7109375
11500,한농화성,811.0,10630.0,16.05,1.22,0.92,7.629350893697085,20240308,21250.0,5896781.0,15637042.0,-2.3,2680.35009765625,873.1799926757812,16085.1103515625,38722.69140625,5123.68994140625,39688.94140625
