종목코드,종목명,EPS,BPS,PER,PBR,배당수익률,ROE,날짜,종가,거래량,상장주식수,등락률,KOSPI,KOSDAQ,NASDAQ,Dow Jones,S&P 500,Nikkei
51600,한전KPS,3615.0,28280.0,10.87,1.39,5.49,12.78288543140028,20240304,37150.0,109743.0,45000000.0,-0.13,2674.27001953125,872.969970703125,16207.509765625,38989.828125,5130.9501953125,40109.23046875
51600,한전KPS,3615.0,28280.0,10.87,1.39,5.49,12.78288543140028,20240305,37650.0,138783.0,45000000.0,1.35,2649.39990234375,866.3699951171875,15939.58984375,38585.19140625,5078.64990234375,40097.62890625
51600,한전KPS,3615.0,28280.0,10.87,1.39,5.49,12.78288543140028,20240306,38400.0,233342.0,45000000.0,1.99,2641.489990234375,870.6699829101562,16031.5400390625,38661.05078125,5104.759765625,40090.78125
51600,한전KPS,3615.0,28280.0,10.87,1.39,5.49,12.78288543140028,20240307,37500.0,192518.0,45000000.0,-2.34,2647.6201171875,863.3699951171875,16273.3798828125,38791.3515625,5157.35986328125,39598.7109375
51600,한전KPS,3615.0,28280.0,10.87,1.39,5.49,12.78288543140028,20240308,37000.0,168692.0,45000000.0,-1.33,2680.35009765625,873.1799926757812,16085.1103515625,38722.69140625,5123.68994140625,39688.94140625
