종목코드,종목명,EPS,BPS,PER,PBR,배당수익률,ROE,날짜,종가,거래량,상장주식수,등락률,KOSPI,KOSDAQ,NASDAQ,Dow Jones,S&P 500,Nikkei
45100,한양이엔지,4540.0,31478.0,3.9,0.56,3.39,14.422771459431983,20240304,16780.0,104886.0,18000000.0,1.08,2674.27001953125,872.969970703125,16207.509765625,38989.828125,5130.9501953125,40109.23046875
45100,한양이엔지,4540.0,31478.0,3.9,0.56,3.39,14.422771459431983,20240305,16350.0,90539.0,18000000.0,-2.56,2649.39990234375,866.3699951171875,15939.58984375,38585.19140625,5078.64990234375,40097.62890625
45100,한양이엔지,4540.0,31478.0,3.9,0.56,3.39,14.422771459431983,20240306,16720.0,114816.0,18000000.0,2.26,2641.489990234375,870.6699829101562,16031.5400390625,38661.05078125,5104.759765625,40090.78125
45100,한양이엔지,4540.0,31478.0,3.9,0.56,3.39,14.422771459431983,20240307,16250.0,90148.0,18000000.0,-2.81,2647.6201171875,863.3699951171875,16273.3798828125,38791.3515625,5157.35986328125,39598.7109375
45100,한양이엔지,4540.0,31478.0,3.9,0.56,3.39,14.422771459431983,20240308,16260.0,58361.0,18000000.0,0.06,2680.35009765625,873.1799926757812,16085.1103515625,38722.69140625,5123.68994140625,39688.94140625
