종목코드,종목명,EPS,BPS,PER,PBR,배당수익률,ROE,날짜,종가,거래량,상장주식수,등락률,KOSPI,KOSDAQ,NASDAQ,Dow Jones,S&P 500,Nikkei
16450,한세예스24홀딩스,1437.0,12835.0,3.17,0.35,5.49,11.19594857810674,20240304,4655.0,9401.0,40000000.0,-0.43,2674.27001953125,872.969970703125,16207.509765625,38989.828125,5130.9501953125,40109.23046875
16450,한세예스24홀딩스,1437.0,12835.0,3.17,0.35,5.49,11.19594857810674,20240305,4585.0,28853.0,40000000.0,-1.5,2649.39990234375,866.3699951171875,15939.58984375,38585.19140625,5078.64990234375,40097.62890625
16450,한세예스24홀딩스,1437.0,12835.0,3.17,0.35,5.49,11.19594857810674,20240306,4610.0,20424.0,40000000.0,0.55,2641.489990234375,870.6699829101562,16031.5400390625,38661.05078125,5104.759765625,40090.78125
16450,한세예스24홀딩스,1437.0,12835.0,3.17,0.35,5.49,11.19594857810674,20240307,4635.0,21538.0,40000000.0,0.54,2647.6201171875,863.3699951171875,16273.3798828125,38791.3515625,5157.35986328125,39598.7109375
16450,한세예스24홀딩스,1437.0,12835.0,3.17,0.35,5.49,11.19594857810674,20240308,4725.0,29015.0,40000000.0,1.94,2680.35009765625,873.1799926757812,16085.1103515625,38722.69140625,5123.68994140625,39688.94140625
