종목코드,종목명,EPS,BPS,PER,PBR,배당수익률,ROE,날짜,종가,거래량,상장주식수,등락률,KOSPI,KOSDAQ,NASDAQ,Dow Jones,S&P 500,Nikkei
130660,한전산업,476.0,3178.0,32.25,4.83,1.93,14.977973568281936,20240304,7680.0,98839.0,32600000.0,-0.26,2674.27001953125,872.969970703125,16207.509765625,38989.828125,5130.9501953125,40109.23046875
130660,한전산업,476.0,3178.0,32.25,4.83,1.93,14.977973568281936,20240305,7530.0,156204.0,32600000.0,-1.95,2649.39990234375,866.3699951171875,15939.58984375,38585.19140625,5078.64990234375,40097.62890625
130660,한전산업,476.0,3178.0,32.25,4.83,1.93,14.977973568281936,20240306,7600.0,93439.0,32600000.0,0.93,2641.489990234375,870.6699829101562,16031.5400390625,38661.05078125,5104.759765625,40090.78125
130660,한전산업,476.0,3178.0,32.25,4.83,1.93,14.977973568281936,20240307,7410.0,146308.0,32600000.0,-2.5,2647.6201171875,863.3699951171875,16273.3798828125,38791.3515625,5157.35986328125,39598.7109375
130660,한전산업,476.0,3178.0,32.25,4.83,1.93,14.977973568281936,20240308,7370.0,99978.0,32600000.0,-0.54,2680.35009765625,873.1799926757812,16085.1103515625,38722.69140625,5123.68994140625,39688.94140625
