종목코드,종목명,EPS,BPS,PER,PBR,배당수익률,ROE,날짜,종가,거래량,상장주식수,등락률,KOSPI,KOSDAQ,NASDAQ,Dow Jones,S&P 500,Nikkei
66980,한성크린텍,18.0,2605.0,115.28,0.8,0.0,0.690978886756238,20240304,3155.0,9278419.0,50035429.0,15.36,2674.27001953125,872.969970703125,16207.509765625,38989.828125,5130.9501953125,40109.23046875
66980,한성크린텍,18.0,2605.0,115.28,0.8,0.0,0.690978886756238,20240305,3105.0,1271622.0,50035429.0,-1.58,2649.39990234375,866.3699951171875,15939.58984375,38585.19140625,5078.64990234375,40097.62890625
66980,한성크린텍,18.0,2605.0,115.28,0.8,0.0,0.690978886756238,20240306,3115.0,1071005.0,50035429.0,0.32,2641.489990234375,870.6699829101562,16031.5400390625,38661.05078125,5104.759765625,40090.78125
66980,한성크린텍,18.0,2605.0,115.28,0.8,0.0,0.690978886756238,20240307,3245.0,1569518.0,50035429.0,4.17,2647.6201171875,863.3699951171875,16273.3798828125,38791.3515625,5157.35986328125,39598.7109375
66980,한성크린텍,18.0,2605.0,115.28,0.8,0.0,0.690978886756238,20240308,3090.0,743306.0,50035429.0,-4.78,2680.35009765625,873.1799926757812,16085.1103515625,38722.69140625,5123.68994140625,39688.94140625
