종목코드,종목명,EPS,BPS,PER,PBR,배당수익률,ROE,날짜,종가,거래량,상장주식수,등락률,KOSPI,KOSDAQ,NASDAQ,Dow Jones,S&P 500,Nikkei
114810,한솔아이원스,77.0,5502.0,144.03,2.02,0.0,1.3994910941475829,20240304,12160.0,347581.0,29352174.0,2.53,2674.27001953125,872.969970703125,16207.509765625,38989.828125,5130.9501953125,40109.23046875
114810,한솔아이원스,77.0,5502.0,144.03,2.02,0.0,1.3994910941475829,20240305,12020.0,109054.0,29352174.0,-1.15,2649.39990234375,866.3699951171875,15939.58984375,38585.19140625,5078.64990234375,40097.62890625
114810,한솔아이원스,77.0,5502.0,144.03,2.02,0.0,1.3994910941475829,20240306,12230.0,176497.0,29352174.0,1.75,2641.489990234375,870.6699829101562,16031.5400390625,38661.05078125,5104.759765625,40090.78125
114810,한솔아이원스,77.0,5502.0,144.03,2.02,0.0,1.3994910941475829,20240307,11750.0,216802.0,29352174.0,-3.92,2647.6201171875,863.3699951171875,16273.3798828125,38791.3515625,5157.35986328125,39598.7109375
114810,한솔아이원스,77.0,5502.0,144.03,2.02,0.0,1.3994910941475829,20240308,12110.0,287661.0,29352174.0,3.06,2680.35009765625,873.1799926757812,16085.1103515625,38722.69140625,5123.68994140625,39688.94140625
