종목코드,종목명,EPS,BPS,PER,PBR,배당수익률,ROE,날짜,종가,거래량,상장주식수,등락률,KOSPI,KOSDAQ,NASDAQ,Dow Jones,S&P 500,Nikkei
42660,한화오션,736.0,14061.0,41.78,2.19,0.0,5.2343361069625205,20240304,22900.0,1054949.0,306358899.0,-2.97,2674.27001953125,872.969970703125,16207.509765625,38989.828125,5130.9501953125,40109.23046875
42660,한화오션,736.0,14061.0,41.78,2.19,0.0,5.2343361069625205,20240305,22500.0,778362.0,306358899.0,-1.75,2649.39990234375,866.3699951171875,15939.58984375,38585.19140625,5078.64990234375,40097.62890625
42660,한화오션,736.0,14061.0,41.78,2.19,0.0,5.2343361069625205,20240306,22300.0,637436.0,306358899.0,-0.89,2641.489990234375,870.6699829101562,16031.5400390625,38661.05078125,5104.759765625,40090.78125
42660,한화오션,736.0,14061.0,41.78,2.19,0.0,5.2343361069625205,20240307,22700.0,696934.0,306358899.0,1.79,2647.6201171875,863.3699951171875,16273.3798828125,38791.3515625,5157.35986328125,39598.7109375
42660,한화오션,736.0,14061.0,41.78,2.19,0.0,5.2343361069625205,20240308,22550.0,525214.0,306358899.0,-0.66,2680.35009765625,873.1799926757812,16085.1103515625,38722.69140625,5123.68994140625,39688.94140625
