종목코드,종목명,EPS,BPS,PER,PBR,배당수익률,ROE,날짜,종가,거래량,상장주식수,등락률,KOSPI,KOSDAQ,NASDAQ,Dow Jones,S&P 500,Nikkei
370,한화손해보험,1465.0,20905.0,3.81,0.27,3.58,7.007892848600814,20240304,4925.0,1099987.0,116738915.0,2.6,2674.27001953125,872.969970703125,16207.509765625,38989.828125,5130.9501953125,40109.23046875
370,한화손해보험,1465.0,20905.0,3.81,0.27,3.58,7.007892848600814,20240305,4905.0,847293.0,116738915.0,-0.41,2649.39990234375,866.3699951171875,15939.58984375,38585.19140625,5078.64990234375,40097.62890625
370,한화손해보험,1465.0,20905.0,3.81,0.27,3.58,7.007892848600814,20240306,4925.0,885628.0,116738915.0,0.41,2641.489990234375,870.6699829101562,16031.5400390625,38661.05078125,5104.759765625,40090.78125
370,한화손해보험,1465.0,20905.0,3.81,0.27,3.58,7.007892848600814,20240307,4915.0,521949.0,116738915.0,-0.2,2647.6201171875,863.3699951171875,16273.3798828125,38791.3515625,5157.35986328125,39598.7109375
370,한화손해보험,1465.0,20905.0,3.81,0.27,3.58,7.007892848600814,20240308,4810.0,502239.0,116738915.0,-2.14,2680.35009765625,873.1799926757812,16085.1103515625,38722.69140625,5123.68994140625,39688.94140625
