종목코드,종목명,EPS,BPS,PER,PBR,배당수익률,ROE,날짜,종가,거래량,상장주식수,등락률,KOSPI,KOSDAQ,NASDAQ,Dow Jones,S&P 500,Nikkei
170030,현대공업,869.0,9542.0,7.48,0.68,3.08,9.107105428631314,20240304,7860.0,155744.0,15340000.0,-0.13,2674.27001953125,872.969970703125,16207.509765625,38989.828125,5130.9501953125,40109.23046875
170030,현대공업,869.0,9542.0,7.48,0.68,3.08,9.107105428631314,20240305,7630.0,171576.0,15340000.0,-2.93,2649.39990234375,866.3699951171875,15939.58984375,38585.19140625,5078.64990234375,40097.62890625
170030,현대공업,869.0,9542.0,7.48,0.68,3.08,9.107105428631314,20240306,7600.0,92560.0,15340000.0,-0.39,2641.489990234375,870.6699829101562,16031.5400390625,38661.05078125,5104.759765625,40090.78125
170030,현대공업,869.0,9542.0,7.48,0.68,3.08,9.107105428631314,20240307,7510.0,138363.0,15340000.0,-1.18,2647.6201171875,863.3699951171875,16273.3798828125,38791.3515625,5157.35986328125,39598.7109375
170030,현대공업,869.0,9542.0,7.48,0.68,3.08,9.107105428631314,20240308,7500.0,74752.0,15340000.0,-0.13,2680.35009765625,873.1799926757812,16085.1103515625,38722.69140625,5123.68994140625,39688.94140625
