종목코드,종목명,EPS,BPS,PER,PBR,배당수익률,ROE,날짜,종가,거래량,상장주식수,등락률,KOSPI,KOSDAQ,NASDAQ,Dow Jones,S&P 500,Nikkei
41440,현대에버다임,358.0,10235.0,27.63,0.97,0.71,3.4978016609672693,20240304,6420.0,112482.0,17915944.0,0.0,2674.27001953125,872.969970703125,16207.509765625,38989.828125,5130.9501953125,40109.23046875
41440,현대에버다임,358.0,10235.0,27.63,0.97,0.71,3.4978016609672693,20240305,6270.0,134886.0,17915944.0,-2.34,2649.39990234375,866.3699951171875,15939.58984375,38585.19140625,5078.64990234375,40097.62890625
41440,현대에버다임,358.0,10235.0,27.63,0.97,0.71,3.4978016609672693,20240306,6210.0,80410.0,17915944.0,-0.96,2641.489990234375,870.6699829101562,16031.5400390625,38661.05078125,5104.759765625,40090.78125
41440,현대에버다임,358.0,10235.0,27.63,0.97,0.71,3.4978016609672693,20240307,6230.0,124613.0,17915944.0,0.32,2647.6201171875,863.3699951171875,16273.3798828125,38791.3515625,5157.35986328125,39598.7109375
41440,현대에버다임,358.0,10235.0,27.63,0.97,0.71,3.4978016609672693,20240308,6260.0,89836.0,17915944.0,0.48,2680.35009765625,873.1799926757812,16085.1103515625,38722.69140625,5123.68994140625,39688.94140625
