종목코드,종목명,EPS,BPS,PER,PBR,배당수익률,ROE,날짜,종가,거래량,상장주식수,등락률,KOSPI,KOSDAQ,NASDAQ,Dow Jones,S&P 500,Nikkei
227840,현대코퍼레이션홀딩스,3307.0,29944.0,3.31,0.37,4.56,11.04394870424793,20240304,11170.0,7501.0,9100836.0,0.36,2674.27001953125,872.969970703125,16207.509765625,38989.828125,5130.9501953125,40109.23046875
227840,현대코퍼레이션홀딩스,3307.0,29944.0,3.31,0.37,4.56,11.04394870424793,20240305,11150.0,4609.0,9100836.0,-0.18,2649.39990234375,866.3699951171875,15939.58984375,38585.19140625,5078.64990234375,40097.62890625
227840,현대코퍼레이션홀딩스,3307.0,29944.0,3.31,0.37,4.56,11.04394870424793,20240306,11100.0,17574.0,9100836.0,-0.45,2641.489990234375,870.6699829101562,16031.5400390625,38661.05078125,5104.759765625,40090.78125
227840,현대코퍼레이션홀딩스,3307.0,29944.0,3.31,0.37,4.56,11.04394870424793,20240307,11130.0,8552.0,9100836.0,0.27,2647.6201171875,863.3699951171875,16273.3798828125,38791.3515625,5157.35986328125,39598.7109375
227840,현대코퍼레이션홀딩스,3307.0,29944.0,3.31,0.37,4.56,11.04394870424793,20240308,11130.0,2940.0,9100836.0,0.0,2680.35009765625,873.1799926757812,16085.1103515625,38722.69140625,5123.68994140625,39688.94140625
