종목코드,종목명,EPS,BPS,PER,PBR,배당수익률,ROE,날짜,종가,거래량,상장주식수,등락률,KOSPI,KOSDAQ,NASDAQ,Dow Jones,S&P 500,Nikkei
90850,현대이지웰,,3684.0,,1.48,1.65,,20240304,5850.0,307984.0,23746361.0,6.75,2674.27001953125,872.969970703125,16207.509765625,38989.828125,5130.9501953125,40109.23046875
90850,현대이지웰,,3684.0,,1.48,1.65,,20240305,6060.0,164930.0,23746361.0,3.59,2649.39990234375,866.3699951171875,15939.58984375,38585.19140625,5078.64990234375,40097.62890625
90850,현대이지웰,,3684.0,,1.48,1.65,,20240306,5960.0,65715.0,23746361.0,-1.65,2641.489990234375,870.6699829101562,16031.5400390625,38661.05078125,5104.759765625,40090.78125
90850,현대이지웰,,3684.0,,1.48,1.65,,20240307,6040.0,100286.0,23746361.0,1.34,2647.6201171875,863.3699951171875,16273.3798828125,38791.3515625,5157.35986328125,39598.7109375
90850,현대이지웰,,3684.0,,1.48,1.65,,20240308,5950.0,73563.0,23746361.0,-1.49,2680.35009765625,873.1799926757812,16085.1103515625,38722.69140625,5123.68994140625,39688.94140625
