종목코드,종목명,EPS,BPS,PER,PBR,배당수익률,ROE,날짜,종가,거래량,상장주식수,등락률,KOSPI,KOSDAQ,NASDAQ,Dow Jones,S&P 500,Nikkei
52260,현대바이오랜드,269.0,4533.0,19.03,1.13,1.37,5.934259872049416,20240304,9100.0,44450.0,15000000.0,-2.36,2674.27001953125,872.969970703125,16207.509765625,38989.828125,5130.9501953125,40109.23046875
52260,현대바이오랜드,269.0,4533.0,19.03,1.13,1.37,5.934259872049416,20240305,9110.0,25311.0,15000000.0,0.11,2649.39990234375,866.3699951171875,15939.58984375,38585.19140625,5078.64990234375,40097.62890625
52260,현대바이오랜드,269.0,4533.0,19.03,1.13,1.37,5.934259872049416,20240306,9020.0,58877.0,15000000.0,-0.99,2641.489990234375,870.6699829101562,16031.5400390625,38661.05078125,5104.759765625,40090.78125
52260,현대바이오랜드,269.0,4533.0,19.03,1.13,1.37,5.934259872049416,20240307,9020.0,23845.0,15000000.0,0.0,2647.6201171875,863.3699951171875,16273.3798828125,38791.3515625,5157.35986328125,39598.7109375
52260,현대바이오랜드,269.0,4533.0,19.03,1.13,1.37,5.934259872049416,20240308,9050.0,21239.0,15000000.0,0.33,2680.35009765625,873.1799926757812,16085.1103515625,38722.69140625,5123.68994140625,39688.94140625
