종목코드,종목명,EPS,BPS,PER,PBR,배당수익률,ROE,날짜,종가,거래량,상장주식수,등락률,KOSPI,KOSDAQ,NASDAQ,Dow Jones,S&P 500,Nikkei
17800,현대엘리베이,8538.0,35618.0,4.87,1.17,9.62,23.971025885788087,20240304,40550.0,96618.0,39092385.0,1.63,2674.27001953125,872.969970703125,16207.509765625,38989.828125,5130.9501953125,40109.23046875
17800,현대엘리베이,8538.0,35618.0,4.87,1.17,9.62,23.971025885788087,20240305,40200.0,78109.0,39092385.0,-0.86,2649.39990234375,866.3699951171875,15939.58984375,38585.19140625,5078.64990234375,40097.62890625
17800,현대엘리베이,8538.0,35618.0,4.87,1.17,9.62,23.971025885788087,20240306,39900.0,25449.0,39092385.0,-0.75,2641.489990234375,870.6699829101562,16031.5400390625,38661.05078125,5104.759765625,40090.78125
17800,현대엘리베이,8538.0,35618.0,4.87,1.17,9.62,23.971025885788087,20240307,40450.0,42239.0,39092385.0,1.38,2647.6201171875,863.3699951171875,16273.3798828125,38791.3515625,5157.35986328125,39598.7109375
17800,현대엘리베이,8538.0,35618.0,4.87,1.17,9.62,23.971025885788087,20240308,40600.0,41604.0,39092385.0,0.37,2680.35009765625,873.1799926757812,16085.1103515625,38722.69140625,5123.68994140625,39688.94140625
