종목코드,종목명,EPS,BPS,PER,PBR,배당수익률,ROE,날짜,종가,거래량,상장주식수,등락률,KOSPI,KOSDAQ,NASDAQ,Dow Jones,S&P 500,Nikkei
307950,현대오토에버,5024.0,57613.0,33.0,2.88,0.86,8.720254109315606,20240304,147300.0,122173.0,27423982.0,-1.34,2674.27001953125,872.969970703125,16207.509765625,38989.828125,5130.9501953125,40109.23046875
307950,현대오토에버,5024.0,57613.0,33.0,2.88,0.86,8.720254109315606,20240305,146400.0,107637.0,27423982.0,-0.61,2649.39990234375,866.3699951171875,15939.58984375,38585.19140625,5078.64990234375,40097.62890625
307950,현대오토에버,5024.0,57613.0,33.0,2.88,0.86,8.720254109315606,20240306,145800.0,79007.0,27423982.0,-0.41,2641.489990234375,870.6699829101562,16031.5400390625,38661.05078125,5104.759765625,40090.78125
307950,현대오토에버,5024.0,57613.0,33.0,2.88,0.86,8.720254109315606,20240307,146600.0,132144.0,27423982.0,0.55,2647.6201171875,863.3699951171875,16273.3798828125,38791.3515625,5157.35986328125,39598.7109375
307950,현대오토에버,5024.0,57613.0,33.0,2.88,0.86,8.720254109315606,20240308,146300.0,74896.0,27423982.0,-0.2,2680.35009765625,873.1799926757812,16085.1103515625,38722.69140625,5123.68994140625,39688.94140625
