종목코드,종목명,EPS,BPS,PER,PBR,배당수익률,ROE,날짜,종가,거래량,상장주식수,등락률,KOSPI,KOSDAQ,NASDAQ,Dow Jones,S&P 500,Nikkei
453340,현대그린푸드,1160.0,18561.0,10.7,0.67,2.62,6.249663272452993,20240304,11680.0,71887.0,33880914.0,-0.34,2674.27001953125,872.969970703125,16207.509765625,38989.828125,5130.9501953125,40109.23046875
453340,현대그린푸드,1160.0,18561.0,10.7,0.67,2.62,6.249663272452993,20240305,11710.0,47918.0,33880914.0,0.26,2649.39990234375,866.3699951171875,15939.58984375,38585.19140625,5078.64990234375,40097.62890625
453340,현대그린푸드,1160.0,18561.0,10.7,0.67,2.62,6.249663272452993,20240306,11720.0,43266.0,33880914.0,0.09,2641.489990234375,870.6699829101562,16031.5400390625,38661.05078125,5104.759765625,40090.78125
453340,현대그린푸드,1160.0,18561.0,10.7,0.67,2.62,6.249663272452993,20240307,11670.0,49964.0,33880914.0,-0.43,2647.6201171875,863.3699951171875,16273.3798828125,38791.3515625,5157.35986328125,39598.7109375
453340,현대그린푸드,1160.0,18561.0,10.7,0.67,2.62,6.249663272452993,20240308,11600.0,73479.0,33880914.0,-0.6,2680.35009765625,873.1799926757812,16085.1103515625,38722.69140625,5123.68994140625,39688.94140625
