종목코드,종목명,EPS,BPS,PER,PBR,배당수익률,ROE,날짜,종가,거래량,상장주식수,등락률,KOSPI,KOSDAQ,NASDAQ,Dow Jones,S&P 500,Nikkei
64350,현대로템,1475.0,15391.0,33.63,3.22,0.2,9.58352283802222,20240304,32050.0,3101925.0,109142293.0,-4.19,2674.27001953125,872.969970703125,16207.509765625,38989.828125,5130.9501953125,40109.23046875
64350,현대로템,1475.0,15391.0,33.63,3.22,0.2,9.58352283802222,20240305,31400.0,1909105.0,109142293.0,-2.03,2649.39990234375,866.3699951171875,15939.58984375,38585.19140625,5078.64990234375,40097.62890625
64350,현대로템,1475.0,15391.0,33.63,3.22,0.2,9.58352283802222,20240306,31950.0,2632839.0,109142293.0,1.75,2641.489990234375,870.6699829101562,16031.5400390625,38661.05078125,5104.759765625,40090.78125
64350,현대로템,1475.0,15391.0,33.63,3.22,0.2,9.58352283802222,20240307,31450.0,2762292.0,109142293.0,-1.56,2647.6201171875,863.3699951171875,16273.3798828125,38791.3515625,5157.35986328125,39598.7109375
64350,현대로템,1475.0,15391.0,33.63,3.22,0.2,9.58352283802222,20240308,31700.0,1518499.0,109142293.0,0.79,2680.35009765625,873.1799926757812,16085.1103515625,38722.69140625,5123.68994140625,39688.94140625
