종목코드,종목명,EPS,BPS,PER,PBR,배당수익률,ROE,날짜,종가,거래량,상장주식수,등락률,KOSPI,KOSDAQ,NASDAQ,Dow Jones,S&P 500,Nikkei
11080,형지I&C,73.0,1184.0,8.79,0.54,0.0,6.16554054054054,20240304,839.0,156233.0,25503363.0,0.6,2674.27001953125,872.969970703125,16207.509765625,38989.828125,5130.9501953125,40109.23046875
11080,형지I&C,73.0,1184.0,8.79,0.54,0.0,6.16554054054054,20240305,850.0,79914.0,25503363.0,1.31,2649.39990234375,866.3699951171875,15939.58984375,38585.19140625,5078.64990234375,40097.62890625
11080,형지I&C,73.0,1184.0,8.79,0.54,0.0,6.16554054054054,20240306,837.0,25431.0,25503363.0,-1.53,2641.489990234375,870.6699829101562,16031.5400390625,38661.05078125,5104.759765625,40090.78125
11080,형지I&C,73.0,1184.0,8.79,0.54,0.0,6.16554054054054,20240307,828.0,32659.0,25503363.0,-1.08,2647.6201171875,863.3699951171875,16273.3798828125,38791.3515625,5157.35986328125,39598.7109375
11080,형지I&C,73.0,1184.0,8.79,0.54,0.0,6.16554054054054,20240308,815.0,38951.0,25503363.0,-1.57,2680.35009765625,873.1799926757812,16085.1103515625,38722.69140625,5123.68994140625,39688.94140625
