종목코드,종목명,EPS,BPS,PER,PBR,배당수익률,ROE,날짜,종가,거래량,상장주식수,등락률,KOSPI,KOSDAQ,NASDAQ,Dow Jones,S&P 500,Nikkei
3010,혜인,689.0,10682.0,8.53,0.55,2.89,6.450102976970605,20240304,5780.0,156987.0,12712747.0,0.17,2674.27001953125,872.969970703125,16207.509765625,38989.828125,5130.9501953125,40109.23046875
3010,혜인,689.0,10682.0,8.53,0.55,2.89,6.450102976970605,20240305,5670.0,126432.0,12712747.0,-1.9,2649.39990234375,866.3699951171875,15939.58984375,38585.19140625,5078.64990234375,40097.62890625
3010,혜인,689.0,10682.0,8.53,0.55,2.89,6.450102976970605,20240306,5620.0,86503.0,12712747.0,-0.88,2641.489990234375,870.6699829101562,16031.5400390625,38661.05078125,5104.759765625,40090.78125
3010,혜인,689.0,10682.0,8.53,0.55,2.89,6.450102976970605,20240307,5580.0,97494.0,12712747.0,-0.71,2647.6201171875,863.3699951171875,16273.3798828125,38791.3515625,5157.35986328125,39598.7109375
3010,혜인,689.0,10682.0,8.53,0.55,2.89,6.450102976970605,20240308,5610.0,100914.0,12712747.0,0.54,2680.35009765625,873.1799926757812,16085.1103515625,38722.69140625,5123.68994140625,39688.94140625
