종목코드,종목명,EPS,BPS,PER,PBR,배당수익률,ROE,날짜,종가,거래량,상장주식수,등락률,KOSPI,KOSDAQ,NASDAQ,Dow Jones,S&P 500,Nikkei
60560,홈센타홀딩스,181.0,1245.0,6.03,0.88,1.83,14.538152610441768,20240304,1219.0,3360553.0,127669525.0,1.92,2674.27001953125,872.969970703125,16207.509765625,38989.828125,5130.9501953125,40109.23046875
60560,홈센타홀딩스,181.0,1245.0,6.03,0.88,1.83,14.538152610441768,20240305,1204.0,329747.0,127669525.0,-1.23,2649.39990234375,866.3699951171875,15939.58984375,38585.19140625,5078.64990234375,40097.62890625
60560,홈센타홀딩스,181.0,1245.0,6.03,0.88,1.83,14.538152610441768,20240306,1200.0,208529.0,127669525.0,-0.33,2641.489990234375,870.6699829101562,16031.5400390625,38661.05078125,5104.759765625,40090.78125
60560,홈센타홀딩스,181.0,1245.0,6.03,0.88,1.83,14.538152610441768,20240307,1179.0,331398.0,127669525.0,-1.75,2647.6201171875,863.3699951171875,16273.3798828125,38791.3515625,5157.35986328125,39598.7109375
60560,홈센타홀딩스,181.0,1245.0,6.03,0.88,1.83,14.538152610441768,20240308,1189.0,211999.0,127669525.0,0.85,2680.35009765625,873.1799926757812,16085.1103515625,38722.69140625,5123.68994140625,39688.94140625
