종목코드,종목명,EPS,BPS,PER,PBR,배당수익률,ROE,날짜,종가,거래량,상장주식수,등락률,KOSPI,KOSDAQ,NASDAQ,Dow Jones,S&P 500,Nikkei
61250,화일약품,59.0,2718.0,33.9,0.74,0.0,2.1707137601177333,20240304,1639.0,191720.0,66532826.0,-1.03,2674.27001953125,872.969970703125,16207.509765625,38989.828125,5130.9501953125,40109.23046875
61250,화일약품,59.0,2718.0,33.9,0.74,0.0,2.1707137601177333,20240305,1626.0,168103.0,66532826.0,-0.79,2649.39990234375,866.3699951171875,15939.58984375,38585.19140625,5078.64990234375,40097.62890625
61250,화일약품,59.0,2718.0,33.9,0.74,0.0,2.1707137601177333,20240306,1619.0,143249.0,66532826.0,-0.43,2641.489990234375,870.6699829101562,16031.5400390625,38661.05078125,5104.759765625,40090.78125
61250,화일약품,59.0,2718.0,33.9,0.74,0.0,2.1707137601177333,20240307,1608.0,142332.0,66532826.0,-0.68,2647.6201171875,863.3699951171875,16273.3798828125,38791.3515625,5157.35986328125,39598.7109375
61250,화일약품,59.0,2718.0,33.9,0.74,0.0,2.1707137601177333,20240308,1650.0,119559.0,66532826.0,2.61,2680.35009765625,873.1799926757812,16085.1103515625,38722.69140625,5123.68994140625,39688.94140625
