종목코드,종목명,EPS,BPS,PER,PBR,배당수익률,ROE,날짜,종가,거래량,상장주식수,등락률,KOSPI,KOSDAQ,NASDAQ,Dow Jones,S&P 500,Nikkei
16580,환인제약,1950.0,23463.0,7.58,0.63,2.03,8.310957678046286,20240304,14260.0,29058.0,18600070.0,0.0,2674.27001953125,872.969970703125,16207.509765625,38989.828125,5130.9501953125,40109.23046875
16580,환인제약,1950.0,23463.0,7.58,0.63,2.03,8.310957678046286,20240305,14400.0,13210.0,18600070.0,0.98,2649.39990234375,866.3699951171875,15939.58984375,38585.19140625,5078.64990234375,40097.62890625
16580,환인제약,1950.0,23463.0,7.58,0.63,2.03,8.310957678046286,20240306,14360.0,23972.0,18600070.0,-0.28,2641.489990234375,870.6699829101562,16031.5400390625,38661.05078125,5104.759765625,40090.78125
16580,환인제약,1950.0,23463.0,7.58,0.63,2.03,8.310957678046286,20240307,14330.0,17098.0,18600070.0,-0.21,2647.6201171875,863.3699951171875,16273.3798828125,38791.3515625,5157.35986328125,39598.7109375
16580,환인제약,1950.0,23463.0,7.58,0.63,2.03,8.310957678046286,20240308,14300.0,14075.0,18600070.0,-0.21,2680.35009765625,873.1799926757812,16085.1103515625,38722.69140625,5123.68994140625,39688.94140625
