종목코드,종목명,EPS,BPS,PER,PBR,배당수익률,ROE,날짜,종가,거래량,상장주식수,등락률,KOSPI,KOSDAQ,NASDAQ,Dow Jones,S&P 500,Nikkei
298040,효성중공업,12455.0,116016.0,25.69,2.76,0.78,10.73558819473176,20240304,222500.0,244415.0,9324548.0,15.64,2674.27001953125,872.969970703125,16207.509765625,38989.828125,5130.9501953125,40109.23046875
298040,효성중공업,12455.0,116016.0,25.69,2.76,0.78,10.73558819473176,20240305,230000.0,185324.0,9324548.0,3.37,2649.39990234375,866.3699951171875,15939.58984375,38585.19140625,5078.64990234375,40097.62890625
298040,효성중공업,12455.0,116016.0,25.69,2.76,0.78,10.73558819473176,20240306,232000.0,111324.0,9324548.0,0.87,2641.489990234375,870.6699829101562,16031.5400390625,38661.05078125,5104.759765625,40090.78125
298040,효성중공업,12455.0,116016.0,25.69,2.76,0.78,10.73558819473176,20240307,228500.0,146165.0,9324548.0,-1.51,2647.6201171875,863.3699951171875,16273.3798828125,38791.3515625,5157.35986328125,39598.7109375
298040,효성중공업,12455.0,116016.0,25.69,2.76,0.78,10.73558819473176,20240308,231500.0,93640.0,9324548.0,1.31,2680.35009765625,873.1799926757812,16085.1103515625,38722.69140625,5123.68994140625,39688.94140625
