종목코드,종목명,EPS,BPS,PER,PBR,배당수익률,ROE,날짜,종가,거래량,상장주식수,등락률,KOSPI,KOSDAQ,NASDAQ,Dow Jones,S&P 500,Nikkei
298050,효성첨단소재,7957.0,151670.0,39.15,2.05,2.09,5.246258323992879,20240304,327000.0,29048.0,4479948.0,-1.95,2674.27001953125,872.969970703125,16207.509765625,38989.828125,5130.9501953125,40109.23046875
298050,효성첨단소재,7957.0,151670.0,39.15,2.05,2.09,5.246258323992879,20240305,337000.0,30377.0,4479948.0,3.06,2649.39990234375,866.3699951171875,15939.58984375,38585.19140625,5078.64990234375,40097.62890625
298050,효성첨단소재,7957.0,151670.0,39.15,2.05,2.09,5.246258323992879,20240306,344000.0,28666.0,4479948.0,2.08,2641.489990234375,870.6699829101562,16031.5400390625,38661.05078125,5104.759765625,40090.78125
298050,효성첨단소재,7957.0,151670.0,39.15,2.05,2.09,5.246258323992879,20240307,337000.0,14059.0,4479948.0,-2.03,2647.6201171875,863.3699951171875,16273.3798828125,38791.3515625,5157.35986328125,39598.7109375
298050,효성첨단소재,7957.0,151670.0,39.15,2.05,2.09,5.246258323992879,20240308,353500.0,71866.0,4479948.0,4.9,2680.35009765625,873.1799926757812,16085.1103515625,38722.69140625,5123.68994140625,39688.94140625
