종목코드,종목명,EPS,BPS,PER,PBR,배당수익률,ROE,날짜,종가,거래량,상장주식수,등락률,KOSPI,KOSDAQ,NASDAQ,Dow Jones,S&P 500,Nikkei
81660,휠라홀딩스,709.0,31752.0,59.87,1.34,2.57,2.2329302091206853,20240304,39800.0,151508.0,60752222.0,3.65,2674.27001953125,872.969970703125,16207.509765625,38989.828125,5130.9501953125,40109.23046875
81660,휠라홀딩스,709.0,31752.0,59.87,1.34,2.57,2.2329302091206853,20240305,40000.0,78083.0,60752222.0,0.5,2649.39990234375,866.3699951171875,15939.58984375,38585.19140625,5078.64990234375,40097.62890625
81660,휠라홀딩스,709.0,31752.0,59.87,1.34,2.57,2.2329302091206853,20240306,39600.0,64060.0,60752222.0,-1.0,2641.489990234375,870.6699829101562,16031.5400390625,38661.05078125,5104.759765625,40090.78125
81660,휠라홀딩스,709.0,31752.0,59.87,1.34,2.57,2.2329302091206853,20240307,40150.0,66525.0,60752222.0,1.39,2647.6201171875,863.3699951171875,16273.3798828125,38791.3515625,5157.35986328125,39598.7109375
81660,휠라홀딩스,709.0,31752.0,59.87,1.34,2.57,2.2329302091206853,20240308,41000.0,156068.0,60752222.0,2.12,2680.35009765625,873.1799926757812,16085.1103515625,38722.69140625,5123.68994140625,39688.94140625
