Á¾¸ñÄÚµå,Á¾¸ñ¸í,EPS,BPS,PER,PBR,¹è´ç¼öÀÍ·ü,ROE,³¯Â¥,Á¾°¡,°Å·¡·®,»óÀåÁÖ½Ä¼ö,µî¶ô·ü,KOSPI,KOSDAQ,NASDAQ,Dow Jones,S&P 500,Nikkei
200670,ÈÞ¸Þµñ½º,2512.0,19054.0,13.75,1.81,1.52,13.18358349952766,20240304,28700.0,86170.0,11229930.0,1.95,2674.27001953125,872.969970703125,16207.509765625,38989.828125,5130.9501953125,40109.23046875
200670,ÈÞ¸Þµñ½º,2512.0,19054.0,13.75,1.81,1.52,13.18358349952766,20240305,27900.0,42615.0,11229930.0,-2.79,2649.39990234375,866.3699951171875,15939.58984375,38585.19140625,5078.64990234375,40097.62890625
200670,ÈÞ¸Þµñ½º,2512.0,19054.0,13.75,1.81,1.52,13.18358349952766,20240306,27800.0,26912.0,11229930.0,-0.36,2641.489990234375,870.6699829101562,16031.5400390625,38661.05078125,5104.759765625,40090.78125
200670,ÈÞ¸Þµñ½º,2512.0,19054.0,13.75,1.81,1.52,13.18358349952766,20240307,26950.0,96469.0,11229930.0,-3.06,2647.6201171875,863.3699951171875,16273.3798828125,38791.3515625,5157.35986328125,39598.7109375
200670,ÈÞ¸Þµñ½º,2512.0,19054.0,13.75,1.81,1.52,13.18358349952766,20240308,27200.0,26071.0,11229930.0,0.93,2680.35009765625,873.1799926757812,16085.1103515625,38722.69140625,5123.68994140625,39688.94140625
