종목코드,종목명,EPS,BPS,PER,PBR,배당수익률,ROE,날짜,종가,거래량,상장주식수,등락률,KOSPI,KOSDAQ,NASDAQ,Dow Jones,S&P 500,Nikkei
290270,휴네시온,720.0,4482.0,5.26,0.85,1.06,16.06425702811245,20240304,4285.0,30225.0,9607672.0,0.47,2674.27001953125,872.969970703125,16207.509765625,38989.828125,5130.9501953125,40109.23046875
290270,휴네시온,720.0,4482.0,5.26,0.85,1.06,16.06425702811245,20240305,4250.0,24500.0,9607672.0,-0.82,2649.39990234375,866.3699951171875,15939.58984375,38585.19140625,5078.64990234375,40097.62890625
290270,휴네시온,720.0,4482.0,5.26,0.85,1.06,16.06425702811245,20240306,4215.0,11377.0,9607672.0,-0.82,2641.489990234375,870.6699829101562,16031.5400390625,38661.05078125,5104.759765625,40090.78125
290270,휴네시온,720.0,4482.0,5.26,0.85,1.06,16.06425702811245,20240307,4180.0,13504.0,9607672.0,-0.83,2647.6201171875,863.3699951171875,16273.3798828125,38791.3515625,5157.35986328125,39598.7109375
290270,휴네시온,720.0,4482.0,5.26,0.85,1.06,16.06425702811245,20240308,4180.0,19219.0,9607672.0,0.0,2680.35009765625,873.1799926757812,16085.1103515625,38722.69140625,5123.68994140625,39688.94140625
