종목코드,종목명,EPS,BPS,PER,PBR,배당수익률,ROE,날짜,종가,거래량,상장주식수,등락률,KOSPI,KOSDAQ,NASDAQ,Dow Jones,S&P 500,Nikkei
78590,휴림에이텍,155.0,807.0,4.95,0.95,0.0,19.20693928128872,20240304,1096.0,716542.0,54210339.0,-1.26,2674.27001953125,872.969970703125,16207.509765625,38989.828125,5130.9501953125,40109.23046875
78590,휴림에이텍,155.0,807.0,4.95,0.95,0.0,19.20693928128872,20240305,1070.0,522971.0,54210339.0,-2.37,2649.39990234375,866.3699951171875,15939.58984375,38585.19140625,5078.64990234375,40097.62890625
78590,휴림에이텍,155.0,807.0,4.95,0.95,0.0,19.20693928128872,20240306,1086.0,457726.0,54210339.0,1.5,2641.489990234375,870.6699829101562,16031.5400390625,38661.05078125,5104.759765625,40090.78125
78590,휴림에이텍,155.0,807.0,4.95,0.95,0.0,19.20693928128872,20240307,1005.0,1004688.0,54210339.0,-7.46,2647.6201171875,863.3699951171875,16273.3798828125,38791.3515625,5157.35986328125,39598.7109375
78590,휴림에이텍,155.0,807.0,4.95,0.95,0.0,19.20693928128872,20240308,997.0,551376.0,54210339.0,-0.8,2680.35009765625,873.1799926757812,16085.1103515625,38722.69140625,5123.68994140625,39688.94140625
