종목코드,종목명,EPS,BPS,PER,PBR,배당수익률,ROE,날짜,종가,거래량,상장주식수,등락률,KOSPI,KOSDAQ,NASDAQ,Dow Jones,S&P 500,Nikkei
189980,흥국에프엔비,221.0,2449.0,9.86,0.89,1.83,9.024091465904451,20240304,2145.0,84394.0,40137827.0,0.94,2674.27001953125,872.969970703125,16207.509765625,38989.828125,5130.9501953125,40109.23046875
189980,흥국에프엔비,221.0,2449.0,9.86,0.89,1.83,9.024091465904451,20240305,2165.0,175530.0,40137827.0,0.93,2649.39990234375,866.3699951171875,15939.58984375,38585.19140625,5078.64990234375,40097.62890625
189980,흥국에프엔비,221.0,2449.0,9.86,0.89,1.83,9.024091465904451,20240306,2235.0,193942.0,40137827.0,3.23,2641.489990234375,870.6699829101562,16031.5400390625,38661.05078125,5104.759765625,40090.78125
189980,흥국에프엔비,221.0,2449.0,9.86,0.89,1.83,9.024091465904451,20240307,2220.0,178280.0,40137827.0,-0.67,2647.6201171875,863.3699951171875,16273.3798828125,38791.3515625,5157.35986328125,39598.7109375
189980,흥국에프엔비,221.0,2449.0,9.86,0.89,1.83,9.024091465904451,20240308,2190.0,149230.0,40137827.0,-1.35,2680.35009765625,873.1799926757812,16085.1103515625,38722.69140625,5123.68994140625,39688.94140625
