종목코드,종목명,EPS,BPS,PER,PBR,배당수익률,ROE,날짜,종가,거래량,상장주식수,등락률
17940,E1,36872.0,280943.0,2.05,0.27,6.8,13.124370423893811,20240304,65600.0,17748.0,6860000.0,-0.46
17940,E1,36872.0,280943.0,2.05,0.27,6.8,13.124370423893811,20240305,66000.0,17030.0,6860000.0,0.61
17940,E1,36872.0,280943.0,2.05,0.27,6.8,13.124370423893811,20240306,65400.0,36214.0,6860000.0,-0.91
17940,E1,36872.0,280943.0,2.05,0.27,6.8,13.124370423893811,20240307,65400.0,13923.0,6860000.0,0.0
17940,E1,36872.0,280943.0,2.05,0.27,6.8,13.124370423893811,20240308,65700.0,24908.0,6860000.0,0.46
