종목코드,종목명,EPS,BPS,PER,PBR,배당수익률,ROE,날짜,종가,거래량,상장주식수,등락률,KOSPI,KOSDAQ,NASDAQ,Dow Jones,S&P 500,Nikkei
270,기아,22168.0,117495.0,5.03,0.95,5.02,18.86718583769522,20240304,125600.0,3032627.0,402044203.0,0.88,2674.27001953125,872.969970703125,16207.509765625,38989.828125,5130.9501953125,40109.23046875
270,기아,22168.0,117495.0,5.03,0.95,5.02,18.86718583769522,20240305,123000.0,2940381.0,402044203.0,-2.07,2649.39990234375,866.3699951171875,15939.58984375,38585.19140625,5078.64990234375,40097.62890625
270,기아,22168.0,117495.0,5.03,0.95,5.02,18.86718583769522,20240306,127000.0,2543361.0,402044203.0,3.25,2641.489990234375,870.6699829101562,16031.5400390625,38661.05078125,5104.759765625,40090.78125
270,기아,22168.0,117495.0,5.03,0.95,5.02,18.86718583769522,20240307,126100.0,1849757.0,402044203.0,-0.71,2647.6201171875,863.3699951171875,16273.3798828125,38791.3515625,5157.35986328125,39598.7109375
270,기아,22168.0,117495.0,5.03,0.95,5.02,18.86718583769522,20240308,128400.0,2324865.0,402044203.0,1.82,2680.35009765625,873.1799926757812,16085.1103515625,38722.69140625,5123.68994140625,39688.94140625
