종목코드,종목명,EPS,BPS,PER,PBR,배당수익률,ROE,날짜,종가,거래량,상장주식수,등락률
270,기아,22168.0,117495.0,5.03,0.95,5.02,18.86718583769522,20240304,125600.0,3032627.0,402044203.0,0.88
270,기아,22168.0,117495.0,5.03,0.95,5.02,18.86718583769522,20240305,123000.0,2940381.0,402044203.0,-2.07
270,기아,22168.0,117495.0,5.03,0.95,5.02,18.86718583769522,20240306,127000.0,2543361.0,402044203.0,3.25
270,기아,22168.0,117495.0,5.03,0.95,5.02,18.86718583769522,20240307,126100.0,1849757.0,402044203.0,-0.71
270,기아,22168.0,117495.0,5.03,0.95,5.02,18.86718583769522,20240308,128400.0,2324865.0,402044203.0,1.82
