종목코드,종목명,EPS,BPS,PER,PBR,배당수익률,ROE,날짜,종가,거래량,상장주식수,등락률
16710,대성홀딩스,9558.0,26059.0,0.88,0.32,2.98,36.67830691891477,20240304,9570.0,21399.0,16089459.0,-0.31
16710,대성홀딩스,9558.0,26059.0,0.88,0.32,2.98,36.67830691891477,20240305,9450.0,23327.0,16089459.0,-1.25
16710,대성홀딩스,9558.0,26059.0,0.88,0.32,2.98,36.67830691891477,20240306,9400.0,26387.0,16089459.0,-0.53
16710,대성홀딩스,9558.0,26059.0,0.88,0.32,2.98,36.67830691891477,20240307,9300.0,24887.0,16089459.0,-1.06
16710,대성홀딩스,9558.0,26059.0,0.88,0.32,2.98,36.67830691891477,20240308,9340.0,18423.0,16089459.0,0.43
