종목코드,종목명,EPS,BPS,PER,PBR,배당수익률,ROE,날짜,종가,거래량,상장주식수,등락률,KOSPI,KOSDAQ,NASDAQ,Dow Jones,S&P 500,Nikkei
72870,메가스터디,1900.0,27338.0,5.92,0.41,7.56,6.950032921208574,20240304,10980.0,39764.0,11920959.0,0.18,2674.27001953125,872.969970703125,16207.509765625,38989.828125,5130.9501953125,40109.23046875
72870,메가스터디,1900.0,27338.0,5.92,0.41,7.56,6.950032921208574,20240305,11000.0,18605.0,11920959.0,0.18,2649.39990234375,866.3699951171875,15939.58984375,38585.19140625,5078.64990234375,40097.62890625
72870,메가스터디,1900.0,27338.0,5.92,0.41,7.56,6.950032921208574,20240306,11090.0,9567.0,11920959.0,0.82,2641.489990234375,870.6699829101562,16031.5400390625,38661.05078125,5104.759765625,40090.78125
72870,메가스터디,1900.0,27338.0,5.92,0.41,7.56,6.950032921208574,20240307,11080.0,34994.0,11920959.0,-0.09,2647.6201171875,863.3699951171875,16273.3798828125,38791.3515625,5157.35986328125,39598.7109375
72870,메가스터디,1900.0,27338.0,5.92,0.41,7.56,6.950032921208574,20240308,11000.0,8350.0,11920959.0,-0.72,2680.35009765625,873.1799926757812,16085.1103515625,38722.69140625,5123.68994140625,39688.94140625
