종목코드,종목명,EPS,BPS,PER,PBR,배당수익률,ROE,날짜,종가,거래량,상장주식수,등락률
298690,에어부산,811.0,1602.0,3.05,1.54,0.0,50.62421972534332,20240304,2730.0,220462.0,116640000.0,-1.97
298690,에어부산,811.0,1602.0,3.05,1.54,0.0,50.62421972534332,20240305,2695.0,207877.0,116640000.0,-1.28
298690,에어부산,811.0,1602.0,3.05,1.54,0.0,50.62421972534332,20240306,2715.0,234781.0,116640000.0,0.74
298690,에어부산,811.0,1602.0,3.05,1.54,0.0,50.62421972534332,20240307,2680.0,118705.0,116640000.0,-1.29
298690,에어부산,811.0,1602.0,3.05,1.54,0.0,50.62421972534332,20240308,2665.0,197959.0,116640000.0,-0.56
