종목코드,종목명,EPS,BPS,PER,PBR,배당수익률,ROE,날짜,종가,거래량,상장주식수,등락률
92130,이크레더블,975.0,3776.0,12.67,3.27,6.32,25.820974576271187,20240304,13180.0,14301.0,12043600.0,-0.53
92130,이크레더블,975.0,3776.0,12.67,3.27,6.32,25.820974576271187,20240305,13150.0,7270.0,12043600.0,-0.23
92130,이크레더블,975.0,3776.0,12.67,3.27,6.32,25.820974576271187,20240306,13110.0,6057.0,12043600.0,-0.3
92130,이크레더블,975.0,3776.0,12.67,3.27,6.32,25.820974576271187,20240307,13190.0,6760.0,12043600.0,0.61
92130,이크레더블,975.0,3776.0,12.67,3.27,6.32,25.820974576271187,20240308,13290.0,20066.0,12043600.0,0.76
