종목코드,종목명,EPS,BPS,PER,PBR,배당수익률,ROE,날짜,종가,거래량,상장주식수,등락률
29960,코엔텍,715.0,3718.0,9.97,1.92,7.01,19.230769230769237,20240304,6750.0,57866.0,50000000.0,0.15
29960,코엔텍,715.0,3718.0,9.97,1.92,7.01,19.230769230769237,20240305,6730.0,37880.0,50000000.0,-0.3
29960,코엔텍,715.0,3718.0,9.97,1.92,7.01,19.230769230769237,20240306,6740.0,36731.0,50000000.0,0.15
29960,코엔텍,715.0,3718.0,9.97,1.92,7.01,19.230769230769237,20240307,6720.0,40139.0,50000000.0,-0.3
29960,코엔텍,715.0,3718.0,9.97,1.92,7.01,19.230769230769237,20240308,6720.0,34196.0,50000000.0,0.0
