종목코드,종목명,EPS,BPS,PER,PBR,배당수익률,ROE,날짜,종가,거래량,상장주식수,등락률,KOSPI,KOSDAQ,NASDAQ,Dow Jones,S&P 500,Nikkei
96240,크레버스,1805.0,5272.0,9.13,3.13,12.14,34.237481031866466,20240304,17850.0,44884.0,11338180.0,0.96,2674.27001953125,872.969970703125,16207.509765625,38989.828125,5130.9501953125,40109.23046875
96240,크레버스,1805.0,5272.0,9.13,3.13,12.14,34.237481031866466,20240305,17600.0,34782.0,11338180.0,-1.4,2649.39990234375,866.3699951171875,15939.58984375,38585.19140625,5078.64990234375,40097.62890625
96240,크레버스,1805.0,5272.0,9.13,3.13,12.14,34.237481031866466,20240306,17530.0,24046.0,11338180.0,-0.4,2641.489990234375,870.6699829101562,16031.5400390625,38661.05078125,5104.759765625,40090.78125
96240,크레버스,1805.0,5272.0,9.13,3.13,12.14,34.237481031866466,20240307,17350.0,27073.0,11338180.0,-1.03,2647.6201171875,863.3699951171875,16273.3798828125,38791.3515625,5157.35986328125,39598.7109375
96240,크레버스,1805.0,5272.0,9.13,3.13,12.14,34.237481031866466,20240308,17400.0,13468.0,11338180.0,0.29,2680.35009765625,873.1799926757812,16085.1103515625,38722.69140625,5123.68994140625,39688.94140625
