종목코드,종목명,EPS,BPS,PER,PBR,배당수익률,ROE,날짜,종가,거래량,상장주식수,등락률
2960,한국쉘석유,28753.0,97039.0,11.74,3.48,7.41,29.63035480579973,20240304,244000.0,5938.0,1300000.0,1.46
2960,한국쉘석유,28753.0,97039.0,11.74,3.48,7.41,29.63035480579973,20240305,252500.0,13537.0,1300000.0,3.48
2960,한국쉘석유,28753.0,97039.0,11.74,3.48,7.41,29.63035480579973,20240306,249500.0,3554.0,1300000.0,-1.19
2960,한국쉘석유,28753.0,97039.0,11.74,3.48,7.41,29.63035480579973,20240307,248000.0,2150.0,1300000.0,-0.6
2960,한국쉘석유,28753.0,97039.0,11.74,3.48,7.41,29.63035480579973,20240308,248000.0,2405.0,1300000.0,0.0
