종목코드,종목명,EPS,BPS,PER,PBR,배당수익률,ROE,날짜,종가,거래량,상장주식수,등락률
17800,현대엘리베이,8538.0,35618.0,4.87,1.17,9.62,23.971025885788087,20240304,40550.0,96618.0,39092385.0,1.63
17800,현대엘리베이,8538.0,35618.0,4.87,1.17,9.62,23.971025885788087,20240305,40200.0,78109.0,39092385.0,-0.86
17800,현대엘리베이,8538.0,35618.0,4.87,1.17,9.62,23.971025885788087,20240306,39900.0,25449.0,39092385.0,-0.75
17800,현대엘리베이,8538.0,35618.0,4.87,1.17,9.62,23.971025885788087,20240307,40450.0,42239.0,39092385.0,1.38
17800,현대엘리베이,8538.0,35618.0,4.87,1.17,9.62,23.971025885788087,20240308,40600.0,41604.0,39092385.0,0.37
